timestamp,status,Windspeed,Wind absolute direction,Wind relative direction,Ambient temperature,Grid power,Rotor rpm,Generator rpm in latest period,Pitch angle,Nacelle direction,Temperature oil in gearbox,Temperature in gearbox bearing on high speed shaft,Temperature in generator bearing 2 (Drive End),Temperature in generator bearing 1 (Non-Drive End),Nacelle temperature,Temperature oil in hydraulic group
2022-09-09 15:50:00,0,5.4,298.4,21.7,28.0,0.1017560975609756,11.4,1295.1,-1.4,276.7,45.0,51.0,42.0,63.0,35.0,48.0
2022-09-09 16:00:00,0,4.2,261.6,-11.9,28.0,0.0439512195121951,11.0,1250.1,-0.4,273.6,45.0,51.0,43.0,64.0,35.0,48.0
2022-09-09 16:10:00,0,5.1,278.1,23.3,28.0,0.0950731707317073,11.4,1292.0,-1.0,254.7,46.0,51.0,43.0,64.0,36.0,49.0
2022-09-09 16:20:00,0,5.4,260.2,-19.0,28.0,0.1028780487804878,11.5,1305.8,-1.3,279.2,46.0,52.0,44.0,65.0,36.0,49.0
2022-09-09 16:30:00,0,5.1,243.5,-38.5,27.0,0.0868292682926829,11.4,1293.3,-1.1,282.0,46.0,52.0,44.0,65.0,35.0,49.0
2022-09-09 16:40:00,0,5.7,267.4,-16.7,27.0,0.1229268292682926,11.7,1321.2,-1.6,284.1,47.0,53.0,44.0,66.0,35.0,49.0
2022-09-09 16:50:00,0,5.2,287.3,3.2,27.0,0.1016097560975609,11.5,1303.8,-1.1,284.1,47.0,53.0,44.0,66.0,35.0,49.0
2022-09-09 17:00:00,0,5.7,270.7,-4.7,26.0,0.1297560975609756,11.7,1319.8,-1.6,275.3,48.0,53.0,44.0,66.0,35.0,50.0
2022-09-09 17:10:00,0,5.7,310.9,28.5,26.0,0.1228292682926829,11.9,1344.2,-1.4,282.4,48.0,53.0,44.0,67.0,35.0,50.0
2022-09-09 17:20:00,0,5.1,278.8,-18.2,26.0,0.0886341463414634,11.4,1288.6,-1.1,297.1,48.0,53.0,44.0,66.0,35.0,50.0
2022-09-09 17:30:00,0,5.4,287.7,-3.7,26.0,0.1104390243902439,11.6,1309.0,-1.3,291.5,48.0,53.0,44.0,66.0,35.0,50.0
2022-09-09 17:40:00,0,5.1,282.3,-7.0,26.0,0.0998536585365853,11.5,1304.3,-1.1,289.4,48.0,52.0,44.0,66.0,35.0,50.0
2022-09-09 17:50:00,0,6.0,285.0,3.6,26.0,0.1589268292682926,12.0,1355.4,-1.7000000000000002,281.3,48.0,54.0,44.0,67.0,35.0,50.0
2022-09-09 18:00:00,0,6.0,289.5,8.2,26.0,0.1652195121951219,12.0,1359.5,-1.7000000000000002,281.3,49.0,55.0,44.0,67.0,35.0,50.0
2022-09-09 18:10:00,0,5.0,300.0,8.1,26.0,0.0843414634146341,11.3,1281.5,-1.1,291.8,49.0,53.0,44.0,66.0,35.0,50.0
2022-09-09 18:20:00,0,5.1,320.2,26.7,26.0,0.0876585365853658,11.2,1271.9,-1.2,293.6,48.0,53.0,44.0,65.0,35.0,50.0
2022-09-09 18:30:00,0,4.7,303.2,2.3,26.0,0.062390243902439,11.2,1263.8,-0.8,300.9,48.0,52.0,44.0,65.0,35.0,50.0
2022-09-09 18:40:00,0,5.3,262.9,-33.1,26.0,0.1004390243902439,11.4,1287.7,-1.3,296.0,48.0,52.0,43.0,64.0,35.0,50.0
2022-09-09 18:50:00,0,4.7,301.3,21.4,26.0,0.0640975609756097,11.1,1257.6,-0.8,279.9,48.0,52.0,43.0,64.0,35.0,50.0
2022-09-09 19:00:00,0,4.5,288.7,2.5,26.0,0.0533170731707317,11.1,1252.8,-0.5,286.2,48.0,51.0,43.0,64.0,35.0,50.0
2022-09-09 19:10:00,0,4.9,313.3,36.5,26.0,0.0800975609756097,11.2,1267.0,-1.0,276.7,48.0,52.0,43.0,63.0,35.0,50.0
2022-09-09 19:20:00,0,4.9,267.4,-15.7,26.0,0.0784390243902439,11.2,1264.8,-1.0,283.1,48.0,52.0,43.0,63.0,35.0,50.0
2022-09-09 19:30:00,0,5.2,274.2,-8.9,26.0,0.0940487804878048,11.2,1271.1,-1.2,283.1,48.0,52.0,43.0,63.0,35.0,50.0
2022-09-09 19:40:00,0,4.9,267.2,-15.8,26.0,0.0804390243902439,11.1,1262.9,-1.1,283.1,48.0,53.0,43.0,63.0,35.0,51.0
2022-09-09 19:50:00,0,4.8,287.9,4.8,25.0,0.0729756097560975,11.1,1258.3,-0.9,283.1,48.0,52.0,43.0,62.0,35.0,51.0
2022-09-09 20:00:00,0,4.6,294.4,3.3,25.0,0.063170731707317,11.1,1255.5,-0.8,291.1,48.0,52.0,43.0,62.0,35.0,51.0
2022-09-09 20:10:00,0,5.0,274.5,-9.6,25.0,0.0841463414634146,11.1,1259.7,-1.1,284.1,48.0,52.0,42.0,62.0,35.0,50.0
2022-09-09 20:20:00,0,4.7,286.7,2.6,25.0,0.0701463414634146,11.1,1254.2,-0.8,284.1,48.0,52.0,42.0,62.0,35.0,50.0
2022-09-09 20:30:00,0,4.9,286.0,1.9,24.0,0.0774634146341463,11.1,1257.5,-1.1,284.1,48.0,52.0,42.0,62.0,35.0,50.0
2022-09-09 20:40:00,0,5.2,288.4,4.3,24.0,0.0817560975609756,11.1,1258.9,-1.3,284.1,48.0,52.0,42.0,61.0,34.0,50.0
2022-09-09 20:50:00,0,4.6,280.5,-3.6,23.0,0.0554146341463414,11.1,1251.9,-0.8,284.1,47.0,51.0,42.0,61.0,34.0,50.0
2022-09-09 21:00:00,0,4.7,283.8,-0.3,23.0,0.0644878048780487,11.1,1254.0,-0.8,284.1,47.0,51.0,41.0,60.0,34.0,50.0
2022-09-09 21:10:00,0,5.3,277.8,-6.3,22.0,0.0910731707317073,11.2,1266.9,-1.3,284.1,47.0,51.0,41.0,60.0,34.0,50.0
2022-09-09 21:20:00,0,3.5,279.1,-5.0,22.0,0.0110243902439024,9.7,1103.5,5.5,284.1,47.0,50.0,40.0,59.0,33.0,50.0
2022-09-09 21:30:00,0,3.2,300.9,7.7,22.0,-0.0073170731707317,4.1,468.1,18.5,293.2,46.0,46.0,40.0,57.0,33.0,50.0
2022-09-09 21:40:00,0,3.9,265.4,-21.8,22.0,0.012780487804878,11.0,1248.7,0.3,287.3,45.0,46.0,39.0,53.0,33.0,49.0
2022-09-09 21:50:00,0,3.2,290.6,6.4,22.0,-0.0065365853658536,6.0,673.4,15.2,284.1,45.0,46.0,38.0,54.0,32.0,49.0
2022-09-09 22:00:00,0,3.6,295.2,5.8,22.0,-0.0039024390243902,4.3,495.0,18.2,289.4,44.0,44.0,37.0,51.0,32.0,49.0
2022-09-09 22:10:00,0,3.6,274.2,-13.4,22.0,0.0090731707317073,11.0,1248.8,0.3,287.6,44.0,45.0,37.0,48.0,32.0,49.0
2022-09-09 22:20:00,0,3.5,284.2,-4.1,22.0,0.000390243902439,6.7,764.4,12.3,288.3,44.0,45.0,36.0,47.0,32.0,49.0
2022-09-09 22:30:00,0,4.2,278.1,-10.2,22.0,0.0374634146341463,11.0,1249.5,-0.4,288.3,44.0,46.0,36.0,49.0,31.0,48.0
2022-09-09 22:40:00,0,3.5,287.8,-2.3,22.0,0.0107317073170731,11.0,1249.0,1.1,290.1,44.0,47.0,36.0,51.0,31.0,48.0
2022-09-09 22:50:00,0,3.4,292.4,2.3,22.0,-0.0041463414634146,6.9,780.7,12.1,290.1,43.0,45.0,36.0,50.0,31.0,48.0
2022-09-09 23:00:00,0,3.5,280.2,-2.9,22.0,0.0028780487804878,6.6,748.8,12.3,283.0,43.0,44.0,35.0,47.0,31.0,48.0
2022-09-09 23:10:00,0,3.6,263.7,-19.0,22.0,0.0007317073170731,9.5,1074.8,4.8,282.7,43.0,45.0,35.0,45.0,31.0,48.0
2022-09-09 23:20:00,0,3.6,276.7,-6.0,22.0,-0.0014634146341463,9.8,1111.1,4.0,282.7,42.0,45.0,35.0,44.0,31.0,48.0
2022-09-09 23:30:00,0,3.8,284.2,1.4,22.0,0.0079024390243902,11.0,1249.0,0.3,282.7,42.0,45.0,35.0,45.0,31.0,48.0
2022-09-09 23:40:00,0,3.4,280.1,-8.2,22.0,-0.0063414634146341,3.4,378.5,22.7,288.3,42.0,44.0,35.0,45.0,31.0,48.0
2022-09-09 23:50:00,0,3.6,284.1,0.7000000000000001,22.0,-0.0061463414634146,2.7,302.9,24.0,283.4,42.0,43.0,35.0,43.0,31.0,48.0
2022-09-10 00:00:00,0,3.3,272.2,-3.5,22.0,-0.0045365853658536,6.8,769.6,11.8,275.7,42.0,43.0,35.0,41.0,31.0,48.0
2022-09-10 00:10:00,0,3.2,268.2,-7.4,22.0,-0.0060975609756097,2.3,262.5,24.0,275.7,42.0,42.0,34.0,40.0,31.0,48.0
2022-09-10 00:20:00,0,2.9,276.5,0.8,22.0,-0.0060975609756097,2.1,242.8,24.0,275.7,41.0,41.0,34.0,39.0,31.0,48.0
2022-09-10 00:30:00,0,2.9,271.6,-4.0,22.0,-0.0061951219512195,2.2,249.5,24.0,275.7,41.0,41.0,33.0,38.0,31.0,48.0
2022-09-10 00:40:00,0,2.8,250.9,-10.1,22.0,-0.0061463414634146,2.0,227.8,24.0,261.0,41.0,40.0,32.0,37.0,30.0,49.0
2022-09-10 00:50:00,0,1.9,258.5,5.2,22.0,-0.0059024390243902,0.4,149.0,24.0,253.3,41.0,40.0,32.0,36.0,30.0,49.0
2022-09-10 01:00:00,0,2.1,217.5,-35.7,22.0,-0.0054146341463414,0.5,156.6,24.0,253.3,40.0,40.0,31.0,35.0,29.0,49.0
2022-09-10 01:10:00,0,2.2,260.9,7.6,22.0,-0.0053658536585365,0.6000000000000001,161.5,24.0,253.3,40.0,39.0,31.0,34.0,29.0,49.0
2022-09-10 01:20:00,0,2.2,242.7,-10.5,22.0,-0.0053658536585365,0.6000000000000001,163.5,24.0,253.3,40.0,39.0,30.0,33.0,29.0,49.0
2022-09-10 01:30:00,0,1.7000000000000002,234.9,-18.4,22.0,-0.005170731707317,0.0,118.5,24.0,253.3,40.0,39.0,30.0,32.0,29.0,50.0
2022-09-10 01:40:00,0,1.6,247.8,-5.4,22.0,-0.0039512195121951,0.0,81.4,24.0,253.3,39.0,39.0,30.0,32.0,30.0,50.0
2022-09-10 01:50:00,0,1.9,219.1,-34.2,22.0,-0.004,0.0,84.9,24.0,253.3,39.0,38.0,30.0,32.0,30.0,50.0
2022-09-10 02:00:00,0,2.0,197.8,-55.4,22.0,-0.0040487804878048,0.0,97.2,24.0,253.3,39.0,38.0,30.0,31.0,30.0,50.0
2022-09-10 02:10:00,0,2.3,234.1,-19.2,22.0,-0.0040487804878048,0.0,132.0,24.0,253.3,39.0,38.0,30.0,31.0,30.0,51.0
2022-09-10 02:20:00,0,2.2,196.6,-56.6,22.0,-0.004,0.0,73.4,24.0,253.3,39.0,38.0,30.0,31.0,30.0,51.0
2022-09-10 02:30:00,0,2.8,185.0,-68.2,22.0,-0.0044390243902439,0.3,130.1,24.0,253.2,39.0,38.0,30.0,31.0,30.0,51.0
2022-09-10 02:40:00,0,2.3,192.4,-11.8,21.0,-0.0041463414634146,1.7000000000000002,188.7,24.0,204.2,39.0,38.0,30.0,31.0,30.0,51.0
2022-09-10 02:50:00,0,2.6,193.5,-10.7,21.0,-0.0040487804878048,1.7000000000000002,195.6,24.0,204.2,39.0,38.0,30.0,30.0,29.0,51.0
2022-09-10 03:00:00,0,2.5,214.6,10.4,21.0,-0.004,1.7000000000000002,191.9,24.0,204.2,39.0,38.0,30.0,30.0,29.0,52.0
2022-09-10 03:10:00,0,2.6,214.1,9.9,21.0,-0.004,1.7000000000000002,197.4,24.0,204.2,39.0,38.0,29.0,30.0,29.0,52.0
2022-09-10 03:20:00,0,2.5,202.9,-1.2,21.0,-0.004,1.5,197.7,24.0,204.2,39.0,38.0,29.0,30.0,29.0,52.0
2022-09-10 03:30:00,0,2.0,172.0,-32.2,21.0,-0.0039024390243902,0.3,153.7,24.0,204.2,39.0,38.0,29.0,30.0,29.0,52.0
2022-09-10 03:40:00,0,2.3,188.5,-15.6,21.0,-0.004,0.2,159.6,24.0,204.2,39.0,38.0,29.0,30.0,29.0,52.0
2022-09-10 03:50:00,0,2.3,179.7,-24.5,21.0,-0.0039512195121951,0.2,153.2,24.0,204.2,39.0,37.0,29.0,29.0,29.0,52.0
2022-09-10 04:00:00,0,2.0,168.3,-35.9,21.0,-0.004,0.0,140.0,24.0,204.2,38.0,37.0,29.0,29.0,29.0,52.0
2022-09-10 04:10:00,0,2.1,169.6,-34.5,21.0,-0.0039024390243902,0.0,133.2,24.0,204.2,38.0,37.0,29.0,29.0,29.0,52.0
2022-09-10 04:20:00,0,2.0,171.8,-32.3,21.0,-0.0039024390243902,0.0,133.0,24.0,204.2,38.0,37.0,29.0,29.0,29.0,52.0
2022-09-10 04:30:00,0,2.0,181.6,-22.5,20.0,-0.004,0.0,135.6,24.0,204.2,38.0,37.0,29.0,29.0,29.0,52.0
2022-09-10 04:40:00,0,1.9,178.7,-25.5,20.0,-0.0039024390243902,0.0,125.2,24.0,204.2,38.0,37.0,29.0,29.0,29.0,52.0
2022-09-10 04:50:00,0,1.8,176.3,-27.9,20.0,-0.0037560975609756,0.0,102.5,24.0,204.2,38.0,36.0,29.0,28.0,28.0,52.0
2022-09-10 05:00:00,0,1.8,169.5,-34.7,20.0,-0.0037560975609756,0.0,107.6,24.0,204.2,38.0,36.0,28.0,28.0,28.0,52.0
2022-09-10 05:10:00,0,2.1,168.6,-35.6,20.0,-0.0037560975609756,0.0,106.0,24.0,204.2,37.0,36.0,28.0,28.0,28.0,52.0
2022-09-10 05:20:00,0,2.3,173.3,-30.9,20.0,-0.0037560975609756,0.0,116.3,24.0,204.2,37.0,36.0,28.0,28.0,28.0,52.0
2022-09-10 05:30:00,0,1.9,171.2,-33.0,20.0,-0.0037073170731707,0.0,96.1,24.0,204.2,37.0,36.0,28.0,28.0,28.0,52.0
2022-09-10 05:40:00,0,1.8,155.3,-48.9,20.0,-0.0037073170731707,0.0,67.0,24.0,204.2,37.0,36.0,28.0,28.0,28.0,52.0
2022-09-10 05:50:00,0,1.8,139.8,-64.3,20.0,-0.0037560975609756,0.0,39.2,24.0,204.2,37.0,35.0,28.0,28.0,28.0,52.0
2022-09-10 06:00:00,0,2.1,125.2,-78.9,20.0,-0.0037560975609756,0.0,40.4,24.0,204.2,36.0,35.0,28.0,28.0,27.0,52.0
2022-09-10 06:10:00,0,2.4,144.6,-59.6,20.0,-0.0037073170731707,0.0,81.3,24.0,204.2,36.0,35.0,28.0,27.0,27.0,52.0
2022-09-10 06:20:00,0,2.7,131.5,-72.6,20.0,-0.0041463414634146,0.5,120.3,24.0,204.1,36.0,35.0,28.0,27.0,27.0,52.0
2022-09-10 06:30:00,0,2.7,147.5,1.5,20.0,-0.004,2.0,223.7,24.0,146.0,36.0,35.0,28.0,27.0,27.0,52.0
2022-09-10 06:40:00,0,3.3,161.5,8.1,20.0,-0.004,2.1,243.8,24.0,153.4,36.0,35.0,27.0,27.0,27.0,52.0
2022-09-10 06:50:00,0,3.1,159.0,4.2,19.0,-0.0039024390243902,2.1,243.3,24.0,154.8,36.0,36.0,27.0,27.0,27.0,52.0
2022-09-10 07:00:00,0,2.5,149.2,-5.5,19.0,-0.0038536585365853,1.9,220.3,24.0,154.8,36.0,36.0,27.0,27.0,27.0,52.0
2022-09-10 07:10:00,0,2.7,169.4,14.6,19.0,-0.0039024390243902,2.1,236.6,24.0,154.8,36.0,36.0,27.0,27.0,27.0,52.0
2022-09-10 07:20:00,0,2.6,155.0,0.3,20.0,-0.0038536585365853,1.8,203.7,24.0,154.8,36.0,36.0,27.0,27.0,27.0,52.0
2022-09-10 07:30:00,0,2.7,153.8,-1.0,20.0,-0.0039512195121951,1.9,220.9,24.0,154.8,36.0,36.0,27.0,27.0,27.0,52.0
2022-09-10 07:40:00,0,2.5,180.1,17.3,20.0,-0.0039024390243902,1.9,215.0,24.0,162.8,36.0,36.0,27.0,27.0,27.0,51.0
2022-09-10 07:50:00,0,1.8,204.5,41.7,20.0,-0.0039024390243902,0.5,146.5,24.0,162.8,36.0,36.0,27.0,27.0,27.0,51.0
2022-09-10 08:00:00,0,1.9,191.0,28.1,20.0,-0.0039024390243902,0.0,145.3,24.0,162.8,36.0,35.0,27.0,27.0,27.0,51.0
2022-09-10 08:10:00,0,1.9,187.1,24.3,20.0,-0.0038536585365853,0.0,141.6,24.0,162.8,36.0,35.0,27.0,27.0,27.0,51.0
2022-09-10 08:20:00,0,1.9,203.2,40.4,20.0,-0.0022926829268292,0.0,95.6,24.0,162.8,35.0,35.0,27.0,27.0,27.0,52.0
2022-09-10 08:30:00,0,1.9,202.1,39.3,21.0,-0.0021951219512195,0.0,69.6,24.0,162.8,35.0,35.0,27.0,27.0,28.0,52.0
2022-09-10 08:40:00,0,2.0,212.3,49.5,22.0,-0.0021951219512195,0.0,49.3,24.0,162.8,35.0,35.0,27.0,26.0,29.0,52.0
2022-09-10 08:50:00,0,1.7000000000000002,212.4,49.5,23.0,-0.0022439024390243,0.0,1.0,24.0,162.8,35.0,34.0,27.0,26.0,29.0,53.0
2022-09-10 09:00:00,0,1.7000000000000002,228.9,66.1,23.0,-0.0022926829268292,0.0,0.0,24.0,162.8,35.0,34.0,27.0,26.0,29.0,53.0
2022-09-10 09:10:00,0,1.5,240.8,78.0,23.0,-0.0025853658536585,0.0,0.0,24.0,162.8,34.0,34.0,27.0,26.0,30.0,46.0
2022-09-10 09:20:00,0,1.6,278.6,115.8,23.0,-0.0021951219512195,0.0,0.0,24.0,162.8,34.0,34.0,27.0,26.0,31.0,44.0
2022-09-10 09:30:00,0,1.4,262.6,99.8,24.0,-0.0022439024390243,0.0,0.0,24.0,162.8,34.0,34.0,27.0,26.0,31.0,46.0
2022-09-10 09:40:00,0,1.8,211.6,48.7,23.0,-0.0022439024390243,0.0,0.0,24.0,162.8,34.0,33.0,27.0,26.0,31.0,47.0
2022-09-10 09:50:00,0,2.3,268.0,105.2,24.0,-0.0021951219512195,0.0,0.0,24.0,162.8,34.0,33.0,27.0,26.0,31.0,48.0
2022-09-10 10:00:00,0,2.0,229.2,66.4,24.0,-0.0021951219512195,0.0,0.0,24.0,162.8,34.0,33.0,27.0,26.0,32.0,49.0
2022-09-10 10:10:00,0,1.9,273.1,110.2,24.0,-0.0023414634146341,0.0,0.0,24.0,162.8,33.0,33.0,27.0,26.0,32.0,50.0
2022-09-10 10:20:00,0,2.6,268.9,106.1,25.0,-0.0024390243902439,0.0,25.8,24.0,162.9,34.0,33.0,27.0,26.0,32.0,51.0
2022-09-10 10:30:00,0,3.2,274.2,86.0,24.0,-0.0032195121951219,3.3,389.0,18.6,188.2,35.0,34.0,27.0,26.0,32.0,51.0
2022-09-10 10:40:00,0,2.6,283.1,10.2,24.0,-0.0028292682926829,3.3,387.7,20.5,272.9,36.0,37.0,28.0,28.0,32.0,51.0
2022-09-10 10:50:00,0,2.7,276.9,12.4,24.0,-0.0028292682926829,1.9,216.5,24.0,264.5,35.0,37.0,28.0,28.0,33.0,52.0
2022-09-10 11:00:00,0,2.8,263.6,0.2,25.0,-0.0032195121951219,1.8,214.7,24.0,263.4,35.0,36.0,28.0,28.0,33.0,52.0
2022-09-10 11:10:00,0,3.0,250.3,-14.8,25.0,-0.003170731707317,2.1,236.6,24.0,265.2,35.0,37.0,29.0,29.0,33.0,46.0
2022-09-10 11:20:00,0,3.2,250.2,-16.7,25.0,-0.0031219512195121,6.6,755.8,12.8,267.0,36.0,38.0,29.0,29.0,34.0,45.0
2022-09-10 11:30:00,0,4.0,247.1,-33.4,26.0,0.024,10.7,1214.4,0.2,280.6,38.0,43.0,30.0,32.0,34.0,46.0
2022-09-10 11:40:00,0,3.8,274.2,3.0,26.0,0.0260975609756097,11.0,1250.5,0.3,271.1,39.0,46.0,32.0,37.0,33.0,47.0
2022-09-10 11:50:00,0,3.9,291.6,20.5,26.0,0.0168292682926829,10.1,1143.5,2.9,271.1,40.0,47.0,33.0,41.0,33.0,48.0
2022-09-10 12:00:00,0,4.0,244.7,3.7,26.0,0.0248780487804878,11.0,1246.7,-0.1,241.0,40.0,48.0,35.0,43.0,33.0,48.0
2022-09-10 12:10:00,0,3.6,256.6,6.8,26.0,0.0139024390243902,11.0,1250.0,0.8,249.8,41.0,48.0,36.0,46.0,34.0,49.0
2022-09-10 12:20:00,0,3.5,262.0,-11.2,26.0,0.0096585365853658,9.9,1118.8,3.8,273.2,42.0,48.0,38.0,48.0,35.0,50.0
2022-09-10 12:30:00,0,4.1,258.4,-8.2,27.0,0.0258048780487804,10.5,1193.9,1.1,266.6,42.0,49.0,38.0,49.0,35.0,50.0
2022-09-10 12:40:00,0,3.7,249.0,-8.4,27.0,0.0123414634146341,9.8,1112.3,3.8,257.4,43.0,49.0,39.0,50.0,35.0,51.0
2022-09-10 12:50:00,0,3.5,221.7,-20.7,27.0,0.0170731707317073,11.0,1245.0,0.5,242.4,44.0,50.0,39.0,51.0,35.0,51.0
2022-09-10 13:00:00,0,4.3,300.6,46.9,26.0,0.0381463414634146,11.1,1263.0,-0.4,253.6,44.0,50.0,40.0,52.0,35.0,52.0
2022-09-10 13:10:00,0,4.5,284.4,14.7,26.0,0.0609756097560975,11.1,1258.8,-0.6000000000000001,269.7,44.0,50.0,41.0,53.0,35.0,52.0
2022-09-10 13:20:00,0,4.6,280.6,4.9,26.0,0.0528292682926829,11.1,1259.7,-0.7000000000000001,275.7,44.0,50.0,41.0,53.0,35.0,52.0
2022-09-10 13:30:00,0,4.4,293.8,22.3,27.0,0.0476097560975609,11.1,1263.1,-0.4,271.5,44.0,50.0,42.0,54.0,35.0,52.0
2022-09-10 13:40:00,0,4.0,239.7,-19.8,27.0,0.032390243902439,11.0,1251.5,-0.1,259.6,44.0,49.0,42.0,55.0,35.0,52.0
2022-09-10 13:50:00,0,4.2,247.8,-17.3,27.0,0.0401463414634146,11.1,1255.1,-0.3,265.2,44.0,49.0,42.0,55.0,36.0,52.0
2022-09-10 14:00:00,0,4.6,256.7,-6.0,26.0,0.0554146341463414,11.1,1257.6,-0.8,262.7,45.0,50.0,43.0,56.0,36.0,52.0
2022-09-10 14:10:00,0,4.0,257.6,-10.0,27.0,0.0308780487804878,11.1,1253.7,-0.1,267.6,45.0,49.0,43.0,57.0,35.0,52.0
2022-09-10 14:20:00,0,4.8,264.5,1.8,27.0,0.0697073170731707,11.2,1267.3,-0.9,262.7,45.0,50.0,43.0,57.0,35.0,52.0
2022-09-10 14:30:00,0,4.9,269.4,7.7,27.0,0.0807317073170731,11.3,1278.1,-1.0,261.7,45.0,51.0,43.0,57.0,35.0,52.0
2022-09-10 14:40:00,0,5.3,243.5,-18.2,27.0,0.1011219512195122,11.5,1301.2,-1.2,261.7,46.0,52.0,43.0,57.0,35.0,52.0
2022-09-10 14:50:00,0,5.1,248.6,-13.4,27.0,0.090780487804878,11.3,1276.6,-1.1,262.0,46.0,52.0,43.0,58.0,35.0,52.0
2022-09-10 15:00:00,0,5.3,290.8,26.6,26.0,0.1012682926829268,11.3,1282.0,-1.3,264.2,46.0,52.0,43.0,58.0,35.0,52.0
2022-09-10 15:10:00,0,5.0,254.8,-20.1,26.0,0.0826341463414634,11.4,1289.6,-1.0,275.0,47.0,52.0,43.0,58.0,35.0,52.0
2022-09-10 15:20:00,0,4.5,271.0,4.1,26.0,0.0646829268292683,11.2,1264.1,-0.6000000000000001,266.9,47.0,51.0,43.0,57.0,35.0,51.0
2022-09-10 15:30:00,0,5.5,244.5,-20.6,26.0,0.1333170731707317,11.7,1320.2,-1.4,265.2,47.0,53.0,43.0,58.0,35.0,51.0
2022-09-10 15:40:00,0,6.2,276.7,8.7,26.0,0.1721951219512195,12.3,1395.2,-1.8,268.0,48.0,54.0,44.0,59.0,35.0,51.0
2022-09-10 15:50:00,0,6.1,286.4,13.5,26.0,0.1806829268292683,12.2,1387.3,-1.6,272.9,48.0,54.0,44.0,59.0,35.0,51.0
2022-09-10 16:00:00,0,6.4,252.1,-20.8,26.0,0.208390243902439,12.6,1422.4,-1.8,272.9,49.0,55.0,44.0,61.0,36.0,51.0
2022-09-10 16:10:00,0,5.9,281.0,8.1,26.0,0.1579024390243902,12.1,1366.1,-1.6,272.9,49.0,55.0,45.0,62.0,36.0,51.0
2022-09-10 16:20:00,0,6.7,269.0,-6.0,26.0,0.2064390243902439,12.8,1449.4,-1.9,275.0,50.0,56.0,45.0,62.0,36.0,51.0
2022-09-10 16:30:00,0,5.5,259.5,-18.6,26.0,0.126780487804878,11.7,1320.5,-1.3,278.1,50.0,55.0,45.0,62.0,36.0,51.0
2022-09-10 16:40:00,0,5.1,261.4,-6.2,26.0,0.096,11.5,1300.2,-1.1,267.6,49.0,54.0,45.0,61.0,36.0,51.0
2022-09-10 16:50:00,0,5.1,278.4,17.4,26.0,0.0881951219512195,11.4,1288.6,-1.1,261.0,49.0,53.0,45.0,59.0,36.0,51.0
2022-09-10 17:00:00,0,5.7,265.6,0.7000000000000001,26.0,0.1377073170731707,11.6,1318.0,-1.6,264.9,49.0,54.0,45.0,58.0,36.0,51.0
2022-09-10 17:10:00,0,5.8,310.3,36.7,26.0,0.1330731707317073,11.7,1324.3,-1.7000000000000002,273.6,50.0,55.0,45.0,60.0,36.0,51.0
2022-09-10 17:20:00,0,5.4,276.5,2.9,27.0,0.1153170731707317,11.6,1313.8,-1.3,273.6,50.0,54.0,45.0,61.0,36.0,51.0
2022-09-10 17:30:00,0,5.6,271.5,-6.0,26.0,0.1245365853658536,11.7,1330.0,-1.4,277.4,50.0,54.0,44.0,60.0,36.0,51.0
2022-09-10 17:40:00,0,6.1,280.7,-3.3,26.0,0.1578536585365853,12.1,1366.6,-1.7000000000000002,284.1,50.0,55.0,44.0,61.0,36.0,51.0
2022-09-10 17:50:00,0,5.8,274.8,-1.3,26.0,0.1360975609756097,11.9,1344.0,-1.5,276.0,50.0,55.0,45.0,61.0,36.0,51.0
2022-09-10 18:00:00,0,5.7,274.8,-1.9,26.0,0.1213170731707317,11.8,1332.4,-1.5,276.7,50.0,54.0,45.0,60.0,36.0,51.0
2022-09-10 18:10:00,0,6.0,273.0,1.1,26.0,0.1653170731707317,12.0,1360.0,-1.7000000000000002,271.8,50.0,55.0,45.0,60.0,36.0,51.0
2022-09-10 18:20:00,0,6.1,282.3,3.4,26.0,0.1614146341463414,12.0,1359.7,-1.8,278.8,51.0,55.0,45.0,61.0,36.0,51.0
2022-09-10 18:30:00,0,6.1,276.2,4.7,26.0,0.1602926829268292,12.0,1362.3,-1.8,271.5,51.0,56.0,45.0,61.0,36.0,51.0
2022-09-10 18:40:00,0,5.9,283.8,1.7000000000000002,25.0,0.136,11.8,1331.8,-1.7000000000000002,282.0,51.0,55.0,46.0,61.0,36.0,51.0
2022-09-10 18:50:00,0,5.3,301.1,10.0,25.0,0.1108780487804878,11.6,1310.3,-1.2,291.1,51.0,55.0,47.0,60.0,36.0,51.0
2022-09-10 19:00:00,0,5.0,298.2,8.8,25.0,0.0779024390243902,11.2,1270.7,-1.1,289.4,50.0,54.0,47.0,58.0,36.0,51.0
2022-09-10 19:10:00,0,5.3,291.5,-1.4,25.0,0.0965853658536585,11.3,1278.3,-1.4,292.9,50.0,53.0,47.0,58.0,36.0,51.0
2022-09-10 19:20:00,0,5.1,275.3,-9.2,25.0,0.0713658536585366,11.1,1259.2,-1.2,284.5,50.0,53.0,47.0,56.0,36.0,51.0
2022-09-10 19:30:00,0,5.0,289.5,5.1,25.0,0.0686341463414634,11.1,1261.0,-1.1,284.5,49.0,53.0,47.0,54.0,36.0,51.0
2022-09-10 19:40:00,0,4.7,278.2,-6.2,25.0,0.065170731707317,11.1,1254.4,-0.8,284.4,49.0,52.0,47.0,53.0,35.0,51.0
2022-09-10 19:50:00,0,3.9,284.3,4.0,25.0,0.032,11.0,1249.9,0.0,280.3,49.0,51.0,47.0,52.0,35.0,51.0
2022-09-10 20:00:00,0,3.6,301.3,5.6,25.0,-0.0026341463414634,6.7,764.1,28.7,295.7,48.0,50.0,47.0,51.0,35.0,51.0
2022-09-10 20:10:00,0,3.8,320.6,30.9,25.0,0.0135121951219512,11.0,1248.5,0.2,289.7,48.0,49.0,46.0,50.0,35.0,50.0
2022-09-10 20:20:00,0,3.6,253.9,-32.6,25.0,0.001560975609756,8.5,958.5,7.9,286.5,47.0,48.0,46.0,49.0,35.0,50.0
2022-09-10 20:30:00,0,4.1,267.7,-0.3,24.0,0.0245853658536585,11.0,1248.5,-0.3,268.0,47.0,49.0,46.0,49.0,35.0,50.0
2022-09-10 20:40:00,0,4.0,282.8,1.8,24.0,0.0176585365853658,11.0,1249.0,-0.2,281.0,47.0,49.0,46.0,48.0,34.0,50.0
2022-09-10 20:50:00,0,3.9,282.0,1.0,24.0,0.0182926829268292,11.0,1248.7,-0.1,281.0,46.0,49.0,45.0,49.0,34.0,50.0
2022-09-10 21:00:00,0,3.6,284.9,3.9,23.0,-0.002780487804878,9.7,1094.9,4.4,280.9,46.0,48.0,45.0,48.0,34.0,50.0
2022-09-10 21:10:00,0,3.5,260.0,-14.6,23.0,-0.0094634146341463,8.7,986.3,8.3,274.6,45.0,47.0,45.0,48.0,34.0,50.0
2022-09-10 21:20:00,0,3.4,265.3,-9.3,23.0,-0.0123414634146341,5.4,617.6,17.9,274.6,45.0,46.0,44.0,47.0,34.0,50.0
2022-09-10 21:30:00,0,3.6,274.2,-2.2,23.0,-0.0047317073170731,6.6,754.4,11.9,276.4,44.0,44.0,43.0,46.0,34.0,50.0
2022-09-10 21:40:00,0,3.3,272.9,2.7,23.0,-0.0085365853658536,2.9,324.5,23.3,270.1,44.0,44.0,41.0,45.0,33.0,50.0
2022-09-10 21:50:00,0,3.3,250.6,-26.1,23.0,-0.0074634146341463,2.4,271.8,24.0,276.7,43.0,42.0,39.0,43.0,33.0,50.0
2022-09-10 22:00:00,0,3.2,271.5,-4.9,23.0,-0.0061951219512195,2.3,263.1,24.0,276.4,43.0,41.0,38.0,42.0,33.0,50.0
2022-09-10 22:10:00,0,2.7,265.8,-1.5,23.0,-0.0061951219512195,1.9,219.9,24.0,267.3,43.0,40.0,37.0,41.0,33.0,50.0
2022-09-10 22:20:00,0,2.5,266.4,7.8,23.0,-0.0061463414634146,1.9,209.4,24.0,258.5,43.0,40.0,36.0,39.0,32.0,50.0
2022-09-10 22:30:00,0,2.7,252.2,-6.3,23.0,-0.0061463414634146,2.0,223.3,24.0,258.5,42.0,40.0,35.0,38.0,32.0,50.0
2022-09-10 22:40:00,0,2.8,265.3,16.6,23.0,-0.0061463414634146,2.1,236.6,24.0,248.7,42.0,40.0,35.0,37.0,32.0,50.0
2022-09-10 22:50:00,0,2.3,252.2,-3.2,23.0,-0.0060975609756097,1.5,185.0,24.0,255.4,42.0,40.0,34.0,36.0,31.0,50.0
2022-09-10 23:00:00,0,2.2,256.7,1.3,22.0,-0.0060975609756097,1.0,172.1,24.0,255.4,42.0,40.0,33.0,35.0,31.0,50.0
2022-09-10 23:10:00,0,2.4,214.7,-40.7,22.0,-0.0061463414634146,1.1,174.1,24.0,255.4,42.0,40.0,32.0,35.0,31.0,50.0
2022-09-10 23:20:00,0,2.5,241.9,-13.5,22.0,-0.0060975609756097,1.3,178.7,24.0,255.4,42.0,40.0,32.0,34.0,30.0,50.0
2022-09-10 23:30:00,0,3.5,232.1,-23.2,22.0,-0.0049268292682926,3.6,409.4,20.1,255.3,41.0,40.0,31.0,33.0,30.0,50.0
2022-09-10 23:40:00,0,3.3,230.7,-0.5,22.0,-0.0053658536585365,5.4,610.6,16.8,231.2,42.0,42.0,31.0,33.0,30.0,50.0
2022-09-10 23:50:00,0,3.2,220.4,-10.8,22.0,-0.0061951219512195,2.3,262.6,24.0,231.2,41.0,41.0,31.0,33.0,30.0,50.0
2022-09-11 00:00:00,0,2.5,214.2,-8.2,22.0,-0.0054634146341463,1.8,200.5,24.0,222.4,41.0,41.0,31.0,33.0,30.0,50.0
2022-09-11 00:10:00,0,2.3,235.9,22.9,22.0,-0.0041463414634146,1.7000000000000002,190.3,24.0,213.0,41.0,40.0,31.0,32.0,30.0,50.0
2022-09-11 00:20:00,0,2.1,231.0,18.0,22.0,-0.0040975609756097,0.6000000000000001,163.4,24.0,213.0,41.0,40.0,31.0,32.0,30.0,51.0
2022-09-11 00:30:00,0,2.2,245.0,32.1,22.0,-0.0041463414634146,1.3,180.1,24.0,213.0,40.0,40.0,31.0,32.0,30.0,51.0
2022-09-11 00:40:00,0,2.2,231.3,18.3,22.0,-0.0041951219512195,1.3,182.0,24.0,213.0,40.0,39.0,31.0,32.0,30.0,51.0
2022-09-11 00:50:00,0,2.0,210.0,-2.9,22.0,-0.0041463414634146,0.5,155.5,24.0,213.0,40.0,39.0,30.0,31.0,30.0,51.0
2022-09-11 01:00:00,0,1.7000000000000002,205.9,-7.1,22.0,-0.0041463414634146,0.0,128.0,24.0,213.0,40.0,39.0,30.0,31.0,30.0,52.0
2022-09-11 01:10:00,0,2.3,189.1,-23.8,22.0,-0.0041463414634146,1.2,178.2,24.0,213.0,40.0,39.0,30.0,31.0,30.0,52.0
2022-09-11 01:20:00,0,2.6,191.6,-21.3,22.0,-0.0042439024390243,1.8,200.3,24.0,212.9,40.0,39.0,30.0,31.0,30.0,52.0
2022-09-11 01:30:00,0,3.2,203.1,3.4,22.0,-0.004390243902439,5.8,654.8,13.8,199.6,40.0,40.0,30.0,31.0,30.0,52.0
2022-09-11 01:40:00,0,3.3,221.6,19.5,21.0,-0.0026341463414634,7.6,858.5,10.3,202.1,41.0,42.0,30.0,34.0,30.0,51.0
2022-09-11 01:50:00,0,2.9,189.8,-3.6,21.0,-0.0042926829268292,2.1,239.4,24.0,193.3,41.0,43.0,31.0,37.0,30.0,51.0
2022-09-11 02:00:00,0,1.8,216.4,16.0,21.0,-0.0040975609756097,0.3,124.1,24.0,200.3,40.0,41.0,31.0,35.0,30.0,51.0
2022-09-11 02:10:00,0,1.4,211.0,10.7,21.0,-0.004,0.0,62.5,24.0,200.3,40.0,40.0,31.0,35.0,30.0,52.0
2022-09-11 02:20:00,0,1.5,180.0,-20.3,21.0,-0.0038536585365853,0.0,54.6,24.0,200.3,39.0,40.0,31.0,34.0,29.0,52.0
2022-09-11 02:30:00,0,0.7000000000000001,174.0,-26.3,21.0,-0.0038536585365853,0.0,6.0,24.0,200.3,39.0,39.0,30.0,33.0,29.0,52.0
2022-09-11 02:40:00,0,0.7000000000000001,237.2,36.9,21.0,-0.0038536585365853,0.0,0.0,24.0,200.3,39.0,38.0,30.0,33.0,29.0,52.0
2022-09-11 02:50:00,0,1.5,185.3,-15.0,21.0,-0.0038536585365853,0.0,23.9,24.0,200.3,38.0,38.0,30.0,32.0,29.0,52.0
2022-09-11 03:00:00,0,2.4,160.0,-40.3,21.0,-0.0038536585365853,0.9,168.2,24.0,200.3,39.0,38.0,30.0,32.0,29.0,52.0
2022-09-11 03:10:00,0,2.1,171.4,-28.9,21.0,-0.0039512195121951,0.9,165.1,24.0,200.3,39.0,38.0,30.0,31.0,29.0,52.0
2022-09-11 03:20:00,0,2.7,179.0,-21.2,21.0,-0.0042439024390243,0.7000000000000001,172.4,24.0,200.3,39.0,38.0,30.0,31.0,29.0,52.0
2022-09-11 03:30:00,0,2.7,172.4,19.4,21.0,-0.0039512195121951,1.9,219.7,24.0,153.0,39.0,38.0,30.0,31.0,29.0,52.0
2022-09-11 03:40:00,0,2.5,152.5,-0.5,21.0,-0.0039024390243902,1.7000000000000002,197.8,24.0,153.0,39.0,38.0,30.0,31.0,29.0,53.0
2022-09-11 03:50:00,0,2.6,163.9,10.9,21.0,-0.0039024390243902,1.9,210.5,24.0,153.0,39.0,38.0,30.0,30.0,29.0,53.0
2022-09-11 04:00:00,0,3.8,137.6,-20.7,21.0,-0.0041463414634146,3.2,364.0,21.3,158.3,39.0,38.0,30.0,30.0,29.0,53.0
2022-09-11 04:10:00,0,3.0,131.0,-26.1,21.0,-0.004390243902439,5.9,666.4,13.5,157.2,39.0,41.0,30.0,31.0,29.0,52.0
2022-09-11 04:20:00,0,4.0,151.4,11.0,20.0,0.012390243902439,11.1,1252.0,-0.1,140.4,40.0,43.0,30.0,31.0,29.0,51.0
2022-09-11 04:30:00,0,3.8,126.1,-6.2,20.0,0.0048780487804878,10.1,1147.3,3.3,132.3,41.0,45.0,31.0,34.0,29.0,51.0
2022-09-11 04:40:00,0,4.3,136.8,11.8,20.0,0.0248292682926829,11.0,1249.9,-0.4,125.0,41.0,46.0,32.0,39.0,29.0,51.0
2022-09-11 04:50:00,0,4.0,132.2,-0.1,21.0,0.0306829268292682,11.0,1249.1,-0.2,132.3,41.0,47.0,34.0,43.0,29.0,51.0
2022-09-11 05:00:00,0,4.4,146.8,14.1,20.0,0.0217073170731707,11.0,1249.5,-0.6000000000000001,132.7,42.0,47.0,35.0,46.0,29.0,51.0
2022-09-11 05:10:00,0,3.9,135.3,-4.8,20.0,0.0021463414634146,10.0,1133.0,3.1,140.1,42.0,46.0,36.0,49.0,29.0,50.0
2022-09-11 05:20:00,0,3.5,138.6,-3.6,21.0,-0.0059024390243902,7.9,887.2,10.2,142.1,41.0,45.0,36.0,48.0,29.0,50.0
2022-09-11 05:30:00,0,3.7,166.8,24.6,21.0,-0.0056097560975609,2.5,279.5,24.0,142.2,41.0,43.0,36.0,46.0,29.0,50.0
2022-09-11 05:40:00,0,2.7,150.3,-6.9,22.0,-0.005560975609756,0.9,170.3,24.0,157.2,40.0,42.0,35.0,44.0,29.0,50.0
2022-09-11 05:50:00,0,2.4,158.9,19.2,21.0,-0.0053658536585365,0.0,151.9,24.0,139.7,40.0,41.0,34.0,42.0,29.0,50.0
2022-09-11 06:00:00,0,2.4,87.2,-52.4,21.0,-0.0055121951219512,1.5,196.8,24.0,139.6,40.0,40.0,33.0,40.0,29.0,50.0
2022-09-11 06:10:00,0,1.7000000000000002,161.6,53.5,21.0,-0.0052195121951219,0.0,107.2,24.0,108.1,40.0,40.0,33.0,38.0,29.0,50.0
2022-09-11 06:20:00,0,1.6,139.0,30.8,21.0,-0.0052682926829268,0.0,72.6,24.0,108.1,39.0,39.0,32.0,37.0,28.0,51.0
2022-09-11 06:30:00,0,1.4,161.9,53.7,20.0,-0.0052682926829268,0.0,109.1,24.0,108.1,39.0,39.0,31.0,36.0,28.0,51.0
2022-09-11 06:40:00,0,1.8,96.2,-11.9,20.0,-0.0052195121951219,0.3,131.0,24.0,108.1,39.0,38.0,31.0,35.0,28.0,51.0
2022-09-11 06:50:00,0,2.6,81.9,-26.2,20.0,-0.005170731707317,2.0,224.2,24.0,108.1,39.0,38.0,30.0,34.0,28.0,51.0
2022-09-11 07:00:00,0,2.5,71.9,-36.2,20.0,-0.0047317073170731,2.0,222.8,24.0,108.1,39.0,38.0,30.0,33.0,28.0,51.0
2022-09-11 07:10:00,0,2.8,103.0,-5.1,20.0,-0.0040487804878048,2.0,225.9,24.0,108.1,39.0,38.0,30.0,32.0,29.0,51.0
2022-09-11 07:20:00,0,2.9,102.4,8.6,20.0,-0.0040487804878048,2.1,236.0,24.0,93.8,39.0,38.0,30.0,32.0,29.0,51.0
2022-09-11 07:30:00,0,3.3,110.4,5.4,21.0,-0.0039512195121951,2.5,279.8,24.0,105.0,39.0,38.0,30.0,31.0,29.0,51.0
2022-09-11 07:40:00,0,3.1,91.4,-15.6,21.0,-0.004,2.5,283.8,24.0,107.1,38.0,38.0,30.0,31.0,29.0,51.0
2022-09-11 07:50:00,0,3.0,101.5,-3.9,21.0,-0.004,2.7,301.1,24.0,105.4,38.0,38.0,30.0,31.0,28.0,51.0
2022-09-11 08:00:00,0,2.8,129.4,15.0,21.0,-0.004,2.3,264.9,24.0,114.5,39.0,39.0,30.0,30.0,28.0,51.0
2022-09-11 08:10:00,0,2.2,113.8,-1.0,20.0,-0.0038536585365853,2.0,230.2,24.0,114.8,38.0,38.0,30.0,30.0,28.0,51.0
2022-09-11 08:20:00,0,3.0,82.0,-32.8,22.0,-0.0040975609756097,2.5,278.6,24.0,114.8,38.0,38.0,30.0,30.0,28.0,51.0
2022-09-11 08:30:00,0,2.3,128.9,4.6,22.0,-0.0023414634146341,1.8,210.3,24.0,124.3,38.0,38.0,29.0,30.0,29.0,51.0
2022-09-11 08:40:00,0,1.5,147.5,23.2,23.0,-0.0024390243902439,0.0,135.6,24.0,124.3,38.0,38.0,29.0,30.0,30.0,52.0
2022-09-11 08:50:00,0,2.0,114.4,-9.8,23.0,-0.002390243902439,1.2,173.1,24.0,124.3,38.0,38.0,29.0,30.0,30.0,52.0
2022-09-11 09:00:00,0,2.8,135.1,10.8,23.0,-0.002390243902439,2.1,239.7,24.0,124.3,38.0,38.0,29.0,30.0,31.0,53.0
2022-09-11 09:10:00,0,3.4,141.7,17.4,24.0,-0.0026829268292682,2.5,277.7,24.0,124.3,38.0,38.0,30.0,30.0,31.0,52.0
2022-09-11 09:20:00,0,3.2,128.5,0.7000000000000001,23.0,-0.0028292682926829,2.3,261.9,24.0,127.8,38.0,38.0,30.0,30.0,32.0,45.0
2022-09-11 09:30:00,0,4.0,169.8,32.6,23.0,0.0179024390243902,10.2,1162.9,1.3,137.2,39.0,41.0,30.0,31.0,32.0,45.0
2022-09-11 09:40:00,0,2.7,153.1,15.9,24.0,-0.0002439024390243,6.4,716.1,13.4,137.2,40.0,45.0,31.0,33.0,32.0,46.0
2022-09-11 09:50:00,0,3.1,159.9,30.7,24.0,-0.0009268292682926,3.2,371.6,20.4,129.2,39.0,43.0,32.0,34.0,33.0,47.0
2022-09-11 10:00:00,0,4.3,157.5,17.5,24.0,0.0540487804878048,11.2,1270.9,-0.1,140.0,41.0,46.0,33.0,35.0,32.0,48.0
2022-09-11 10:10:00,0,4.8,138.6,4.5,24.0,0.0721951219512195,11.2,1270.8,-0.9,134.1,42.0,49.0,35.0,40.0,31.0,48.0
2022-09-11 10:20:00,0,4.6,148.4,22.3,24.0,0.0718536585365853,11.2,1267.7,-0.7000000000000001,126.0,43.0,49.0,36.0,44.0,31.0,49.0
2022-09-11 10:30:00,0,4.7,102.7,-22.9,25.0,0.0591219512195122,11.2,1265.4,-0.7000000000000001,125.7,43.0,49.0,37.0,47.0,32.0,49.0
2022-09-11 10:40:00,0,4.1,115.6,-9.7,25.0,0.0377073170731707,11.1,1254.6,-0.3,125.3,43.0,49.0,37.0,48.0,32.0,50.0
2022-09-11 10:50:00,0,3.7,96.6,-21.0,26.0,0.0253658536585365,11.0,1249.3,0.1,117.6,43.0,48.0,38.0,49.0,32.0,50.0
2022-09-11 11:00:00,0,3.8,107.5,-14.0,26.0,0.0272195121951219,11.0,1249.7,0.2,121.5,43.0,48.0,38.0,50.0,33.0,50.0
2022-09-11 11:10:00,0,3.8,106.7,-34.0,26.0,0.0153170731707317,9.4,1072.8,6.3,140.7,43.0,48.0,39.0,50.0,33.0,50.0
2022-09-11 11:20:00,0,5.5,127.8,-3.1,27.0,0.1104878048780487,11.9,1344.0,-1.2,130.9,44.0,49.0,40.0,51.0,34.0,50.0
2022-09-11 11:30:00,0,6.2,137.7,16.2,27.0,0.172390243902439,12.3,1393.9,-1.7000000000000002,121.5,45.0,53.0,41.0,55.0,34.0,50.0
2022-09-11 11:40:00,0,5.8,153.7,28.7,27.0,0.1277073170731707,11.8,1338.3,-1.5,125.0,46.0,53.0,41.0,55.0,34.0,50.0
2022-09-11 11:50:00,0,6.2,98.6,-33.4,27.0,0.1761951219512195,12.2,1386.7,-1.7000000000000002,132.0,46.0,53.0,42.0,56.0,34.0,51.0
2022-09-11 12:00:00,0,5.8,112.7,-11.9,28.0,0.1314146341463414,11.8,1339.2,-1.6,124.6,47.0,54.0,43.0,58.0,35.0,51.0
2022-09-11 12:10:00,0,5.7,133.4,15.1,28.0,0.1353170731707317,11.8,1333.7,-1.6,118.3,47.0,54.0,43.0,58.0,35.0,51.0
2022-09-11 12:20:00,0,5.2,109.6,-12.2,29.0,0.0858536585365853,11.4,1296.5,-1.1,121.8,47.0,53.0,43.0,57.0,35.0,51.0
2022-09-11 12:30:00,0,6.3,128.2,8.8,29.0,0.1512682926829268,12.5,1412.8,-1.6,119.3,48.0,53.0,43.0,57.0,36.0,51.0
2022-09-11 12:40:00,0,6.3,122.1,2.4,29.0,0.1798536585365853,12.4,1409.6,-1.7000000000000002,119.7,49.0,55.0,44.0,60.0,36.0,51.0
2022-09-11 12:50:00,0,7.0,123.5,-15.8,29.0,0.2455121951219512,13.1,1483.3,-2.0,139.3,50.0,56.0,45.0,61.0,36.0,51.0
2022-09-11 13:00:00,0,7.0,115.2,-16.4,30.0,0.2321463414634146,13.1,1488.2,-2.0,131.6,50.0,57.0,46.0,62.0,36.0,51.0
2022-09-11 13:10:00,0,7.9,133.5,9.6,30.0,0.3449268292682927,14.0,1584.0,-2.2,123.9,52.0,59.0,48.0,64.0,37.0,51.0
2022-09-11 13:20:00,0,7.2,129.4,-7.4,30.0,0.2659512195121951,13.4,1515.7,-2.0,136.9,52.0,59.0,51.0,66.0,37.0,51.0
2022-09-11 13:30:00,0,7.4,122.0,-6.1,30.0,0.2920487804878049,13.5,1528.4,-2.1,128.1,53.0,59.0,52.0,66.0,38.0,52.0
2022-09-11 13:40:00,0,6.2,152.3,11.6,30.0,0.1680487804878049,12.5,1416.2,-1.6,140.7,53.0,59.0,54.0,66.0,38.0,52.0
2022-09-11 13:50:00,0,6.4,121.0,-18.3,30.0,0.174780487804878,12.5,1418.8,-1.8,139.3,53.0,58.0,54.0,64.0,38.0,52.0
2022-09-11 14:00:00,0,6.5,169.1,45.9,30.0,0.1798536585365853,12.6,1424.4,-1.8,123.2,53.0,58.0,54.0,64.0,38.0,52.0
2022-09-11 14:10:00,0,6.2,109.7,-0.9,30.0,0.1585853658536585,12.3,1395.9,-1.7000000000000002,110.6,53.0,58.0,55.0,64.0,38.0,52.0
2022-09-11 14:20:00,0,6.1,115.7,1.1,30.0,0.1775121951219512,12.2,1376.7,-1.7000000000000002,114.5,54.0,58.0,55.0,65.0,38.0,52.0
2022-09-11 14:30:00,0,5.5,154.4,5.2,30.0,0.1129756097560975,11.7,1321.0,-1.4,149.2,53.0,57.0,55.0,64.0,38.0,52.0
2022-09-11 14:40:00,0,7.0,139.6,-14.8,30.0,0.2493658536585365,13.0,1472.8,-2.0,154.4,54.0,59.0,55.0,64.0,38.0,53.0
2022-09-11 14:50:00,0,7.3,146.8,8.2,30.0,0.268780487804878,13.5,1533.3,-2.1,138.6,55.0,60.0,56.0,66.0,38.0,53.0
2022-09-11 15:00:00,0,7.9,135.6,3.6,30.0,0.3533170731707317,13.9,1570.1,-2.1,132.0,56.0,61.0,57.0,67.0,38.0,49.0
2022-09-11 15:10:00,0,7.7,136.5,4.9,30.0,0.3245853658536585,13.8,1561.3,-2.1,131.6,56.0,62.0,58.0,68.0,38.0,44.0
2022-09-11 15:20:00,0,7.8,139.0,13.0,30.0,0.3389756097560975,13.9,1573.3,-2.1,126.0,56.0,63.0,59.0,69.0,38.0,45.0
2022-09-11 15:30:00,0,7.8,138.7,3.6,30.0,0.3438536585365853,13.8,1558.4,-2.0,135.1,53.0,62.0,60.0,71.0,38.0,46.0
2022-09-11 15:40:00,0,7.9,141.7,14.6,29.0,0.3595609756097561,14.1,1594.0,-2.2,127.1,52.0,62.0,60.0,75.0,38.0,47.0
2022-09-11 15:50:00,0,6.8,158.3,23.2,29.0,0.2220487804878048,13.0,1468.2,-1.8,135.1,51.0,60.0,60.0,76.0,38.0,48.0
2022-09-11 16:00:00,0,7.3,126.1,-9.3,29.0,0.2821463414634146,13.5,1528.1,-2.1,135.5,54.0,60.0,60.0,76.0,38.0,49.0
2022-09-11 16:10:00,0,7.2,135.0,1.6,29.0,0.2587317073170732,13.4,1522.3,-1.9,133.4,55.0,61.0,60.0,77.0,38.0,49.0
2022-09-11 16:20:00,0,6.1,136.3,6.4,30.0,0.1633658536585365,12.3,1388.1,-1.5,129.9,54.0,59.0,59.0,76.0,38.0,50.0
2022-09-11 16:30:00,0,5.9,127.2,0.4,30.0,0.1231219512195122,11.9,1346.7,-1.7000000000000002,126.7,54.0,58.0,59.0,74.0,38.0,50.0
2022-09-11 16:40:00,0,5.7,91.7,-21.3,31.0,0.1095609756097561,11.6,1313.6,-1.6,113.0,54.0,57.0,58.0,72.0,38.0,51.0
2022-09-11 16:50:00,0,6.9,86.1,-18.5,30.0,0.2251219512195122,13.0,1474.3,-2.0,104.6,55.0,59.0,58.0,72.0,38.0,51.0
2022-09-11 17:00:00,0,6.6,93.1,-4.8,31.0,0.2056097560975609,12.6,1426.4,-1.7000000000000002,98.0,55.0,60.0,59.0,72.0,38.0,51.0
2022-09-11 17:10:00,0,5.7,103.3,11.6,31.0,0.1406829268292682,12.0,1355.9,-1.3,91.7,55.0,59.0,58.0,69.0,39.0,52.0
2022-09-11 17:20:00,0,7.3,92.9,-6.4,30.0,0.2659024390243902,13.4,1513.7,-2.1,99.4,55.0,60.0,59.0,69.0,38.0,52.0
2022-09-11 17:30:00,0,6.8,83.3,-8.4,30.0,0.231170731707317,12.9,1461.9,-2.0,91.7,56.0,61.0,60.0,70.0,39.0,52.0
2022-09-11 17:40:00,0,6.8,98.5,6.8,31.0,0.2258536585365853,12.9,1465.6,-2.0,91.7,56.0,61.0,59.0,68.0,39.0,53.0
2022-09-11 17:50:00,0,7.8,107.0,14.2,31.0,0.3282439024390244,13.9,1573.5,-2.2,92.7,56.0,62.0,60.0,69.0,40.0,51.0
2022-09-11 18:00:00,0,8.1,95.6,2.9,30.0,0.3650243902439024,14.2,1613.1,-2.2,92.7,53.0,63.0,61.0,71.0,40.0,45.0
2022-09-11 18:10:00,0,7.5,80.3,-12.4,30.0,0.3154634146341463,13.6,1542.8,-2.1,92.7,52.0,62.0,62.0,71.0,40.0,45.0
2022-09-11 18:20:00,0,7.6,91.6,-12.4,30.0,0.3169756097560975,13.6,1544.9,-2.1,103.9,51.0,61.0,62.0,70.0,40.0,46.0
2022-09-11 18:30:00,0,6.8,126.3,14.3,30.0,0.2254146341463414,12.9,1457.4,-1.9,112.0,52.0,60.0,61.0,68.0,40.0,47.0
2022-09-11 18:40:00,0,7.1,86.6,-11.4,30.0,0.262,13.2,1498.6,-2.1,98.0,54.0,60.0,61.0,68.0,41.0,48.0
2022-09-11 18:50:00,0,7.1,87.6,-10.4,30.0,0.2744878048780488,13.2,1499.4,-2.0,98.0,55.0,61.0,62.0,69.0,41.0,49.0
2022-09-11 19:00:00,0,5.7,114.1,9.5,30.0,0.1407317073170731,11.9,1352.5,-1.3,104.6,55.0,59.0,61.0,66.0,41.0,50.0
2022-09-11 19:10:00,0,6.2,109.8,11.5,30.0,0.1681951219512195,12.1,1375.5,-1.8,98.3,55.0,59.0,60.0,65.0,41.0,50.0
2022-09-11 19:20:00,0,5.5,95.4,-2.9,29.0,0.1239024390243902,11.6,1314.7,-1.4,98.3,55.0,59.0,59.0,63.0,41.0,51.0
2022-09-11 19:30:00,0,6.8,114.5,9.9,29.0,0.218,13.0,1473.0,-1.8,104.6,55.0,59.0,59.0,63.0,40.0,51.0
2022-09-11 19:40:00,0,6.4,94.6,-2.0,28.0,0.1866829268292683,12.5,1411.7,-1.7000000000000002,96.6,55.0,59.0,59.0,63.0,40.0,51.0
2022-09-11 19:50:00,0,7.1,110.6,5.6,28.0,0.2631219512195122,13.3,1508.4,-2.0,105.0,56.0,61.0,59.0,64.0,40.0,52.0
2022-09-11 20:00:00,0,6.9,109.5,4.5,28.0,0.2194146341463414,13.1,1482.1,-1.9,105.0,56.0,60.0,59.0,65.0,40.0,52.0
2022-09-11 20:10:00,0,6.1,103.6,-1.4,28.0,0.1569756097560975,12.2,1376.0,-1.7000000000000002,105.0,56.0,60.0,59.0,65.0,39.0,52.0
2022-09-11 20:20:00,0,5.3,100.2,-16.0,27.0,0.1,11.4,1293.9,-1.3,116.2,55.0,58.0,57.0,61.0,39.0,52.0
2022-09-11 20:30:00,0,6.4,128.7,13.8,27.0,0.2128780487804878,12.5,1421.7,-1.7000000000000002,114.8,55.0,58.0,57.0,59.0,38.0,52.0
2022-09-11 20:40:00,0,7.4,130.8,6.6,27.0,0.2802439024390244,13.6,1539.1,-2.1,124.3,56.0,60.0,58.0,62.0,38.0,53.0
2022-09-11 20:50:00,0,8.0,131.8,7.6,26.0,0.3529756097560976,14.1,1599.7,-2.2,124.2,57.0,62.0,59.0,64.0,37.0,53.0
2022-09-11 21:00:00,0,7.7,117.0,0.1,26.0,0.3127317073170731,13.9,1572.9,-2.2,116.9,53.0,62.0,59.0,66.0,37.0,53.0
2022-09-11 21:10:00,0,6.6,109.2,-7.6,26.0,0.1955121951219512,12.6,1429.4,-2.0,116.9,51.0,59.0,59.0,65.0,37.0,53.0
2022-09-11 21:20:00,0,6.8,98.1,-10.4,26.0,0.2204878048780487,12.9,1459.8,-2.0,108.5,54.0,59.0,58.0,63.0,36.0,47.0
2022-09-11 21:30:00,0,6.6,109.1,0.6000000000000001,26.0,0.1958048780487804,12.6,1426.2,-2.0,108.5,54.0,59.0,58.0,63.0,36.0,44.0
2022-09-11 21:40:00,0,5.7,120.3,11.8,26.0,0.1022439024390243,11.7,1324.6,-1.5,108.5,54.0,57.0,57.0,61.0,36.0,45.0
2022-09-11 21:50:00,0,3.3,123.6,7.8,26.0,-0.005560975609756,6.1,697.4,30.7,115.8,52.0,53.0,55.0,58.0,36.0,46.0
2022-09-11 22:00:00,0,4.4,83.3,-13.6,26.0,0.0413658536585365,7.5,849.0,9.0,96.9,52.0,51.0,52.0,56.0,36.0,47.0
2022-09-11 22:10:00,0,4.9,111.5,14.6,25.0,0.0670731707317073,11.2,1266.2,-1.0,96.9,52.0,53.0,51.0,55.0,36.0,48.0
2022-09-11 22:20:00,0,5.6,83.9,-13.0,25.0,0.1090243902439024,11.6,1317.4,-1.5,96.9,52.0,54.0,51.0,54.0,36.0,48.0
2022-09-11 22:30:00,0,6.2,89.6,-7.3,25.0,0.1494634146341463,12.1,1366.2,-1.8,96.9,52.0,55.0,51.0,54.0,36.0,48.0
2022-09-11 22:40:00,0,6.5,92.2,-4.7,25.0,0.1820975609756097,12.5,1412.1,-1.9,96.9,52.0,57.0,52.0,55.0,36.0,49.0
2022-09-11 22:50:00,0,7.5,107.3,10.4,25.0,0.2883414634146342,13.4,1520.5,-2.1,96.9,53.0,58.0,52.0,57.0,36.0,49.0
2022-09-11 23:00:00,0,9.0,98.1,1.1,25.0,0.4927804878048781,14.5,1641.5,-2.0,96.9,55.0,60.0,55.0,61.0,36.0,49.0
2022-09-11 23:10:00,0,9.0,95.8,-1.1,25.0,0.5077560975609756,14.6,1651.3,-2.0,96.9,56.0,62.0,56.0,63.0,36.0,50.0
2022-09-11 23:20:00,0,8.3,95.6,-1.3,25.0,0.4193170731707317,14.3,1619.2,-2.2,96.9,57.0,62.0,57.0,65.0,36.0,50.0
2022-09-11 23:30:00,0,7.7,110.5,13.6,25.0,0.3232195121951219,13.9,1576.2,-2.2,96.9,57.0,62.0,57.0,65.0,37.0,50.0
2022-09-11 23:40:00,0,7.2,99.5,2.6,25.0,0.2639024390243902,13.5,1524.2,-2.1,96.9,57.0,61.0,58.0,65.0,36.0,50.0
2022-09-11 23:50:00,0,8.2,106.9,2.6,25.0,0.3705853658536585,14.4,1635.1,-2.3,104.3,55.0,62.0,58.0,66.0,36.0,50.0
2022-09-12 00:00:00,0,7.6,100.3,-3.9,25.0,0.3273658536585366,13.9,1576.6,-2.2,104.3,52.0,61.0,58.0,67.0,35.0,50.0
2022-09-12 00:10:00,0,8.0,102.9,-1.4,25.0,0.3681463414634147,14.2,1610.4,-2.2,104.3,51.0,60.0,58.0,67.0,35.0,51.0
2022-09-12 00:20:00,0,7.3,104.8,-7.2,25.0,0.281219512195122,13.5,1528.5,-2.1,112.0,54.0,59.0,58.0,66.0,35.0,51.0
2022-09-12 00:30:00,0,7.3,119.6,7.6,25.0,0.2745853658536585,13.3,1508.8,-2.0,112.0,54.0,59.0,58.0,65.0,35.0,51.0
2022-09-12 00:40:00,0,6.8,120.6,8.6,25.0,0.2564878048780487,12.9,1455.7,-2.0,112.0,54.0,59.0,57.0,64.0,36.0,51.0
2022-09-12 00:50:00,0,8.3,114.6,2.6,25.0,0.389609756097561,14.4,1633.3,-2.2,112.0,56.0,60.0,58.0,65.0,36.0,51.0
2022-09-12 01:00:00,0,7.4,106.1,-5.9,25.0,0.288780487804878,13.6,1536.4,-2.1,112.0,56.0,61.0,58.0,65.0,36.0,51.0
2022-09-12 01:10:00,0,6.5,129.6,17.5,25.0,0.1761463414634146,12.5,1411.7,-1.9,112.0,55.0,59.0,57.0,64.0,36.0,51.0
2022-09-12 01:20:00,0,5.4,96.4,-7.2,25.0,0.1000487804878048,11.4,1290.8,-1.4,103.6,54.0,57.0,55.0,59.0,36.0,51.0
2022-09-12 01:30:00,0,5.4,97.7,-5.8,25.0,0.1101463414634146,11.4,1293.9,-1.4,103.6,54.0,56.0,54.0,56.0,36.0,51.0
2022-09-12 01:40:00,0,6.6,112.7,9.1,25.0,0.1971219512195122,12.6,1428.6,-2.0,103.6,54.0,57.0,53.0,55.0,36.0,51.0
2022-09-12 01:50:00,0,6.9,123.1,17.4,25.0,0.2289268292682927,12.9,1466.7,-2.0,105.7,55.0,59.0,54.0,56.0,36.0,51.0
2022-09-12 02:00:00,0,6.9,92.4,-6.3,25.0,0.2421951219512195,12.9,1456.9,-2.0,98.7,55.0,58.0,54.0,57.0,36.0,51.0
2022-09-12 02:10:00,0,7.5,114.0,6.5,25.0,0.2851219512195121,13.7,1548.2,-2.1,107.4,55.0,59.0,55.0,58.0,36.0,50.0
2022-09-12 02:20:00,0,8.1,109.0,1.6,25.0,0.3703414634146341,14.2,1604.7,-2.2,107.4,56.0,61.0,56.0,60.0,36.0,51.0
2022-09-12 02:30:00,0,8.3,106.1,-1.4,25.0,0.3779024390243902,14.2,1613.2,-2.2,107.4,56.0,61.0,56.0,62.0,36.0,51.0
2022-09-12 02:40:00,0,9.4,85.9,-17.3,25.0,0.5695121951219512,14.7,1660.9,-1.8,103.2,54.0,62.0,57.0,63.0,36.0,51.0
2022-09-12 02:50:00,0,10.4,96.0,-11.1,25.0,0.7071707317073171,14.7,1667.5,-0.9,107.1,52.0,63.0,58.0,64.0,36.0,51.0
2022-09-12 03:00:00,0,10.5,108.0,0.9,25.0,0.7299024390243902,14.7,1665.6,-0.8,107.1,52.0,63.0,59.0,65.0,37.0,50.0
2022-09-12 03:10:00,0,9.6,98.9,-8.1,25.0,0.6132195121951219,14.7,1661.2,-1.6,107.1,52.0,63.0,60.0,66.0,36.0,50.0
2022-09-12 03:20:00,0,9.2,98.8,-8.3,25.0,0.567560975609756,14.6,1649.9,-1.8,107.1,51.0,62.0,60.0,67.0,36.0,51.0
2022-09-12 03:30:00,0,9.6,102.9,-4.2,25.0,0.6337073170731707,14.7,1659.9,-1.6,107.1,51.0,62.0,61.0,68.0,36.0,51.0
2022-09-12 03:40:00,0,9.7,123.7,16.6,25.0,0.6398536585365854,14.7,1664.9,-1.6,107.1,51.0,62.0,61.0,69.0,36.0,51.0
2022-09-12 03:50:00,0,9.0,111.8,4.7,25.0,0.5004878048780488,14.6,1650.4,-2.0,107.1,52.0,61.0,62.0,70.0,36.0,51.0
2022-09-12 04:00:00,0,9.1,101.7,-5.4,25.0,0.5159512195121951,14.6,1653.6,-2.0,107.1,55.0,62.0,62.0,70.0,36.0,51.0
2022-09-12 04:10:00,0,9.5,103.9,-3.2,25.0,0.5953170731707318,14.6,1657.7,-1.7000000000000002,107.1,56.0,63.0,63.0,71.0,36.0,51.0
2022-09-12 04:20:00,0,8.5,113.8,6.7,25.0,0.428390243902439,14.4,1629.3,-2.1,107.1,55.0,63.0,63.0,71.0,36.0,51.0
2022-09-12 04:30:00,0,7.0,107.7,0.6000000000000001,25.0,0.2530731707317073,13.0,1477.7,-2.0,107.1,51.0,60.0,62.0,70.0,36.0,51.0
2022-09-12 04:40:00,0,6.1,101.8,-5.3,25.0,0.1496097560975609,12.0,1359.7,-1.8,107.1,53.0,57.0,60.0,66.0,36.0,51.0
2022-09-12 04:50:00,0,5.7,103.0,-4.8,25.0,0.1182439024390244,11.6,1310.2,-1.6,107.8,53.0,56.0,59.0,63.0,35.0,51.0
2022-09-12 05:00:00,0,5.3,109.3,8.9,25.0,0.0898048780487804,11.2,1272.0,-1.4,100.4,52.0,55.0,56.0,59.0,35.0,51.0
2022-09-12 05:10:00,0,5.7,114.7,6.2,25.0,0.1056097560975609,11.4,1294.0,-1.7000000000000002,108.5,52.0,54.0,55.0,57.0,35.0,51.0
2022-09-12 05:20:00,0,5.7,114.1,5.6,25.0,0.1145853658536585,11.6,1309.2,-1.6,108.5,52.0,55.0,53.0,55.0,35.0,51.0
2022-09-12 05:30:00,0,4.0,115.7,7.2,24.0,0.0110731707317073,11.0,1248.8,0.2,108.5,51.0,52.0,52.0,54.0,35.0,51.0
2022-09-12 05:40:00,0,4.2,114.2,-1.6,24.0,0.0248292682926829,11.0,1249.7,-0.4,115.9,50.0,51.0,51.0,52.0,35.0,51.0
2022-09-12 05:50:00,0,5.6,92.8,-23.1,24.0,0.1160487804878048,11.4,1297.0,-1.5,115.9,50.0,53.0,50.0,51.0,35.0,51.0
2022-09-12 06:00:00,0,7.0,126.7,10.5,25.0,0.2116585365853658,13.1,1484.1,-2.1,116.2,51.0,55.0,50.0,51.0,35.0,51.0
2022-09-12 06:10:00,0,7.0,112.8,-10.4,25.0,0.1935609756097561,13.2,1500.7,-2.1,123.2,52.0,57.0,51.0,51.0,35.0,51.0
2022-09-12 06:20:00,0,5.8,115.7,-7.4,24.0,0.1034146341463414,11.8,1331.8,-1.7000000000000002,123.2,52.0,56.0,51.0,51.0,35.0,51.0
2022-09-12 06:30:00,0,5.0,103.9,-3.2,24.0,0.054,11.1,1254.5,-1.1,107.1,51.0,53.0,50.0,50.0,35.0,51.0
2022-09-12 06:40:00,0,4.7,101.5,-5.6,24.0,0.0384390243902439,11.0,1249.2,-0.9,107.1,50.0,52.0,49.0,50.0,35.0,51.0
2022-09-12 06:50:00,0,4.6,108.0,0.9,25.0,0.0394634146341463,11.1,1252.1,-0.8,107.1,50.0,51.0,48.0,49.0,35.0,51.0
2022-09-12 07:00:00,0,5.5,129.5,15.8,25.0,0.0915121951219512,11.3,1276.2,-1.6,113.8,50.0,52.0,48.0,48.0,35.0,51.0
2022-09-12 07:10:00,0,6.4,122.0,8.2,24.0,0.1535121951219512,12.2,1376.9,-2.0,113.8,50.0,54.0,48.0,48.0,35.0,50.0
2022-09-12 07:20:00,0,5.8,123.8,10.0,24.0,0.1219512195121951,11.5,1306.2,-1.8,113.8,50.0,55.0,48.0,48.0,35.0,50.0
2022-09-12 07:30:00,0,5.9,118.0,-3.8,24.0,0.1094634146341463,11.7,1320.3,-1.8,121.8,50.0,54.0,47.0,48.0,35.0,50.0
2022-09-12 07:40:00,0,5.0,122.9,8.4,24.0,0.0665853658536585,11.1,1254.7,-1.1,114.4,50.0,53.0,47.0,48.0,35.0,50.0
2022-09-12 07:50:00,0,5.3,102.0,-5.4,24.0,0.0747317073170731,11.1,1262.3,-1.4,107.4,49.0,53.0,47.0,48.0,35.0,50.0
2022-09-12 08:00:00,0,4.7,109.9,2.5,24.0,0.0342439024390243,11.0,1250.6,-0.9,107.4,49.0,51.0,47.0,47.0,35.0,50.0
2022-09-12 08:10:00,0,5.7,102.1,-5.3,24.0,0.0810243902439024,11.4,1288.4,-1.7000000000000002,107.4,49.0,52.0,46.0,47.0,35.0,50.0
2022-09-12 08:20:00,0,6.1,110.8,3.3,24.0,0.1341463414634146,11.8,1336.8,-1.8,107.5,49.0,53.0,46.0,47.0,35.0,50.0
2022-09-12 08:30:00,0,6.4,113.9,-1.6,25.0,0.1536585365853658,12.3,1392.2,-2.0,115.5,50.0,55.0,46.0,47.0,35.0,50.0
2022-09-12 08:40:00,0,6.3,121.5,6.0,25.0,0.1439512195121951,12.2,1383.8,-1.9,115.5,50.0,55.0,46.0,47.0,35.0,50.0
2022-09-12 08:50:00,0,6.3,125.2,9.7,25.0,0.1555609756097561,12.2,1379.6,-1.9,115.5,50.0,55.0,46.0,47.0,35.0,50.0
2022-09-12 09:00:00,0,5.8,123.1,14.6,25.0,0.1419512195121951,11.6,1311.9,-1.7000000000000002,108.5,50.0,55.0,47.0,47.0,35.0,50.0
2022-09-12 09:10:00,0,5.7,109.3,0.8,25.0,0.1249756097560975,11.6,1314.7,-1.7000000000000002,108.5,50.0,55.0,46.0,47.0,35.0,50.0
2022-09-12 09:20:00,0,4.7,132.7,16.8,25.0,0.058780487804878,11.1,1258.4,-0.9,115.9,50.0,53.0,46.0,47.0,35.0,50.0
2022-09-12 09:30:00,0,5.8,126.5,12.0,25.0,0.1319024390243902,11.8,1334.8,-1.5,114.5,50.0,53.0,46.0,47.0,35.0,50.0
2022-09-12 09:40:00,0,5.9,108.9,-5.8,25.0,0.1525365853658536,11.9,1351.6,-1.7000000000000002,114.8,50.0,54.0,46.0,47.0,35.0,50.0
2022-09-12 09:50:00,0,7.1,115.5,0.7000000000000001,26.0,0.2790243902439024,13.0,1478.1,-1.9,114.8,51.0,56.0,47.0,47.0,35.0,50.0
2022-09-12 10:00:00,0,8.2,118.7,-2.7,26.0,0.4015121951219512,14.1,1592.3,-2.1,121.5,53.0,59.0,48.0,48.0,36.0,50.0
2022-09-12 10:10:00,0,7.3,133.0,11.6,26.0,0.304780487804878,13.3,1506.8,-1.9,121.4,53.0,59.0,49.0,49.0,36.0,50.0
2022-09-12 10:20:00,0,9.0,128.2,8.4,26.0,0.5176097560975609,14.3,1619.3,-1.7000000000000002,119.7,54.0,60.0,50.0,50.0,36.0,50.0
2022-09-12 10:30:00,0,10.3,113.1,-6.6,26.0,0.7104878048780487,14.7,1665.2,-1.0,119.7,56.0,63.0,52.0,51.0,37.0,50.0
2022-09-12 10:40:00,0,9.7,117.9,-1.8,26.0,0.6420487804878049,14.4,1635.0,-1.2,119.7,53.0,64.0,55.0,53.0,37.0,50.0
2022-09-12 10:50:00,0,10.3,133.4,4.6,27.0,0.6859999999999999,14.7,1660.2,-0.9,128.8,52.0,63.0,56.0,55.0,37.0,50.0
2022-09-12 11:00:00,0,8.8,141.4,20.6,27.0,0.5135609756097561,14.3,1620.2,-1.9,120.7,51.0,62.0,58.0,58.0,37.0,50.0
2022-09-12 11:10:00,0,8.9,140.6,19.8,27.0,0.463219512195122,14.4,1626.2,-1.8,120.8,51.0,61.0,59.0,61.0,37.0,51.0
2022-09-12 11:20:00,0,7.8,110.5,-16.3,28.0,0.3739512195121951,13.7,1550.9,-2.0,126.7,51.0,60.0,60.0,63.0,37.0,51.0
2022-09-12 11:30:00,0,8.6,132.9,-1.5,28.0,0.4541951219512195,14.0,1584.8,-1.8,134.4,54.0,60.0,60.0,63.0,38.0,51.0
2022-09-12 11:40:00,0,9.4,125.5,-0.2,28.0,0.5706829268292684,14.4,1636.4,-1.5,125.7,56.0,63.0,61.0,64.0,38.0,51.0
2022-09-12 11:50:00,0,8.9,142.7,2.0,28.0,0.4985853658536585,14.3,1615.2,-1.7000000000000002,140.7,56.0,63.0,61.0,65.0,38.0,51.0
2022-09-12 12:00:00,0,8.6,134.9,1.9,28.0,0.4819512195121951,14.1,1599.7,-1.9,133.0,53.0,63.0,62.0,66.0,38.0,51.0
2022-09-12 12:10:00,0,9.3,131.7,-1.3,28.0,0.5126829268292683,14.4,1625.4,-1.5,133.0,52.0,62.0,62.0,66.0,38.0,51.0
2022-09-12 12:20:00,0,8.0,133.8,4.6,29.0,0.3784878048780488,13.8,1565.7,-2.0,129.2,51.0,62.0,63.0,67.0,38.0,52.0
2022-09-12 12:30:00,0,8.8,119.5,-9.3,29.0,0.4838536585365853,14.3,1624.6,-1.9,128.8,51.0,61.0,63.0,67.0,38.0,52.0
2022-09-12 12:40:00,0,9.2,134.2,5.4,29.0,0.5361463414634146,14.3,1623.9,-1.6,128.8,51.0,62.0,63.0,67.0,38.0,52.0
2022-09-12 12:50:00,0,9.3,134.0,12.5,29.0,0.5234146341463415,14.5,1645.4,-1.8,121.5,51.0,62.0,64.0,68.0,38.0,52.0
2022-09-12 13:00:00,0,8.9,99.9,-22.3,29.0,0.4961463414634146,14.3,1624.9,-1.9,122.2,51.0,62.0,64.0,68.0,39.0,52.0
2022-09-12 13:10:00,0,9.5,138.3,7.7,29.0,0.5360975609756098,14.6,1657.9,-1.7000000000000002,130.6,51.0,62.0,64.0,69.0,39.0,52.0
2022-09-12 13:20:00,0,8.4,116.4,-7.1,29.0,0.442780487804878,14.1,1595.9,-2.0,123.6,51.0,62.0,65.0,69.0,39.0,53.0
2022-09-12 13:30:00,0,8.3,124.7,-1.4,29.0,0.4222926829268293,13.9,1579.2,-1.8,126.1,51.0,61.0,65.0,69.0,40.0,52.0
2022-09-12 13:40:00,0,8.7,162.1,16.8,30.0,0.4421951219512195,14.2,1611.7,-1.8,145.3,51.0,61.0,65.0,70.0,41.0,46.0
2022-09-12 13:50:00,0,8.0,136.9,3.5,30.0,0.3548780487804878,14.0,1585.1,-2.1,133.4,54.0,62.0,65.0,70.0,40.0,45.0
2022-09-12 14:00:00,0,7.3,120.5,-2.4,30.0,0.3135609756097561,13.3,1503.4,-1.7000000000000002,122.9,55.0,62.0,65.0,69.0,40.0,46.0
2022-09-12 14:10:00,0,7.6,143.7,-0.5,30.0,0.3263414634146341,13.6,1543.1,-2.0,144.2,55.0,61.0,64.0,67.0,40.0,47.0
2022-09-12 14:20:00,0,7.3,139.2,-1.2,30.0,0.2830731707317073,13.4,1515.8,-2.0,140.4,56.0,62.0,64.0,67.0,40.0,48.0
2022-09-12 14:30:00,0,9.0,133.7,-7.4,30.0,0.4685365853658537,14.4,1627.9,-1.8,141.1,56.0,63.0,64.0,67.0,40.0,49.0
2022-09-12 14:40:00,0,8.4,114.0,-17.3,30.0,0.4270731707317073,14.2,1604.6,-2.0,131.3,53.0,63.0,65.0,68.0,40.0,50.0
2022-09-12 14:50:00,0,8.2,116.7,-9.6,30.0,0.3799024390243902,14.0,1589.5,-2.0,126.3,53.0,63.0,67.0,69.0,40.0,50.0
2022-09-12 15:00:00,0,8.1,142.5,23.5,30.0,0.3701463414634146,14.0,1583.8,-2.1,119.0,52.0,62.0,67.0,68.0,40.0,51.0
2022-09-12 15:10:00,0,7.9,101.8,-17.2,30.0,0.3618536585365853,13.8,1565.9,-2.0,119.0,51.0,62.0,67.0,68.0,40.0,51.0
2022-09-12 15:20:00,0,7.9,149.1,20.6,30.0,0.3643414634146341,13.9,1569.1,-2.0,128.5,51.0,61.0,67.0,68.0,40.0,52.0
2022-09-12 15:30:00,0,7.5,126.5,-11.4,30.0,0.3037073170731707,13.4,1521.2,-2.0,137.9,51.0,61.0,67.0,67.0,40.0,52.0
2022-09-12 15:40:00,0,7.5,123.3,-9.0,30.0,0.2955121951219512,13.4,1520.7,-2.0,132.3,53.0,60.0,66.0,65.0,40.0,53.0
2022-09-12 15:50:00,0,7.7,130.6,5.9,30.0,0.3413170731707317,13.7,1554.8,-2.1,124.6,55.0,62.0,66.0,65.0,41.0,51.0
2022-09-12 16:00:00,0,7.2,133.3,7.6,31.0,0.2957073170731708,13.4,1521.7,-2.0,125.7,56.0,62.0,66.0,64.0,41.0,45.0
2022-09-12 16:10:00,0,7.2,118.3,-15.4,30.0,0.2797073170731707,13.3,1503.6,-2.0,133.7,56.0,63.0,66.0,64.0,41.0,45.0
2022-09-12 16:20:00,0,6.8,116.7,-17.7,31.0,0.2233170731707317,12.8,1448.6,-1.9,134.4,56.0,61.0,65.0,63.0,40.0,46.0
2022-09-12 16:30:00,0,6.6,153.3,19.6,31.0,0.2239024390243902,12.7,1444.3,-1.7000000000000002,133.7,56.0,61.0,64.0,62.0,40.0,48.0
2022-09-12 16:40:00,0,6.7,134.9,-1.3,31.0,0.2201951219512195,12.8,1445.9,-1.7000000000000002,136.2,53.0,61.0,64.0,61.0,40.0,48.0
2022-09-12 16:50:00,0,7.3,124.3,-20.3,31.0,0.2788780487804878,13.4,1513.0,-2.1,144.6,52.0,61.0,65.0,61.0,40.0,49.0
2022-09-12 17:00:00,0,6.4,182.9,49.5,31.0,0.1972195121951219,12.6,1423.3,-1.7000000000000002,133.4,51.0,59.0,64.0,61.0,40.0,50.0
2022-09-12 17:10:00,0,5.1,131.8,-12.1,31.0,0.0774146341463414,11.5,1303.1,-0.9,143.9,53.0,58.0,64.0,60.0,40.0,51.0
2022-09-12 17:20:00,0,4.8,162.7,-1.2,31.0,0.0666341463414634,11.3,1285.6,-0.8,163.9,53.0,56.0,62.0,59.0,41.0,51.0
2022-09-12 17:30:00,0,5.7,160.1,-18.8,31.0,0.1360975609756097,12.0,1361.4,-1.4,179.0,53.0,57.0,62.0,58.0,41.0,52.0
2022-09-12 17:40:00,0,4.8,198.2,8.4,30.0,0.0635609756097561,11.2,1271.5,-0.8,189.8,53.0,56.0,61.0,58.0,41.0,52.0
2022-09-12 17:50:00,0,4.5,221.7,31.5,30.0,0.0694146341463414,11.3,1277.8,-0.6000000000000001,190.2,53.0,56.0,60.0,57.0,41.0,53.0
2022-09-12 18:00:00,0,4.4,212.8,15.6,30.0,0.0498048780487804,11.1,1260.5,-0.5,197.2,53.0,55.0,60.0,57.0,41.0,50.0
2022-09-12 18:10:00,0,4.2,193.5,6.5,30.0,0.0402439024390243,11.1,1253.8,-0.4,187.0,52.0,55.0,60.0,56.0,41.0,44.0
2022-09-12 18:20:00,0,3.6,169.7,-10.6,30.0,0.0181951219512195,11.1,1253.7,0.5,180.4,52.0,54.0,60.0,56.0,41.0,45.0
2022-09-12 18:30:00,0,4.2,170.9,-22.4,30.0,0.0365853658536585,11.1,1251.9,-0.2,193.3,52.0,54.0,60.0,55.0,40.0,47.0
2022-09-12 18:40:00,0,6.2,163.1,-26.7,29.0,0.1769756097560975,12.4,1406.7,-1.6,189.8,52.0,56.0,60.0,55.0,41.0,48.0
2022-09-12 18:50:00,0,6.7,207.6,-0.4,28.0,0.192,12.8,1446.5,-1.8,208.0,53.0,59.0,61.0,55.0,41.0,49.0
2022-09-12 19:00:00,0,7.3,213.3,4.9,27.0,0.3050731707317073,13.4,1521.1,-2.0,208.4,54.0,60.0,61.0,55.0,41.0,49.0
2022-09-12 19:10:00,0,6.8,225.0,16.6,26.0,0.2613170731707317,12.8,1451.0,-1.8,208.4,55.0,61.0,61.0,55.0,40.0,50.0
2022-09-12 19:20:00,0,6.5,215.4,13.0,26.0,0.2712682926829268,12.5,1420.7,-1.8,202.4,55.0,60.0,60.0,55.0,39.0,51.0
2022-09-12 19:30:00,0,7.4,193.1,-9.3,26.0,0.3301951219512195,13.5,1525.5,-2.0,202.4,56.0,61.0,61.0,55.0,39.0,51.0
2022-09-12 19:40:00,0,6.9,193.9,-8.5,26.0,0.2830731707317073,12.9,1461.0,-1.9,202.4,56.0,61.0,61.0,55.0,38.0,51.0
2022-09-12 19:50:00,0,7.6,217.0,14.6,25.0,0.3252682926829268,13.7,1549.7,-2.1,202.4,56.0,62.0,61.0,55.0,38.0,52.0
2022-09-12 20:00:00,0,7.3,215.0,5.5,25.0,0.2888292682926829,13.4,1515.2,-2.1,209.5,57.0,62.0,61.0,55.0,38.0,52.0
2022-09-12 20:10:00,0,7.1,206.7,-9.3,25.0,0.2446341463414634,13.2,1492.0,-2.0,216.1,57.0,61.0,61.0,55.0,37.0,52.0
2022-09-12 20:20:00,0,7.1,225.2,9.1,25.0,0.2350731707317073,13.1,1485.6,-2.0,216.1,57.0,61.0,61.0,55.0,36.0,52.0
2022-09-12 20:30:00,0,6.4,205.3,-10.8,24.0,0.1948780487804878,12.5,1418.9,-1.7000000000000002,216.1,56.0,60.0,61.0,54.0,36.0,52.0
2022-09-12 20:40:00,0,6.3,231.9,15.1,24.0,0.2066829268292682,12.4,1406.3,-1.7000000000000002,216.8,56.0,59.0,59.0,54.0,36.0,52.0
2022-09-12 20:50:00,0,7.5,223.7,4.4,24.0,0.3168780487804878,13.4,1518.8,-2.0,219.3,56.0,60.0,60.0,53.0,36.0,52.0
2022-09-12 21:00:00,0,7.9,223.2,-2.4,24.0,0.3369268292682927,13.9,1571.5,-2.1,225.5,54.0,61.0,61.0,53.0,36.0,52.0
2022-09-12 21:10:00,0,6.1,224.5,5.5,24.0,0.1734146341463414,12.1,1373.9,-1.7000000000000002,218.9,52.0,59.0,60.0,53.0,36.0,52.0
2022-09-12 21:20:00,0,6.3,226.7,-8.7,24.0,0.1799512195121951,12.4,1400.8,-1.8,235.4,54.0,58.0,59.0,53.0,36.0,52.0
2022-09-12 21:30:00,0,6.2,238.4,3.0,23.0,0.1624878048780487,12.2,1378.2,-1.8,235.4,54.0,58.0,59.0,52.0,36.0,52.0
2022-09-12 21:40:00,0,6.0,230.9,-4.4,23.0,0.1535609756097561,12.1,1370.0,-1.7000000000000002,235.4,54.0,57.0,58.0,52.0,36.0,52.0
2022-09-12 21:50:00,0,4.4,230.5,1.4,23.0,0.0489268292682926,11.1,1260.4,-0.5,229.0,53.0,55.0,58.0,51.0,35.0,52.0
2022-09-12 22:00:00,0,3.5,216.0,-3.3,23.0,0.0040975609756097,9.0,1018.6,14.3,219.3,52.0,52.0,57.0,51.0,35.0,52.0
2022-09-12 22:10:00,0,4.1,226.9,7.7,23.0,0.0043414634146341,7.4,855.1,19.8,219.3,51.0,50.0,54.0,50.0,35.0,51.0
2022-09-12 22:20:00,0,3.3,207.4,-18.5,23.0,0.0021951219512195,11.0,1245.3,1.2,225.9,50.0,50.0,53.0,49.0,35.0,51.0
2022-09-12 22:30:00,0,5.7,220.0,-3.5,23.0,0.1113658536585365,11.7,1328.4,-1.5,223.5,50.0,52.0,53.0,48.0,35.0,51.0
2022-09-12 22:40:00,0,3.6,207.5,-22.9,23.0,0.0229756097560975,10.6,1199.4,2.8,230.5,50.0,52.0,53.0,48.0,35.0,51.0
2022-09-12 22:50:00,0,5.7,213.4,-11.1,23.0,0.1191219512195121,11.1,1256.1,-0.5,224.5,50.0,52.0,52.0,47.0,34.0,51.0
2022-09-12 23:00:00,0,5.7,228.8,4.3,23.0,0.1347317073170731,11.8,1338.8,-1.5,224.5,50.0,54.0,53.0,47.0,34.0,51.0
2022-09-12 23:10:00,0,5.6,228.4,-3.8,23.0,0.1139024390243902,11.7,1322.8,-1.5,232.2,50.0,54.0,53.0,47.0,34.0,51.0
2022-09-12 23:20:00,0,5.1,225.4,0.6000000000000001,22.0,0.0921951219512195,11.4,1288.2,-1.1,224.8,50.0,53.0,52.0,46.0,34.0,51.0
2022-09-12 23:30:00,0,5.0,213.5,-2.2,22.0,0.0934634146341463,11.4,1290.7,-1.0,215.8,50.0,53.0,52.0,46.0,34.0,51.0
2022-09-12 23:40:00,0,5.5,216.3,-2.2,22.0,0.1215121951219512,11.7,1330.1,-1.3,218.6,50.0,53.0,52.0,46.0,34.0,51.0
2022-09-12 23:50:00,0,6.6,235.9,8.9,22.0,0.210390243902439,12.7,1434.8,-1.9,227.0,50.0,55.0,53.0,46.0,34.0,51.0
2022-09-13 00:00:00,0,6.4,224.9,-2.4,22.0,0.2086341463414634,12.4,1410.5,-1.8,227.3,51.0,56.0,53.0,47.0,34.0,51.0
2022-09-13 00:10:00,0,6.3,234.4,7.1,22.0,0.1800975609756097,12.4,1401.7,-1.8,227.3,51.0,56.0,53.0,47.0,34.0,50.0
2022-09-13 00:20:00,0,4.9,227.1,-0.1,22.0,0.0752682926829268,11.3,1278.4,-1.0,227.3,50.0,54.0,53.0,47.0,34.0,50.0
2022-09-13 00:30:00,0,4.6,239.0,15.2,22.0,0.0556097560975609,11.2,1269.7,-0.7000000000000001,223.8,49.0,52.0,52.0,47.0,34.0,50.0
2022-09-13 00:40:00,0,4.7,215.6,-5.1,22.0,0.0707317073170731,11.2,1265.2,-0.8,220.7,49.0,52.0,51.0,46.0,34.0,50.0
2022-09-13 00:50:00,0,4.3,231.8,12.2,22.0,0.0481463414634146,11.2,1265.0,-0.3,219.6,49.0,52.0,51.0,46.0,33.0,50.0
2022-09-13 01:00:00,0,4.8,230.2,10.6,22.0,0.0656097560975609,11.1,1258.9,-0.9,219.6,48.0,51.0,50.0,45.0,33.0,50.0
2022-09-13 01:10:00,0,4.1,216.1,3.9,22.0,0.0346829268292682,11.1,1252.6,0.0,212.2,48.0,51.0,50.0,45.0,33.0,50.0
2022-09-13 01:20:00,0,3.6,236.2,26.0,22.0,0.0,8.2,927.8,8.1,210.2,47.0,48.0,49.0,45.0,33.0,50.0
2022-09-13 01:30:00,0,3.3,208.6,-3.3,22.0,-0.0106829268292682,9.1,1024.3,6.9,211.9,47.0,47.0,48.0,44.0,33.0,49.0
2022-09-13 01:40:00,0,3.8,253.7,37.2,23.0,0.0027317073170731,7.7,881.8,9.5,216.5,46.0,46.0,47.0,44.0,33.0,49.0
2022-09-13 01:50:00,0,4.1,187.5,-29.7,22.0,0.0421951219512195,11.1,1252.3,-0.3,217.2,46.0,48.0,46.0,43.0,32.0,49.0
2022-09-13 02:00:00,0,3.6,204.5,-20.0,22.0,0.0156097560975609,11.0,1248.9,0.4,224.5,46.0,48.0,46.0,42.0,32.0,49.0
2022-09-13 02:10:00,0,4.0,228.0,18.1,22.0,0.0291219512195121,11.0,1251.3,0.0,209.8,45.0,48.0,46.0,42.0,32.0,49.0
2022-09-13 02:20:00,0,3.7,215.6,-11.7,22.0,0.0171219512195121,11.1,1254.0,0.4,227.3,45.0,48.0,45.0,42.0,32.0,49.0
2022-09-13 02:30:00,0,4.7,221.3,-4.3,23.0,0.0662926829268292,11.1,1260.8,-0.8,225.5,45.0,49.0,44.0,41.0,32.0,49.0
2022-09-13 02:40:00,0,4.4,220.6,4.5,22.0,0.0513658536585365,11.1,1260.0,-0.5,216.1,45.0,49.0,44.0,41.0,32.0,49.0
2022-09-13 02:50:00,0,4.1,224.4,-2.6,22.0,0.0346341463414634,11.1,1253.3,0.0,227.0,45.0,49.0,44.0,41.0,32.0,49.0
2022-09-13 03:00:00,0,4.4,217.5,-17.9,22.0,0.0429268292682926,11.1,1254.6,-0.5,235.4,45.0,48.0,43.0,41.0,32.0,49.0
2022-09-13 03:10:00,0,3.2,250.7,15.3,22.0,-0.0038536585365853,10.1,1141.0,3.4,235.4,44.0,47.0,43.0,41.0,32.0,49.0
2022-09-13 03:20:00,0,3.5,227.4,-10.4,22.0,0.0008780487804878,8.0,909.4,9.0,237.8,44.0,45.0,42.0,41.0,32.0,49.0
2022-09-13 03:30:00,0,4.0,218.0,-8.3,22.0,0.0245853658536585,11.1,1251.8,0.2,226.3,44.0,47.0,41.0,41.0,31.0,49.0
2022-09-13 03:40:00,0,3.6,246.4,19.8,22.0,0.0148780487804878,11.0,1246.3,0.5,226.6,44.0,47.0,40.0,40.0,31.0,49.0
2022-09-13 03:50:00,0,3.2,240.7,17.6,22.0,-0.0086341463414634,6.0,678.9,16.1,223.1,43.0,45.0,40.0,40.0,31.0,49.0
2022-09-13 04:00:00,0,3.4,222.2,-5.5,22.0,-0.0046341463414634,7.8,885.5,8.1,227.7,43.0,44.0,39.0,40.0,31.0,48.0
2022-09-13 04:10:00,0,3.1,188.9,-37.4,22.0,-0.0063414634146341,5.6,638.3,16.3,226.3,43.0,44.0,38.0,39.0,31.0,48.0
2022-09-13 04:20:00,0,3.8,232.8,0.5,22.0,0.012390243902439,11.0,1248.1,0.4,232.2,43.0,45.0,38.0,38.0,31.0,49.0
2022-09-13 04:30:00,0,3.8,236.0,-3.6,22.0,0.0208292682926829,11.0,1249.3,0.2,239.6,43.0,46.0,38.0,38.0,31.0,49.0
2022-09-13 04:40:00,0,4.3,221.9,-8.2,22.0,0.0420487804878048,11.0,1250.7,-0.4,230.1,43.0,47.0,39.0,38.0,32.0,49.0
2022-09-13 04:50:00,0,4.8,236.7,12.2,22.0,0.0801463414634146,11.4,1286.0,-0.8,224.5,43.0,48.0,39.0,39.0,32.0,49.0
2022-09-13 05:00:00,0,5.3,221.3,-3.2,22.0,0.114390243902439,11.5,1301.2,-1.3,224.5,44.0,50.0,41.0,39.0,32.0,49.0
2022-09-13 05:10:00,0,5.3,251.5,27.3,22.0,0.1175121951219512,11.3,1283.1,-1.3,224.2,45.0,51.0,42.0,40.0,32.0,49.0
2022-09-13 05:20:00,0,5.4,241.1,0.8,22.0,0.1016097560975609,11.4,1287.7,-1.4,240.3,45.0,50.0,42.0,41.0,32.0,49.0
2022-09-13 05:30:00,0,5.0,250.2,9.2,22.0,0.0741951219512195,11.2,1271.7,-1.1,241.0,45.0,50.0,43.0,41.0,32.0,49.0
2022-09-13 05:40:00,0,5.4,249.5,8.5,22.0,0.1099512195121951,11.3,1281.5,-1.4,241.0,45.0,50.0,44.0,42.0,32.0,49.0
2022-09-13 05:50:00,0,5.5,236.3,3.0,22.0,0.1208780487804878,11.4,1289.5,-1.5,233.3,46.0,51.0,45.0,42.0,32.0,49.0
2022-09-13 06:00:00,0,5.9,241.4,8.1,22.0,0.1546341463414634,11.8,1335.0,-1.7000000000000002,233.3,46.0,52.0,46.0,42.0,32.0,49.0
2022-09-13 06:10:00,0,6.0,242.0,8.7,22.0,0.1653658536585366,11.8,1339.6,-1.8,233.3,47.0,53.0,47.0,43.0,32.0,49.0
2022-09-13 06:20:00,0,5.4,220.6,-12.6,22.0,0.1034634146341463,11.3,1278.5,-1.5,233.3,47.0,52.0,45.0,43.0,32.0,49.0
2022-09-13 06:30:00,0,5.1,246.2,12.9,22.0,0.0789268292682926,11.2,1263.3,-1.2,233.3,46.0,51.0,44.0,43.0,32.0,49.0
2022-09-13 06:40:00,0,4.7,222.0,-11.2,22.0,0.0635609756097561,11.1,1255.0,-0.9,233.3,46.0,50.0,43.0,43.0,32.0,49.0
2022-09-13 06:50:00,0,4.0,231.3,-1.2,22.0,0.0294146341463414,11.0,1249.9,0.0,232.6,46.0,49.0,42.0,43.0,31.0,49.0
2022-09-13 07:00:00,0,4.4,234.1,8.8,22.0,0.0531219512195122,11.1,1254.7,-0.5,225.2,45.0,49.0,42.0,43.0,31.0,49.0
2022-09-13 07:10:00,0,4.6,237.2,11.9,22.0,0.0708780487804878,11.1,1258.9,-0.7000000000000001,225.2,46.0,49.0,41.0,43.0,31.0,48.0
2022-09-13 07:20:00,0,5.1,235.9,10.7,22.0,0.086390243902439,11.2,1266.5,-1.2,225.2,46.0,50.0,41.0,42.0,31.0,48.0
2022-09-13 07:30:00,0,4.6,232.4,-1.2,22.0,0.0583414634146341,11.1,1254.4,-0.8,233.6,46.0,50.0,40.0,42.0,31.0,48.0
2022-09-13 07:40:00,0,4.9,233.6,5.9,22.0,0.0717073170731707,11.1,1259.8,-1.0,227.7,45.0,49.0,40.0,42.0,31.0,48.0
2022-09-13 07:50:00,0,5.3,225.4,-2.3,22.0,0.1059024390243902,11.3,1280.1,-1.3,227.7,46.0,50.0,40.0,42.0,31.0,48.0
2022-09-13 08:00:00,0,5.7,234.6,6.9,22.0,0.1378048780487805,11.6,1315.3,-1.6,227.7,46.0,51.0,40.0,42.0,31.0,48.0
2022-09-13 08:10:00,0,5.6,257.9,22.5,22.0,0.1138048780487804,11.5,1300.2,-1.6,235.4,46.0,51.0,40.0,42.0,31.0,48.0
2022-09-13 08:20:00,0,5.2,223.4,-5.3,22.0,0.0886341463414634,11.2,1271.2,-1.3,228.7,46.0,51.0,40.0,42.0,31.0,48.0
2022-09-13 08:30:00,0,5.2,208.6,-11.4,22.0,0.1084878048780487,11.4,1289.3,-1.1,220.0,46.0,50.0,40.0,42.0,31.0,48.0
2022-09-13 08:40:00,0,5.4,234.2,14.2,22.0,0.121170731707317,11.4,1287.8,-1.4,220.0,47.0,51.0,40.0,42.0,32.0,48.0
2022-09-13 08:50:00,0,5.3,216.0,-11.0,22.0,0.107170731707317,11.3,1277.5,-1.3,227.0,47.0,51.0,40.0,42.0,32.0,48.0
2022-09-13 09:00:00,0,4.7,246.1,18.8,22.0,0.0720975609756097,11.1,1256.6,-0.8,227.3,46.0,50.0,40.0,42.0,31.0,48.0
2022-09-13 09:10:00,0,4.5,230.7,3.3,22.0,0.0515609756097561,11.1,1258.8,-0.6000000000000001,227.3,46.0,50.0,39.0,42.0,32.0,48.0
2022-09-13 09:20:00,0,5.1,218.8,-8.5,23.0,0.0924390243902439,11.3,1278.9,-1.1,227.3,46.0,50.0,39.0,42.0,32.0,48.0
2022-09-13 09:30:00,0,6.0,200.1,-27.2,23.0,0.1639512195121951,12.0,1363.2,-1.7000000000000002,227.3,47.0,52.0,40.0,42.0,32.0,48.0
2022-09-13 09:40:00,0,5.7,232.9,5.5,23.0,0.1409756097560975,11.7,1327.2,-1.6,227.3,47.0,52.0,42.0,43.0,32.0,48.0
2022-09-13 09:50:00,0,6.0,221.5,-0.6000000000000001,23.0,0.1526341463414634,12.0,1355.4,-1.7000000000000002,222.1,47.0,53.0,43.0,43.0,32.0,48.0
2022-09-13 10:00:00,0,7.3,220.6,-10.6,23.0,0.2837560975609756,13.3,1511.6,-2.0,231.2,48.0,54.0,45.0,43.0,32.0,48.0
2022-09-13 10:10:00,0,7.6,228.3,-1.4,23.0,0.3182439024390244,13.8,1559.8,-2.1,229.8,50.0,56.0,48.0,44.0,33.0,48.0
2022-09-13 10:20:00,0,6.7,211.7,-10.4,23.0,0.2290243902439024,12.7,1443.7,-2.0,222.1,50.0,56.0,49.0,45.0,33.0,48.0
2022-09-13 10:30:00,0,6.2,227.6,-1.8,24.0,0.1895609756097561,12.1,1375.1,-1.8,229.4,50.0,55.0,49.0,45.0,33.0,48.0
2022-09-13 10:40:00,0,7.7,248.8,10.6,24.0,0.3436585365853659,13.6,1541.7,-2.0,238.2,51.0,57.0,50.0,45.0,33.0,48.0
2022-09-13 10:50:00,0,8.8,237.6,13.4,23.0,0.4909268292682927,14.5,1637.2,-2.0,224.2,52.0,59.0,52.0,46.0,33.0,48.0
2022-09-13 11:00:00,0,8.1,216.1,-15.8,24.0,0.3985365853658537,13.8,1568.2,-1.9,231.9,53.0,59.0,54.0,46.0,34.0,48.0
2022-09-13 11:10:00,0,9.0,213.7,-18.1,23.0,0.5230243902439025,14.5,1637.9,-1.8,231.9,54.0,61.0,56.0,47.0,34.0,48.0
2022-09-13 11:20:00,0,8.5,206.8,-24.4,23.0,0.432,14.2,1606.6,-2.0,231.2,55.0,61.0,57.0,48.0,34.0,48.0
2022-09-13 11:30:00,0,9.2,229.5,2.2,24.0,0.518341463414634,14.5,1638.1,-1.8,227.3,56.0,61.0,58.0,48.0,34.0,48.0
2022-09-13 11:40:00,0,9.3,237.0,21.9,24.0,0.5621463414634147,14.6,1651.9,-1.8,215.1,56.0,62.0,59.0,49.0,35.0,48.0
2022-09-13 11:50:00,0,10.5,238.0,11.7,24.0,0.7483414634146341,14.7,1669.1,-0.8,226.3,54.0,63.0,60.0,50.0,35.0,48.0
2022-09-13 12:00:00,0,9.4,222.6,-9.3,24.0,0.5687317073170732,14.5,1643.9,-1.7000000000000002,231.9,52.0,62.0,61.0,51.0,36.0,48.0
2022-09-13 12:10:00,0,10.9,245.1,24.7,23.0,0.825219512195122,14.8,1672.7,-0.5,220.3,51.0,63.0,61.0,52.0,36.0,48.0
2022-09-13 12:20:00,0,11.0,231.6,3.5,24.0,0.7867804878048781,14.7,1667.0,-0.2,228.0,51.0,63.0,62.0,54.0,35.0,48.0
2022-09-13 12:30:00,0,9.8,209.8,-18.2,24.0,0.6559024390243902,14.5,1643.6,-1.2,228.0,51.0,62.0,63.0,55.0,35.0,49.0
2022-09-13 12:40:00,0,10.8,225.3,-3.1,24.0,0.790780487804878,14.7,1663.1,-0.5,228.4,51.0,62.0,64.0,56.0,36.0,49.0
2022-09-13 12:50:00,0,9.8,229.5,1.2,24.0,0.6121951219512195,14.5,1646.4,-1.3,228.4,51.0,62.0,64.0,57.0,36.0,49.0
2022-09-13 13:00:00,0,11.3,209.0,-19.3,24.0,0.8554146341463414,14.8,1672.6,0.1,228.3,55.0,63.0,65.0,58.0,36.0,49.0
2022-09-13 13:10:00,0,10.2,222.2,3.0,24.0,0.6640487804878048,14.5,1643.7,-0.8,219.3,57.0,63.0,66.0,59.0,36.0,49.0
2022-09-13 13:20:00,0,11.9,216.4,-1.1,24.0,0.8921463414634146,14.8,1676.0,1.2,217.5,54.0,64.0,66.0,60.0,36.0,49.0
2022-09-13 13:30:00,0,11.1,240.6,23.1,24.0,0.8102439024390244,14.7,1662.7,0.0,217.5,53.0,64.0,67.0,62.0,36.0,49.0
2022-09-13 13:40:00,0,11.8,233.0,18.3,24.0,0.8300487804878048,14.7,1668.0,1.5,214.7,53.0,64.0,68.0,68.0,37.0,50.0
2022-09-13 13:50:00,0,12.1,213.3,0.3,24.0,0.9247317073170732,14.8,1676.5,2.2,213.0,53.0,64.0,68.0,79.0,37.0,50.0
2022-09-13 14:00:00,0,10.8,224.5,3.9,25.0,0.78,14.7,1660.1,-0.1,220.7,53.0,64.0,68.0,84.0,38.0,51.0
2022-09-13 14:10:00,0,12.2,216.1,-15.4,24.0,0.8786829268292683,14.8,1673.9,2.2,231.5,53.0,64.0,69.0,86.0,38.0,51.0
2022-09-13 14:20:00,0,11.5,202.5,-7.6,24.0,0.8719024390243902,14.8,1671.4,1.0,210.2,53.0,64.0,69.0,88.0,38.0,51.0
2022-09-13 14:30:00,0,11.8,234.8,14.4,24.0,0.846390243902439,14.7,1665.1,1.7000000000000002,220.3,53.0,64.0,69.0,89.0,38.0,52.0
2022-09-13 14:40:00,0,11.9,202.9,-16.7,24.0,0.9194634146341464,14.8,1675.7,2.0,219.6,53.0,65.0,70.0,90.0,38.0,52.0
2022-09-13 14:50:00,0,13.2,223.4,10.1,23.0,0.9717560975609756,14.9,1682.2,5.2,213.3,53.0,65.0,70.0,91.0,38.0,52.0
2022-09-13 15:00:00,0,11.6,207.9,-5.0,23.0,0.8870243902439024,14.8,1672.5,1.7000000000000002,213.0,53.0,65.0,71.0,91.0,38.0,51.0
2022-09-13 15:10:00,0,9.3,210.3,-9.3,23.0,0.6135609756097561,14.3,1621.9,-1.6,219.6,52.0,64.0,71.0,91.0,39.0,44.0
2022-09-13 15:20:00,0,9.1,228.5,14.8,22.0,0.6370243902439024,14.2,1614.3,-1.7000000000000002,213.7,51.0,62.0,71.0,90.0,39.0,45.0
2022-09-13 15:30:00,0,8.6,236.9,-0.3,21.0,0.5433658536585366,14.2,1603.9,-2.0,237.2,51.0,62.0,72.0,89.0,39.0,46.0
2022-09-13 15:40:00,0,7.8,277.7,2.0,21.0,0.4405365853658536,13.8,1565.6,-2.1,275.7,54.0,61.0,73.0,88.0,37.0,47.0
2022-09-13 15:50:00,0,8.1,291.4,15.6,20.0,0.5013658536585366,14.0,1580.4,-2.1,275.7,55.0,61.0,72.0,86.0,37.0,47.0
2022-09-13 16:00:00,0,5.9,286.8,0.6000000000000001,20.0,0.1756097560975609,12.1,1371.0,-1.6,286.2,55.0,59.0,71.0,84.0,36.0,48.0
2022-09-13 16:10:00,0,4.8,265.9,-12.3,20.0,0.0768780487804878,11.2,1269.5,-0.9,278.1,54.0,56.0,67.0,80.0,35.0,48.0
2022-09-13 16:20:00,0,4.5,311.7,33.5,21.0,0.0519512195121951,11.1,1260.2,-0.6000000000000001,278.1,52.0,53.0,63.0,75.0,34.0,48.0
2022-09-13 16:30:00,0,5.1,268.9,-9.3,21.0,0.0830731707317073,11.3,1274.6,-1.1,278.1,52.0,53.0,61.0,72.0,34.0,48.0
2022-09-13 16:40:00,0,5.9,258.8,-12.3,21.0,0.1446829268292683,11.6,1318.0,-1.8,271.1,52.0,54.0,60.0,70.0,34.0,48.0
2022-09-13 16:50:00,0,5.6,257.3,-21.5,21.0,0.1188292682926829,11.5,1298.5,-1.6,278.8,52.0,54.0,60.0,69.0,34.0,48.0
2022-09-13 17:00:00,0,4.6,263.9,-10.1,22.0,0.0701951219512195,11.1,1260.3,-0.7000000000000001,273.9,51.0,53.0,58.0,71.0,34.0,48.0
2022-09-13 17:10:00,0,4.1,271.5,-8.3,22.0,0.0357560975609756,11.0,1250.2,-0.3,279.9,50.0,52.0,57.0,70.0,34.0,48.0
2022-09-13 17:20:00,0,4.4,275.2,-4.6,22.0,0.0585853658536585,11.1,1256.4,-0.3,279.9,50.0,51.0,55.0,69.0,34.0,48.0
2022-09-13 17:30:00,0,5.9,308.0,26.3,22.0,0.1544878048780487,11.9,1344.1,-1.7000000000000002,281.7,50.0,53.0,55.0,69.0,34.0,48.0
2022-09-13 17:40:00,0,5.0,270.8,-11.2,22.0,0.078390243902439,11.3,1279.9,-1.1,282.0,50.0,53.0,54.0,68.0,34.0,48.0
2022-09-13 17:50:00,0,4.5,281.6,-0.3,22.0,0.0524878048780487,11.1,1252.8,-0.7000000000000001,282.0,49.0,52.0,54.0,67.0,34.0,48.0
2022-09-13 18:00:00,0,4.7,277.2,-4.8,22.0,0.0551219512195121,11.1,1252.5,-0.8,282.0,49.0,51.0,53.0,66.0,34.0,48.0
2022-09-13 18:10:00,0,3.6,271.9,-10.1,22.0,0.0146829268292682,11.0,1249.6,0.5,282.0,48.0,50.0,52.0,65.0,34.0,48.0
2022-09-13 18:20:00,0,4.4,293.9,9.8,23.0,0.0525853658536585,11.0,1251.6,-0.6000000000000001,284.1,48.0,50.0,51.0,64.0,34.0,48.0
2022-09-13 18:30:00,0,4.7,290.8,2.1,23.0,0.0639512195121951,11.1,1258.6,-0.8,288.7,48.0,51.0,51.0,64.0,34.0,48.0
2022-09-13 18:40:00,0,6.1,265.0,-20.8,23.0,0.1573658536585366,11.9,1348.6,-1.8,285.8,48.0,53.0,52.0,64.0,34.0,48.0
2022-09-13 18:50:00,0,5.8,280.7,3.6,23.0,0.1433170731707317,11.8,1335.7,-1.7000000000000002,277.1,49.0,54.0,52.0,64.0,34.0,48.0
2022-09-13 19:00:00,0,5.6,280.4,3.2,23.0,0.134780487804878,11.6,1312.1,-1.5,277.1,49.0,53.0,52.0,64.0,34.0,48.0
2022-09-13 19:10:00,0,6.1,267.2,-9.9,23.0,0.1646341463414634,12.0,1357.9,-1.8,277.1,49.0,54.0,52.0,64.0,34.0,49.0
2022-09-13 19:20:00,0,4.7,272.0,-5.0,23.0,0.0675121951219512,11.1,1260.1,-0.8,277.1,48.0,52.0,51.0,62.0,34.0,49.0
2022-09-13 19:30:00,0,5.6,285.4,10.0,23.0,0.1325365853658536,11.7,1325.6,-1.4,275.3,49.0,53.0,51.0,63.0,34.0,49.0
2022-09-13 19:40:00,0,5.9,266.2,-10.5,22.0,0.1545853658536585,11.9,1350.7,-1.7000000000000002,276.7,49.0,54.0,51.0,62.0,34.0,49.0
2022-09-13 19:50:00,0,6.1,266.9,-3.2,22.0,0.1810731707317073,12.2,1387.6,-1.6,270.1,50.0,55.0,52.0,63.0,34.0,48.0
2022-09-13 20:00:00,0,5.8,264.9,-5.2,22.0,0.1373170731707317,11.7,1328.7,-1.6,270.1,49.0,54.0,52.0,61.0,34.0,48.0
2022-09-13 20:10:00,0,5.3,272.3,-4.8,23.0,0.1097560975609756,11.6,1311.6,-1.2,277.1,49.0,53.0,52.0,61.0,34.0,48.0
2022-09-13 20:20:00,0,6.9,282.2,5.1,23.0,0.2502439024390244,13.0,1473.0,-2.0,277.1,50.0,55.0,52.0,62.0,34.0,48.0
2022-09-13 20:30:00,0,6.9,278.7,1.6,22.0,0.256780487804878,13.0,1468.1,-2.0,277.1,51.0,56.0,54.0,63.0,34.0,48.0
2022-09-13 20:40:00,0,5.7,280.3,3.1,22.0,0.1289756097560975,11.5,1304.0,-1.7000000000000002,277.1,50.0,55.0,53.0,62.0,34.0,48.0
2022-09-13 20:50:00,0,5.0,274.1,-10.7,22.0,0.0786341463414634,11.2,1268.0,-1.1,284.8,50.0,53.0,51.0,60.0,34.0,48.0
2022-09-13 21:00:00,0,4.9,283.3,7.9,22.0,0.0726341463414634,11.1,1258.7,-1.0,275.3,49.0,52.0,50.0,59.0,34.0,48.0
2022-09-13 21:10:00,0,4.7,279.9,4.6,22.0,0.0616097560975609,11.1,1254.0,-0.9,275.3,49.0,52.0,50.0,58.0,34.0,48.0
2022-09-13 21:20:00,0,4.6,277.8,2.4,22.0,0.0583414634146341,11.1,1253.0,-0.8,275.3,48.0,51.0,50.0,57.0,33.0,48.0
2022-09-13 21:30:00,0,4.8,266.3,-9.1,22.0,0.0728292682926829,11.1,1257.7,-0.9,275.3,48.0,51.0,50.0,55.0,33.0,48.0
2022-09-13 21:40:00,0,5.2,277.0,1.7000000000000002,22.0,0.0935121951219512,11.2,1273.8,-1.3,275.3,48.0,52.0,50.0,53.0,33.0,48.0
2022-09-13 21:50:00,0,5.3,266.2,-9.1,22.0,0.0960487804878048,11.3,1276.0,-1.3,275.3,48.0,52.0,50.0,53.0,33.0,48.0
2022-09-13 22:00:00,0,4.9,279.4,4.1,22.0,0.0680487804878048,11.1,1258.0,-1.0,275.3,48.0,51.0,50.0,51.0,33.0,48.0
2022-09-13 22:10:00,0,5.1,269.2,1.3,22.0,0.0969756097560975,11.2,1271.0,-1.2,268.0,48.0,51.0,49.0,50.0,33.0,48.0
2022-09-13 22:20:00,0,5.4,284.7,9.7,22.0,0.0976097560975609,11.4,1292.8,-1.4,275.0,48.0,52.0,50.0,49.0,33.0,48.0
2022-09-13 22:30:00,0,4.7,269.2,-5.8,22.0,0.0615609756097561,11.1,1263.0,-0.8,275.0,47.0,51.0,50.0,49.0,33.0,48.0
2022-09-13 22:40:00,0,4.8,275.6,12.5,22.0,0.0828292682926829,11.2,1272.1,-0.8,263.1,47.0,51.0,49.0,48.0,33.0,48.0
2022-09-13 22:50:00,0,5.2,265.0,-3.0,22.0,0.1008292682926829,11.4,1286.7,-1.2,268.0,47.0,51.0,49.0,47.0,33.0,48.0
2022-09-13 23:00:00,0,4.7,267.0,-1.0,22.0,0.0744390243902439,11.2,1266.8,-0.8,268.0,47.0,51.0,49.0,47.0,32.0,48.0
2022-09-13 23:10:00,0,4.5,246.1,-21.9,22.0,0.0548780487804878,11.1,1259.6,-0.6000000000000001,268.0,47.0,50.0,49.0,46.0,32.0,48.0
2022-09-13 23:20:00,0,4.2,272.4,4.8,22.0,0.0427317073170731,11.1,1255.2,-0.2,267.6,46.0,49.0,49.0,46.0,32.0,48.0
2022-09-13 23:30:00,0,4.9,254.2,-13.7,22.0,0.087170731707317,11.4,1286.8,-1.0,268.0,46.0,50.0,49.0,46.0,32.0,47.0
2022-09-13 23:40:00,0,5.7,254.7,-7.3,22.0,0.1628292682926829,11.8,1338.1,-1.5,262.0,47.0,52.0,49.0,46.0,32.0,47.0
2022-09-13 23:50:00,0,6.0,272.8,10.7,22.0,0.1778536585365853,12.1,1367.5,-1.6,262.0,48.0,53.0,50.0,48.0,32.0,47.0
2022-09-14 00:00:00,0,6.3,256.6,-12.1,22.0,0.1785365853658536,12.2,1376.4,-1.9,268.7,48.0,54.0,50.0,51.0,33.0,47.0
2022-09-14 00:10:00,0,4.4,275.2,6.5,22.0,0.0499024390243902,11.1,1254.3,-0.6000000000000001,268.7,47.0,52.0,50.0,52.0,32.0,48.0
2022-09-14 00:20:00,0,4.7,279.1,2.0,22.0,0.0702926829268292,11.1,1259.0,-0.9,277.1,47.0,50.0,49.0,50.0,32.0,47.0
2022-09-14 00:30:00,0,5.5,276.7,6.6,22.0,0.1235609756097561,11.3,1283.0,-1.5,270.1,47.0,52.0,49.0,49.0,32.0,48.0
2022-09-14 00:40:00,0,5.5,273.4,-2.7,22.0,0.1221463414634146,11.4,1292.6,-1.5,276.1,47.0,52.0,50.0,49.0,32.0,47.0
2022-09-14 00:50:00,0,5.4,288.5,3.7,22.0,0.1258536585365853,11.4,1294.7,-1.4,284.9,47.0,52.0,50.0,49.0,33.0,47.0
2022-09-14 01:00:00,0,4.8,304.7,-3.6,22.0,0.0894634146341463,11.2,1265.8,-1.0,308.3,47.0,52.0,49.0,48.0,32.0,47.0
2022-09-14 01:10:00,0,5.3,305.2,-12.2,21.0,0.1069268292682926,11.4,1286.5,-1.3,317.4,47.0,52.0,49.0,48.0,32.0,47.0
2022-09-14 01:20:00,0,4.8,339.4,15.0,21.0,0.0657560975609756,11.1,1260.8,-1.0,324.4,47.0,51.0,49.0,47.0,32.0,47.0
2022-09-14 01:30:00,0,4.5,325.7,-6.4,21.0,0.0370243902439024,11.1,1254.5,-0.5,332.1,46.0,50.0,48.0,47.0,32.0,47.0
2022-09-14 01:40:00,0,3.0,317.6,-14.5,20.0,-0.0135121951219512,3.2,372.8,42.6,332.1,45.0,47.0,47.0,46.0,32.0,47.0
2022-09-14 01:50:00,0,3.0,314.8,-13.5,20.0,-0.0113658536585365,2.3,259.7,24.0,328.3,45.0,45.0,45.0,45.0,32.0,47.0
2022-09-14 02:00:00,0,2.7,348.2,19.9,20.0,-0.0084390243902439,2.1,237.3,24.0,328.2,44.0,42.0,42.0,44.0,31.0,47.0
2022-09-14 02:10:00,0,2.8,312.7,-5.0,20.0,-0.0074146341463414,2.2,247.0,24.0,317.8,44.0,41.0,39.0,42.0,31.0,47.0
2022-09-14 02:20:00,0,3.4,341.2,11.5,20.0,0.0020975609756097,8.0,913.2,7.8,329.7,44.0,42.0,38.0,41.0,31.0,47.0
2022-09-14 02:30:00,0,3.5,332.4,4.5,20.0,0.0029268292682926,8.6,971.5,6.9,327.9,43.0,43.0,39.0,40.0,30.0,47.0
2022-09-14 02:40:00,0,3.2,310.6,-19.4,20.0,-0.0065853658536585,4.2,470.8,19.4,330.0,43.0,43.0,38.0,39.0,30.0,47.0
2022-09-14 02:50:00,0,4.1,311.6,-14.5,20.0,0.0290731707317073,11.0,1250.9,-0.1,326.1,43.0,44.0,38.0,39.0,30.0,47.0
2022-09-14 03:00:00,0,4.3,325.7,9.0,20.0,0.0531219512195122,11.1,1257.3,-0.4,316.7,43.0,46.0,40.0,39.0,30.0,47.0
2022-09-14 03:10:00,0,4.0,328.6,4.9,20.0,0.0313170731707317,11.1,1253.3,0.2,323.7,44.0,47.0,41.0,39.0,30.0,47.0
2022-09-14 03:20:00,0,4.6,316.2,-0.1,20.0,0.0553658536585365,9.8,1113.1,5.1,316.4,43.0,46.0,41.0,40.0,31.0,47.0
2022-09-14 03:30:00,0,5.2,313.4,-20.8,20.0,0.1141951219512195,11.3,1282.6,-1.2,334.2,44.0,48.0,42.0,40.0,30.0,47.0
2022-09-14 03:40:00,0,4.8,332.1,5.8,20.0,0.0820975609756097,11.2,1267.4,-0.9,326.2,44.0,49.0,42.0,41.0,30.0,47.0
2022-09-14 03:50:00,0,3.8,350.1,14.8,19.0,0.0251219512195121,11.0,1249.1,0.0,335.3,44.0,47.0,43.0,41.0,31.0,47.0
2022-09-14 04:00:00,0,3.1,339.3,4.3,19.0,-0.0038048780487804,6.1,689.2,15.1,334.9,43.0,45.0,43.0,41.0,31.0,47.0
2022-09-14 04:10:00,0,3.4,324.8,-4.9,19.0,0.0046341463414634,9.8,1117.0,3.3,329.7,43.0,44.0,41.0,41.0,31.0,47.0
2022-09-14 04:20:00,0,3.3,328.1,5.4,19.0,-0.0056585365853658,2.8,315.2,23.4,322.7,42.0,44.0,40.0,41.0,31.0,47.0
2022-09-14 04:30:00,0,3.9,314.6,-8.1,19.0,0.0266829268292682,11.0,1243.9,-0.1,322.7,42.0,44.0,39.0,40.0,31.0,47.0
2022-09-14 04:40:00,0,3.6,344.7,22.0,19.0,0.0148780487804878,11.0,1248.4,0.5,322.7,43.0,46.0,41.0,40.0,30.0,47.0
2022-09-14 04:50:00,0,3.8,319.4,-2.6,19.0,0.0229268292682926,11.0,1248.9,0.0,322.0,42.0,46.0,42.0,40.0,30.0,47.0
2022-09-14 05:00:00,0,4.0,330.8,2.9,19.0,0.028390243902439,11.0,1249.0,-0.2,327.9,42.0,46.0,42.0,40.0,30.0,48.0
2022-09-14 05:10:00,0,4.3,320.8,-0.8,19.0,0.0445853658536585,11.0,1250.5,-0.5,321.6,43.0,47.0,42.0,40.0,30.0,48.0
2022-09-14 05:20:00,0,4.2,323.5,1.9,19.0,0.0386341463414634,11.0,1249.5,-0.4,321.6,43.0,47.0,42.0,40.0,30.0,48.0
2022-09-14 05:30:00,0,4.2,341.8,13.9,19.0,0.0302439024390243,11.0,1249.1,-0.4,327.9,43.0,47.0,42.0,41.0,30.0,48.0
2022-09-14 05:40:00,0,4.5,322.6,-5.3,18.0,0.0546341463414634,11.1,1253.0,-0.7000000000000001,327.9,43.0,47.0,43.0,41.0,30.0,48.0
2022-09-14 05:50:00,0,4.3,329.8,7.8,18.0,0.0467317073170731,11.0,1250.6,-0.4,322.0,43.0,48.0,43.0,41.0,30.0,48.0
2022-09-14 06:00:00,0,4.6,316.9,-11.0,18.0,0.0669268292682926,11.1,1255.3,-0.8,327.9,43.0,48.0,43.0,41.0,30.0,48.0
2022-09-14 06:10:00,0,4.6,345.7,17.8,18.0,0.0669268292682926,11.1,1255.7,-0.8,327.9,43.0,48.0,44.0,42.0,30.0,48.0
2022-09-14 06:20:00,0,4.9,317.3,-10.6,18.0,0.0864390243902439,11.2,1263.2,-1.1,327.9,43.0,48.0,44.0,42.0,30.0,47.0
2022-09-14 06:30:00,0,5.0,321.5,-6.4,18.0,0.0926829268292682,11.2,1270.9,-1.1,327.9,44.0,48.0,44.0,42.0,30.0,47.0
2022-09-14 06:40:00,0,5.1,339.2,11.2,18.0,0.0785853658536585,11.1,1262.3,-1.2,327.9,44.0,48.0,44.0,42.0,30.0,47.0
2022-09-14 06:50:00,0,4.5,330.5,2.6,18.0,0.054780487804878,11.1,1256.6,-0.7000000000000001,327.9,44.0,47.0,44.0,42.0,30.0,47.0
2022-09-14 07:00:00,0,4.3,319.4,-8.5,18.0,0.0467317073170731,11.0,1251.2,-0.5,327.9,43.0,47.0,44.0,42.0,30.0,47.0
2022-09-14 07:10:00,0,4.3,332.2,4.3,18.0,0.0394146341463414,11.0,1250.5,-0.5,327.9,43.0,47.0,44.0,42.0,30.0,47.0
2022-09-14 07:20:00,0,4.0,315.5,-20.1,18.0,0.0253170731707317,11.0,1249.3,-0.1,335.6,43.0,46.0,45.0,42.0,30.0,47.0
2022-09-14 07:30:00,0,4.5,321.7,-16.1,18.0,0.0536097560975609,11.1,1256.2,-0.6000000000000001,337.7,43.0,46.0,44.0,42.0,30.0,47.0
2022-09-14 07:40:00,0,4.7,330.9,0.2,18.0,0.0744390243902439,11.2,1273.7,-0.8,330.7,43.0,47.0,44.0,43.0,30.0,47.0
2022-09-14 07:50:00,0,5.6,328.9,-1.5,18.0,0.1446341463414634,11.7,1330.9,-1.3,330.4,44.0,48.0,44.0,43.0,30.0,47.0
2022-09-14 08:00:00,0,6.9,330.6,0.2,18.0,0.262390243902439,13.0,1471.9,-2.0,330.4,46.0,52.0,46.0,44.0,29.0,47.0
2022-09-14 08:10:00,0,6.3,328.5,-1.9,17.0,0.1859024390243902,12.2,1386.1,-1.8,330.4,46.0,52.0,46.0,47.0,29.0,47.0
2022-09-14 08:20:00,0,6.3,318.7,-11.6,17.0,0.194,12.3,1393.3,-1.9,330.4,46.0,52.0,46.0,51.0,29.0,47.0
2022-09-14 08:30:00,0,5.9,319.3,-11.1,17.0,0.1482439024390243,11.9,1344.2,-1.7000000000000002,330.4,46.0,51.0,47.0,52.0,29.0,46.0
2022-09-14 08:40:00,0,5.6,311.0,-12.0,17.0,0.1367317073170731,11.6,1316.9,-1.5,323.0,46.0,51.0,46.0,54.0,29.0,46.0
2022-09-14 08:50:00,0,5.8,331.9,-1.2,17.0,0.1226341463414634,11.6,1318.7,-1.7000000000000002,333.2,46.0,50.0,44.0,53.0,29.0,46.0
2022-09-14 09:00:00,0,5.5,334.1,0.6000000000000001,17.0,0.1158048780487805,11.5,1297.3,-1.5,333.5,46.0,50.0,43.0,54.0,28.0,46.0
2022-09-14 09:10:00,0,4.8,355.4,21.8,17.0,0.0759024390243902,11.2,1267.9,-0.9,333.5,45.0,49.0,43.0,53.0,28.0,46.0
2022-09-14 09:20:00,0,4.6,332.8,4.8,17.0,0.0587317073170731,11.1,1255.5,-0.7000000000000001,327.9,45.0,48.0,43.0,50.0,28.0,46.0
2022-09-14 09:30:00,0,4.2,324.5,-3.5,17.0,0.037560975609756,11.0,1250.8,-0.3,327.9,44.0,47.0,43.0,48.0,28.0,45.0
2022-09-14 09:40:00,0,3.5,340.9,4.6,17.0,0.0088780487804878,11.0,1242.5,0.6000000000000001,336.3,43.0,46.0,43.0,47.0,28.0,45.0
2022-09-14 09:50:00,0,3.3,303.3,-36.9,18.0,0.0050243902439024,9.9,1126.5,6.1,340.2,43.0,45.0,42.0,46.0,28.0,45.0
2022-09-14 10:00:00,0,4.6,317.1,-21.0,18.0,0.0660487804878048,9.6,1088.1,3.6,338.1,43.0,45.0,41.0,45.0,28.0,45.0
2022-09-14 10:10:00,0,5.0,328.9,-6.7,18.0,0.0899512195121951,11.3,1277.1,-1.1,335.6,44.0,48.0,41.0,45.0,28.0,45.0
2022-09-14 10:20:00,0,5.7,340.2,4.5,18.0,0.1390243902439024,11.6,1316.6,-1.6,335.6,44.0,49.0,42.0,45.0,28.0,45.0
2022-09-14 10:30:00,0,5.6,350.5,14.8,19.0,0.1347317073170731,11.6,1319.8,-1.5,335.6,45.0,49.0,42.0,45.0,29.0,45.0
2022-09-14 10:40:00,0,6.4,327.9,0.3,19.0,0.2172682926829268,12.4,1405.0,-1.8,327.6,46.0,52.0,43.0,48.0,29.0,45.0
2022-09-14 10:50:00,0,5.1,340.9,5.9,19.0,0.0915609756097561,11.2,1272.8,-1.1,334.9,45.0,50.0,43.0,48.0,29.0,45.0
2022-09-14 11:00:00,0,4.8,324.9,-5.5,20.0,0.0764390243902439,11.1,1260.4,-0.9,330.4,45.0,49.0,41.0,46.0,29.0,45.0
2022-09-14 11:10:00,0,5.6,340.9,10.5,20.0,0.1430731707317073,11.7,1326.7,-1.5,330.4,45.0,50.0,41.0,45.0,29.0,45.0
2022-09-14 11:20:00,0,6.2,335.1,5.1,20.0,0.1870731707317073,12.3,1389.5,-1.8,330.0,46.0,51.0,43.0,47.0,30.0,45.0
2022-09-14 11:30:00,0,6.3,8.2,28.7,20.0,0.1899512195121951,12.3,1394.3,-1.8,339.5,47.0,52.0,44.0,50.0,30.0,45.0
2022-09-14 11:40:00,0,6.7,334.9,3.8,20.0,0.2228292682926829,12.7,1441.3,-1.9,331.1,47.0,53.0,45.0,53.0,30.0,46.0
2022-09-14 11:50:00,0,5.6,345.6,6.5,21.0,0.1178048780487804,11.7,1328.2,-1.4,339.1,47.0,52.0,45.0,53.0,30.0,46.0
2022-09-14 12:00:00,0,6.7,333.7,11.8,21.0,0.234780487804878,12.8,1450.5,-1.8,322.0,47.0,53.0,45.0,54.0,30.0,46.0
2022-09-14 12:10:00,0,7.4,314.6,-6.4,20.0,0.3114146341463414,13.6,1535.2,-2.1,320.9,49.0,55.0,47.0,57.0,30.0,46.0
2022-09-14 12:20:00,0,7.2,337.9,9.0,21.0,0.2885853658536585,13.3,1510.0,-2.0,328.9,49.0,55.0,48.0,59.0,30.0,46.0
2022-09-14 12:30:00,0,6.1,337.1,18.5,21.0,0.1769756097560975,12.2,1387.4,-1.7000000000000002,318.5,49.0,55.0,48.0,58.0,31.0,46.0
2022-09-14 12:40:00,0,6.1,321.1,-21.5,21.0,0.1784878048780487,12.3,1397.7,-1.7000000000000002,342.6,49.0,54.0,48.0,57.0,31.0,46.0
2022-09-14 12:50:00,0,5.9,336.8,14.2,21.0,0.1494634146341463,12.0,1354.8,-1.7000000000000002,322.7,49.0,53.0,48.0,57.0,31.0,46.0
2022-09-14 13:00:00,0,6.1,320.2,-4.9,22.0,0.1864878048780487,12.3,1389.6,-1.5,325.1,49.0,53.0,47.0,57.0,31.0,46.0
2022-09-14 13:10:00,0,6.8,322.2,1.6,22.0,0.2546341463414634,12.9,1461.1,-1.7000000000000002,320.6,49.0,54.0,48.0,58.0,31.0,46.0
2022-09-14 13:20:00,0,6.6,321.3,-1.4,22.0,0.2345365853658536,12.7,1434.0,-1.9,322.7,50.0,55.0,49.0,59.0,31.0,46.0
2022-09-14 13:30:00,0,6.0,359.0,26.0,22.0,0.1681951219512195,12.1,1366.1,-1.7000000000000002,333.1,50.0,54.0,48.0,58.0,31.0,46.0
2022-09-14 13:40:00,0,6.4,334.3,17.3,22.0,0.192780487804878,12.6,1427.1,-1.7000000000000002,317.0,50.0,54.0,48.0,58.0,32.0,47.0
2022-09-14 13:50:00,0,5.5,306.7,7.5,22.0,0.1260975609756097,11.7,1325.0,-1.3,299.2,50.0,54.0,48.0,57.0,32.0,47.0
2022-09-14 14:00:00,0,7.2,288.9,-17.2,22.0,0.286780487804878,13.2,1501.1,-2.0,306.2,50.0,55.0,48.0,58.0,32.0,47.0
2022-09-14 14:10:00,0,7.6,308.6,0.6000000000000001,22.0,0.3601463414634146,13.6,1539.0,-2.0,307.9,51.0,57.0,50.0,60.0,32.0,47.0
2022-09-14 14:20:00,0,7.3,296.0,-5.9,22.0,0.2885853658536585,13.3,1503.3,-1.9,302.0,52.0,57.0,52.0,61.0,32.0,47.0
2022-09-14 14:30:00,0,7.3,27.1,85.5,23.0,0.3145853658536585,13.3,1502.6,-1.8,301.6,52.0,57.0,53.0,61.0,33.0,47.0
2022-09-14 14:40:00,0,7.9,330.8,28.4,23.0,0.3600487804878048,14.0,1585.4,-2.2,302.3,53.0,58.0,54.0,62.0,33.0,47.0
2022-09-14 14:50:00,0,7.2,297.4,-1.4,23.0,0.3044878048780488,13.2,1491.9,-1.9,298.8,53.0,58.0,54.0,62.0,33.0,47.0
2022-09-14 15:00:00,0,7.6,317.6,5.0,22.0,0.3277073170731707,13.7,1555.4,-2.1,312.5,54.0,59.0,55.0,63.0,33.0,47.0
2022-09-14 15:10:00,0,8.5,319.3,8.6,22.0,0.4746829268292683,14.2,1612.4,-2.0,310.7,54.0,59.0,56.0,63.0,33.0,47.0
2022-09-14 15:20:00,0,8.1,308.3,11.6,22.0,0.4370731707317073,14.0,1583.4,-2.1,296.7,55.0,60.0,57.0,64.0,33.0,48.0
2022-09-14 15:30:00,0,8.9,280.9,-15.8,22.0,0.5307317073170732,14.3,1625.4,-1.9,296.7,56.0,61.0,57.0,65.0,33.0,48.0
2022-09-14 15:40:00,0,8.6,281.8,-15.3,22.0,0.5080487804878049,14.3,1615.4,-2.0,297.1,56.0,61.0,58.0,65.0,33.0,48.0
2022-09-14 15:50:00,0,8.7,295.6,-12.7,22.0,0.4960487804878049,14.3,1622.6,-2.0,308.3,56.0,62.0,58.0,66.0,33.0,48.0
2022-09-14 16:00:00,0,9.0,301.3,1.4,21.0,0.5553658536585366,14.3,1622.2,-1.7000000000000002,299.9,54.0,62.0,59.0,67.0,34.0,48.0
2022-09-14 16:10:00,0,8.8,307.2,-1.1,22.0,0.5105365853658537,14.2,1613.0,-1.9,308.3,53.0,61.0,59.0,67.0,34.0,48.0
2022-09-14 16:20:00,0,7.7,316.6,8.7,22.0,0.3646341463414634,13.6,1537.2,-2.0,308.0,53.0,60.0,59.0,67.0,34.0,48.0
2022-09-14 16:30:00,0,8.9,315.6,2.7,22.0,0.5010243902439024,14.1,1602.1,-1.6,312.8,52.0,60.0,60.0,67.0,33.0,48.0
2022-09-14 16:40:00,0,8.4,311.5,1.5,22.0,0.4509268292682927,14.1,1598.2,-2.0,310.0,52.0,60.0,60.0,67.0,33.0,48.0
2022-09-14 16:50:00,0,9.5,317.6,26.8,22.0,0.6046341463414634,14.5,1641.1,-1.5,290.8,52.0,61.0,60.0,68.0,34.0,48.0
2022-09-14 17:00:00,0,9.1,277.7,-14.5,22.0,0.5789756097560976,14.4,1632.2,-1.8,292.2,52.0,61.0,61.0,68.0,34.0,48.0
2022-09-14 17:10:00,0,8.2,290.2,-9.7,22.0,0.4317560975609756,14.0,1583.7,-2.0,299.9,52.0,60.0,61.0,68.0,34.0,48.0
2022-09-14 17:20:00,0,8.9,281.5,-18.4,22.0,0.5086341463414634,14.3,1619.7,-1.9,299.9,52.0,60.0,61.0,68.0,34.0,48.0
2022-09-14 17:30:00,0,8.9,288.2,-5.7,22.0,0.5168292682926829,14.4,1630.4,-2.0,293.9,52.0,60.0,61.0,68.0,33.0,48.0
2022-09-14 17:40:00,0,8.7,295.1,-6.9,22.0,0.5009268292682927,14.2,1613.6,-1.9,302.0,51.0,60.0,62.0,69.0,33.0,49.0
2022-09-14 17:50:00,0,8.3,307.2,11.8,22.0,0.4418048780487805,14.0,1590.9,-2.0,295.3,51.0,60.0,62.0,69.0,33.0,49.0
2022-09-14 18:00:00,0,8.5,307.7,-5.8,22.0,0.506390243902439,14.2,1611.1,-2.0,313.6,51.0,60.0,62.0,69.0,33.0,49.0
2022-09-14 18:10:00,0,8.7,309.1,-13.2,22.0,0.4778048780487804,14.3,1622.6,-2.0,322.3,51.0,60.0,62.0,69.0,34.0,49.0
2022-09-14 18:20:00,0,7.5,308.1,-6.2,22.0,0.3048292682926829,13.5,1527.7,-2.0,314.2,51.0,59.0,62.0,68.0,34.0,49.0
2022-09-14 18:30:00,0,6.9,288.3,-20.4,22.0,0.2617560975609756,13.0,1470.6,-2.0,308.7,53.0,58.0,61.0,66.0,34.0,49.0
2022-09-14 18:40:00,0,6.9,303.2,-13.1,22.0,0.266390243902439,12.9,1462.8,-2.0,316.4,53.0,57.0,60.0,64.0,34.0,49.0
2022-09-14 18:50:00,0,6.7,308.7,-9.4,22.0,0.2337560975609756,12.8,1448.7,-1.9,318.1,53.0,58.0,60.0,62.0,34.0,49.0
2022-09-14 19:00:00,0,5.9,315.4,8.5,22.0,0.1691219512195121,12.0,1360.8,-1.6,306.9,53.0,57.0,59.0,60.0,34.0,49.0
2022-09-14 19:10:00,0,6.1,288.2,-13.4,22.0,0.1756585365853658,12.1,1370.9,-1.8,301.6,53.0,56.0,58.0,57.0,34.0,49.0
2022-09-14 19:20:00,0,6.5,311.5,9.9,22.0,0.1913658536585366,12.5,1420.2,-1.8,301.6,52.0,56.0,58.0,55.0,34.0,49.0
2022-09-14 19:30:00,0,6.1,282.8,-9.4,22.0,0.1801951219512195,12.1,1367.0,-1.7000000000000002,292.2,52.0,56.0,57.0,54.0,34.0,49.0
2022-09-14 19:40:00,0,6.8,274.2,-12.0,22.0,0.2358048780487804,12.9,1457.8,-1.9,286.2,53.0,56.0,57.0,53.0,34.0,49.0
2022-09-14 19:50:00,0,7.1,292.8,6.6,22.0,0.2903414634146342,13.3,1503.3,-2.1,286.2,53.0,58.0,57.0,53.0,34.0,49.0
2022-09-14 20:00:00,0,6.0,295.6,9.4,22.0,0.1708292682926829,11.9,1352.9,-1.7000000000000002,286.2,53.0,57.0,57.0,52.0,34.0,49.0
2022-09-14 20:10:00,0,6.6,285.7,-6.5,22.0,0.2501951219512195,12.7,1441.5,-1.9,292.2,53.0,56.0,56.0,56.0,33.0,49.0
2022-09-14 20:20:00,0,5.5,303.5,11.3,21.0,0.1390731707317073,11.7,1326.3,-1.4,292.2,53.0,56.0,55.0,60.0,33.0,49.0
2022-09-14 20:30:00,0,5.4,281.9,-10.2,21.0,0.1191219512195121,11.5,1299.7,-1.3,292.2,52.0,54.0,54.0,59.0,33.0,49.0
2022-09-14 20:40:00,0,4.8,272.8,-19.0,21.0,0.080390243902439,11.2,1264.1,-0.9,291.8,51.0,53.0,52.0,59.0,33.0,49.0
2022-09-14 20:50:00,0,4.4,280.4,-4.1,21.0,0.0599512195121951,11.1,1257.0,-0.6000000000000001,284.5,50.0,52.0,51.0,58.0,33.0,49.0
2022-09-14 21:00:00,0,4.7,292.9,8.4,21.0,0.0609756097560975,11.1,1254.9,-0.9,284.5,50.0,52.0,51.0,58.0,32.0,49.0
2022-09-14 21:10:00,0,4.8,287.3,2.9,20.0,0.0525853658536585,11.1,1253.7,-0.9,284.5,49.0,51.0,50.0,57.0,32.0,49.0
2022-09-14 21:20:00,0,4.9,284.7,0.3,20.0,0.0586829268292682,11.1,1254.7,-1.1,284.4,49.0,51.0,49.0,57.0,32.0,49.0
2022-09-14 21:30:00,0,4.7,289.3,12.5,20.0,0.0632195121951219,11.1,1253.1,-0.9,276.7,48.0,51.0,48.0,57.0,32.0,49.0
2022-09-14 21:40:00,0,4.9,281.7,5.0,20.0,0.0776097560975609,11.1,1257.2,-1.0,276.7,48.0,51.0,48.0,56.0,32.0,49.0
2022-09-14 21:50:00,0,5.3,281.0,4.2,20.0,0.0892195121951219,11.2,1265.5,-1.3,276.7,48.0,51.0,48.0,54.0,32.0,49.0
2022-09-14 22:00:00,0,4.8,281.7,-1.0,20.0,0.0678536585365853,11.1,1255.4,-0.9,282.7,48.0,51.0,48.0,55.0,32.0,49.0
2022-09-14 22:10:00,0,4.7,291.3,8.6,20.0,0.0602926829268292,11.1,1253.4,-0.8,282.7,48.0,51.0,48.0,53.0,31.0,49.0
2022-09-14 22:20:00,0,4.8,295.9,13.2,20.0,0.0553170731707317,11.1,1253.4,-0.9,282.7,47.0,50.0,47.0,51.0,32.0,48.0
2022-09-14 22:30:00,0,4.8,271.4,-5.0,20.0,0.0619024390243902,11.1,1255.9,-1.0,276.4,47.0,50.0,47.0,50.0,31.0,48.0
2022-09-14 22:40:00,0,5.1,269.1,-14.6,20.0,0.0748780487804878,11.1,1260.6,-1.3,283.8,47.0,50.0,47.0,50.0,31.0,48.0
2022-09-14 22:50:00,0,4.9,288.5,4.8,20.0,0.0728780487804878,11.1,1258.8,-1.0,283.8,47.0,50.0,47.0,49.0,31.0,48.0
2022-09-14 23:00:00,0,4.1,283.5,-0.3,20.0,0.0302439024390243,11.0,1249.2,-0.3,283.8,46.0,49.0,46.0,49.0,31.0,48.0
2022-09-14 23:10:00,0,4.4,277.1,-6.6,20.0,0.0310243902439024,11.0,1249.1,-0.6000000000000001,283.7,46.0,48.0,45.0,49.0,31.0,48.0
2022-09-14 23:20:00,0,4.5,271.3,-3.6,20.0,0.0408780487804878,11.0,1250.6,-0.7000000000000001,275.0,45.0,48.0,45.0,48.0,31.0,48.0
2022-09-14 23:30:00,0,4.3,275.2,0.2,20.0,0.0366341463414634,11.0,1249.7,-0.5,275.0,45.0,49.0,44.0,48.0,31.0,48.0
2022-09-14 23:40:00,0,4.3,281.0,6.0,20.0,0.0313170731707317,11.0,1249.4,-0.5,275.0,45.0,48.0,45.0,48.0,31.0,48.0
2022-09-14 23:50:00,0,4.6,278.9,-3.1,21.0,0.0476097560975609,11.0,1251.3,-0.8,282.0,45.0,49.0,45.0,48.0,31.0,48.0
2022-09-15 00:00:00,0,4.5,274.8,-7.2,21.0,0.0433658536585365,11.0,1250.8,-0.7000000000000001,282.0,44.0,48.0,44.0,48.0,31.0,48.0
2022-09-15 00:10:00,0,4.4,283.8,1.8,20.0,0.0312195121951219,11.0,1249.3,-0.6000000000000001,282.0,44.0,48.0,44.0,48.0,31.0,48.0
2022-09-15 00:20:00,0,4.2,275.7,-6.4,20.0,0.0190731707317073,11.0,1248.5,-0.4,282.0,44.0,48.0,44.0,47.0,31.0,48.0
2022-09-15 00:30:00,0,2.9,277.2,-4.7,20.0,-0.0124878048780487,3.7,419.6,20.8,282.0,43.0,45.0,43.0,46.0,31.0,48.0
2022-09-15 00:40:00,0,2.4,267.9,-7.1,20.0,-0.0098048780487804,1.7000000000000002,192.0,24.0,275.0,43.0,43.0,42.0,45.0,30.0,48.0
2022-09-15 00:50:00,0,2.1,281.6,6.5,20.0,-0.0075121951219512,1.2,176.8,24.0,275.0,42.0,42.0,40.0,44.0,30.0,48.0
2022-09-15 01:00:00,0,1.6,272.1,-2.9,20.0,-0.006390243902439,0.0,127.0,24.0,275.0,42.0,41.0,38.0,43.0,29.0,48.0
2022-09-15 01:10:00,0,1.4,269.4,-5.6,20.0,-0.0052195121951219,0.0,95.2,24.0,275.0,41.0,40.0,36.0,41.0,30.0,48.0
2022-09-15 01:20:00,0,1.2,249.4,-25.6,20.0,-0.0052195121951219,0.0,38.5,24.0,275.0,41.0,40.0,35.0,40.0,30.0,48.0
2022-09-15 01:30:00,0,1.0,195.4,-79.6,20.0,-0.0052682926829268,0.0,1.9,24.0,275.0,40.0,39.0,34.0,39.0,29.0,49.0
2022-09-15 01:40:00,0,1.0,287.8,12.8,20.0,-0.0052195121951219,0.0,7.6,24.0,275.0,40.0,39.0,33.0,37.0,29.0,49.0
2022-09-15 01:50:00,0,1.3,24.1,109.1,20.0,-0.0052195121951219,0.0,0.0,24.0,275.0,39.0,38.0,32.0,36.0,29.0,49.0
2022-09-15 02:00:00,0,2.0,35.5,120.5,20.0,-0.0052682926829268,0.0,11.9,24.0,275.0,39.0,37.0,31.0,35.0,29.0,49.0
2022-09-15 02:10:00,0,2.0,8.7,93.7,19.0,-0.0052195121951219,0.0,0.0,24.0,275.0,38.0,37.0,31.0,35.0,29.0,49.0
2022-09-15 02:20:00,0,2.0,26.2,111.2,19.0,-0.0053170731707317,0.0,0.0,24.0,275.0,38.0,36.0,30.0,34.0,28.0,49.0
2022-09-15 02:30:00,0,2.1,347.6,72.5,19.0,-0.0052195121951219,0.0,2.8,24.0,275.0,37.0,36.0,29.0,33.0,28.0,49.0
2022-09-15 02:40:00,0,2.6,35.8,120.8,19.0,-0.0039024390243902,0.0,0.3,24.0,275.0,37.0,36.0,29.0,32.0,28.0,50.0
2022-09-15 02:50:00,0,2.9,31.9,116.8,19.0,-0.0047317073170731,0.7000000000000001,93.4,24.0,275.1,37.0,35.0,29.0,32.0,28.0,50.0
2022-09-15 03:00:00,0,2.7,4.8,-7.3,19.0,-0.0040487804878048,1.6,186.1,24.0,12.1,40.0,36.0,29.0,32.0,28.0,50.0
2022-09-15 03:10:00,0,2.8,2.2,9.4,19.0,-0.0039512195121951,1.9,217.2,24.0,352.8,40.0,37.0,29.0,31.0,28.0,50.0
2022-09-15 03:20:00,0,3.2,352.2,0.8,19.0,-0.004,2.3,260.4,24.0,351.4,40.0,37.0,29.0,31.0,28.0,50.0
2022-09-15 03:30:00,0,3.5,348.4,4.3,19.0,-0.0039512195121951,2.6,295.3,24.0,344.1,40.0,38.0,29.0,31.0,28.0,50.0
2022-09-15 03:40:00,0,3.4,344.0,-7.0,19.0,-0.0038536585365853,2.5,280.3,24.0,351.0,40.0,38.0,30.0,31.0,28.0,50.0
2022-09-15 03:50:00,0,3.3,352.3,1.2,19.0,-0.0038536585365853,2.3,261.6,24.0,351.0,40.0,38.0,30.0,30.0,28.0,50.0
2022-09-15 04:00:00,0,3.4,343.3,-7.8,18.0,-0.004,2.4,275.0,24.0,351.0,39.0,38.0,29.0,30.0,28.0,50.0
2022-09-15 04:10:00,0,3.7,350.4,-4.4,18.0,0.0005853658536585,7.3,828.7,10.0,354.9,40.0,40.0,30.0,32.0,28.0,50.0
2022-09-15 04:20:00,0,2.2,330.8,-1.3,18.0,-0.0044390243902439,1.0,195.7,41.7,332.1,40.0,42.0,33.0,37.0,28.0,49.0
2022-09-15 04:30:00,0,2.7,344.5,12.4,18.0,-0.0040975609756097,1.9,242.8,23.1,332.1,40.0,41.0,33.0,36.0,28.0,49.0
2022-09-15 04:40:00,0,3.2,359.0,15.7,18.0,-0.0024390243902439,6.8,771.9,12.8,343.4,40.0,42.0,34.0,35.0,28.0,49.0
2022-09-15 04:50:00,0,3.2,316.8,-26.5,18.0,-0.0039024390243902,2.4,272.0,24.0,343.4,40.0,41.0,34.0,34.0,28.0,48.0
2022-09-15 05:00:00,0,3.1,329.7,-21.7,18.0,-0.0038536585365853,2.4,266.6,24.0,351.4,39.0,40.0,33.0,34.0,28.0,49.0
2022-09-15 05:10:00,0,3.2,357.9,6.5,18.0,-0.0038536585365853,2.4,272.5,24.0,351.4,39.0,40.0,33.0,33.0,27.0,49.0
2022-09-15 05:20:00,0,3.4,357.4,5.9,18.0,-0.0038536585365853,2.5,281.6,24.0,351.4,39.0,39.0,32.0,32.0,27.0,49.0
2022-09-15 05:30:00,0,3.1,352.5,1.1,18.0,-0.0039512195121951,2.3,259.2,24.0,351.4,39.0,39.0,32.0,32.0,27.0,49.0
2022-09-15 05:40:00,0,2.6,346.7,-12.4,18.0,-0.0039024390243902,1.9,215.9,24.0,359.0,39.0,38.0,31.0,31.0,27.0,49.0
2022-09-15 05:50:00,0,2.4,355.1,-4.0,17.0,-0.0038536585365853,1.9,215.0,24.0,359.0,39.0,38.0,31.0,31.0,27.0,49.0
2022-09-15 06:00:00,0,2.7,342.9,-16.1,18.0,-0.0039024390243902,2.1,240.9,24.0,359.0,39.0,38.0,31.0,30.0,27.0,49.0
2022-09-15 06:10:00,0,2.9,338.0,-11.6,17.0,-0.0039512195121951,2.1,238.0,24.0,349.6,38.0,38.0,30.0,30.0,27.0,49.0
2022-09-15 06:20:00,0,3.0,351.7,10.2,17.0,-0.004,2.3,259.9,24.0,341.6,38.0,38.0,30.0,30.0,26.0,49.0
2022-09-15 06:30:00,0,3.4,346.6,20.8,17.0,0.0010731707317073,7.1,810.3,10.5,325.8,38.0,39.0,30.0,30.0,26.0,49.0
2022-09-15 06:40:00,0,3.2,325.3,-9.3,17.0,-0.0005853658536585,7.5,845.8,10.8,334.6,40.0,43.0,34.0,31.0,26.0,49.0
2022-09-15 06:50:00,0,2.6,359.0,25.6,17.0,-0.0038536585365853,1.9,220.3,24.0,333.5,39.0,41.0,34.0,32.0,27.0,48.0
2022-09-15 07:00:00,0,2.8,321.0,-12.5,17.0,-0.004,2.1,237.4,24.0,333.5,38.0,40.0,33.0,32.0,27.0,48.0
2022-09-15 07:10:00,0,3.0,350.9,12.4,17.0,-0.004,2.3,260.7,24.0,338.4,38.0,39.0,32.0,31.0,26.0,49.0
2022-09-15 07:20:00,0,2.4,344.3,3.4,17.0,-0.0038536585365853,1.7000000000000002,197.5,24.0,340.9,38.0,38.0,32.0,31.0,26.0,49.0
2022-09-15 07:30:00,0,1.8,346.5,5.5,17.0,-0.0038536585365853,0.2,150.5,24.0,340.9,38.0,38.0,32.0,31.0,26.0,49.0
2022-09-15 07:40:00,0,1.7000000000000002,348.4,7.5,17.0,-0.0038048780487804,0.6000000000000001,137.7,24.0,340.9,37.0,37.0,31.0,30.0,26.0,49.0
2022-09-15 07:50:00,0,1.7000000000000002,358.6,17.7,17.0,-0.0039024390243902,0.7000000000000001,157.0,24.0,340.9,37.0,37.0,31.0,30.0,26.0,49.0
2022-09-15 08:00:00,0,1.7000000000000002,344.0,3.1,16.0,-0.0037560975609756,0.0,119.2,24.0,340.9,37.0,37.0,30.0,30.0,26.0,49.0
2022-09-15 08:10:00,0,1.8,346.1,5.2,16.0,-0.0037560975609756,0.0,132.0,24.0,340.9,37.0,36.0,30.0,29.0,26.0,49.0
2022-09-15 08:20:00,0,3.0,309.4,-31.4,16.0,-0.0019512195121951,4.5,554.9,15.3,340.9,37.0,37.0,30.0,29.0,26.0,49.0
2022-09-15 08:30:00,0,3.4,331.6,13.1,16.0,0.000780487804878,9.0,1019.4,6.7,318.5,38.0,40.0,31.0,30.0,26.0,48.0
2022-09-15 08:40:00,0,3.3,334.8,9.3,16.0,-0.0040487804878048,2.8,314.9,23.7,325.5,38.0,41.0,33.0,33.0,26.0,48.0
2022-09-15 08:50:00,0,3.4,324.0,-1.5,16.0,-0.0039024390243902,2.6,293.2,24.0,325.5,38.0,40.0,33.0,32.0,26.0,48.0
2022-09-15 09:00:00,0,2.9,315.4,-17.1,16.0,-0.0038536585365853,2.3,259.7,24.0,332.5,37.0,39.0,32.0,32.0,26.0,48.0
2022-09-15 09:10:00,0,2.4,331.1,-1.3,16.0,-0.0038536585365853,1.9,210.7,24.0,332.5,37.0,38.0,31.0,31.0,26.0,48.0
2022-09-15 09:20:00,0,2.2,308.3,-24.2,16.0,-0.0038536585365853,1.2,185.4,24.0,332.5,37.0,37.0,31.0,31.0,26.0,48.0
2022-09-15 09:30:00,0,2.1,1.9,29.4,17.0,-0.0038536585365853,0.2,156.6,24.0,332.5,37.0,37.0,31.0,30.0,25.0,48.0
2022-09-15 09:40:00,0,2.0,296.3,-36.2,17.0,-0.0039024390243902,0.1,148.4,24.0,332.5,37.0,36.0,30.0,30.0,25.0,48.0
2022-09-15 09:50:00,0,1.7000000000000002,347.8,15.3,17.0,-0.0037073170731707,0.0,118.4,24.0,332.5,36.0,36.0,30.0,29.0,25.0,48.0
2022-09-15 10:00:00,0,1.7000000000000002,315.7,-16.7,18.0,-0.0037560975609756,0.0,111.6,24.0,332.5,36.0,36.0,30.0,29.0,25.0,48.0
2022-09-15 10:10:00,0,2.3,331.4,-1.1,18.0,-0.0039512195121951,1.1,177.6,24.0,332.5,36.0,35.0,29.0,29.0,25.0,48.0
2022-09-15 10:20:00,0,3.7,34.2,44.5,18.0,0.0226829268292682,7.1,805.5,9.8,349.7,37.0,37.0,30.0,31.0,26.0,48.0
2022-09-15 10:30:00,0,3.6,14.4,14.2,19.0,0.0145365853658536,11.0,1248.0,0.2,0.2,39.0,43.0,34.0,38.0,26.0,48.0
2022-09-15 10:40:00,0,3.3,40.6,38.7,19.0,0.0001463414634146,5.2,586.9,16.3,1.9,39.0,43.0,36.0,40.0,26.0,48.0
2022-09-15 10:50:00,0,2.9,340.9,-10.5,19.0,-4.878048780487805e-05,7.1,800.4,11.9,351.4,39.0,44.0,38.0,38.0,27.0,47.0
2022-09-15 11:00:00,0,2.3,15.4,24.0,20.0,-0.0038536585365853,0.9,163.1,24.0,351.4,39.0,42.0,37.0,37.0,27.0,47.0
2022-09-15 11:10:00,0,2.5,92.0,100.6,20.0,-0.0039024390243902,1.3,192.4,24.0,351.4,38.0,40.0,36.0,36.0,27.0,48.0
2022-09-15 11:20:00,0,3.6,339.2,-5.1,20.0,0.0050731707317073,7.3,835.2,9.6,344.4,38.0,40.0,36.0,36.0,28.0,48.0
2022-09-15 11:30:00,0,3.3,314.7,-28.0,21.0,0.0016097560975609,8.5,965.7,8.9,342.7,39.0,44.0,39.0,36.0,28.0,48.0
2022-09-15 11:40:00,0,3.0,343.0,-19.3,21.0,-0.0040975609756097,2.1,234.9,24.0,2.3,39.0,43.0,39.0,37.0,28.0,48.0
2022-09-15 11:50:00,0,3.7,3.5,2.7,21.0,0.0118048780487804,6.0,678.1,13.3,0.8,39.0,42.0,38.0,36.0,28.0,48.0
2022-09-15 12:00:00,0,3.1,19.3,38.7,22.0,-0.0036097560975609,5.2,591.5,17.5,340.6,40.0,43.0,40.0,39.0,29.0,48.0
2022-09-15 12:10:00,0,3.3,23.4,12.7,22.0,-0.0018536585365853,6.2,704.5,13.3,10.7,39.0,43.0,40.0,39.0,29.0,48.0
2022-09-15 12:20:00,0,3.0,354.1,0.9,22.0,-0.0041463414634146,2.1,238.7,24.0,353.2,39.0,42.0,40.0,39.0,29.0,48.0
2022-09-15 12:30:00,0,4.0,357.3,-4.5,22.0,0.0242926829268292,6.2,704.9,12.5,1.8,39.0,42.0,39.0,38.0,29.0,48.0
2022-09-15 12:40:00,0,4.3,296.6,-22.9,22.0,0.0383414634146341,10.2,1158.1,3.2,319.5,41.0,46.0,42.0,43.0,30.0,48.0
2022-09-15 12:50:00,0,5.1,305.4,-12.3,22.0,0.1094634146341463,11.4,1296.6,-1.1,317.8,42.0,48.0,43.0,48.0,29.0,48.0
2022-09-15 13:00:00,0,4.6,317.2,-10.3,22.0,0.0916585365853658,10.9,1229.8,1.4,327.5,43.0,50.0,44.0,51.0,30.0,48.0
2022-09-15 13:10:00,0,4.8,328.1,12.1,23.0,0.0772195121951219,8.6,982.9,6.6,316.0,42.0,48.0,43.0,51.0,30.0,48.0
2022-09-15 13:20:00,0,4.7,345.7,31.8,23.0,0.0645365853658536,11.2,1273.8,-0.8,314.0,43.0,49.0,44.0,53.0,30.0,48.0
2022-09-15 13:30:00,0,4.4,322.3,-18.2,23.0,0.0578048780487804,9.6,1087.2,4.0,340.5,42.0,47.0,44.0,53.0,30.0,48.0
2022-09-15 13:40:00,0,4.1,325.5,3.5,24.0,0.0421463414634146,11.2,1263.4,0.0,322.0,43.0,48.0,45.0,53.0,31.0,48.0
2022-09-15 13:50:00,0,5.5,342.9,26.5,23.0,0.1285853658536585,11.8,1341.3,-1.2,316.4,44.0,50.0,46.0,55.0,31.0,48.0
2022-09-15 14:00:00,0,5.4,313.3,-9.4,24.0,0.1205853658536585,12.1,1368.5,-0.7000000000000001,322.7,44.0,49.0,47.0,54.0,32.0,48.0
2022-09-15 14:10:00,0,4.8,315.0,-6.9,23.0,0.0781951219512195,11.3,1280.9,-0.9,322.0,45.0,51.0,47.0,55.0,32.0,49.0
2022-09-15 14:20:00,0,5.5,355.9,40.2,24.0,0.1169268292682926,11.8,1332.2,-1.3,315.7,45.0,50.0,47.0,54.0,32.0,49.0
2022-09-15 14:30:00,0,4.7,316.8,4.7,24.0,0.0544878048780487,11.3,1277.7,-0.5,312.1,45.0,50.0,47.0,53.0,32.0,49.0
2022-09-15 14:40:00,0,5.3,12.2,63.9,24.0,0.1130731707317073,11.6,1318.3,-1.1,308.3,45.0,50.0,48.0,54.0,33.0,49.0
2022-09-15 14:50:00,0,5.8,289.9,-5.5,23.0,0.1667317073170731,12.0,1360.9,-1.4,295.4,46.0,51.0,48.0,53.0,33.0,49.0
2022-09-15 15:00:00,0,4.9,329.0,-5.8,24.0,0.0810243902439024,11.6,1317.9,-0.8,334.9,46.0,51.0,48.0,55.0,32.0,49.0
2022-09-15 15:10:00,0,6.1,289.4,-12.9,24.0,0.1644390243902439,12.3,1390.7,-1.3,302.3,46.0,51.0,48.0,55.0,32.0,49.0
2022-09-15 15:20:00,0,6.7,289.5,-17.4,23.0,0.2062926829268292,12.7,1436.5,-1.9,306.9,47.0,53.0,48.0,58.0,33.0,49.0
2022-09-15 15:30:00,0,6.5,284.9,-19.8,23.0,0.2000975609756097,12.6,1430.8,-1.8,304.8,48.0,54.0,50.0,59.0,33.0,49.0
2022-09-15 15:40:00,0,7.3,294.7,-13.5,23.0,0.2753658536585366,13.5,1528.7,-2.0,308.3,49.0,55.0,51.0,61.0,33.0,49.0
2022-09-15 15:50:00,0,7.4,305.9,17.6,23.0,0.3096585365853658,13.5,1527.2,-2.1,288.3,49.0,56.0,52.0,63.0,33.0,49.0
2022-09-15 16:00:00,0,7.8,313.3,29.5,23.0,0.3673170731707317,13.6,1544.4,-2.0,283.8,50.0,57.0,53.0,64.0,33.0,49.0
2022-09-15 16:10:00,0,7.9,280.4,-10.4,23.0,0.3832682926829268,13.7,1556.7,-2.0,290.8,51.0,58.0,54.0,65.0,33.0,49.0
2022-09-15 16:20:00,0,8.7,286.2,-2.8,22.0,0.4823414634146341,14.4,1629.3,-2.0,289.0,52.0,59.0,55.0,66.0,33.0,49.0
2022-09-15 16:30:00,0,7.7,277.3,-3.6,23.0,0.3739512195121951,13.7,1551.2,-2.0,281.0,53.0,59.0,56.0,66.0,33.0,49.0
2022-09-15 16:40:00,0,7.9,297.9,2.6,23.0,0.3858536585365854,13.8,1560.3,-2.0,295.3,53.0,59.0,56.0,66.0,33.0,49.0
2022-09-15 16:50:00,0,8.1,274.6,-20.3,23.0,0.4090243902439024,13.9,1574.6,-2.1,295.0,54.0,60.0,57.0,66.0,33.0,49.0
2022-09-15 17:00:00,0,7.5,305.6,9.6,23.0,0.2960975609756097,13.6,1537.1,-2.1,296.0,54.0,59.0,57.0,66.0,34.0,49.0
2022-09-15 17:10:00,0,7.3,297.9,10.6,23.0,0.3079024390243902,13.3,1506.8,-2.0,287.3,54.0,59.0,57.0,66.0,34.0,49.0
2022-09-15 17:20:00,0,7.6,288.9,-10.4,23.0,0.3451219512195121,13.6,1537.7,-2.0,299.2,55.0,59.0,58.0,65.0,34.0,49.0
2022-09-15 17:30:00,0,7.6,302.6,-12.3,23.0,0.3468780487804878,13.6,1540.3,-2.0,314.9,55.0,59.0,58.0,65.0,34.0,49.0
2022-09-15 17:40:00,0,7.3,344.4,44.5,23.0,0.2984878048780487,13.3,1506.6,-2.0,299.9,55.0,59.0,58.0,65.0,34.0,49.0
2022-09-15 17:50:00,0,7.3,323.2,-0.2,23.0,0.2763414634146341,13.3,1501.9,-2.0,323.4,55.0,59.0,58.0,65.0,34.0,49.0
2022-09-15 18:00:00,0,7.9,323.1,8.8,23.0,0.3625853658536585,13.8,1557.9,-2.0,314.2,56.0,60.0,58.0,65.0,34.0,49.0
2022-09-15 18:10:00,0,8.0,320.2,24.2,23.0,0.3769268292682927,13.9,1574.9,-2.1,296.0,56.0,60.0,58.0,65.0,34.0,49.0
2022-09-15 18:20:00,0,7.5,323.9,26.1,23.0,0.3425853658536585,13.4,1522.7,-2.0,297.8,56.0,60.0,59.0,65.0,34.0,49.0
2022-09-15 18:30:00,0,8.3,320.7,11.0,23.0,0.4179024390243903,14.1,1595.6,-2.1,309.7,56.0,61.0,59.0,65.0,35.0,49.0
2022-09-15 18:40:00,0,8.3,309.9,7.2,23.0,0.4334146341463414,14.2,1611.5,-2.2,302.7,53.0,61.0,59.0,66.0,35.0,49.0
2022-09-15 18:50:00,0,7.7,306.6,3.9,23.0,0.3822926829268293,13.6,1545.5,-2.0,302.7,52.0,60.0,60.0,66.0,35.0,49.0
2022-09-15 19:00:00,0,7.4,311.9,9.5,23.0,0.2947317073170732,13.4,1514.0,-2.0,302.3,54.0,59.0,59.0,65.0,34.0,49.0
2022-09-15 19:10:00,0,7.8,298.0,-11.3,23.0,0.3548780487804878,13.9,1571.0,-2.1,309.3,55.0,60.0,60.0,65.0,34.0,49.0
2022-09-15 19:20:00,0,7.3,304.9,9.5,23.0,0.3171219512195122,13.4,1521.0,-2.1,295.3,55.0,60.0,59.0,65.0,35.0,49.0
2022-09-15 19:30:00,0,7.3,301.6,-0.3,22.0,0.2886829268292682,13.5,1525.2,-2.0,302.0,55.0,59.0,59.0,63.0,34.0,49.0
2022-09-15 19:40:00,0,7.2,291.2,-3.4,22.0,0.2861463414634146,13.4,1516.2,-2.1,294.6,55.0,59.0,59.0,63.0,34.0,49.0
2022-09-15 19:50:00,0,7.3,279.2,-7.4,22.0,0.3023414634146341,13.3,1504.2,-2.0,286.6,55.0,59.0,59.0,61.0,34.0,49.0
2022-09-15 20:00:00,0,7.6,289.1,2.6,22.0,0.3512195121951219,13.6,1540.5,-2.1,286.6,56.0,60.0,59.0,60.0,34.0,49.0
2022-09-15 20:10:00,0,7.4,293.1,6.5,22.0,0.3080487804878049,13.5,1530.8,-2.1,286.6,56.0,60.0,59.0,59.0,34.0,48.0
2022-09-15 20:20:00,0,7.0,275.2,-11.4,21.0,0.2892682926829268,13.2,1494.1,-2.0,286.6,56.0,59.0,59.0,58.0,34.0,48.0
2022-09-15 20:30:00,0,7.0,281.2,-5.3,21.0,0.2724878048780488,13.2,1494.1,-2.0,286.6,56.0,59.0,59.0,57.0,34.0,48.0
2022-09-15 20:40:00,0,7.1,297.8,11.2,21.0,0.2840487804878048,13.3,1507.3,-2.1,286.6,56.0,59.0,59.0,55.0,34.0,48.0
2022-09-15 20:50:00,0,6.4,299.6,13.0,21.0,0.1975121951219512,12.4,1401.4,-1.9,286.6,55.0,58.0,58.0,53.0,34.0,48.0
2022-09-15 21:00:00,0,6.0,284.5,-2.0,21.0,0.1579024390243902,11.9,1347.1,-1.8,286.6,55.0,57.0,57.0,51.0,34.0,48.0
2022-09-15 21:10:00,0,5.6,281.0,-5.5,21.0,0.1224878048780487,11.6,1311.7,-1.6,286.6,54.0,56.0,55.0,50.0,34.0,48.0
2022-09-15 21:20:00,0,5.3,293.1,6.5,21.0,0.0953658536585365,11.3,1280.7,-1.3,286.6,53.0,54.0,53.0,49.0,33.0,48.0
2022-09-15 21:30:00,0,5.1,288.0,1.4,21.0,0.0712682926829268,11.1,1259.1,-1.2,286.6,52.0,53.0,51.0,48.0,33.0,48.0
2022-09-15 21:40:00,0,5.0,288.9,2.4,21.0,0.0651219512195122,11.1,1257.6,-1.1,286.6,51.0,52.0,50.0,48.0,33.0,48.0
2022-09-15 21:50:00,0,4.4,282.5,-4.1,21.0,0.052390243902439,11.1,1253.1,-0.5,286.6,51.0,52.0,48.0,47.0,33.0,48.0
2022-09-15 22:00:00,0,3.9,291.5,4.9,21.0,0.0299512195121951,11.0,1248.5,-0.1,286.6,50.0,51.0,48.0,46.0,32.0,48.0
2022-09-15 22:10:00,0,4.0,272.5,-21.4,21.0,0.0272195121951219,11.0,1249.1,-0.1,293.9,49.0,50.0,47.0,46.0,32.0,47.0
2022-09-15 22:20:00,0,3.5,286.7,-7.2,21.0,0.011170731707317,11.0,1248.3,0.3,293.9,48.0,49.0,46.0,45.0,32.0,47.0
2022-09-15 22:30:00,0,3.4,310.4,16.5,21.0,-0.0029268292682926,10.0,1138.0,3.9,293.9,48.0,48.0,45.0,45.0,32.0,47.0
2022-09-15 22:40:00,0,3.5,301.6,0.0,21.0,0.0038048780487804,11.0,1247.9,1.0,301.6,47.0,47.0,45.0,44.0,32.0,47.0
2022-09-15 22:50:00,0,3.8,299.6,1.5,21.0,0.0093170731707317,11.0,1248.9,0.1,298.1,47.0,48.0,44.0,44.0,32.0,47.0
2022-09-15 23:00:00,0,3.4,301.1,0.5,21.0,-0.0074634146341463,7.1,802.1,12.0,300.6,46.0,47.0,44.0,43.0,32.0,47.0
2022-09-15 23:10:00,0,4.0,306.9,6.4,21.0,0.0116585365853658,10.7,1210.9,0.1,300.6,45.0,46.0,43.0,43.0,31.0,47.0
2022-09-15 23:20:00,0,3.6,295.3,-5.3,21.0,-0.0017073170731707,9.2,1034.9,6.6,300.6,45.0,46.0,43.0,43.0,31.0,47.0
2022-09-15 23:30:00,0,3.3,330.0,36.7,21.0,-0.0105853658536585,2.6,298.7,24.0,293.2,44.0,44.0,42.0,42.0,31.0,47.0
2022-09-15 23:40:00,0,2.8,304.3,0.9,21.0,-0.0084390243902439,2.2,251.3,24.0,303.4,44.0,42.0,40.0,42.0,31.0,47.0
2022-09-15 23:50:00,0,2.1,328.9,28.6,21.0,-0.0070731707317073,0.9,172.9,24.0,300.2,44.0,41.0,38.0,41.0,31.0,47.0
2022-09-16 00:00:00,0,1.8,292.6,-7.6,21.0,-0.0061463414634146,0.0,145.4,24.0,300.2,43.0,41.0,36.0,40.0,31.0,47.0
2022-09-16 00:10:00,0,1.3,320.4,20.1,21.0,-0.006,0.0,85.0,24.0,300.2,42.0,40.0,35.0,39.0,30.0,47.0
2022-09-16 00:20:00,0,0.7000000000000001,12.6,72.4,21.0,-0.0052682926829268,0.0,0.4,24.0,300.2,42.0,40.0,34.0,38.0,29.0,48.0
2022-09-16 00:30:00,0,1.2,21.7,81.5,20.0,-0.0052195121951219,0.0,0.0,24.0,300.2,41.0,39.0,33.0,37.0,29.0,48.0
2022-09-16 00:40:00,0,1.1,64.0,123.8,20.0,-0.005170731707317,0.0,4.4,24.0,300.2,40.0,38.0,32.0,36.0,29.0,48.0
2022-09-16 00:50:00,0,1.0,131.5,-168.7,20.0,-0.0052195121951219,0.0,0.0,24.0,300.2,40.0,38.0,32.0,35.0,29.0,48.0
2022-09-16 01:00:00,0,1.0,198.5,-101.7,20.0,-0.0052195121951219,0.0,0.0,24.0,300.2,39.0,37.0,31.0,34.0,28.0,48.0
2022-09-16 01:10:00,0,1.4,248.6,-51.6,20.0,-0.005170731707317,0.0,21.7,24.0,300.2,39.0,37.0,30.0,34.0,28.0,48.0
2022-09-16 01:20:00,0,1.5,49.3,109.0,20.0,-0.0052195121951219,0.0,69.4,24.0,300.2,40.0,37.0,30.0,33.0,28.0,49.0
2022-09-16 01:30:00,0,1.4,140.7,-159.5,20.0,-0.004390243902439,0.0,67.0,24.0,300.2,42.0,37.0,29.0,32.0,28.0,49.0
2022-09-16 01:40:00,0,1.7000000000000002,155.7,-144.5,20.0,-0.0038536585365853,0.0,57.2,24.0,300.2,41.0,37.0,29.0,32.0,29.0,49.0
2022-09-16 01:50:00,0,1.2,211.6,-88.6,20.0,-0.0039512195121951,0.0,23.7,24.0,300.2,41.0,37.0,29.0,31.0,29.0,49.0
2022-09-16 02:00:00,0,1.4,141.6,-158.6,20.0,-0.0037073170731707,0.0,0.0,24.0,300.2,39.0,36.0,29.0,31.0,29.0,49.0
2022-09-16 02:10:00,0,1.7000000000000002,104.4,164.2,20.0,-0.0038048780487804,0.0,0.0,24.0,300.2,38.0,36.0,29.0,31.0,28.0,50.0
2022-09-16 02:20:00,0,1.3,55.4,115.2,20.0,-0.0039024390243902,0.0,13.6,24.0,300.2,38.0,36.0,29.0,30.0,28.0,50.0
2022-09-16 02:30:00,0,1.7000000000000002,151.8,-148.4,19.0,-0.0037073170731707,0.0,31.0,24.0,300.2,38.0,36.0,29.0,30.0,28.0,50.0
2022-09-16 02:40:00,0,1.3,64.5,124.3,20.0,-0.0037560975609756,0.0,0.4,24.0,300.2,38.0,35.0,29.0,30.0,28.0,50.0
2022-09-16 02:50:00,0,1.4,46.8,106.5,20.0,-0.0037560975609756,0.0,0.0,24.0,300.2,37.0,35.0,29.0,30.0,28.0,50.0
2022-09-16 03:00:00,0,1.5,88.6,148.3,20.0,-0.0037560975609756,0.0,0.0,24.0,300.2,36.0,35.0,29.0,29.0,28.0,50.0
2022-09-16 03:10:00,0,1.3,346.5,46.2,19.0,-0.0037560975609756,0.0,0.0,24.0,300.2,36.0,35.0,29.0,29.0,28.0,51.0
2022-09-16 03:20:00,0,1.1,33.8,93.6,19.0,-0.0038048780487804,0.0,0.7000000000000001,24.0,300.2,36.0,34.0,28.0,29.0,27.0,51.0
2022-09-16 03:30:00,0,1.5,52.7,112.5,19.0,-0.0037560975609756,0.0,0.0,24.0,300.2,35.0,34.0,28.0,29.0,27.0,51.0
2022-09-16 03:40:00,0,1.5,58.0,117.8,19.0,-0.0037073170731707,0.0,0.0,24.0,300.2,35.0,34.0,28.0,28.0,27.0,51.0
2022-09-16 03:50:00,0,1.4,62.0,121.8,19.0,-0.0037073170731707,0.0,0.0,24.0,300.2,35.0,34.0,28.0,28.0,27.0,51.0
2022-09-16 04:00:00,0,1.6,55.8,115.6,19.0,-0.0037560975609756,0.0,4.1,24.0,300.2,34.0,33.0,28.0,28.0,27.0,51.0
2022-09-16 04:10:00,0,1.5,6.2,66.0,19.0,-0.0037560975609756,0.0,0.0,24.0,300.2,34.0,33.0,28.0,28.0,27.0,51.0
2022-09-16 04:20:00,0,1.4,54.8,114.5,19.0,-0.0037560975609756,0.0,0.0,24.0,300.2,34.0,33.0,28.0,27.0,27.0,51.0
2022-09-16 04:30:00,0,1.5,31.8,91.6,19.0,-0.0037073170731707,0.0,0.0,24.0,300.2,34.0,33.0,28.0,27.0,26.0,51.0
2022-09-16 04:40:00,0,1.5,343.1,42.9,19.0,-0.0037560975609756,0.0,0.0,24.0,300.2,34.0,33.0,28.0,27.0,26.0,51.0
2022-09-16 04:50:00,0,1.6,23.7,83.5,19.0,-0.0037073170731707,0.0,24.7,24.0,300.2,34.0,33.0,28.0,27.0,26.0,51.0
2022-09-16 05:00:00,0,2.0,341.3,41.1,19.0,-0.0037560975609756,0.0,47.5,24.0,300.2,35.0,33.0,27.0,27.0,26.0,51.0
2022-09-16 05:10:00,0,1.8,359.0,59.6,19.0,-0.0037560975609756,0.0,41.6,24.0,300.2,36.0,33.0,27.0,27.0,26.0,51.0
2022-09-16 05:20:00,0,2.0,5.2,65.0,19.0,-0.0037560975609756,0.0,44.7,24.0,300.2,36.0,33.0,27.0,26.0,26.0,52.0
2022-09-16 05:30:00,0,2.1,21.1,80.8,19.0,-0.0037073170731707,0.0,48.7,24.0,300.2,37.0,33.0,27.0,26.0,26.0,51.0
2022-09-16 05:40:00,0,1.8,6.8,66.6,19.0,-0.0037073170731707,0.0,41.4,24.0,300.2,37.0,33.0,27.0,26.0,26.0,51.0
2022-09-16 05:50:00,0,1.9,17.3,77.1,19.0,-0.0037560975609756,0.0,21.3,24.0,300.2,36.0,33.0,27.0,26.0,26.0,51.0
2022-09-16 06:00:00,0,1.8,13.5,73.2,19.0,-0.0037560975609756,0.0,34.4,24.0,300.2,36.0,33.0,27.0,26.0,26.0,51.0
2022-09-16 06:10:00,0,1.7000000000000002,11.3,71.1,19.0,-0.0037560975609756,0.0,12.2,24.0,300.2,35.0,33.0,27.0,26.0,26.0,51.0
2022-09-16 06:20:00,0,1.6,20.5,80.3,19.0,-0.0037560975609756,0.0,0.0,24.0,300.2,35.0,33.0,27.0,26.0,26.0,51.0
2022-09-16 06:30:00,0,2.1,14.2,74.0,19.0,-0.0037073170731707,0.0,0.0,24.0,300.2,34.0,32.0,27.0,26.0,26.0,51.0
2022-09-16 06:40:00,0,2.5,24.7,84.5,19.0,-0.0037560975609756,0.0,0.0,24.0,300.2,34.0,32.0,27.0,26.0,26.0,51.0
2022-09-16 06:50:00,0,2.8,19.7,79.3,19.0,-0.0045365853658536,1.0,125.3,24.0,300.4,35.0,32.0,27.0,26.0,26.0,51.0
2022-09-16 07:00:00,0,2.3,31.6,-5.7,19.0,-0.0039024390243902,1.6,180.5,24.0,37.3,37.0,33.0,27.0,26.0,26.0,51.0
2022-09-16 07:10:00,0,2.6,32.6,-4.7,19.0,-0.0039024390243902,1.7000000000000002,190.0,24.0,37.3,37.0,34.0,27.0,26.0,26.0,51.0
2022-09-16 07:20:00,0,2.9,26.7,-10.6,19.0,-0.004,2.0,222.2,24.0,37.3,37.0,35.0,27.0,26.0,26.0,51.0
2022-09-16 07:30:00,0,2.8,22.8,-7.5,19.0,-0.0039024390243902,2.0,224.5,24.0,30.3,37.0,35.0,27.0,26.0,26.0,51.0
2022-09-16 07:40:00,0,2.4,27.7,5.4,19.0,-0.0038536585365853,1.7000000000000002,202.0,24.0,22.3,37.0,35.0,27.0,26.0,26.0,51.0
2022-09-16 07:50:00,0,1.9,349.0,-33.3,19.0,-0.0038536585365853,0.0,111.6,24.0,22.3,37.0,35.0,27.0,26.0,26.0,51.0
2022-09-16 08:00:00,0,2.2,338.8,-43.4,19.0,-0.0038536585365853,0.0,143.1,24.0,22.3,36.0,35.0,27.0,26.0,26.0,51.0
2022-09-16 08:10:00,0,2.1,340.9,-41.3,18.0,-0.0038048780487804,0.0,119.6,24.0,22.3,36.0,35.0,27.0,26.0,26.0,51.0
2022-09-16 08:20:00,0,2.5,320.4,-61.8,18.0,-0.004,0.0,123.8,24.0,22.2,36.0,35.0,27.0,26.0,26.0,51.0
2022-09-16 08:30:00,0,2.4,350.5,0.5,18.0,-0.004,1.2,172.4,24.0,350.0,36.0,35.0,27.0,26.0,26.0,51.0
2022-09-16 08:40:00,0,2.2,331.9,-2.3,18.0,-0.0039024390243902,0.1,148.2,24.0,334.2,36.0,35.0,26.0,26.0,26.0,51.0
2022-09-16 08:50:00,0,1.7000000000000002,354.2,19.9,19.0,-0.0039024390243902,0.0,124.6,24.0,334.2,36.0,35.0,26.0,26.0,25.0,50.0
2022-09-16 09:00:00,0,1.3,11.3,37.0,19.0,-0.0027317073170731,0.0,72.4,24.0,334.2,36.0,35.0,26.0,26.0,26.0,50.0
2022-09-16 09:10:00,0,1.6,56.6,82.3,20.0,-0.0021951219512195,0.0,12.0,24.0,334.2,35.0,34.0,26.0,26.0,27.0,51.0
2022-09-16 09:20:00,0,2.0,35.5,61.2,20.0,-0.0021951219512195,0.0,8.9,24.0,334.2,35.0,34.0,26.0,25.0,27.0,51.0
2022-09-16 09:30:00,0,2.4,43.3,69.0,20.0,-0.0021951219512195,0.0,49.2,24.0,334.2,35.0,34.0,26.0,25.0,28.0,51.0
2022-09-16 09:40:00,0,2.4,28.8,54.6,20.0,-0.0022439024390243,0.0,46.7,24.0,334.2,35.0,34.0,26.0,25.0,28.0,52.0
2022-09-16 09:50:00,0,2.5,37.4,63.1,20.0,-0.0022439024390243,0.0,41.3,24.0,334.2,35.0,34.0,26.0,25.0,29.0,52.0
2022-09-16 10:00:00,0,2.4,47.0,72.8,20.0,-0.0021951219512195,0.0,32.8,24.0,334.2,35.0,34.0,26.0,25.0,29.0,53.0
2022-09-16 10:10:00,0,2.7,75.4,101.1,20.0,-0.0031219512195121,1.0,150.0,24.0,334.3,35.0,34.0,26.0,26.0,30.0,50.0
2022-09-16 10:20:00,0,2.3,35.8,1.0,21.0,-0.0024878048780487,1.2,187.9,24.0,34.9,35.0,35.0,27.0,26.0,30.0,44.0
2022-09-16 10:30:00,0,2.2,22.2,-3.2,21.0,-0.0022926829268292,0.4,158.8,24.0,25.4,35.0,35.0,27.0,26.0,30.0,45.0
2022-09-16 10:40:00,0,1.9,4.3,-21.1,22.0,-0.0022926829268292,0.4,134.3,24.0,25.4,35.0,35.0,27.0,26.0,30.0,47.0
2022-09-16 10:50:00,0,1.9,109.2,83.8,22.0,-0.0022926829268292,0.6000000000000001,152.1,24.0,25.4,35.0,35.0,27.0,26.0,31.0,48.0
2022-09-16 11:00:00,0,1.9,6.2,-19.2,23.0,-0.0022439024390243,0.3,135.7,24.0,25.4,35.0,35.0,28.0,27.0,31.0,49.0
2022-09-16 11:10:00,0,2.1,2.5,-22.9,23.0,-0.002390243902439,0.1,147.6,24.0,25.4,35.0,35.0,28.0,27.0,31.0,50.0
2022-09-16 11:20:00,0,1.7000000000000002,29.9,4.4,24.0,-0.0024390243902439,0.0,111.6,24.0,25.4,35.0,35.0,28.0,27.0,31.0,51.0
2022-09-16 11:30:00,0,1.6,310.0,-75.5,24.0,-0.0022926829268292,0.0,40.4,24.0,25.4,35.0,35.0,28.0,27.0,32.0,51.0
2022-09-16 11:40:00,0,1.4,17.0,-8.4,25.0,-0.0022439024390243,0.0,27.2,24.0,25.4,35.0,35.0,28.0,27.0,32.0,52.0
2022-09-16 11:50:00,0,1.7000000000000002,259.6,-125.8,25.0,-0.0028292682926829,0.0,79.5,24.0,25.4,35.0,35.0,28.0,27.0,33.0,50.0
2022-09-16 12:00:00,0,2.0,38.4,13.0,25.0,-0.0028292682926829,0.3,143.7,24.0,25.4,35.0,35.0,28.0,27.0,33.0,45.0
2022-09-16 12:10:00,0,2.9,45.9,20.5,25.0,-0.0028780487804878,1.8,216.1,24.0,25.4,35.0,36.0,29.0,28.0,33.0,46.0
2022-09-16 12:20:00,0,2.7,1.3,-39.2,26.0,-0.0032195121951219,1.4,200.3,23.5,40.5,35.0,36.0,29.0,28.0,34.0,47.0
2022-09-16 12:30:00,0,4.1,30.6,-0.8,26.0,0.0276585365853658,11.0,1241.9,-0.2,31.4,37.0,40.0,30.0,29.0,33.0,48.0
2022-09-16 12:40:00,0,3.7,59.4,9.4,26.0,0.0020487804878048,5.5,632.3,35.8,49.9,38.0,44.0,32.0,31.0,33.0,49.0
2022-09-16 12:50:00,0,3.7,73.8,24.1,26.0,0.018780487804878,11.0,1240.8,0.4,49.7,39.0,45.0,33.0,32.0,34.0,49.0
2022-09-16 13:00:00,0,4.3,63.5,-24.6,26.0,0.0318536585365853,10.3,1164.1,2.0,88.1,40.0,47.0,35.0,35.0,34.0,49.0
2022-09-16 13:10:00,0,4.2,74.6,9.2,26.0,0.0332195121951219,10.1,1148.7,3.1,65.4,40.0,47.0,37.0,40.0,33.0,49.0
2022-09-16 13:20:00,0,4.4,139.9,65.5,27.0,0.019560975609756,8.7,1001.1,10.5,74.4,41.0,47.0,38.0,43.0,34.0,50.0
2022-09-16 13:30:00,0,4.1,58.6,21.3,27.0,0.0399024390243902,11.1,1254.8,0.0,37.3,41.0,48.0,39.0,45.0,34.0,50.0
2022-09-16 13:40:00,0,4.9,21.4,-17.7,27.0,0.0890243902439024,11.3,1278.3,-0.9,39.1,43.0,50.0,41.0,47.0,34.0,51.0
2022-09-16 13:50:00,0,4.0,18.8,-26.9,27.0,0.0345365853658536,8.4,959.9,8.6,45.8,43.0,49.0,41.0,47.0,34.0,51.0
2022-09-16 14:00:00,0,3.3,52.0,-1.5,28.0,0.0039512195121951,7.2,822.6,10.5,53.5,43.0,48.0,42.0,45.0,34.0,51.0
2022-09-16 14:10:00,0,2.9,9.2,-46.0,28.0,-0.0043414634146341,4.8,548.3,12.8,55.2,42.0,46.0,41.0,44.0,35.0,52.0
2022-09-16 14:20:00,0,3.0,359.0,-64.3,28.0,-0.0050243902439024,1.2,169.5,26.1,64.0,42.0,46.0,41.0,43.0,36.0,52.0
2022-09-16 14:30:00,0,3.3,62.1,7.2,28.0,0.0050243902439024,8.2,940.9,10.9,54.9,43.0,47.0,40.0,43.0,36.0,53.0
2022-09-16 14:40:00,0,1.9,69.4,5.1,29.0,-0.0044390243902439,1.0,127.2,33.4,64.3,43.0,47.0,40.0,42.0,36.0,52.0
2022-09-16 14:50:00,0,3.2,42.3,-32.5,29.0,-0.0039512195121951,5.2,607.0,15.1,74.8,43.0,46.0,40.0,42.0,37.0,46.0
2022-09-16 15:00:00,0,2.8,16.1,-40.8,29.0,0.0016097560975609,2.5,340.5,19.4,56.9,43.0,46.0,40.0,41.0,36.0,45.0
2022-09-16 15:10:00,0,4.3,349.0,-14.0,29.0,0.0408780487804878,11.0,1250.5,-0.2,3.0,43.0,48.0,40.0,41.0,36.0,47.0
2022-09-16 15:20:00,0,3.0,40.7,-1.8,29.0,-0.0049268292682926,4.3,525.9,15.8,42.6,43.0,47.0,41.0,41.0,36.0,48.0
2022-09-16 15:30:00,0,4.3,94.5,59.6,29.0,0.0486341463414634,11.1,1254.9,-0.3,34.9,44.0,48.0,41.0,41.0,36.0,48.0
2022-09-16 15:40:00,0,3.9,106.5,47.1,29.0,0.0189268292682926,8.1,942.3,7.2,59.4,44.0,48.0,42.0,42.0,36.0,49.0
2022-09-16 15:50:00,0,3.5,28.5,-2.2,29.0,0.0094146341463414,10.4,1174.7,1.8,30.7,44.0,48.0,43.0,42.0,36.0,50.0
2022-09-16 16:00:00,0,2.7,61.5,15.1,30.0,-0.0048292682926829,1.3,212.4,23.9,46.4,43.0,47.0,43.0,42.0,36.0,50.0
2022-09-16 16:10:00,0,4.3,37.4,-6.5,29.0,0.051170731707317,9.9,1121.0,4.0,43.9,44.0,48.0,42.0,42.0,36.0,51.0
2022-09-16 16:20:00,0,5.0,329.4,-24.8,29.0,0.1016585365853658,9.4,1073.1,6.5,354.1,44.0,48.0,43.0,43.0,36.0,51.0
2022-09-16 16:30:00,0,6.7,277.0,-32.3,28.0,0.2378048780487804,12.8,1453.0,-1.9,309.3,47.0,54.0,45.0,47.0,36.0,51.0
2022-09-16 16:40:00,0,7.6,298.3,1.9,27.0,0.3288780487804878,13.6,1542.7,-2.1,296.4,48.0,56.0,48.0,52.0,36.0,52.0
2022-09-16 16:50:00,0,7.7,284.8,5.6,27.0,0.3364878048780487,13.6,1541.2,-2.1,279.2,49.0,58.0,50.0,55.0,36.0,52.0
2022-09-16 17:00:00,0,7.1,294.8,12.8,27.0,0.2690243902439024,13.2,1498.4,-2.0,282.0,50.0,58.0,52.0,58.0,36.0,52.0
2022-09-16 17:10:00,0,7.4,282.8,-3.1,27.0,0.2954146341463414,13.5,1526.1,-2.1,285.8,51.0,58.0,53.0,59.0,36.0,52.0
2022-09-16 17:20:00,0,6.2,267.2,-3.9,27.0,0.1753170731707317,12.1,1374.2,-1.8,271.1,51.0,57.0,52.0,59.0,36.0,52.0
2022-09-16 17:30:00,0,5.7,285.3,21.5,27.0,0.1345853658536585,11.6,1311.9,-1.7000000000000002,263.8,51.0,56.0,51.0,57.0,36.0,52.0
2022-09-16 17:40:00,0,4.2,291.5,19.7,27.0,0.0389268292682926,11.1,1255.4,-0.3,271.8,50.0,53.0,50.0,56.0,36.0,52.0
2022-09-16 17:50:00,0,3.8,251.1,-6.0,27.0,0.0221951219512195,11.0,1248.6,0.2,257.1,49.0,52.0,49.0,53.0,36.0,52.0
2022-09-16 18:00:00,0,4.1,273.6,4.9,27.0,0.0360487804878048,11.1,1256.9,-0.1,268.6,49.0,51.0,48.0,52.0,36.0,52.0
2022-09-16 18:10:00,0,4.4,230.9,-6.3,27.0,0.0464390243902439,11.1,1255.5,-0.5,237.2,48.0,52.0,48.0,51.0,36.0,52.0
2022-09-16 18:20:00,0,4.0,267.0,15.1,27.0,0.0301951219512195,11.0,1249.8,-0.2,251.9,48.0,51.0,47.0,51.0,36.0,52.0
2022-09-16 18:30:00,0,4.2,282.5,18.0,27.0,0.0434146341463414,11.1,1254.1,-0.3,264.5,48.0,51.0,46.0,50.0,36.0,52.0
2022-09-16 18:40:00,0,4.8,278.2,6.3,26.0,0.0796097560975609,11.2,1265.2,-0.9,271.9,48.0,52.0,46.0,50.0,36.0,52.0
2022-09-16 18:50:00,0,5.1,275.6,-15.2,26.0,0.0974146341463414,11.3,1278.4,-1.1,290.8,48.0,52.0,46.0,50.0,36.0,52.0
2022-09-16 19:00:00,0,4.7,279.4,-18.7,26.0,0.0672682926829268,11.1,1255.8,-0.9,298.1,48.0,53.0,45.0,50.0,36.0,52.0
2022-09-16 19:10:00,0,5.1,292.1,1.0,26.0,0.1060975609756097,11.2,1270.4,-1.2,291.2,48.0,53.0,45.0,49.0,36.0,52.0
2022-09-16 19:20:00,0,5.3,279.5,-29.2,26.0,0.1158536585365853,11.3,1276.8,-1.3,308.7,49.0,54.0,45.0,49.0,36.0,52.0
2022-09-16 19:30:00,0,4.4,338.3,23.0,26.0,0.0474146341463414,11.1,1251.7,-0.6000000000000001,315.3,48.0,52.0,45.0,49.0,36.0,52.0
2022-09-16 19:40:00,0,3.4,286.5,-27.4,26.0,0.0119024390243902,10.8,1217.4,1.1,313.9,48.0,50.0,45.0,49.0,35.0,52.0
2022-09-16 19:50:00,0,2.6,320.6,2.2,26.0,-0.0085365853658536,1.8,214.1,24.1,318.4,47.0,48.0,44.0,49.0,36.0,52.0
2022-09-16 20:00:00,0,2.7,294.6,-5.9,26.0,-0.0084878048780487,1.8,217.4,24.0,300.6,46.0,44.0,42.0,48.0,35.0,52.0
2022-09-16 20:10:00,0,2.1,320.8,8.6,27.0,-0.0083414634146341,0.1,139.2,24.0,312.2,45.0,42.0,41.0,47.0,35.0,52.0
2022-09-16 20:20:00,0,1.4,287.3,-24.9,27.0,-0.0082439024390243,0.0,21.2,24.0,312.2,45.0,42.0,40.0,46.0,35.0,52.0
2022-09-16 20:30:00,0,2.2,207.1,-105.0,26.0,-0.0082439024390243,0.0,75.8,24.0,312.2,44.0,41.0,38.0,45.0,34.0,52.0
2022-09-16 20:40:00,0,3.8,72.2,120.3,25.0,-0.0034146341463414,1.8,271.3,20.1,311.9,44.0,41.0,37.0,43.0,34.0,52.0
2022-09-16 20:50:00,0,3.9,171.3,8.1,25.0,0.0360487804878048,11.0,1249.5,0.0,163.2,45.0,45.0,37.0,42.0,34.0,51.0
2022-09-16 21:00:00,0,4.2,171.4,-2.0,25.0,0.0542926829268292,11.1,1257.5,-0.4,173.3,46.0,48.0,38.0,42.0,34.0,51.0
2022-09-16 21:10:00,0,4.8,168.0,-5.3,24.0,0.0726829268292682,11.2,1267.0,-1.0,173.3,46.0,50.0,40.0,42.0,34.0,51.0
2022-09-16 21:20:00,0,5.3,174.6,1.2,24.0,0.091170731707317,11.4,1292.3,-1.3,173.3,46.0,51.0,41.0,43.0,34.0,51.0
2022-09-16 21:30:00,0,5.4,181.8,8.5,24.0,0.1061951219512195,11.4,1295.0,-1.4,173.3,47.0,52.0,43.0,44.0,34.0,51.0
2022-09-16 21:40:00,0,4.2,154.7,-3.9,24.0,0.034,11.0,1248.8,-0.4,158.6,46.0,50.0,43.0,44.0,34.0,51.0
2022-09-16 21:50:00,0,4.0,164.6,6.7,24.0,0.0187317073170731,11.0,1248.9,-0.2,157.9,46.0,49.0,43.0,44.0,34.0,51.0
2022-09-16 22:00:00,0,5.0,130.8,-12.0,24.0,0.0729268292682926,11.3,1277.0,-1.0,142.8,46.0,50.0,43.0,45.0,34.0,51.0
2022-09-16 22:10:00,0,6.0,120.2,-7.2,24.0,0.1360975609756097,11.8,1331.6,-1.9,127.4,47.0,52.0,44.0,46.0,34.0,51.0
2022-09-16 22:20:00,0,5.3,136.9,9.5,24.0,0.0875121951219512,11.2,1265.6,-1.4,127.4,47.0,52.0,45.0,46.0,34.0,51.0
2022-09-16 22:30:00,0,4.1,132.5,5.1,24.0,0.0361463414634146,11.0,1249.2,-0.3,127.4,47.0,50.0,44.0,46.0,34.0,51.0
2022-09-16 22:40:00,0,3.1,136.9,3.1,23.0,-0.008,4.9,557.9,17.9,133.7,46.0,48.0,43.0,46.0,33.0,51.0
2022-09-16 22:50:00,0,3.3,132.3,-1.4,23.0,-0.0084390243902439,2.3,260.4,24.0,133.7,45.0,44.0,42.0,45.0,33.0,51.0
2022-09-16 23:00:00,0,4.0,109.2,-17.2,24.0,0.0037073170731707,8.8,1005.2,5.5,126.3,44.0,44.0,40.0,44.0,33.0,50.0
2022-09-16 23:10:00,0,3.7,116.7,7.1,23.0,-0.0001951219512195,6.9,784.5,11.9,109.6,44.0,45.0,40.0,44.0,33.0,50.0
2022-09-16 23:20:00,0,3.9,101.0,-16.6,24.0,0.0228780487804878,11.0,1248.7,-0.1,117.6,44.0,46.0,39.0,43.0,32.0,50.0
2022-09-16 23:30:00,0,3.9,96.7,-11.1,24.0,0.0236097560975609,11.0,1249.1,-0.1,107.8,44.0,47.0,39.0,43.0,32.0,50.0
2022-09-16 23:40:00,0,4.0,121.8,14.0,23.0,0.0177560975609756,11.0,1248.6,-0.1,107.8,44.0,47.0,40.0,43.0,32.0,50.0
2022-09-16 23:50:00,0,4.8,104.6,-3.2,23.0,0.0475121951219512,11.0,1251.3,-1.0,107.8,44.0,48.0,41.0,43.0,32.0,49.0
2022-09-17 00:00:00,0,5.2,110.4,2.6,23.0,0.0764878048780487,11.1,1257.3,-1.3,107.8,45.0,49.0,41.0,43.0,32.0,49.0
2022-09-17 00:10:00,0,5.0,96.1,-3.3,23.0,0.0692195121951219,11.1,1254.0,-1.1,99.4,45.0,50.0,41.0,43.0,32.0,49.0
2022-09-17 00:20:00,0,6.0,109.8,10.4,23.0,0.1225365853658536,11.8,1341.9,-1.7000000000000002,99.4,45.0,50.0,41.0,44.0,32.0,49.0
2022-09-17 00:30:00,0,7.2,92.9,-6.5,23.0,0.2552682926829268,13.4,1521.4,-2.1,99.4,47.0,54.0,44.0,47.0,32.0,49.0
2022-09-17 00:40:00,0,6.9,104.5,5.1,23.0,0.2152682926829268,12.9,1461.8,-2.1,99.4,48.0,54.0,45.0,51.0,32.0,49.0
2022-09-17 00:50:00,0,7.7,96.6,-9.4,23.0,0.2679512195121951,14.0,1586.0,-2.2,106.0,49.0,56.0,47.0,55.0,33.0,49.0
2022-09-17 01:00:00,0,8.1,95.7,-10.4,22.0,0.2958048780487805,14.4,1630.9,-2.3,106.0,50.0,57.0,49.0,58.0,32.0,49.0
2022-09-17 01:10:00,0,7.9,101.6,-4.4,23.0,0.2815121951219512,14.2,1612.9,-2.2,106.0,50.0,57.0,51.0,60.0,33.0,49.0
2022-09-17 01:20:00,0,8.0,118.8,12.8,22.0,0.2997560975609756,14.3,1619.1,-2.2,106.0,51.0,58.0,52.0,61.0,33.0,49.0
2022-09-17 01:30:00,0,6.7,111.9,5.8,22.0,0.194780487804878,12.7,1432.5,-2.0,106.0,51.0,57.0,52.0,60.0,33.0,49.0
2022-09-17 01:40:00,0,5.3,120.0,9.8,22.0,0.0963414634146341,11.2,1265.8,-1.4,110.3,50.0,54.0,50.0,56.0,33.0,49.0
2022-09-17 01:50:00,0,5.6,126.9,3.7,23.0,0.0919024390243902,11.3,1279.7,-1.7000000000000002,123.2,49.0,52.0,49.0,52.0,33.0,48.0
2022-09-17 02:00:00,0,5.2,116.5,1.1,22.0,0.0777560975609756,11.2,1263.2,-1.3,115.5,49.0,52.0,48.0,50.0,32.0,48.0
2022-09-17 02:10:00,0,4.1,107.0,-0.1,22.0,0.0346829268292682,11.0,1248.9,-0.3,107.1,48.0,50.0,46.0,49.0,32.0,48.0
2022-09-17 02:20:00,0,4.7,103.1,-3.9,22.0,0.0548292682926829,11.3,1280.5,-0.8,107.1,48.0,50.0,46.0,48.0,32.0,48.0
2022-09-17 02:30:00,0,6.4,103.0,-4.1,22.0,0.1718536585365853,12.3,1396.7,-2.0,107.1,48.0,53.0,47.0,47.0,32.0,48.0
2022-09-17 02:40:00,0,5.6,111.3,4.3,22.0,0.1356585365853658,11.9,1344.4,-1.4,107.1,49.0,53.0,47.0,47.0,32.0,48.0
2022-09-17 02:50:00,0,5.4,100.3,-6.7,21.0,0.0993170731707317,11.4,1293.3,-1.3,107.1,48.0,51.0,46.0,47.0,32.0,48.0
2022-09-17 03:00:00,0,6.9,105.2,7.5,21.0,0.2452195121951219,13.0,1470.3,-2.1,97.6,49.0,54.0,47.0,46.0,32.0,48.0
2022-09-17 03:10:00,0,7.6,94.2,-3.4,21.0,0.3377073170731707,13.9,1573.7,-2.2,97.6,50.0,56.0,49.0,47.0,32.0,48.0
2022-09-17 03:20:00,0,7.4,109.1,11.4,22.0,0.3104878048780488,13.6,1540.9,-2.2,97.6,51.0,57.0,51.0,48.0,32.0,48.0
2022-09-17 03:30:00,0,7.9,81.0,-16.6,22.0,0.332780487804878,14.1,1594.8,-2.2,97.6,52.0,57.0,51.0,48.0,32.0,48.0
2022-09-17 03:40:00,0,8.5,95.2,-2.4,23.0,0.4436585365853658,14.5,1638.0,-2.2,97.6,53.0,59.0,53.0,49.0,33.0,48.0
2022-09-17 03:50:00,0,9.6,108.4,10.7,23.0,0.6100975609756097,14.8,1672.2,-1.8,97.6,54.0,61.0,55.0,52.0,33.0,48.0
2022-09-17 04:00:00,0,9.6,111.1,4.6,22.0,0.6266341463414634,14.7,1670.9,-1.8,106.4,56.0,62.0,56.0,57.0,33.0,48.0
2022-09-17 04:10:00,0,8.9,100.5,-13.2,22.0,0.4658048780487804,14.5,1639.6,-2.0,113.7,56.0,62.0,57.0,60.0,34.0,48.0
2022-09-17 04:20:00,0,9.7,104.4,-1.3,22.0,0.5496585365853658,14.7,1663.7,-1.6,105.7,56.0,62.0,58.0,61.0,34.0,48.0
2022-09-17 04:30:00,0,9.8,105.8,7.4,22.0,0.632390243902439,14.8,1671.5,-1.6,98.3,52.0,62.0,58.0,63.0,34.0,48.0
2022-09-17 04:40:00,0,8.1,103.0,4.6,21.0,0.3964878048780487,14.2,1613.4,-2.2,98.3,52.0,60.0,59.0,64.0,34.0,48.0
2022-09-17 04:50:00,0,7.5,103.5,5.2,21.0,0.3009756097560975,13.7,1555.3,-2.2,98.3,54.0,59.0,59.0,64.0,34.0,48.0
2022-09-17 05:00:00,0,7.0,110.6,4.6,21.0,0.218390243902439,13.1,1488.4,-2.0,106.0,54.0,58.0,58.0,63.0,34.0,48.0
2022-09-17 05:10:00,0,7.6,93.9,-4.4,21.0,0.241170731707317,13.9,1575.4,-2.2,98.3,54.0,58.0,58.0,62.0,34.0,48.0
2022-09-17 05:20:00,0,6.2,94.8,-3.4,21.0,0.1391219512195121,12.0,1356.8,-1.9,98.3,54.0,57.0,58.0,60.0,34.0,48.0
2022-09-17 05:30:00,0,4.8,95.4,4.4,21.0,0.0481463414634146,11.1,1253.9,-1.0,91.0,52.0,54.0,56.0,56.0,34.0,48.0
2022-09-17 05:40:00,0,5.1,102.1,11.1,20.0,0.0597073170731707,11.1,1259.7,-1.2,91.0,51.0,52.0,54.0,53.0,33.0,48.0
2022-09-17 05:50:00,0,5.6,71.1,-12.1,21.0,0.1139024390243902,11.4,1296.6,-1.6,83.3,51.0,53.0,52.0,51.0,33.0,48.0
2022-09-17 06:00:00,0,5.7,86.9,3.6,21.0,0.1252195121951219,11.4,1292.1,-1.7000000000000002,83.3,51.0,54.0,51.0,50.0,33.0,48.0
2022-09-17 06:10:00,0,6.0,93.6,10.3,21.0,0.1512195121951219,11.8,1333.2,-1.9,83.3,51.0,54.0,50.0,49.0,33.0,48.0
2022-09-17 06:20:00,0,6.3,90.2,6.9,21.0,0.184390243902439,12.2,1384.3,-1.8,83.3,51.0,55.0,51.0,48.0,33.0,47.0
2022-09-17 06:30:00,0,5.9,90.6,0.3,21.0,0.1118536585365853,11.8,1332.8,-1.7000000000000002,90.3,51.0,54.0,51.0,48.0,33.0,47.0
2022-09-17 06:40:00,0,6.2,98.5,0.1,21.0,0.1235609756097561,11.9,1353.0,-2.0,98.3,51.0,54.0,51.0,48.0,33.0,47.0
2022-09-17 06:50:00,0,7.4,98.5,0.2,21.0,0.2325365853658536,13.8,1559.8,-2.2,98.3,51.0,55.0,52.0,48.0,33.0,47.0
2022-09-17 07:00:00,0,7.9,100.5,9.6,21.0,0.3270731707317073,14.2,1604.8,-2.2,91.0,52.0,57.0,54.0,48.0,33.0,47.0
2022-09-17 07:10:00,0,7.6,98.6,7.6,22.0,0.2919024390243902,13.9,1573.3,-2.2,91.0,53.0,58.0,55.0,48.0,33.0,47.0
2022-09-17 07:20:00,0,7.6,85.6,-5.4,22.0,0.2936585365853658,13.9,1569.1,-2.2,91.0,53.0,58.0,55.0,48.0,33.0,47.0
2022-09-17 07:30:00,0,7.4,98.5,7.6,22.0,0.2975609756097561,13.7,1549.0,-2.2,91.0,53.0,58.0,55.0,48.0,33.0,47.0
2022-09-17 07:40:00,0,7.1,97.6,6.6,21.0,0.2342439024390243,13.3,1501.3,-2.1,91.0,53.0,58.0,55.0,48.0,33.0,47.0
2022-09-17 07:50:00,0,7.7,98.6,0.6000000000000001,22.0,0.2927804878048781,14.0,1587.9,-2.2,98.0,54.0,58.0,55.0,48.0,33.0,47.0
2022-09-17 08:00:00,0,8.6,94.6,-3.4,22.0,0.3888292682926829,14.5,1646.1,-2.2,98.0,54.0,59.0,56.0,49.0,33.0,47.0
2022-09-17 08:10:00,0,8.0,118.2,20.2,22.0,0.3525365853658537,14.2,1610.0,-2.2,98.0,55.0,60.0,57.0,49.0,33.0,47.0
2022-09-17 08:20:00,0,8.1,92.6,1.3,22.0,0.3983414634146341,14.2,1609.5,-2.2,91.3,55.0,60.0,57.0,50.0,33.0,47.0
2022-09-17 08:30:00,0,6.1,89.9,-1.4,22.0,0.1612195121951219,12.1,1368.5,-1.8,91.3,55.0,58.0,56.0,50.0,33.0,47.0
2022-09-17 08:40:00,0,7.7,96.5,5.1,22.0,0.3179512195121951,13.8,1559.7,-2.2,91.3,55.0,58.0,55.0,49.0,33.0,47.0
2022-09-17 08:50:00,0,8.9,78.5,-12.8,22.0,0.5267317073170732,14.6,1653.5,-2.1,91.3,56.0,60.0,56.0,49.0,34.0,47.0
2022-09-17 09:00:00,0,9.6,103.1,11.8,22.0,0.6390243902439025,14.7,1664.6,-1.7000000000000002,91.3,54.0,62.0,57.0,50.0,34.0,47.0
2022-09-17 09:10:00,0,9.3,89.0,-2.4,22.0,0.5837560975609757,14.6,1658.5,-1.9,91.3,51.0,61.0,58.0,52.0,34.0,47.0
2022-09-17 09:20:00,0,8.7,91.1,-0.3,22.0,0.4841951219512195,14.5,1639.0,-2.1,91.3,51.0,61.0,59.0,54.0,35.0,47.0
2022-09-17 09:30:00,0,8.4,84.0,-7.3,23.0,0.4406341463414634,14.2,1612.2,-2.1,91.3,54.0,60.0,59.0,56.0,35.0,47.0
2022-09-17 09:40:00,0,8.8,93.0,1.6,23.0,0.5114634146341464,14.3,1617.3,-1.9,91.3,56.0,61.0,59.0,58.0,35.0,47.0
2022-09-17 09:50:00,0,9.2,80.2,-11.1,24.0,0.5707317073170731,14.4,1636.0,-1.7000000000000002,91.3,56.0,62.0,59.0,59.0,35.0,47.0
2022-09-17 10:00:00,0,9.8,98.5,7.2,24.0,0.6774634146341463,14.6,1657.2,-1.3,91.3,53.0,63.0,60.0,61.0,35.0,47.0
2022-09-17 10:10:00,0,11.5,88.5,-8.4,24.0,0.8446341463414634,14.7,1668.8,0.8,96.9,52.0,63.0,61.0,63.0,36.0,47.0
2022-09-17 10:20:00,0,11.8,97.0,6.4,24.0,0.9106341463414634,14.8,1678.6,1.6,90.6,52.0,64.0,63.0,65.0,35.0,48.0
2022-09-17 10:30:00,0,12.5,77.1,-13.5,24.0,0.9667317073170733,14.8,1680.8,3.5,90.6,53.0,64.0,64.0,67.0,35.0,48.0
2022-09-17 10:40:00,0,12.3,104.9,14.3,25.0,0.9465853658536584,14.8,1678.7,3.8,90.6,53.0,65.0,65.0,70.0,36.0,48.0
2022-09-17 10:50:00,0,12.0,88.4,-2.2,25.0,0.9402926829268292,14.8,1677.1,2.2,90.6,53.0,65.0,67.0,72.0,36.0,49.0
2022-09-17 11:00:00,0,14.2,86.3,-4.3,25.0,0.974390243902439,14.8,1681.7,7.9,90.6,53.0,65.0,69.0,75.0,37.0,50.0
2022-09-17 11:10:00,0,13.2,92.6,2.0,26.0,0.9654634146341464,14.8,1680.1,5.3,90.6,54.0,66.0,71.0,78.0,37.0,50.0
2022-09-17 11:20:00,0,12.3,95.9,5.3,26.0,0.9394634146341464,14.8,1677.7,2.8,90.6,54.0,66.0,72.0,80.0,37.0,51.0
2022-09-17 11:30:00,0,12.4,99.2,7.5,26.0,0.9384878048780488,14.8,1676.3,3.5,91.7,54.0,66.0,74.0,82.0,38.0,52.0
2022-09-17 11:40:00,0,12.0,95.7,4.1,26.0,0.927219512195122,14.8,1674.3,2.0,91.7,54.0,66.0,75.0,84.0,38.0,52.0
2022-09-17 11:50:00,0,12.1,93.8,-2.4,26.0,0.9481463414634148,14.8,1679.1,2.5,96.2,54.0,66.0,75.0,85.0,39.0,53.0
2022-09-17 12:00:00,0,11.4,110.3,16.8,26.0,0.8696585365853658,14.7,1669.7,0.4,93.4,55.0,66.0,76.0,86.0,39.0,49.0
2022-09-17 12:10:00,0,10.7,100.4,0.6000000000000001,27.0,0.8094634146341464,14.7,1660.3,-0.4,99.7,54.0,66.0,76.0,86.0,40.0,44.0
2022-09-17 12:20:00,0,11.7,99.0,-0.7000000000000001,27.0,0.8806341463414634,14.8,1672.5,1.0,99.7,54.0,66.0,76.0,86.0,40.0,46.0
2022-09-17 12:30:00,0,11.2,96.2,-3.6,27.0,0.8513658536585366,14.7,1669.7,0.1,99.7,55.0,66.0,76.0,86.0,39.0,48.0
2022-09-17 12:40:00,0,11.6,147.4,47.6,27.0,0.853170731707317,14.8,1674.6,0.6000000000000001,99.7,54.0,66.0,78.0,86.0,40.0,49.0
2022-09-17 12:50:00,0,9.9,85.2,-13.4,27.0,0.6467317073170732,14.5,1644.2,-1.1,98.7,54.0,66.0,78.0,86.0,40.0,50.0
2022-09-17 13:00:00,0,10.7,104.9,7.2,28.0,0.7822439024390243,14.7,1669.9,-0.5,97.6,54.0,65.0,79.0,85.0,41.0,51.0
2022-09-17 13:10:00,0,11.7,113.5,15.9,28.0,0.8758536585365854,14.8,1676.9,0.7000000000000001,97.6,55.0,66.0,79.0,85.0,40.0,51.0
2022-09-17 13:20:00,0,11.6,90.2,-7.4,28.0,0.8559512195121951,14.7,1670.9,1.1,97.6,55.0,67.0,80.0,85.0,40.0,52.0
2022-09-17 13:30:00,0,12.4,105.4,7.7,28.0,0.9439512195121952,14.8,1679.6,2.5,97.6,55.0,67.0,80.0,86.0,41.0,52.0
2022-09-17 13:40:00,0,11.7,104.7,7.1,28.0,0.8893658536585366,14.8,1672.8,1.0,97.6,56.0,67.0,82.0,86.0,41.0,53.0
2022-09-17 13:50:00,0,10.5,90.1,-7.1,29.0,0.7800487804878048,14.7,1660.4,-0.5,97.3,55.0,67.0,82.0,86.0,42.0,49.0
2022-09-17 14:00:00,0,11.7,111.3,14.0,28.0,0.8972682926829268,14.8,1672.8,1.0,97.3,56.0,68.0,81.0,86.0,42.0,45.0
2022-09-17 14:10:00,0,11.6,81.0,-16.3,28.0,0.9038048780487804,14.8,1676.3,1.3,97.3,56.0,68.0,80.0,86.0,41.0,46.0
2022-09-17 14:20:00,0,11.3,85.7,-11.6,29.0,0.8840487804878049,14.8,1672.1,0.7000000000000001,97.3,56.0,68.0,79.0,87.0,41.0,48.0
2022-09-17 14:30:00,0,11.6,94.5,-11.5,29.0,0.913658536585366,14.8,1675.9,0.8,106.0,56.0,68.0,79.0,87.0,42.0,49.0
2022-09-17 14:40:00,0,11.4,96.4,-3.0,29.0,0.8615609756097561,14.7,1668.1,0.9,99.4,56.0,68.0,78.0,87.0,42.0,51.0
2022-09-17 14:50:00,0,11.1,123.1,25.8,29.0,0.8180487804878048,14.7,1666.7,0.0,97.3,56.0,68.0,78.0,87.0,42.0,52.0
2022-09-17 15:00:00,0,11.7,95.5,-1.0,29.0,0.8962926829268293,14.8,1671.1,1.3,96.6,56.0,68.0,78.0,87.0,42.0,52.0
2022-09-17 15:10:00,0,10.8,104.9,8.3,29.0,0.7973170731707317,14.7,1666.8,-0.4,96.6,56.0,68.0,78.0,86.0,42.0,51.0
2022-09-17 15:20:00,0,11.5,106.1,2.2,29.0,0.8633170731707317,14.8,1672.1,0.7000000000000001,103.9,57.0,69.0,78.0,86.0,43.0,46.0
2022-09-17 15:30:00,0,11.2,92.4,-18.9,29.0,0.8097560975609757,14.7,1661.7,0.8,111.3,57.0,68.0,78.0,86.0,43.0,45.0
2022-09-17 15:40:00,0,10.8,125.3,13.7,29.0,0.7488292682926829,14.7,1664.7,-0.4,111.6,56.0,68.0,78.0,86.0,42.0,47.0
2022-09-17 15:50:00,0,10.5,113.5,9.2,29.0,0.7264390243902439,14.6,1658.0,-0.6000000000000001,104.3,56.0,67.0,77.0,86.0,42.0,48.0
2022-09-17 16:00:00,0,10.5,99.9,-4.4,29.0,0.7261463414634146,14.7,1664.3,-0.6000000000000001,104.3,56.0,67.0,77.0,85.0,42.0,49.0
2022-09-17 16:10:00,0,10.3,105.4,-5.5,29.0,0.7246341463414634,14.7,1662.7,-1.0,110.9,56.0,67.0,77.0,85.0,42.0,50.0
2022-09-17 16:20:00,0,10.1,103.4,-0.5,30.0,0.6642926829268292,14.6,1649.8,-1.0,103.9,56.0,67.0,76.0,84.0,42.0,51.0
2022-09-17 16:30:00,0,11.4,126.9,18.7,29.0,0.8466341463414634,14.8,1671.7,0.1,108.1,56.0,68.0,76.0,84.0,42.0,52.0
2022-09-17 16:40:00,0,11.6,109.9,1.4,29.0,0.8585853658536585,14.7,1666.5,1.0,108.5,56.0,68.0,76.0,83.0,42.0,53.0
2022-09-17 16:50:00,0,11.7,108.1,-0.4,29.0,0.8793170731707317,14.8,1677.7,1.3,108.5,57.0,69.0,76.0,83.0,43.0,49.0
2022-09-17 17:00:00,0,10.1,113.2,4.8,30.0,0.669609756097561,14.6,1652.7,-1.1,108.5,56.0,67.0,76.0,84.0,43.0,45.0
2022-09-17 17:10:00,0,8.5,95.5,-4.6,30.0,0.4322926829268292,14.2,1609.2,-2.0,100.1,55.0,66.0,75.0,83.0,42.0,45.0
2022-09-17 17:20:00,0,9.3,97.4,-9.7,30.0,0.585170731707317,14.3,1624.6,-1.4,107.1,54.0,65.0,75.0,81.0,43.0,47.0
2022-09-17 17:30:00,0,10.4,136.2,21.8,29.0,0.6735121951219513,14.7,1663.8,-0.9,114.4,55.0,66.0,75.0,80.0,42.0,48.0
2022-09-17 17:40:00,0,9.2,96.5,-10.6,29.0,0.569219512195122,14.6,1654.1,-1.9,107.1,55.0,66.0,74.0,79.0,41.0,49.0
2022-09-17 17:50:00,0,8.8,111.8,4.7,30.0,0.4892682926829268,14.4,1635.4,-2.1,107.1,54.0,65.0,74.0,78.0,42.0,50.0
2022-09-17 18:00:00,0,10.1,87.1,-19.9,29.0,0.661609756097561,14.7,1659.9,-1.1,107.1,54.0,65.0,74.0,76.0,42.0,51.0
2022-09-17 18:10:00,0,10.7,126.3,19.1,29.0,0.7518536585365854,14.7,1669.7,-0.7000000000000001,107.1,55.0,66.0,73.0,75.0,41.0,52.0
2022-09-17 18:20:00,0,10.4,89.5,-17.6,29.0,0.7486341463414634,14.7,1663.6,-0.8,107.1,55.0,67.0,73.0,75.0,41.0,52.0
2022-09-17 18:30:00,0,9.3,103.3,4.6,29.0,0.6012195121951219,14.6,1651.8,-1.8,98.7,54.0,66.0,73.0,75.0,41.0,52.0
2022-09-17 18:40:00,0,8.0,96.4,-2.3,29.0,0.4171707317073171,13.9,1579.2,-2.1,98.7,54.0,64.0,72.0,74.0,43.0,47.0
2022-09-17 18:50:00,0,8.2,99.3,0.6000000000000001,29.0,0.4226341463414634,14.2,1604.0,-2.1,98.7,53.0,64.0,72.0,72.0,42.0,44.0
2022-09-17 19:00:00,0,8.0,108.2,9.5,28.0,0.3941951219512195,14.2,1612.6,-2.2,98.7,52.0,63.0,72.0,71.0,42.0,46.0
2022-09-17 19:10:00,0,8.0,102.3,-3.4,28.0,0.3684390243902439,14.0,1591.1,-2.2,105.7,52.0,63.0,71.0,69.0,41.0,47.0
2022-09-17 19:20:00,0,5.9,111.8,6.1,28.0,0.1639024390243902,12.0,1356.4,-1.5,105.7,51.0,60.0,70.0,68.0,41.0,48.0
2022-09-17 19:30:00,0,5.0,125.4,19.8,28.0,0.0914146341463414,11.3,1282.6,-1.1,105.7,53.0,58.0,67.0,66.0,40.0,49.0
2022-09-17 19:40:00,0,5.4,97.6,-17.2,28.0,0.110780487804878,11.5,1304.6,-1.4,114.8,53.0,57.0,65.0,64.0,40.0,50.0
2022-09-17 19:50:00,0,6.3,115.5,21.3,27.0,0.1942439024390244,12.3,1390.7,-1.8,94.1,53.0,58.0,64.0,63.0,39.0,51.0
2022-09-17 20:00:00,0,6.7,102.4,8.3,27.0,0.2074146341463414,12.8,1444.7,-2.1,94.1,54.0,59.0,64.0,61.0,39.0,51.0
2022-09-17 20:10:00,0,6.9,98.5,4.4,27.0,0.2035609756097561,13.0,1470.4,-2.1,94.1,54.0,60.0,64.0,60.0,38.0,52.0
2022-09-17 20:20:00,0,5.4,93.5,-0.6000000000000001,26.0,0.1344390243902439,11.8,1340.5,-1.2,94.1,54.0,59.0,63.0,59.0,38.0,52.0
2022-09-17 20:30:00,0,2.2,86.9,-14.6,26.0,-0.0137560975609756,2.5,288.7,59.9,101.5,53.0,54.0,61.0,59.0,38.0,52.0
2022-09-17 20:40:00,0,2.9,103.7,2.2,26.0,-0.0117560975609756,5.5,628.2,13.7,101.5,52.0,51.0,57.0,58.0,39.0,46.0
2022-09-17 20:50:00,0,3.3,88.6,-12.6,26.0,0.0040975609756097,8.4,961.6,13.0,101.2,51.0,51.0,55.0,56.0,37.0,43.0
2022-09-17 21:00:00,0,3.0,103.7,-38.4,25.0,-0.0134146341463414,2.0,230.2,24.0,142.1,51.0,49.0,53.0,55.0,36.0,45.0
2022-09-17 21:10:00,0,3.8,133.0,18.9,25.0,0.0006341463414634,6.6,745.5,12.0,114.1,50.0,46.0,50.0,53.0,36.0,46.0
2022-09-17 21:20:00,0,4.1,104.6,-15.8,25.0,0.0181463414634146,11.0,1248.3,-0.1,120.4,50.0,49.0,50.0,51.0,35.0,47.0
2022-09-17 21:30:00,0,3.3,119.7,7.7,25.0,-0.0056585365853658,7.6,859.5,10.6,112.0,49.0,49.0,49.0,50.0,35.0,48.0
2022-09-17 21:40:00,0,3.7,97.3,-14.7,25.0,0.0,7.3,832.1,9.7,112.0,48.0,47.0,48.0,52.0,35.0,48.0
2022-09-17 21:50:00,0,3.6,108.4,-6.1,25.0,0.0106829268292682,9.6,1089.6,4.4,114.5,48.0,48.0,48.0,58.0,35.0,48.0
2022-09-17 22:00:00,0,4.8,122.6,7.1,25.0,0.0630243902439024,11.1,1252.7,-0.9,115.5,48.0,51.0,47.0,62.0,35.0,49.0
2022-09-17 22:10:00,0,4.6,102.1,-13.3,25.0,0.0424878048780487,11.1,1257.2,-0.8,115.5,48.0,51.0,47.0,64.0,35.0,49.0
2022-09-17 22:20:00,0,6.0,83.8,-7.8,24.0,0.1388780487804878,11.7,1326.6,-1.9,91.7,49.0,53.0,47.0,66.0,35.0,49.0
2022-09-17 22:30:00,0,6.7,97.6,5.9,24.0,0.1929268292682927,12.7,1437.4,-2.1,91.7,50.0,55.0,49.0,68.0,35.0,50.0
2022-09-17 22:40:00,0,7.1,98.0,6.3,24.0,0.2249756097560975,13.3,1509.8,-2.1,91.7,51.0,56.0,51.0,69.0,35.0,50.0
2022-09-17 22:50:00,0,5.9,99.3,0.6000000000000001,24.0,0.1625853658536585,11.9,1349.1,-1.6,98.7,51.0,56.0,52.0,70.0,35.0,50.0
2022-09-17 23:00:00,0,5.5,107.9,2.5,24.0,0.1150243902439024,11.3,1278.7,-1.5,105.3,50.0,55.0,51.0,69.0,35.0,50.0
2022-09-17 23:10:00,0,5.2,129.4,24.0,24.0,0.0899024390243902,11.1,1260.6,-1.3,105.4,50.0,54.0,50.0,68.0,35.0,50.0
2022-09-17 23:20:00,0,4.7,119.6,6.2,24.0,0.0542439024390243,11.0,1251.0,-0.8,113.4,50.0,52.0,49.0,67.0,35.0,50.0
2022-09-17 23:30:00,0,6.2,112.9,-0.5,24.0,0.1639512195121951,11.9,1351.3,-1.9,113.4,50.0,54.0,49.0,67.0,35.0,50.0
2022-09-17 23:40:00,0,7.5,120.0,6.6,24.0,0.3077560975609756,13.8,1563.0,-2.2,113.4,51.0,57.0,51.0,69.0,35.0,50.0
2022-09-17 23:50:00,0,8.0,126.1,5.0,24.0,0.3395609756097561,14.3,1622.1,-2.2,121.1,53.0,59.0,53.0,72.0,35.0,50.0
2022-09-18 00:00:00,0,8.2,114.5,1.7000000000000002,24.0,0.4135121951219512,14.5,1640.2,-2.3,112.7,54.0,60.0,55.0,73.0,35.0,50.0
2022-09-18 00:10:00,0,7.1,107.4,-5.3,23.0,0.2522926829268292,13.3,1511.1,-2.1,112.7,54.0,60.0,56.0,74.0,35.0,50.0
2022-09-18 00:20:00,0,5.8,116.9,4.3,23.0,0.1241463414634146,11.6,1312.8,-1.7000000000000002,112.7,53.0,57.0,55.0,72.0,35.0,50.0
2022-09-18 00:30:00,0,5.5,119.7,7.0,23.0,0.0895121951219512,11.3,1277.1,-1.6,112.7,52.0,55.0,53.0,70.0,35.0,50.0
2022-09-18 00:40:00,0,5.0,107.3,2.6,23.0,0.056780487804878,11.1,1252.7,-1.1,104.6,51.0,53.0,52.0,68.0,35.0,50.0
2022-09-18 00:50:00,0,4.9,100.1,4.3,23.0,0.0516585365853658,11.0,1251.5,-1.1,95.8,51.0,52.0,51.0,67.0,35.0,50.0
2022-09-18 01:00:00,0,4.4,93.9,6.4,23.0,0.0349756097560975,11.0,1248.7,-0.6000000000000001,87.5,50.0,52.0,50.0,66.0,35.0,50.0
2022-09-18 01:10:00,0,5.1,76.1,-3.0,24.0,0.0870243902439024,11.2,1273.8,-1.1,79.1,50.0,52.0,49.0,65.0,35.0,50.0
2022-09-18 01:20:00,0,6.1,104.7,9.5,23.0,0.1281463414634146,11.8,1335.3,-2.0,95.2,50.0,54.0,50.0,66.0,35.0,50.0
2022-09-18 01:30:00,0,5.5,96.8,1.6,23.0,0.0817560975609756,11.2,1269.8,-1.6,95.2,50.0,54.0,50.0,65.0,35.0,50.0
2022-09-18 01:40:00,0,5.9,94.4,-0.8,23.0,0.1037560975609756,11.6,1310.0,-1.8,95.1,50.0,53.0,50.0,65.0,35.0,50.0
2022-09-18 01:50:00,0,5.7,68.4,-20.1,23.0,0.128390243902439,11.5,1307.7,-1.7000000000000002,88.5,50.0,54.0,50.0,66.0,35.0,50.0
2022-09-18 02:00:00,0,6.4,75.8,-4.6,23.0,0.1836097560975609,12.2,1382.8,-2.0,80.5,50.0,55.0,50.0,68.0,35.0,50.0
2022-09-18 02:10:00,0,6.4,81.3,0.8,23.0,0.1952195121951219,12.3,1389.1,-2.0,80.5,51.0,55.0,51.0,69.0,35.0,50.0
2022-09-18 02:20:00,0,6.8,80.5,0.1,23.0,0.2256097560975609,12.9,1458.5,-2.0,80.5,51.0,56.0,51.0,70.0,35.0,50.0
2022-09-18 02:30:00,0,7.2,81.0,0.6000000000000001,22.0,0.2701463414634146,13.4,1514.8,-2.1,80.4,52.0,57.0,52.0,71.0,35.0,50.0
2022-09-18 02:40:00,0,7.0,68.7,-3.4,22.0,0.2557073170731707,13.1,1480.3,-2.0,72.0,53.0,58.0,53.0,72.0,35.0,50.0
2022-09-18 02:50:00,0,6.4,71.6,-0.4,22.0,0.1674146341463414,12.3,1393.8,-2.0,72.0,52.0,56.0,53.0,71.0,34.0,50.0
2022-09-18 03:00:00,0,5.8,64.0,-8.0,23.0,0.1383414634146341,11.7,1329.8,-1.7000000000000002,72.0,52.0,56.0,53.0,70.0,34.0,50.0
2022-09-18 03:10:00,0,6.2,80.7,8.6,23.0,0.1679999999999999,12.1,1371.1,-1.8,72.0,52.0,55.0,52.0,69.0,34.0,49.0
2022-09-18 03:20:00,0,6.6,51.1,-21.0,23.0,0.2096585365853658,12.6,1422.3,-2.0,72.0,52.0,56.0,52.0,69.0,34.0,49.0
2022-09-18 03:30:00,0,6.4,67.1,-4.9,22.0,0.1980487804878049,12.3,1389.5,-1.9,72.0,52.0,56.0,52.0,69.0,34.0,49.0
2022-09-18 03:40:00,0,6.0,65.9,-6.1,23.0,0.1556585365853658,11.9,1345.1,-1.8,72.0,52.0,56.0,52.0,69.0,34.0,49.0
2022-09-18 03:50:00,0,5.6,66.8,-5.2,23.0,0.1308780487804878,11.5,1298.4,-1.5,72.0,52.0,55.0,52.0,67.0,34.0,49.0
2022-09-18 04:00:00,0,6.3,63.2,-8.8,23.0,0.194390243902439,12.2,1379.0,-1.9,72.0,52.0,55.0,51.0,66.0,34.0,49.0
2022-09-18 04:10:00,0,6.6,79.0,7.0,23.0,0.2068292682926829,12.6,1423.6,-2.0,72.0,52.0,56.0,52.0,67.0,34.0,49.0
2022-09-18 04:20:00,0,6.3,75.5,-2.8,23.0,0.1726341463414634,12.2,1384.1,-1.9,78.3,52.0,56.0,52.0,67.0,34.0,49.0
2022-09-18 04:30:00,0,6.1,71.1,-7.2,23.0,0.1466341463414634,11.8,1335.4,-1.9,78.3,52.0,55.0,51.0,66.0,34.0,49.0
2022-09-18 04:40:00,0,6.1,78.2,-0.2,23.0,0.1481463414634146,11.8,1339.7,-1.8,78.3,52.0,55.0,51.0,65.0,34.0,49.0
2022-09-18 04:50:00,0,6.4,78.2,-0.2,23.0,0.1793658536585365,12.1,1375.4,-2.0,78.4,52.0,55.0,51.0,65.0,34.0,49.0
2022-09-18 05:00:00,0,7.3,91.6,5.5,24.0,0.2665853658536585,13.6,1536.3,-2.1,86.1,52.0,57.0,52.0,66.0,34.0,49.0
2022-09-18 05:10:00,0,7.5,91.7,5.6,23.0,0.2719512195121951,13.9,1571.3,-2.2,86.1,53.0,58.0,53.0,68.0,34.0,49.0
2022-09-18 05:20:00,0,8.0,94.6,8.6,23.0,0.3281951219512194,14.2,1614.3,-2.2,86.1,54.0,59.0,54.0,69.0,34.0,49.0
2022-09-18 05:30:00,0,8.0,81.1,-4.9,23.0,0.3429268292682927,14.3,1623.8,-2.2,86.1,54.0,60.0,55.0,71.0,34.0,49.0
2022-09-18 05:40:00,0,8.0,78.7,-7.3,23.0,0.3328292682926829,14.3,1622.3,-2.2,86.1,55.0,60.0,56.0,71.0,34.0,49.0
2022-09-18 05:50:00,0,8.1,82.7,-3.4,23.0,0.3479024390243903,14.4,1631.1,-2.2,86.1,55.0,60.0,56.0,72.0,35.0,49.0
2022-09-18 06:00:00,0,7.2,83.0,-3.1,23.0,0.2404878048780487,13.4,1517.3,-2.1,86.1,55.0,60.0,56.0,71.0,34.0,49.0
2022-09-18 06:10:00,0,8.0,78.7,-7.4,24.0,0.3232682926829268,14.3,1618.1,-2.2,86.1,55.0,60.0,56.0,71.0,35.0,49.0
2022-09-18 06:20:00,0,7.8,90.7,4.6,24.0,0.3295609756097561,14.2,1603.7,-2.2,86.1,56.0,61.0,57.0,71.0,35.0,49.0
2022-09-18 06:30:00,0,8.7,92.7,6.6,24.0,0.4723414634146341,14.6,1651.5,-2.2,86.1,56.0,62.0,57.0,71.0,35.0,49.0
2022-09-18 06:40:00,0,8.1,102.0,8.6,24.0,0.3309268292682927,14.4,1628.5,-2.2,93.4,52.0,61.0,58.0,71.0,35.0,49.0
2022-09-18 06:50:00,0,7.7,86.0,-0.4,23.0,0.3589756097560975,14.0,1587.3,-2.2,86.4,53.0,59.0,58.0,69.0,35.0,49.0
2022-09-18 07:00:00,0,8.8,84.5,-1.9,23.0,0.5150243902439025,14.8,1671.5,-2.3,86.4,56.0,61.0,59.0,69.0,35.0,49.0
2022-09-18 07:10:00,0,8.5,89.6,0.4,24.0,0.4429268292682927,14.6,1655.7,-2.3,89.2,56.0,62.0,59.0,69.0,35.0,49.0
2022-09-18 07:20:00,0,7.9,104.7,3.6,24.0,0.3028292682926829,14.3,1618.4,-2.2,101.1,57.0,61.0,60.0,69.0,35.0,49.0
2022-09-18 07:30:00,0,7.6,86.9,-14.2,23.0,0.2683414634146341,13.8,1566.5,-2.2,101.1,56.0,61.0,60.0,68.0,35.0,49.0
2022-09-18 07:40:00,0,6.7,98.1,4.3,23.0,0.1973658536585366,12.8,1444.6,-2.1,93.8,56.0,59.0,59.0,64.0,35.0,49.0
2022-09-18 07:50:00,0,6.5,95.2,1.5,23.0,0.2099024390243902,12.4,1405.3,-2.0,93.8,56.0,59.0,58.0,60.0,35.0,49.0
2022-09-18 08:00:00,0,5.5,102.0,0.9,23.0,0.1274146341463414,11.4,1287.5,-1.5,101.1,55.0,57.0,56.0,57.0,35.0,49.0
2022-09-18 08:10:00,0,5.3,103.8,2.6,23.0,0.1197560975609756,11.1,1262.9,-1.4,101.1,54.0,56.0,53.0,54.0,35.0,49.0
2022-09-18 08:20:00,0,6.4,115.7,6.1,23.0,0.1938536585365853,12.2,1380.0,-2.0,109.6,54.0,56.0,51.0,52.0,35.0,49.0
2022-09-18 08:30:00,0,6.9,124.4,6.4,24.0,0.2237073170731707,13.0,1472.7,-2.0,118.0,55.0,58.0,52.0,53.0,35.0,49.0
2022-09-18 08:40:00,0,5.3,123.2,-2.5,24.0,0.0731219512195122,11.2,1270.2,-1.4,125.6,54.0,55.0,52.0,52.0,35.0,49.0
2022-09-18 08:50:00,0,4.9,105.7,-11.8,23.0,0.0656585365853658,11.1,1253.7,-1.0,117.6,53.0,53.0,50.0,51.0,34.0,49.0
2022-09-18 09:00:00,0,4.3,108.0,0.2,23.0,0.0415609756097561,11.0,1249.5,-0.5,107.8,52.0,53.0,49.0,49.0,34.0,49.0
2022-09-18 09:10:00,0,4.8,90.6,-9.5,23.0,0.0804878048780487,11.1,1254.7,-0.9,100.1,51.0,53.0,48.0,49.0,34.0,49.0
2022-09-18 09:20:00,0,4.4,98.3,5.6,23.0,0.0428292682926829,11.0,1249.0,-0.6000000000000001,92.7,51.0,52.0,47.0,48.0,34.0,49.0
2022-09-18 09:30:00,0,4.6,102.0,0.9,23.0,0.0562439024390243,11.1,1254.8,-0.8,101.1,50.0,52.0,47.0,48.0,34.0,49.0
2022-09-18 09:40:00,0,4.9,103.6,6.3,23.0,0.064,11.1,1255.8,-1.0,97.3,50.0,52.0,47.0,47.0,34.0,49.0
2022-09-18 09:50:00,0,5.0,98.8,1.5,23.0,0.076390243902439,11.2,1263.8,-1.1,97.3,50.0,52.0,46.0,47.0,34.0,49.0
2022-09-18 10:00:00,0,4.4,98.0,0.7000000000000001,24.0,0.0433658536585365,11.0,1250.1,-0.6000000000000001,97.3,49.0,52.0,46.0,46.0,34.0,49.0
2022-09-18 10:10:00,0,4.4,98.1,0.8,24.0,0.040390243902439,11.0,1249.7,-0.5,97.3,49.0,51.0,46.0,46.0,34.0,49.0
2022-09-18 10:20:00,0,4.5,96.3,-1.0,24.0,0.0568780487804878,11.1,1253.8,-0.7000000000000001,97.3,49.0,51.0,46.0,46.0,34.0,49.0
2022-09-18 10:30:00,0,4.8,101.1,3.8,25.0,0.0680975609756097,11.1,1258.9,-1.0,97.3,49.0,52.0,46.0,46.0,34.0,49.0
2022-09-18 10:40:00,0,4.7,120.5,23.2,25.0,0.0664390243902438,11.1,1259.8,-0.8,97.3,48.0,52.0,46.0,46.0,34.0,49.0
2022-09-18 10:50:00,0,5.3,80.0,-17.2,26.0,0.1179024390243902,11.5,1306.6,-1.3,97.3,49.0,53.0,46.0,46.0,35.0,49.0
2022-09-18 11:00:00,0,5.0,103.7,6.4,26.0,0.0782439024390243,11.2,1264.8,-1.1,97.3,49.0,52.0,46.0,46.0,35.0,49.0
2022-09-18 11:10:00,0,4.6,99.1,-5.2,26.0,0.055170731707317,11.1,1254.2,-0.8,104.3,48.0,52.0,46.0,46.0,35.0,49.0
2022-09-18 11:20:00,0,4.6,106.0,3.1,26.0,0.0546341463414634,11.1,1253.5,-0.8,102.9,48.0,52.0,46.0,47.0,35.0,49.0
2022-09-18 11:30:00,0,5.4,81.6,-22.0,26.0,0.1034146341463414,11.6,1310.4,-1.1,103.6,49.0,53.0,47.0,47.0,35.0,49.0
2022-09-18 11:40:00,0,5.4,69.9,-29.8,27.0,0.1082439024390243,11.4,1292.3,-1.2,99.7,49.0,53.0,47.0,47.0,36.0,49.0
2022-09-18 11:50:00,0,4.5,146.9,42.6,28.0,0.0451219512195121,11.1,1260.0,-0.3,104.3,48.0,52.0,47.0,48.0,36.0,49.0
2022-09-18 12:00:00,0,5.0,80.8,-17.5,28.0,0.0720487804878048,11.3,1274.8,-1.0,98.3,48.0,52.0,47.0,48.0,36.0,50.0
2022-09-18 12:10:00,0,5.0,105.1,17.7,28.0,0.0850731707317073,11.2,1273.3,-0.9,87.5,49.0,53.0,48.0,48.0,36.0,50.0
2022-09-18 12:20:00,0,4.2,91.0,-5.3,29.0,0.023560975609756,11.1,1252.0,-0.1,96.3,48.0,51.0,48.0,48.0,36.0,50.0
2022-09-18 12:30:00,0,5.2,93.2,-30.7,29.0,0.0893658536585365,11.4,1294.9,-1.1,123.9,48.0,52.0,48.0,48.0,37.0,50.0
2022-09-18 12:40:00,0,5.2,134.0,9.4,29.0,0.0857560975609756,11.5,1298.0,-1.1,124.6,49.0,53.0,48.0,48.0,37.0,50.0
2022-09-18 12:50:00,0,4.6,104.7,0.5,29.0,0.0559512195121951,11.2,1267.2,-0.7000000000000001,104.2,49.0,53.0,49.0,49.0,37.0,51.0
2022-09-18 13:00:00,0,5.1,89.5,2.7,29.0,0.0780975609756097,11.4,1297.2,-0.6000000000000001,86.8,49.0,53.0,49.0,49.0,38.0,51.0
2022-09-18 13:10:00,0,5.3,103.8,-7.8,30.0,0.1106829268292683,11.6,1309.8,-1.2,111.7,49.0,54.0,49.0,49.0,38.0,51.0
2022-09-18 13:20:00,0,5.6,119.2,7.1,30.0,0.1197560975609756,11.7,1326.2,-1.5,112.0,50.0,54.0,50.0,50.0,38.0,51.0
2022-09-18 13:30:00,0,5.1,143.7,24.0,30.0,0.0701463414634146,11.4,1292.4,-1.0,119.7,50.0,54.0,50.0,50.0,38.0,51.0
2022-09-18 13:40:00,0,4.7,145.8,31.6,30.0,0.064780487804878,11.3,1280.4,-0.6000000000000001,114.1,49.0,53.0,50.0,50.0,38.0,51.0
2022-09-18 13:50:00,0,5.5,158.2,20.0,30.0,0.1048780487804878,11.9,1349.6,-1.1,138.2,50.0,54.0,50.0,50.0,38.0,52.0
2022-09-18 14:00:00,0,5.6,95.9,-11.9,30.0,0.1240487804878048,11.6,1314.1,-1.5,107.8,50.0,55.0,51.0,50.0,38.0,52.0
2022-09-18 14:10:00,0,5.8,157.0,26.1,31.0,0.1258048780487805,12.0,1364.3,-1.5,130.9,51.0,55.0,51.0,51.0,38.0,52.0
2022-09-18 14:20:00,0,4.8,105.2,-24.0,30.0,0.0686829268292683,11.3,1279.8,-0.8,129.2,50.0,55.0,52.0,51.0,38.0,52.0
2022-09-18 14:30:00,0,5.1,139.5,2.6,31.0,0.0791219512195122,11.3,1281.7,-1.1,136.9,50.0,55.0,51.0,51.0,38.0,52.0
2022-09-18 14:40:00,0,4.6,121.2,-20.9,31.0,0.0506829268292682,11.2,1265.4,-0.8,142.1,50.0,54.0,51.0,51.0,38.0,53.0
2022-09-18 14:50:00,0,5.2,161.9,31.1,31.0,0.0665853658536585,11.3,1283.0,-1.2,130.8,50.0,54.0,51.0,51.0,38.0,53.0
2022-09-18 15:00:00,0,5.2,88.2,5.3,31.0,0.082,11.4,1294.3,-1.2,82.9,51.0,55.0,51.0,51.0,38.0,53.0
2022-09-18 15:10:00,0,3.8,99.0,20.1,31.0,0.0133170731707317,11.0,1246.0,0.3,78.8,50.0,53.0,51.0,51.0,39.0,49.0
2022-09-18 15:20:00,0,4.2,110.1,-17.7,31.0,0.0335609756097561,9.6,1090.3,3.8,127.8,50.0,52.0,51.0,52.0,38.0,44.0
2022-09-18 15:30:00,0,3.8,167.7,40.3,32.0,0.0110731707317073,8.2,945.7,7.0,127.4,49.0,51.0,51.0,51.0,38.0,46.0
2022-09-18 15:40:00,0,5.3,149.8,18.5,31.0,0.0819512195121951,11.6,1313.1,-1.0,131.2,50.0,54.0,51.0,51.0,38.0,47.0
2022-09-18 15:50:00,0,2.8,81.7,-15.9,32.0,-0.013560975609756,3.5,434.8,17.9,97.6,49.0,51.0,51.0,51.0,39.0,48.0
2022-09-18 16:00:00,0,4.0,156.0,43.6,32.0,0.0359512195121951,6.7,802.6,9.3,112.3,49.0,50.0,49.0,51.0,39.0,49.0
2022-09-18 16:10:00,0,4.2,115.9,10.5,32.0,0.0149268292682926,8.1,935.5,15.2,105.4,49.0,50.0,49.0,50.0,39.0,50.0
2022-09-18 16:20:00,0,4.1,133.1,-9.3,32.0,0.0157560975609756,9.6,1089.4,5.1,142.4,49.0,51.0,49.0,50.0,39.0,50.0
2022-09-18 16:30:00,0,3.9,124.0,14.8,32.0,0.0212682926829268,9.4,1071.5,5.6,109.2,48.0,50.0,49.0,49.0,39.0,51.0
2022-09-18 16:40:00,0,4.7,156.5,16.2,32.0,0.0446341463414634,11.2,1263.3,-0.8,140.3,49.0,52.0,49.0,49.0,39.0,51.0
2022-09-18 16:50:00,0,4.4,109.5,2.7,32.0,0.0434634146341463,11.1,1254.9,-0.5,106.8,49.0,52.0,49.0,49.0,40.0,52.0
2022-09-18 17:00:00,0,3.6,124.8,-5.0,32.0,-0.000390243902439,9.9,1118.9,2.9,129.8,49.0,52.0,50.0,49.0,40.0,52.0
2022-09-18 17:10:00,0,3.4,129.3,23.6,32.0,-0.0074634146341463,5.2,607.5,20.6,105.8,48.0,50.0,49.0,49.0,40.0,52.0
2022-09-18 17:20:00,0,3.6,152.6,7.7,32.0,0.0003414634146341,8.3,953.2,6.3,144.9,48.0,50.0,49.0,49.0,40.0,47.0
2022-09-18 17:30:00,0,3.7,130.2,23.4,32.0,0.0099024390243902,9.9,1119.0,2.5,106.8,48.0,50.0,49.0,49.0,40.0,45.0
2022-09-18 17:40:00,0,5.1,170.7,32.1,31.0,0.0824390243902439,11.4,1290.7,-1.0,138.7,48.0,52.0,49.0,49.0,40.0,47.0
2022-09-18 17:50:00,0,4.6,143.6,-12.5,31.0,0.0576585365853658,11.2,1269.5,-0.7000000000000001,156.1,49.0,54.0,49.0,49.0,40.0,48.0
2022-09-18 18:00:00,0,3.9,127.4,-16.5,32.0,0.0177560975609756,10.2,1154.1,4.3,143.9,49.0,52.0,49.0,49.0,40.0,49.0
2022-09-18 18:10:00,0,3.8,162.7,36.3,31.0,0.0084390243902439,8.5,974.8,5.8,126.4,48.0,51.0,49.0,49.0,40.0,50.0
2022-09-18 18:20:00,0,2.8,148.2,-3.0,31.0,-0.0081951219512195,8.5,977.5,8.1,151.3,48.0,50.0,49.0,49.0,40.0,50.0
2022-09-18 18:30:00,0,3.5,199.4,30.0,32.0,-0.005170731707317,1.9,275.2,20.1,169.3,48.0,49.0,49.0,49.0,40.0,51.0
2022-09-18 18:40:00,0,4.2,335.5,42.6,31.0,0.0386341463414634,11.1,1252.4,0.0,292.9,48.0,50.0,48.0,49.0,40.0,52.0
2022-09-18 18:50:00,0,4.7,303.2,16.9,31.0,0.0652682926829268,11.1,1258.2,-0.8,286.2,48.0,52.0,48.0,49.0,40.0,52.0
2022-09-18 19:00:00,0,4.6,299.0,2.6,30.0,0.062390243902439,11.1,1258.3,-0.7000000000000001,296.4,49.0,53.0,49.0,48.0,40.0,53.0
2022-09-18 19:10:00,0,4.4,284.9,-5.2,30.0,0.0478048780487804,11.1,1257.0,-0.6000000000000001,290.1,49.0,53.0,49.0,49.0,40.0,50.0
2022-09-18 19:20:00,0,4.0,285.8,-1.8,30.0,0.026780487804878,11.0,1249.1,-0.2,287.6,49.0,52.0,49.0,49.0,40.0,44.0
2022-09-18 19:30:00,0,4.1,306.1,15.4,30.0,0.0355121951219512,11.0,1251.1,-0.3,290.8,48.0,52.0,49.0,49.0,39.0,46.0
2022-09-18 19:40:00,0,4.9,277.7,-20.1,29.0,0.0841463414634146,11.1,1260.3,-1.0,297.8,49.0,53.0,49.0,49.0,39.0,47.0
2022-09-18 19:50:00,0,4.4,315.7,17.9,28.0,0.0473658536585365,11.1,1252.0,-0.6000000000000001,297.8,49.0,53.0,49.0,49.0,39.0,48.0
2022-09-18 20:00:00,0,3.9,288.0,-2.0,28.0,0.0252682926829268,11.0,1248.9,-0.1,290.1,49.0,52.0,49.0,49.0,39.0,48.0
2022-09-18 20:10:00,0,3.1,280.2,-2.1,27.0,-0.0037073170731707,9.7,1097.9,4.8,282.4,48.0,51.0,49.0,49.0,39.0,49.0
2022-09-18 20:20:00,0,3.3,286.9,-3.8,27.0,-0.0132682926829268,4.4,502.6,20.3,290.8,48.0,48.0,49.0,49.0,38.0,50.0
2022-09-18 20:30:00,0,3.5,281.2,-0.4,26.0,-0.0068292682926829,7.7,869.2,9.1,281.7,47.0,47.0,48.0,49.0,37.0,50.0
2022-09-18 20:40:00,0,4.3,269.9,-13.5,25.0,0.0189268292682926,11.0,1248.5,-0.5,283.4,47.0,48.0,47.0,48.0,36.0,50.0
2022-09-18 20:50:00,0,3.1,274.8,-8.6,25.0,-0.0042439024390243,9.4,1064.1,12.8,283.4,47.0,49.0,47.0,47.0,35.0,51.0
2022-09-18 21:00:00,0,3.1,300.6,8.1,25.0,-0.0133170731707317,1.7000000000000002,198.9,34.8,292.5,46.0,47.0,46.0,47.0,35.0,51.0
2022-09-18 21:10:00,0,2.2,297.5,24.6,25.0,-0.0107317073170731,0.8,167.3,24.0,272.9,45.0,45.0,44.0,46.0,35.0,51.0
2022-09-18 21:20:00,0,3.0,292.5,19.5,25.0,-0.0085853658536585,2.1,234.6,24.0,272.9,45.0,43.0,43.0,45.0,35.0,52.0
2022-09-18 21:30:00,0,2.6,279.7,-2.7,25.0,-0.0081463414634146,1.8,207.8,24.0,282.4,45.0,42.0,41.0,44.0,35.0,52.0
2022-09-18 21:40:00,0,2.4,283.2,0.9,25.0,-0.0061951219512195,0.9,170.4,24.0,282.4,44.0,41.0,40.0,43.0,34.0,52.0
2022-09-18 21:50:00,0,2.1,295.7,13.3,24.0,-0.0061463414634146,0.0,144.2,24.0,282.4,44.0,40.0,39.0,42.0,34.0,52.0
2022-09-18 22:00:00,0,1.8,317.5,35.1,24.0,-0.0060975609756097,0.0,102.1,24.0,282.4,43.0,40.0,38.0,41.0,34.0,52.0
2022-09-18 22:10:00,0,2.1,319.1,36.7,24.0,-0.006,0.0,121.8,24.0,282.4,43.0,40.0,37.0,40.0,34.0,52.0
2022-09-18 22:20:00,0,2.4,316.4,33.9,23.0,-0.0063414634146341,0.3,139.4,24.0,282.4,42.0,40.0,36.0,39.0,33.0,53.0
2022-09-18 22:30:00,0,3.4,316.6,-13.4,23.0,0.0057560975609756,9.2,1042.0,4.7,330.0,43.0,42.0,36.0,38.0,33.0,52.0
2022-09-18 22:40:00,0,3.0,291.1,-31.9,23.0,-0.0013658536585365,6.4,717.7,13.9,323.0,43.0,44.0,38.0,38.0,32.0,52.0
2022-09-18 22:50:00,0,2.9,314.4,0.4,23.0,-0.0062439024390243,2.2,251.2,24.0,313.9,43.0,43.0,37.0,37.0,32.0,52.0
2022-09-18 23:00:00,0,3.0,327.3,-2.8,23.0,-0.0062439024390243,2.3,260.4,24.0,330.0,43.0,42.0,36.0,37.0,32.0,52.0
2022-09-18 23:10:00,0,3.3,0.1,14.6,23.0,-0.0061951219512195,2.4,269.7,24.0,345.5,42.0,41.0,35.0,36.0,32.0,52.0
2022-09-18 23:20:00,0,3.4,346.0,-9.6,23.0,-0.0061951219512195,2.4,274.5,24.0,355.6,42.0,41.0,35.0,36.0,31.0,52.0
2022-09-18 23:30:00,0,3.7,358.2,10.7,23.0,0.0019512195121951,6.5,735.7,12.3,347.6,42.0,42.0,34.0,35.0,31.0,52.0
2022-09-18 23:40:00,0,3.7,30.9,43.3,23.0,0.0028292682926829,9.3,1052.0,5.2,347.6,42.0,44.0,35.0,34.0,31.0,51.0
2022-09-18 23:50:00,0,4.7,353.0,4.0,23.0,0.0266829268292682,11.0,1250.1,-0.9,349.0,43.0,46.0,36.0,35.0,31.0,51.0
2022-09-19 00:00:00,0,5.3,348.7,-0.3,24.0,0.0632195121951219,11.1,1260.0,-1.4,349.0,43.0,48.0,37.0,35.0,31.0,51.0
2022-09-19 00:10:00,0,4.3,350.6,1.7000000000000002,24.0,0.016390243902439,11.0,1249.0,-0.3,349.0,44.0,48.0,38.0,36.0,32.0,51.0
2022-09-19 00:20:00,0,3.4,358.0,9.1,24.0,-0.006390243902439,2.7,305.8,23.5,349.0,43.0,45.0,39.0,37.0,32.0,51.0
2022-09-19 00:30:00,0,3.3,345.6,-10.7,25.0,-0.0061463414634146,2.3,262.5,24.0,356.3,42.0,43.0,38.0,37.0,32.0,51.0
2022-09-19 00:40:00,0,3.1,22.0,17.0,24.0,-0.0062439024390243,2.0,231.6,24.0,5.1,42.0,42.0,37.0,37.0,32.0,51.0
2022-09-19 00:50:00,0,2.4,18.9,12.7,24.0,-0.0061951219512195,1.3,178.7,24.0,6.1,42.0,41.0,36.0,37.0,32.0,51.0
2022-09-19 01:00:00,0,1.7000000000000002,40.4,34.3,24.0,-0.0060487804878048,0.0,111.3,24.0,6.1,41.0,41.0,35.0,36.0,32.0,51.0
2022-09-19 01:10:00,0,1.6,18.3,12.1,24.0,-0.006,0.0,56.9,24.0,6.1,41.0,40.0,34.0,36.0,32.0,52.0
2022-09-19 01:20:00,0,1.7000000000000002,75.4,69.3,24.0,-0.0060487804878048,0.0,0.2,24.0,6.1,41.0,40.0,34.0,35.0,32.0,52.0
2022-09-19 01:30:00,0,1.6,119.1,112.9,24.0,-0.006,0.0,0.0,24.0,6.1,40.0,39.0,33.0,35.0,31.0,52.0
2022-09-19 01:40:00,0,1.7000000000000002,105.9,99.8,24.0,-0.006,0.0,0.0,24.0,6.1,40.0,39.0,32.0,34.0,31.0,52.0
2022-09-19 01:50:00,0,1.8,68.3,62.1,24.0,-0.0060487804878048,0.0,0.9,24.0,6.1,39.0,38.0,32.0,34.0,31.0,52.0
2022-09-19 02:00:00,0,1.9,63.6,57.5,23.0,-0.006,0.0,0.0,24.0,6.1,39.0,38.0,31.0,33.0,31.0,52.0
2022-09-19 02:10:00,0,1.8,94.6,88.4,22.0,-0.006,0.0,2.6,24.0,6.1,38.0,38.0,31.0,33.0,31.0,52.0
2022-09-19 02:20:00,0,2.0,145.2,139.0,23.0,-0.0048292682926829,0.0,1.1,24.0,6.1,38.0,37.0,31.0,32.0,30.0,52.0
2022-09-19 02:30:00,0,2.9,109.2,102.9,23.0,-0.0054634146341463,0.7000000000000001,88.4,24.0,6.3,38.0,37.0,31.0,32.0,30.0,52.0
2022-09-19 02:40:00,0,3.3,98.3,-8.3,23.0,-0.0050243902439024,2.1,240.9,24.0,106.7,40.0,37.0,31.0,32.0,30.0,52.0
2022-09-19 02:50:00,0,3.2,88.0,-1.5,23.0,-0.0050243902439024,2.2,254.3,24.0,89.6,40.0,38.0,31.0,32.0,30.0,52.0
2022-09-19 03:00:00,0,3.0,90.0,-6.6,23.0,-0.0049756097560975,2.1,236.3,24.0,96.6,40.0,39.0,31.0,32.0,30.0,52.0
2022-09-19 03:10:00,0,2.9,117.3,12.3,23.0,-0.0048292682926829,2.0,225.0,24.0,105.0,40.0,39.0,31.0,32.0,30.0,52.0
2022-09-19 03:20:00,0,2.5,83.5,-21.4,22.0,-0.0042439024390243,1.6,182.7,24.0,105.0,40.0,39.0,31.0,31.0,30.0,53.0
2022-09-19 03:30:00,0,2.7,97.5,-7.5,22.0,-0.0043414634146341,1.7000000000000002,193.3,24.0,104.9,40.0,39.0,31.0,31.0,30.0,53.0
2022-09-19 03:40:00,0,2.9,90.1,3.7,23.0,-0.0043414634146341,2.2,251.4,24.0,86.4,40.0,39.0,31.0,31.0,30.0,53.0
2022-09-19 03:50:00,0,2.9,99.2,5.0,22.0,-0.0043414634146341,2.5,284.0,24.0,94.1,40.0,39.0,31.0,31.0,30.0,53.0
2022-09-19 04:00:00,0,2.9,115.5,5.9,22.0,-0.0042926829268292,2.0,225.8,24.0,109.6,40.0,39.0,31.0,31.0,30.0,53.0
2022-09-19 04:10:00,0,3.9,136.2,2.8,22.0,0.0013658536585365,5.2,587.4,15.6,133.4,40.0,39.0,31.0,31.0,30.0,53.0
2022-09-19 04:20:00,0,4.4,137.7,-5.5,23.0,0.0129756097560975,11.0,1248.7,-0.6000000000000001,143.2,41.0,44.0,31.0,42.0,30.0,53.0
2022-09-19 04:30:00,0,3.0,143.5,0.3,22.0,-0.0039512195121951,4.9,554.4,17.3,143.2,41.0,45.0,33.0,48.0,30.0,52.0
2022-09-19 04:40:00,0,2.7,164.6,28.0,22.0,-0.002,2.9,331.5,20.8,136.6,40.0,43.0,34.0,45.0,30.0,52.0
2022-09-19 04:50:00,0,4.1,149.9,-11.8,20.0,0.0353658536585365,11.1,1253.9,-0.2,161.8,41.0,45.0,34.0,49.0,30.0,52.0
2022-09-19 05:00:00,0,3.0,191.0,27.8,21.0,-0.0045365853658536,2.8,316.2,23.3,163.2,41.0,44.0,36.0,50.0,30.0,52.0
2022-09-19 05:10:00,0,2.6,165.0,-9.0,20.0,-0.0042439024390243,2.1,237.8,23.7,174.0,40.0,43.0,36.0,46.0,30.0,52.0
2022-09-19 05:20:00,0,3.8,211.3,37.2,20.0,0.0219512195121951,11.0,1242.3,0.0,174.0,41.0,44.0,36.0,48.0,30.0,52.0
2022-09-19 05:30:00,0,2.7,202.4,22.3,20.0,-0.0046829268292682,3.1,358.9,21.3,180.0,41.0,44.0,37.0,51.0,30.0,52.0
2022-09-19 05:40:00,0,3.0,179.9,-5.6,20.0,0.001170731707317,7.4,843.8,9.0,185.6,41.0,44.0,37.0,50.0,30.0,51.0
2022-09-19 05:50:00,0,5.1,182.4,0.6000000000000001,20.0,0.1169268292682926,11.7,1326.6,-0.9,181.8,42.0,47.0,38.0,53.0,30.0,51.0
2022-09-19 06:00:00,0,5.4,158.1,-23.6,20.0,0.1458048780487804,11.8,1341.6,-1.1,181.8,43.0,50.0,40.0,58.0,30.0,51.0
2022-09-19 06:10:00,0,7.7,161.8,-19.9,21.0,0.2990243902439024,13.7,1551.8,-2.1,181.7,45.0,53.0,43.0,62.0,30.0,51.0
2022-09-19 06:20:00,0,6.8,158.0,-17.4,20.0,0.2028780487804878,13.0,1474.0,-1.9,175.4,46.0,54.0,46.0,65.0,30.0,50.0
2022-09-19 06:30:00,0,3.8,159.3,-8.0,20.0,0.0066829268292682,7.4,838.2,10.2,167.4,45.0,49.0,45.0,63.0,30.0,50.0
2022-09-19 06:40:00,0,4.8,142.0,-18.0,20.0,0.0475121951219512,11.1,1254.7,-0.9,160.0,44.0,47.0,43.0,60.0,31.0,50.0
2022-09-19 06:50:00,0,4.4,161.6,1.7000000000000002,21.0,0.0350731707317073,11.0,1251.3,-0.5,160.0,44.0,48.0,43.0,61.0,31.0,50.0
2022-09-19 07:00:00,0,3.7,97.6,-25.3,21.0,0.0203414634146341,11.0,1249.5,0.3,122.8,44.0,47.0,43.0,61.0,31.0,50.0
2022-09-19 07:10:00,0,4.1,123.7,9.3,20.0,0.0251219512195121,5.5,628.9,16.1,114.4,43.0,45.0,42.0,59.0,31.0,50.0
2022-09-19 07:20:00,0,6.5,104.7,5.3,20.0,0.1890731707317073,12.4,1409.8,-2.0,99.4,45.0,50.0,42.0,60.0,31.0,50.0
2022-09-19 07:30:00,0,5.4,103.3,3.9,20.0,0.1141463414634146,11.3,1274.4,-1.5,99.4,45.0,51.0,43.0,62.0,31.0,50.0
2022-09-19 07:40:00,0,4.0,121.9,15.2,20.0,0.0234634146341463,11.0,1247.5,-0.1,106.8,45.0,48.0,42.0,62.0,31.0,50.0
2022-09-19 07:50:00,0,3.4,124.1,-8.2,20.0,0.0028780487804878,5.1,582.9,16.2,132.3,44.0,46.0,41.0,59.0,31.0,50.0
2022-09-19 08:00:00,0,5.3,127.9,-4.4,20.0,0.0938048780487804,11.3,1278.6,-1.3,132.4,44.0,47.0,41.0,59.0,31.0,50.0
2022-09-19 08:10:00,0,5.8,138.8,-8.5,20.0,0.116,11.7,1322.8,-1.7000000000000002,147.4,45.0,49.0,41.0,61.0,31.0,50.0
2022-09-19 08:20:00,0,5.6,140.8,0.1,21.0,0.1178048780487804,11.4,1288.6,-1.6,140.7,45.0,50.0,42.0,62.0,31.0,50.0
2022-09-19 08:30:00,0,6.2,148.5,7.7,21.0,0.1397073170731707,12.0,1355.4,-2.0,140.7,46.0,51.0,43.0,63.0,31.0,50.0
2022-09-19 08:40:00,0,6.3,142.3,1.5,21.0,0.1397073170731707,12.0,1362.8,-2.0,140.7,46.0,51.0,45.0,64.0,31.0,50.0
2022-09-19 08:50:00,0,6.6,131.7,-9.0,21.0,0.1751707317073171,12.5,1412.5,-2.0,140.7,47.0,53.0,46.0,65.0,31.0,49.0
2022-09-19 09:00:00,0,7.2,140.0,-0.7000000000000001,21.0,0.214390243902439,13.4,1519.0,-2.1,140.7,48.0,54.0,47.0,66.0,31.0,49.0
2022-09-19 09:10:00,0,6.9,130.3,-10.4,21.0,0.2330731707317073,13.0,1476.7,-2.0,140.7,48.0,55.0,48.0,68.0,31.0,49.0
2022-09-19 09:20:00,0,6.3,110.3,-23.1,21.0,0.1876097560975609,12.3,1388.2,-1.8,133.4,48.0,54.0,48.0,68.0,31.0,49.0
2022-09-19 09:30:00,0,6.2,130.4,3.7,21.0,0.1946341463414634,12.3,1388.2,-1.8,126.7,49.0,54.0,48.0,67.0,31.0,49.0
2022-09-19 09:40:00,0,5.6,141.1,14.3,21.0,0.1326829268292683,11.7,1322.5,-1.5,126.7,48.0,53.0,47.0,66.0,31.0,49.0
2022-09-19 09:50:00,0,4.1,111.9,-14.8,22.0,0.0556097560975609,11.1,1259.5,-0.3,126.7,48.0,51.0,46.0,64.0,31.0,49.0
2022-09-19 10:00:00,0,4.6,137.2,22.4,22.0,0.0759024390243902,11.3,1274.9,-0.7000000000000001,114.8,47.0,50.0,45.0,63.0,32.0,49.0
2022-09-19 10:10:00,0,5.2,144.1,13.5,22.0,0.110390243902439,11.4,1295.2,-1.2,130.6,47.0,51.0,45.0,63.0,32.0,49.0
2022-09-19 10:20:00,0,6.0,128.9,-5.9,23.0,0.1570243902439024,12.0,1360.4,-1.6,134.8,48.0,52.0,45.0,63.0,32.0,49.0
2022-09-19 10:30:00,0,7.1,118.0,-18.9,23.0,0.2690243902439024,13.3,1505.1,-2.1,136.9,49.0,55.0,46.0,65.0,32.0,49.0
2022-09-19 10:40:00,0,6.4,146.5,16.9,23.0,0.2150731707317073,12.7,1440.0,-1.7000000000000002,129.5,49.0,55.0,47.0,66.0,32.0,49.0
2022-09-19 10:50:00,0,6.0,124.9,-4.3,24.0,0.1646829268292683,12.0,1360.0,-1.7000000000000002,129.2,49.0,55.0,48.0,66.0,33.0,49.0
2022-09-19 11:00:00,0,6.1,127.0,-10.9,24.0,0.1709756097560975,12.2,1377.9,-1.7000000000000002,137.9,49.0,54.0,47.0,65.0,33.0,49.0
2022-09-19 11:10:00,0,6.3,150.5,19.6,24.0,0.1808780487804878,12.4,1405.1,-1.7000000000000002,130.9,49.0,54.0,47.0,64.0,33.0,49.0
2022-09-19 11:20:00,0,7.1,132.5,1.6,24.0,0.2395121951219512,13.4,1514.5,-2.1,130.9,50.0,56.0,49.0,66.0,33.0,49.0
2022-09-19 11:30:00,0,6.1,135.5,4.6,24.0,0.1611219512195122,12.1,1374.4,-1.7000000000000002,130.9,50.0,55.0,49.0,66.0,33.0,49.0
2022-09-19 11:40:00,0,6.2,130.1,5.5,24.0,0.1537073170731707,12.2,1378.4,-1.8,124.6,50.0,55.0,48.0,64.0,33.0,49.0
2022-09-19 11:50:00,0,4.3,118.5,-5.5,25.0,0.0555121951219512,11.2,1265.7,-0.4,123.9,49.0,53.0,48.0,62.0,34.0,49.0
2022-09-19 12:00:00,0,4.1,127.5,-15.7,25.0,0.0463414634146341,11.1,1252.7,-0.3,143.2,49.0,51.0,46.0,58.0,34.0,49.0
2022-09-19 12:10:00,0,4.4,110.9,-34.0,25.0,0.0515609756097561,11.1,1255.0,-0.6000000000000001,144.9,48.0,51.0,46.0,57.0,34.0,49.0
2022-09-19 12:20:00,0,4.2,146.4,16.8,25.0,0.0387317073170731,11.0,1250.5,-0.4,129.5,48.0,50.0,45.0,56.0,34.0,49.0
2022-09-19 12:30:00,0,2.9,113.3,-16.6,26.0,-0.0008292682926829,7.5,858.4,8.5,129.9,47.0,48.0,44.0,54.0,34.0,49.0
2022-09-19 12:40:00,0,3.1,200.2,31.4,25.0,-0.0087317073170731,7.1,812.6,11.3,168.8,46.0,47.0,43.0,53.0,34.0,49.0
2022-09-19 12:50:00,0,2.9,177.9,12.6,26.0,-0.0079512195121951,1.9,227.6,24.0,165.3,46.0,45.0,42.0,51.0,34.0,49.0
2022-09-19 13:00:00,0,2.9,135.3,-52.7,26.0,-0.0054634146341463,4.2,521.4,16.4,188.0,45.0,43.0,40.0,49.0,34.0,50.0
2022-09-19 13:10:00,0,3.5,157.2,-16.4,26.0,0.0072195121951219,7.6,860.7,9.8,173.6,45.0,45.0,40.0,47.0,34.0,50.0
2022-09-19 13:20:00,0,3.3,133.3,-24.3,26.0,-0.0057560975609756,5.1,591.3,15.0,157.6,45.0,44.0,39.0,45.0,34.0,50.0
2022-09-19 13:30:00,0,3.6,160.4,-15.7,26.0,0.0070243902439024,10.1,1147.9,2.9,176.2,45.0,45.0,38.0,44.0,34.0,50.0
2022-09-19 13:40:00,0,3.8,210.3,19.1,26.0,0.0221463414634146,11.1,1253.5,0.2,191.2,45.0,47.0,39.0,44.0,33.0,50.0
2022-09-19 13:50:00,0,3.6,180.5,-3.3,26.0,0.0232195121951219,11.0,1250.4,0.2,183.9,45.0,48.0,39.0,44.0,34.0,50.0
2022-09-19 14:00:00,0,3.7,193.7,-3.4,25.0,0.0159512195121951,11.1,1253.1,0.5,197.2,45.0,48.0,39.0,44.0,34.0,50.0
2022-09-19 14:10:00,0,4.0,160.3,-38.0,25.0,0.0383414634146341,11.0,1251.2,-0.1,198.2,45.0,48.0,40.0,45.0,34.0,50.0
2022-09-19 14:20:00,0,4.0,204.9,0.4,25.0,0.043560975609756,11.1,1251.6,-0.3,204.5,45.0,49.0,40.0,46.0,34.0,50.0
2022-09-19 14:30:00,0,3.4,203.5,6.7,25.0,0.0074634146341463,11.0,1244.4,0.5,196.8,45.0,48.0,40.0,46.0,34.0,50.0
2022-09-19 14:40:00,0,3.4,161.2,-33.9,25.0,0.0095121951219512,9.3,1051.1,5.5,195.1,44.0,47.0,40.0,46.0,34.0,50.0
2022-09-19 14:50:00,0,3.6,190.9,-8.0,25.0,0.018780487804878,11.0,1245.5,0.3,198.9,44.0,48.0,40.0,46.0,34.0,50.0
2022-09-19 15:00:00,0,3.6,189.2,6.0,25.0,0.0118048780487804,11.0,1245.9,0.8,183.2,44.0,48.0,40.0,46.0,34.0,51.0
2022-09-19 15:10:00,0,3.5,197.7,7.9,25.0,0.0025853658536585,9.7,1093.8,5.0,189.8,44.0,47.0,40.0,46.0,34.0,51.0
2022-09-19 15:20:00,0,4.1,185.0,-9.1,25.0,0.0401951219512195,10.9,1237.7,-0.3,194.0,44.0,47.0,40.0,45.0,34.0,50.0
2022-09-19 15:30:00,0,4.7,197.0,-9.0,25.0,0.0720975609756097,11.1,1258.5,-0.8,205.9,45.0,49.0,40.0,45.0,34.0,51.0
2022-09-19 15:40:00,0,4.6,213.3,7.3,25.0,0.0707317073170731,11.1,1257.8,-0.8,206.0,45.0,50.0,41.0,45.0,34.0,51.0
2022-09-19 15:50:00,0,4.2,207.2,-5.3,25.0,0.0433658536585365,11.1,1252.3,-0.4,212.6,45.0,49.0,41.0,45.0,34.0,51.0
2022-09-19 16:00:00,0,3.3,210.1,-2.5,25.0,0.005170731707317,9.6,1091.8,4.6,212.6,44.0,48.0,41.0,45.0,34.0,51.0
2022-09-19 16:10:00,0,3.5,212.9,7.2,25.0,-0.0004390243902439,9.4,1063.6,5.1,205.6,44.0,47.0,41.0,45.0,34.0,51.0
2022-09-19 16:20:00,0,3.9,204.4,-19.4,25.0,0.025560975609756,11.0,1249.4,-0.1,223.8,44.0,47.0,41.0,45.0,34.0,51.0
2022-09-19 16:30:00,0,4.3,206.8,-13.9,24.0,0.0507317073170731,11.1,1252.8,-0.4,220.7,44.0,48.0,41.0,45.0,34.0,51.0
2022-09-19 16:40:00,0,4.2,207.0,-13.3,24.0,0.0416585365853658,11.1,1252.3,-0.4,220.3,44.0,49.0,41.0,45.0,33.0,51.0
2022-09-19 16:50:00,0,3.7,197.2,-17.5,24.0,0.0259512195121951,11.0,1249.7,0.2,214.7,44.0,48.0,41.0,45.0,33.0,51.0
2022-09-19 17:00:00,0,4.5,204.0,-10.7,24.0,0.0540487804878048,11.1,1253.2,-0.6000000000000001,214.7,44.0,49.0,41.0,45.0,33.0,51.0
2022-09-19 17:10:00,0,4.2,208.2,-14.5,24.0,0.0483414634146341,11.1,1251.8,-0.3,222.8,44.0,49.0,41.0,46.0,33.0,51.0
2022-09-19 17:20:00,0,4.1,222.9,-2.6,24.0,0.0364878048780487,11.0,1249.4,-0.3,225.5,44.0,49.0,41.0,46.0,33.0,51.0
2022-09-19 17:30:00,0,3.8,241.2,24.4,24.0,0.0193170731707317,11.0,1249.0,0.2,216.8,44.0,48.0,41.0,46.0,33.0,51.0
2022-09-19 17:40:00,0,4.0,217.7,14.9,24.0,0.0242926829268292,11.0,1248.7,-0.1,202.8,44.0,48.0,41.0,46.0,33.0,51.0
2022-09-19 17:50:00,0,4.2,217.7,6.5,24.0,0.0335121951219512,11.0,1249.5,-0.4,211.2,44.0,48.0,41.0,46.0,33.0,51.0
2022-09-19 18:00:00,0,3.9,233.7,22.5,24.0,0.0324878048780487,11.0,1249.5,-0.1,211.2,44.0,49.0,41.0,46.0,33.0,51.0
2022-09-19 18:10:00,0,3.5,232.6,14.7,24.0,0.0104390243902439,11.0,1248.5,0.4,217.9,44.0,48.0,41.0,46.0,33.0,51.0
2022-09-19 18:20:00,0,3.9,216.2,-5.8,23.0,0.0275121951219512,11.0,1249.6,0.0,222.0,44.0,48.0,41.0,45.0,33.0,51.0
2022-09-19 18:30:00,0,4.4,204.1,-14.4,23.0,0.052390243902439,11.1,1253.6,-0.5,218.6,44.0,49.0,41.0,45.0,33.0,51.0
2022-09-19 18:40:00,0,3.9,202.2,-7.2,23.0,0.028780487804878,11.0,1250.1,-0.1,209.4,44.0,48.0,41.0,45.0,33.0,51.0
2022-09-19 18:50:00,0,3.7,204.6,-4.8,23.0,0.0162926829268292,11.0,1248.6,0.1,209.4,44.0,48.0,41.0,45.0,33.0,51.0
2022-09-19 19:00:00,0,3.0,179.0,-30.4,23.0,-0.006,5.4,610.4,15.7,209.4,43.0,46.0,40.0,45.0,33.0,51.0
2022-09-19 19:10:00,0,3.1,210.9,9.5,23.0,0.0004878048780487,9.7,1090.8,5.0,201.4,43.0,45.0,40.0,45.0,33.0,50.0
2022-09-19 19:20:00,0,3.2,209.3,7.9,23.0,-0.007560975609756,6.0,685.9,14.2,201.4,43.0,44.0,39.0,44.0,33.0,50.0
2022-09-19 19:30:00,0,2.7,186.6,-29.5,23.0,-0.0077073170731707,1.6,217.5,24.3,216.1,42.0,44.0,38.0,43.0,32.0,50.0
2022-09-19 19:40:00,0,2.2,234.4,8.4,23.0,-0.0076097560975609,0.8,168.8,24.0,225.9,42.0,42.0,37.0,43.0,32.0,51.0
2022-09-19 19:50:00,0,2.3,208.8,-17.1,23.0,-0.0055121951219512,0.6000000000000001,166.4,24.0,225.9,41.0,41.0,36.0,41.0,32.0,51.0
2022-09-19 20:00:00,0,2.9,188.9,-37.0,23.0,-0.0056585365853658,1.6,221.8,24.0,225.9,41.0,41.0,36.0,40.0,32.0,51.0
2022-09-19 20:10:00,0,3.3,197.6,-5.9,22.0,-0.0054146341463414,2.5,279.1,24.0,203.5,41.0,41.0,35.0,39.0,32.0,51.0
2022-09-19 20:20:00,0,3.0,231.7,8.6,22.0,-0.005560975609756,2.1,235.7,24.0,223.1,41.0,41.0,35.0,38.0,32.0,51.0
2022-09-19 20:30:00,0,3.4,228.5,3.3,22.0,-0.0001951219512195,5.7,652.7,14.1,225.2,41.0,41.0,34.0,37.0,31.0,51.0
2022-09-19 20:40:00,0,2.7,196.1,-29.8,22.0,-0.0060975609756097,6.5,751.9,11.0,225.9,42.0,43.0,34.0,36.0,31.0,51.0
2022-09-19 20:50:00,0,3.3,178.6,-39.2,22.0,0.0131219512195121,4.5,519.4,15.9,217.9,41.0,43.0,34.0,36.0,31.0,51.0
2022-09-19 21:00:00,0,3.8,211.6,1.1,22.0,0.0179512195121951,11.0,1249.2,0.2,210.5,42.0,46.0,34.0,35.0,31.0,50.0
2022-09-19 21:10:00,0,2.8,219.6,9.1,22.0,-0.0060487804878048,2.3,270.6,48.9,210.5,42.0,45.0,34.0,36.0,31.0,50.0
2022-09-19 21:20:00,0,3.2,186.0,-11.9,22.0,0.0066341463414634,11.0,1243.2,0.9,197.8,42.0,45.0,34.0,36.0,31.0,50.0
2022-09-19 21:30:00,0,2.7,142.4,-33.0,22.0,-0.005560975609756,4.1,493.3,19.2,175.5,42.0,45.0,35.0,37.0,31.0,50.0
2022-09-19 21:40:00,0,2.8,171.0,-18.8,23.0,-0.0056585365853658,2.4,270.0,22.5,189.8,41.0,43.0,34.0,37.0,31.0,50.0
2022-09-19 21:50:00,0,3.0,196.6,21.8,23.0,0.0013658536585365,10.2,1156.9,3.9,174.7,42.0,44.0,34.0,36.0,31.0,50.0
2022-09-19 22:00:00,0,3.1,185.8,2.9,24.0,-0.0032195121951219,6.1,691.9,14.2,182.8,42.0,45.0,35.0,36.0,32.0,50.0
2022-09-19 22:10:00,0,3.0,176.1,-25.9,23.0,-0.005170731707317,3.3,377.5,20.7,202.0,41.0,43.0,35.0,36.0,31.0,50.0
2022-09-19 22:20:00,0,4.3,153.6,-25.0,22.0,0.0476097560975609,9.5,1087.2,6.5,178.6,42.0,45.0,35.0,36.0,32.0,50.0
2022-09-19 22:30:00,0,4.5,163.4,3.0,22.0,0.0453658536585365,11.0,1249.6,-0.6000000000000001,160.4,43.0,47.0,35.0,36.0,31.0,50.0
2022-09-19 22:40:00,0,5.0,160.7,0.3,22.0,0.0740975609756097,11.1,1261.5,-1.1,160.4,43.0,48.0,36.0,37.0,31.0,50.0
2022-09-19 22:50:00,0,3.2,169.4,9.0,22.0,0.0142439024390243,9.0,1031.7,5.3,160.4,43.0,47.0,36.0,37.0,31.0,50.0
2022-09-19 23:00:00,0,2.3,128.4,-24.6,21.0,-0.0054634146341463,1.0,204.0,22.8,153.0,42.0,45.0,36.0,38.0,31.0,50.0
2022-09-19 23:10:00,0,2.9,132.7,-20.3,22.0,0.0090243902439024,6.6,782.8,10.0,153.0,42.0,45.0,36.0,38.0,31.0,50.0
2022-09-19 23:20:00,0,3.0,90.8,-62.2,22.0,-0.0059512195121951,1.3,179.0,24.0,153.0,42.0,43.0,36.0,37.0,31.0,51.0
2022-09-19 23:30:00,0,3.1,172.3,22.2,22.0,-0.0054634146341463,2.2,251.0,24.0,150.2,42.0,42.0,35.0,37.0,31.0,51.0
2022-09-19 23:40:00,0,2.1,128.9,-0.6000000000000001,22.0,-0.0053658536585365,0.8,140.2,24.0,129.5,41.0,41.0,34.0,36.0,30.0,51.0
2022-09-19 23:50:00,0,3.9,46.3,-90.6,22.0,0.0273170731707317,5.9,694.9,11.9,136.9,41.0,42.0,34.0,36.0,30.0,51.0
2022-09-20 00:00:00,0,3.5,136.1,-7.1,22.0,0.0053658536585365,9.3,1047.4,5.4,143.2,42.0,45.0,34.0,35.0,31.0,51.0
2022-09-20 00:10:00,0,3.9,143.7,-7.2,22.0,0.0106829268292682,6.0,680.4,13.0,150.9,42.0,44.0,34.0,35.0,31.0,50.0
2022-09-20 00:20:00,0,5.0,157.8,-0.8,23.0,0.0506341463414634,11.1,1253.8,-1.1,158.6,42.0,47.0,34.0,36.0,31.0,50.0
2022-09-20 00:30:00,0,4.6,124.7,-10.4,23.0,0.0593170731707317,11.1,1252.7,-0.8,135.2,43.0,48.0,35.0,36.0,31.0,50.0
2022-09-20 00:40:00,0,3.6,167.4,6.0,23.0,0.0114146341463414,9.6,1088.8,4.7,161.5,43.0,47.0,36.0,37.0,31.0,50.0
2022-09-20 00:50:00,0,2.7,175.9,-0.6000000000000001,23.0,-0.0054634146341463,1.6,205.3,24.0,176.5,42.0,45.0,36.0,38.0,31.0,50.0
2022-09-20 01:00:00,0,2.9,160.8,-2.7,23.0,-0.0055121951219512,1.2,160.1,24.0,163.5,42.0,43.0,36.0,37.0,31.0,51.0
2022-09-20 01:10:00,0,3.8,354.8,-133.0,23.0,0.0204878048780487,4.3,552.3,14.4,127.8,42.0,43.0,35.0,37.0,31.0,51.0
2022-09-20 01:20:00,0,4.1,124.1,-15.8,22.0,0.0482926829268292,8.6,989.1,10.9,139.9,43.0,47.0,35.0,37.0,31.0,51.0
2022-09-20 01:30:00,0,3.1,61.0,-3.5,22.0,-0.003170731707317,1.6,233.0,21.6,64.5,42.0,44.0,35.0,37.0,31.0,50.0
2022-09-20 01:40:00,0,4.2,141.8,-4.2,23.0,0.0225853658536585,11.0,1249.3,-0.3,146.0,42.0,45.0,35.0,37.0,31.0,50.0
2022-09-20 01:50:00,0,4.2,142.8,4.4,23.0,0.0209756097560975,11.0,1248.5,-0.4,138.3,43.0,47.0,36.0,37.0,31.0,50.0
2022-09-20 02:00:00,0,2.1,152.7,-1.7000000000000002,22.0,-0.0055121951219512,2.4,323.4,20.8,154.4,42.0,45.0,36.0,37.0,31.0,50.0
2022-09-20 02:10:00,0,1.7000000000000002,216.7,62.3,23.0,-0.005170731707317,0.0,118.7,24.0,154.4,42.0,44.0,36.0,37.0,31.0,51.0
2022-09-20 02:20:00,0,1.7000000000000002,93.2,-61.2,22.0,-0.0052682926829268,0.0,50.9,24.0,154.4,41.0,42.0,35.0,37.0,30.0,51.0
2022-09-20 02:30:00,0,1.7000000000000002,191.4,37.0,24.0,-0.0052682926829268,0.0,126.2,24.0,154.4,41.0,41.0,34.0,37.0,31.0,51.0
2022-09-20 02:40:00,0,1.2,206.0,51.6,23.0,-0.0052195121951219,0.0,33.9,24.0,154.4,40.0,41.0,34.0,36.0,30.0,51.0
2022-09-20 02:50:00,0,1.8,72.2,-82.2,23.0,-0.005170731707317,0.0,41.5,24.0,154.4,40.0,40.0,33.0,36.0,30.0,51.0
2022-09-20 03:00:00,0,1.8,89.5,-64.9,23.0,-0.0052195121951219,0.0,0.0,24.0,154.4,40.0,40.0,32.0,35.0,30.0,51.0
2022-09-20 03:10:00,0,0.7000000000000001,45.0,-109.4,23.0,-0.005170731707317,0.0,0.0,24.0,154.4,40.0,39.0,32.0,35.0,30.0,51.0
2022-09-20 03:20:00,0,1.3,222.5,68.1,23.0,-0.0052195121951219,0.0,2.7,24.0,154.4,39.0,38.0,31.0,34.0,30.0,52.0
2022-09-20 03:30:00,0,1.8,285.9,131.5,24.0,-0.0052682926829268,0.0,0.8,24.0,154.4,38.0,38.0,31.0,33.0,31.0,52.0
2022-09-20 03:40:00,0,2.4,260.1,105.7,23.0,-0.005170731707317,0.0,6.4,24.0,154.4,38.0,38.0,31.0,33.0,31.0,52.0
2022-09-20 03:50:00,0,1.9,265.2,110.8,23.0,-0.004390243902439,0.0,35.5,24.0,154.4,38.0,37.0,30.0,32.0,31.0,52.0
2022-09-20 04:00:00,0,3.0,276.8,122.3,22.0,-0.0045365853658536,0.0,64.2,24.0,154.5,39.0,37.0,30.0,32.0,31.0,52.0
2022-09-20 04:10:00,0,4.4,290.8,63.4,22.0,0.0322926829268292,9.7,1107.0,2.4,227.4,41.0,41.0,31.0,32.0,31.0,52.0
2022-09-20 04:20:00,0,3.4,282.5,-4.7,22.0,0.0005365853658536,8.4,943.3,8.4,287.2,41.0,45.0,32.0,33.0,31.0,52.0
2022-09-20 04:30:00,0,3.0,269.7,-9.2,22.0,-0.0042926829268292,2.1,242.8,24.0,278.8,41.0,44.0,33.0,34.0,31.0,52.0
2022-09-20 04:40:00,0,2.8,259.8,-15.2,22.0,-0.0043414634146341,1.9,212.1,24.0,275.0,40.0,42.0,33.0,34.0,31.0,52.0
2022-09-20 04:50:00,0,1.9,202.4,-48.7,22.0,-0.0040975609756097,0.3,86.5,24.0,251.1,40.0,41.0,33.0,34.0,31.0,52.0
2022-09-20 05:00:00,0,2.0,221.3,-29.8,22.0,-0.004,0.0,23.6,24.0,251.1,40.0,40.0,33.0,34.0,31.0,53.0
2022-09-20 05:10:00,0,2.7,215.8,-35.3,22.0,-0.0045853658536585,0.8,105.0,24.0,251.0,39.0,40.0,33.0,34.0,31.0,53.0
2022-09-20 05:20:00,0,2.6,186.3,11.9,21.0,-0.0043414634146341,1.6,209.4,24.0,174.3,39.0,39.0,33.0,33.0,30.0,53.0
2022-09-20 05:30:00,0,2.4,167.3,8.0,21.0,-0.0041463414634146,1.0,177.2,24.0,159.3,39.0,39.0,33.0,33.0,30.0,53.0
2022-09-20 05:40:00,0,2.3,218.2,58.8,21.0,-0.0040975609756097,0.5,161.1,24.0,159.3,39.0,39.0,33.0,33.0,30.0,53.0
2022-09-20 05:50:00,0,2.1,184.0,24.7,21.0,-0.0041951219512195,0.6000000000000001,162.7,24.0,159.3,39.0,39.0,33.0,33.0,30.0,53.0
2022-09-20 06:00:00,0,2.5,177.9,18.6,21.0,-0.0041463414634146,1.4,196.2,24.0,159.3,39.0,39.0,33.0,33.0,30.0,53.0
2022-09-20 06:10:00,0,2.5,194.1,34.7,22.0,-0.0041463414634146,0.9,171.5,24.0,159.3,39.0,39.0,33.0,33.0,30.0,53.0
2022-09-20 06:20:00,0,2.6,203.7,44.4,22.0,-0.0041951219512195,0.7000000000000001,157.5,24.0,159.3,39.0,38.0,32.0,32.0,30.0,53.0
2022-09-20 06:30:00,0,2.7,181.8,22.5,22.0,-0.0041463414634146,1.9,220.1,24.0,159.3,39.0,38.0,32.0,32.0,29.0,53.0
2022-09-20 06:40:00,0,3.3,189.7,30.3,21.0,0.0018536585365853,5.6,636.7,14.5,159.3,39.0,39.0,32.0,32.0,30.0,50.0
2022-09-20 06:50:00,0,3.0,151.1,-8.9,21.0,0.0026829268292682,9.9,1115.6,4.8,160.1,40.0,43.0,33.0,33.0,30.0,41.0
2022-09-20 07:00:00,0,3.5,180.8,1.5,21.0,0.0122439024390243,7.8,891.1,8.6,179.3,40.0,44.0,34.0,34.0,30.0,42.0
2022-09-20 07:10:00,0,3.6,155.0,-2.2,21.0,0.0275121951219512,11.0,1249.1,0.3,157.2,41.0,46.0,35.0,35.0,30.0,43.0
2022-09-20 07:20:00,0,3.2,172.1,14.9,21.0,0.0058048780487804,8.8,998.0,6.6,157.2,41.0,47.0,36.0,36.0,30.0,44.0
2022-09-20 07:30:00,0,3.2,175.3,9.3,21.0,0.0189268292682926,11.0,1248.8,0.6000000000000001,166.0,41.0,46.0,37.0,37.0,30.0,45.0
2022-09-20 07:40:00,0,3.8,154.0,-17.6,21.0,0.0287317073170731,11.0,1249.3,0.1,171.6,42.0,47.0,37.0,37.0,30.0,45.0
2022-09-20 07:50:00,0,3.0,168.6,3.3,21.0,0.0013658536585365,7.4,837.9,11.3,165.3,42.0,47.0,38.0,38.0,30.0,46.0
2022-09-20 08:00:00,0,3.3,173.9,-14.5,21.0,0.0086829268292682,8.2,936.3,9.5,188.4,42.0,45.0,37.0,38.0,30.0,46.0
2022-09-20 08:10:00,0,2.7,204.4,16.6,21.0,-0.0055121951219512,2.1,237.1,23.7,187.7,41.0,44.0,37.0,39.0,30.0,46.0
2022-09-20 08:20:00,0,3.5,197.2,-2.4,21.0,0.010780487804878,10.0,1139.6,4.4,199.6,41.0,45.0,36.0,38.0,30.0,47.0
2022-09-20 08:30:00,0,2.8,163.2,-29.3,21.0,-0.0055121951219512,1.9,218.5,24.0,192.6,41.0,44.0,36.0,38.0,30.0,47.0
2022-09-20 08:40:00,0,3.5,188.8,20.3,21.0,-0.0032195121951219,6.9,786.0,11.9,168.4,41.0,43.0,35.0,38.0,30.0,47.0
2022-09-20 08:50:00,0,3.1,166.0,4.2,21.0,-0.0053658536585365,2.3,263.1,24.0,161.8,41.0,43.0,35.0,37.0,30.0,47.0
2022-09-20 09:00:00,0,3.1,166.1,11.3,20.0,-0.0055121951219512,2.3,260.8,24.0,154.8,40.0,42.0,34.0,37.0,30.0,48.0
2022-09-20 09:10:00,0,2.3,192.4,12.4,20.0,-0.0053170731707317,0.9,176.8,24.0,180.0,40.0,41.0,34.0,36.0,29.0,48.0
2022-09-20 09:20:00,0,2.7,215.8,34.0,20.0,-0.0053170731707317,2.0,232.3,24.0,181.8,40.0,40.0,33.0,35.0,29.0,48.0
2022-09-20 09:30:00,0,3.6,230.6,48.8,21.0,0.0075121951219512,7.9,896.2,8.2,181.8,40.0,41.0,32.0,34.0,29.0,48.0
2022-09-20 09:40:00,0,2.8,244.2,27.0,21.0,-0.0033658536585365,5.6,634.4,15.5,217.2,41.0,44.0,32.0,34.0,29.0,48.0
2022-09-20 09:50:00,0,2.9,203.6,-22.2,22.0,-0.0056097560975609,2.0,229.6,24.0,225.9,40.0,42.0,32.0,34.0,29.0,48.0
2022-09-20 10:00:00,0,2.9,221.0,13.6,22.0,-0.0056585365853658,2.2,247.0,24.0,207.4,40.0,41.0,32.0,34.0,29.0,48.0
2022-09-20 10:10:00,0,3.3,211.1,-8.1,22.0,-0.0035121951219512,6.0,681.2,15.7,219.2,40.0,42.0,31.0,33.0,29.0,48.0
2022-09-20 10:20:00,0,3.4,205.0,8.5,22.0,0.0121463414634146,4.7,541.6,16.1,196.5,40.0,42.0,31.0,33.0,29.0,48.0
2022-09-20 10:30:00,0,4.3,187.7,-23.8,22.0,0.0390243902439024,11.1,1261.1,-0.2,211.5,42.0,46.0,31.0,33.0,30.0,48.0
2022-09-20 10:40:00,0,3.3,221.0,18.5,22.0,0.001170731707317,6.2,706.2,17.4,202.4,41.0,46.0,32.0,33.0,30.0,48.0
2022-09-20 10:50:00,0,3.1,186.0,-13.2,23.0,-0.0016585365853658,9.3,1053.7,5.0,199.3,41.0,45.0,32.0,33.0,30.0,48.0
2022-09-20 11:00:00,0,4.0,212.2,11.5,23.0,0.0215609756097561,8.4,967.0,12.5,200.7,41.0,45.0,33.0,34.0,30.0,48.0
2022-09-20 11:10:00,0,4.1,208.6,-18.3,23.0,0.0322926829268292,11.1,1251.8,0.1,226.9,42.0,47.0,34.0,34.0,30.0,48.0
2022-09-20 11:20:00,0,3.9,195.9,-6.2,23.0,0.030390243902439,9.6,1096.3,5.0,202.1,42.0,47.0,34.0,35.0,31.0,48.0
2022-09-20 11:30:00,0,4.4,206.1,8.9,23.0,0.0526341463414634,11.1,1258.1,-0.5,197.2,43.0,48.0,35.0,36.0,31.0,48.0
2022-09-20 11:40:00,0,3.9,186.8,-9.7,24.0,0.0289756097560975,10.2,1150.3,2.4,196.5,42.0,47.0,36.0,36.0,31.0,49.0
2022-09-20 11:50:00,0,3.9,205.2,6.9,24.0,0.0317073170731707,11.1,1253.0,0.0,198.2,43.0,48.0,36.0,37.0,32.0,49.0
2022-09-20 12:00:00,0,3.8,176.9,-3.8,24.0,0.0251219512195121,11.0,1246.1,0.1,180.7,43.0,47.0,37.0,38.0,32.0,49.0
2022-09-20 12:10:00,0,3.3,188.3,-6.5,24.0,0.016780487804878,10.9,1231.6,0.8,194.7,43.0,47.0,37.0,39.0,32.0,49.0
2022-09-20 12:20:00,0,4.1,229.5,18.2,25.0,0.0297560975609756,8.1,929.4,9.2,211.2,43.0,46.0,38.0,39.0,33.0,49.0
2022-09-20 12:30:00,0,4.1,231.5,4.5,25.0,0.0395121951219512,11.1,1253.3,-0.2,227.0,43.0,48.0,38.0,40.0,33.0,49.0
2022-09-20 12:40:00,0,4.7,200.0,-32.2,25.0,0.0697073170731707,11.2,1263.5,-0.8,232.2,44.0,49.0,39.0,40.0,33.0,50.0
2022-09-20 12:50:00,0,4.4,215.1,-14.6,25.0,0.0478048780487804,11.1,1251.6,-0.6000000000000001,229.8,44.0,49.0,39.0,41.0,33.0,50.0
2022-09-20 13:00:00,0,4.3,194.1,-34.3,25.0,0.0437560975609756,11.0,1250.6,-0.3,228.4,44.0,49.0,40.0,42.0,34.0,50.0
2022-09-20 13:10:00,0,4.3,254.6,22.0,25.0,0.0474146341463414,11.1,1252.1,-0.5,232.6,44.0,49.0,40.0,42.0,34.0,50.0
2022-09-20 13:20:00,0,3.6,199.3,-22.8,26.0,0.0122926829268292,11.0,1240.7,0.4,222.1,44.0,48.0,40.0,43.0,34.0,51.0
2022-09-20 13:30:00,0,3.4,189.5,-50.1,26.0,0.0030731707317073,6.1,694.9,13.1,239.6,43.0,46.0,41.0,43.0,34.0,51.0
2022-09-20 13:40:00,0,3.4,244.2,17.5,26.0,0.0060487804878048,9.6,1088.0,3.4,226.6,43.0,46.0,41.0,43.0,35.0,51.0
2022-09-20 13:50:00,0,3.0,205.1,-22.9,27.0,-0.0038048780487804,5.6,643.9,14.3,228.0,43.0,46.0,41.0,43.0,35.0,51.0
2022-09-20 14:00:00,0,3.0,223.3,-3.3,27.0,-0.0035121951219512,6.3,729.3,12.2,226.6,43.0,45.0,41.0,43.0,35.0,51.0
2022-09-20 14:10:00,0,4.8,256.7,35.9,27.0,0.0673170731707317,11.2,1273.6,-0.7000000000000001,220.7,44.0,48.0,41.0,43.0,35.0,51.0
2022-09-20 14:20:00,0,5.3,245.5,-2.8,27.0,0.1011219512195122,11.3,1280.4,-1.3,248.3,45.0,50.0,41.0,43.0,35.0,51.0
2022-09-20 14:30:00,0,5.6,236.0,-15.5,27.0,0.1219024390243902,11.8,1331.8,-1.5,251.5,45.0,52.0,42.0,43.0,35.0,52.0
2022-09-20 14:40:00,0,5.9,242.0,4.9,26.0,0.1450243902439024,11.8,1341.9,-1.7000000000000002,237.1,46.0,53.0,43.0,44.0,35.0,52.0
2022-09-20 14:50:00,0,6.1,242.6,13.8,26.0,0.1654634146341463,12.0,1360.7,-1.7000000000000002,228.7,47.0,54.0,44.0,45.0,36.0,52.0
2022-09-20 15:00:00,0,5.7,227.8,-16.0,26.0,0.1394634146341463,11.9,1350.5,-1.4,243.8,48.0,54.0,45.0,46.0,35.0,52.0
2022-09-20 15:10:00,0,5.5,217.2,-20.6,26.0,0.1096585365853658,11.6,1313.1,-1.4,237.8,47.0,53.0,45.0,46.0,35.0,52.0
2022-09-20 15:20:00,0,5.4,221.1,-12.2,26.0,0.1224878048780487,11.5,1301.6,-1.3,233.3,48.0,53.0,45.0,46.0,35.0,52.0
2022-09-20 15:30:00,0,4.8,272.2,38.9,26.0,0.0705365853658536,11.1,1262.7,-0.9,233.3,47.0,52.0,45.0,46.0,35.0,52.0
2022-09-20 15:40:00,0,5.7,259.9,11.6,26.0,0.1278048780487805,11.6,1318.2,-1.5,248.3,48.0,53.0,44.0,46.0,35.0,52.0
2022-09-20 15:50:00,0,6.2,253.9,12.2,26.0,0.1728780487804878,12.5,1415.0,-1.5,241.7,48.0,54.0,45.0,47.0,35.0,51.0
2022-09-20 16:00:00,0,6.3,240.7,-5.9,25.0,0.1916585365853658,12.4,1400.6,-1.8,246.6,49.0,55.0,46.0,48.0,35.0,51.0
2022-09-20 16:10:00,0,7.0,261.5,24.3,25.0,0.2674634146341463,13.2,1494.4,-2.1,237.1,50.0,56.0,48.0,51.0,35.0,51.0
2022-09-20 16:20:00,0,6.0,243.5,2.9,25.0,0.1609756097560975,12.0,1364.8,-1.6,240.7,50.0,56.0,48.0,55.0,35.0,51.0
2022-09-20 16:30:00,0,6.8,224.2,-16.4,25.0,0.234780487804878,12.9,1462.6,-1.9,240.7,50.0,56.0,48.0,58.0,35.0,51.0
2022-09-20 16:40:00,0,6.2,243.3,2.6,25.0,0.1845853658536585,12.2,1384.9,-1.8,240.7,51.0,56.0,48.0,59.0,35.0,51.0
2022-09-20 16:50:00,0,6.0,255.7,1.0,25.0,0.1604390243902438,12.1,1375.3,-1.6,254.6,50.0,55.0,48.0,59.0,35.0,51.0
2022-09-20 17:00:00,0,6.0,236.7,-2.2,25.0,0.1846341463414634,12.1,1373.1,-1.7000000000000002,238.9,51.0,56.0,48.0,60.0,35.0,51.0
2022-09-20 17:10:00,0,6.6,276.6,15.6,25.0,0.2109268292682926,12.7,1438.8,-1.8,261.0,51.0,56.0,48.0,60.0,35.0,51.0
2022-09-20 17:20:00,0,5.8,248.9,-4.0,25.0,0.1378536585365853,11.9,1350.5,-1.5,252.9,51.0,56.0,49.0,60.0,35.0,51.0
2022-09-20 17:30:00,0,4.8,248.6,-16.5,25.0,0.0704390243902439,11.2,1263.5,-0.9,265.2,50.0,54.0,49.0,58.0,35.0,51.0
2022-09-20 17:40:00,0,4.9,267.1,-3.7,25.0,0.0746829268292682,11.2,1273.8,-1.0,270.8,50.0,53.0,49.0,56.0,35.0,51.0
2022-09-20 17:50:00,0,5.6,317.9,49.9,25.0,0.1226341463414634,11.7,1320.0,-1.4,268.0,50.0,54.0,49.0,55.0,35.0,51.0
2022-09-20 18:00:00,0,4.7,256.8,-11.2,25.0,0.0668780487804878,11.2,1271.8,-0.7000000000000001,268.0,50.0,53.0,49.0,55.0,35.0,51.0
2022-09-20 18:10:00,0,4.4,269.0,7.3,25.0,0.0534146341463414,11.1,1254.7,-0.5,261.7,49.0,52.0,49.0,54.0,35.0,51.0
2022-09-20 18:20:00,0,5.2,283.4,15.0,25.0,0.0904878048780487,11.3,1276.8,-1.2,268.4,49.0,53.0,48.0,52.0,35.0,51.0
2022-09-20 18:30:00,0,4.9,280.7,4.3,25.0,0.0684390243902439,11.1,1261.0,-1.0,276.4,49.0,52.0,48.0,52.0,35.0,51.0
2022-09-20 18:40:00,0,3.8,258.6,-9.4,25.0,0.0201951219512195,11.0,1245.0,0.2,268.0,48.0,51.0,48.0,51.0,35.0,51.0
2022-09-20 18:50:00,0,4.4,274.5,-2.5,25.0,0.0395609756097561,11.0,1250.7,-0.6000000000000001,277.1,48.0,51.0,48.0,51.0,35.0,51.0
2022-09-20 19:00:00,0,3.3,281.1,4.0,25.0,0.0034634146341463,10.3,1169.4,3.6,277.1,48.0,50.0,48.0,51.0,35.0,51.0
2022-09-20 19:10:00,0,3.5,280.2,9.7,25.0,-0.0013658536585365,8.4,950.9,8.3,270.4,47.0,49.0,47.0,50.0,35.0,50.0
2022-09-20 19:20:00,0,3.0,283.8,6.3,25.0,-0.0129268292682926,2.1,241.2,24.0,277.5,46.0,46.0,46.0,49.0,35.0,50.0
2022-09-20 19:30:00,0,2.8,286.3,-9.0,25.0,-0.0119512195121951,1.9,221.8,24.0,295.3,46.0,43.0,44.0,48.0,35.0,50.0
2022-09-20 19:40:00,0,2.8,288.5,-8.9,25.0,-0.0084878048780487,2.0,226.6,24.0,297.4,45.0,42.0,43.0,47.0,35.0,51.0
2022-09-20 19:50:00,0,3.6,290.5,1.1,25.0,0.0017560975609756,5.7,652.4,13.9,289.3,45.0,41.0,41.0,45.0,34.0,51.0
2022-09-20 20:00:00,0,3.2,260.0,-21.0,24.0,-0.0006829268292682,7.8,883.3,9.6,280.9,45.0,45.0,40.0,44.0,34.0,50.0
2022-09-20 20:10:00,0,3.2,279.4,4.4,24.0,-0.007560975609756,2.3,265.6,24.0,275.0,44.0,43.0,39.0,43.0,33.0,50.0
2022-09-20 20:20:00,0,2.9,284.3,-7.2,24.0,-0.0061463414634146,2.1,240.6,24.0,291.5,44.0,42.0,38.0,42.0,33.0,50.0
2022-09-20 20:30:00,0,2.9,324.8,33.2,23.0,-0.0062926829268292,2.1,243.0,24.0,291.5,44.0,41.0,37.0,41.0,33.0,51.0
2022-09-20 20:40:00,0,3.0,325.0,12.4,23.0,-0.0061463414634146,2.2,248.5,24.0,312.5,43.0,40.0,36.0,40.0,33.0,51.0
2022-09-20 20:50:00,0,2.8,313.4,-8.5,23.0,-0.0060975609756097,2.1,235.8,24.0,322.0,43.0,40.0,36.0,38.0,33.0,51.0
2022-09-20 21:00:00,0,2.3,332.2,10.2,23.0,-0.0061463414634146,1.7000000000000002,189.2,24.0,322.0,43.0,40.0,35.0,37.0,32.0,51.0
2022-09-20 21:10:00,0,2.2,310.5,-11.5,23.0,-0.0061463414634146,1.6,182.9,24.0,322.0,43.0,40.0,34.0,37.0,32.0,51.0
2022-09-20 21:20:00,0,2.5,324.4,2.4,23.0,-0.0061463414634146,1.8,205.6,24.0,322.0,42.0,40.0,34.0,36.0,32.0,51.0
2022-09-20 21:30:00,0,2.0,314.5,-7.4,23.0,-0.0061951219512195,0.4,144.2,24.0,322.0,42.0,40.0,33.0,35.0,31.0,51.0
2022-09-20 21:40:00,0,1.9,343.1,21.1,23.0,-0.0061463414634146,0.0,151.5,24.0,322.0,42.0,40.0,32.0,34.0,31.0,51.0
2022-09-20 21:50:00,0,1.9,335.4,13.5,23.0,-0.0061463414634146,0.0,148.5,24.0,322.0,42.0,40.0,32.0,34.0,31.0,51.0
2022-09-20 22:00:00,0,1.9,299.4,-22.5,23.0,-0.0061463414634146,0.0,129.5,24.0,322.0,42.0,39.0,31.0,33.0,31.0,51.0
2022-09-20 22:10:00,0,2.1,322.1,0.1,23.0,-0.0061463414634146,0.0,142.4,24.0,322.0,42.0,39.0,31.0,33.0,30.0,51.0
2022-09-20 22:20:00,0,2.1,291.1,-30.8,22.0,-0.0049268292682926,0.0,91.1,24.0,322.0,41.0,39.0,31.0,32.0,30.0,51.0
2022-09-20 22:30:00,0,2.2,269.2,-52.8,22.0,-0.004780487804878,0.0,100.5,24.0,322.0,41.0,39.0,31.0,32.0,30.0,51.0
2022-09-20 22:40:00,0,1.9,279.3,-42.7,22.0,-0.0047317073170731,0.0,51.8,24.0,322.0,40.0,39.0,31.0,31.0,30.0,51.0
2022-09-20 22:50:00,0,1.6,280.8,-41.2,22.0,-0.004,0.0,99.1,24.0,322.0,41.0,39.0,31.0,31.0,30.0,51.0
2022-09-20 23:00:00,0,1.5,341.1,19.1,22.0,-0.004,0.0,94.5,24.0,322.0,40.0,38.0,30.0,31.0,30.0,51.0
2022-09-20 23:10:00,0,1.6,306.1,-15.8,22.0,-0.004,0.0,108.7,24.0,322.0,41.0,38.0,30.0,31.0,30.0,52.0
2022-09-20 23:20:00,0,1.5,346.9,24.9,21.0,-0.0040487804878048,0.0,74.9,24.0,322.0,40.0,38.0,30.0,31.0,30.0,52.0
2022-09-20 23:30:00,0,1.4,311.7,-10.2,22.0,-0.004,0.0,61.7,24.0,322.0,40.0,38.0,30.0,31.0,30.0,52.0
2022-09-20 23:40:00,0,1.2,337.1,15.2,22.0,-0.0040487804878048,0.0,5.7,24.0,322.0,40.0,38.0,30.0,30.0,30.0,52.0
2022-09-20 23:50:00,0,0.9,326.5,4.5,22.0,-0.004,0.0,0.0,24.0,322.0,39.0,37.0,30.0,30.0,30.0,52.0
2022-09-21 00:00:00,0,0.7000000000000001,326.3,4.3,22.0,-0.004,0.0,0.0,24.0,322.0,38.0,37.0,30.0,30.0,29.0,52.0
2022-09-21 00:10:00,0,1.6,271.9,-50.0,22.0,-0.0037560975609756,0.0,0.0,24.0,322.0,38.0,36.0,30.0,30.0,29.0,52.0
2022-09-21 00:20:00,0,2.1,271.5,-50.4,22.0,-0.0039024390243902,0.0,0.0,24.0,322.0,37.0,36.0,30.0,30.0,29.0,53.0
2022-09-21 00:30:00,0,1.5,237.5,-84.4,22.0,-0.0038048780487804,0.0,0.0,24.0,322.0,37.0,36.0,29.0,29.0,29.0,53.0
2022-09-21 00:40:00,0,2.5,299.8,-22.1,21.0,-0.0040975609756097,0.1,85.6,24.0,321.9,37.0,36.0,29.0,29.0,29.0,53.0
2022-09-21 00:50:00,0,3.2,275.8,-3.7,21.0,-0.0040975609756097,1.9,219.2,24.0,279.5,39.0,36.0,29.0,29.0,29.0,53.0
2022-09-21 01:00:00,0,3.0,259.7,-20.8,21.0,-0.0039512195121951,2.1,239.0,24.0,280.6,39.0,37.0,29.0,29.0,29.0,53.0
2022-09-21 01:10:00,0,2.8,274.3,-6.3,21.0,-0.0040975609756097,2.0,222.0,24.0,280.6,39.0,37.0,29.0,29.0,29.0,53.0
2022-09-21 01:20:00,0,2.5,271.6,6.4,21.0,-0.0039512195121951,1.8,208.0,24.0,265.2,39.0,38.0,29.0,29.0,29.0,53.0
2022-09-21 01:30:00,0,2.4,263.2,-1.9,20.0,-0.004,1.8,200.9,24.0,265.2,39.0,38.0,29.0,29.0,29.0,53.0
2022-09-21 01:40:00,0,2.7,296.3,31.1,20.0,-0.0041463414634146,1.9,220.7,24.0,265.2,39.0,38.0,29.0,29.0,29.0,53.0
2022-09-21 01:50:00,0,2.3,267.7,-12.6,20.0,-0.0039512195121951,1.6,179.4,24.0,280.2,39.0,38.0,29.0,29.0,29.0,53.0
2022-09-21 02:00:00,0,2.3,260.8,-19.4,20.0,-0.0039512195121951,1.0,173.0,24.0,280.2,39.0,38.0,29.0,29.0,28.0,53.0
2022-09-21 02:10:00,0,2.4,262.7,-17.5,20.0,-0.004,1.2,184.7,24.0,280.2,39.0,38.0,29.0,29.0,28.0,53.0
2022-09-21 02:20:00,0,1.8,258.5,-8.4,20.0,-0.0039512195121951,0.0,137.5,24.0,266.9,39.0,38.0,29.0,29.0,28.0,53.0
2022-09-21 02:30:00,0,1.8,273.1,6.2,20.0,-0.0039512195121951,0.0,130.0,24.0,266.9,38.0,37.0,29.0,28.0,28.0,53.0
2022-09-21 02:40:00,0,1.1,241.0,-25.9,20.0,-0.0038048780487804,0.0,53.3,24.0,266.9,38.0,37.0,29.0,28.0,28.0,53.0
2022-09-21 02:50:00,0,1.2,275.9,9.0,20.0,-0.0037560975609756,0.0,25.1,24.0,266.9,37.0,37.0,29.0,28.0,28.0,53.0
2022-09-21 03:00:00,0,1.0,255.0,-11.9,20.0,-0.0037560975609756,0.0,5.4,24.0,266.9,37.0,36.0,28.0,28.0,27.0,53.0
2022-09-21 03:10:00,0,1.4,293.1,26.1,20.0,-0.0037073170731707,0.0,30.6,24.0,266.9,37.0,36.0,28.0,28.0,27.0,53.0
2022-09-21 03:20:00,0,1.5,311.0,44.0,20.0,-0.0037560975609756,0.0,15.4,24.0,266.9,37.0,35.0,28.0,28.0,27.0,53.0
2022-09-21 03:30:00,0,1.2,299.6,32.6,20.0,-0.0038048780487804,0.0,12.0,24.0,266.9,36.0,35.0,28.0,27.0,27.0,53.0
2022-09-21 03:40:00,0,0.9,271.3,4.3,20.0,-0.0037560975609756,0.0,0.0,24.0,266.9,36.0,35.0,28.0,27.0,27.0,53.0
2022-09-21 03:50:00,0,0.9,118.1,-148.8,20.0,-0.0037073170731707,0.0,0.0,24.0,266.9,35.0,34.0,28.0,27.0,27.0,53.0
2022-09-21 04:00:00,0,1.5,8.0,101.1,20.0,-0.0037560975609756,0.0,0.0,24.0,266.9,35.0,34.0,28.0,27.0,27.0,53.0
2022-09-21 04:10:00,0,1.3,336.8,69.8,20.0,-0.0037073170731707,0.0,0.0,24.0,266.9,35.0,34.0,28.0,26.0,27.0,53.0
2022-09-21 04:20:00,0,1.1,351.8,84.9,20.0,-0.0037560975609756,0.0,0.0,24.0,266.9,34.0,33.0,27.0,26.0,27.0,53.0
2022-09-21 04:30:00,0,1.3,10.2,103.3,19.0,-0.0037073170731707,0.0,0.0,24.0,266.9,34.0,33.0,27.0,26.0,26.0,53.0
2022-09-21 04:40:00,0,1.4,42.5,135.5,19.0,-0.0037560975609756,0.0,1.5,24.0,266.9,34.0,33.0,27.0,26.0,26.0,53.0
2022-09-21 04:50:00,0,1.2,40.2,133.2,19.0,-0.0037073170731707,0.0,0.0,24.0,266.9,33.0,33.0,27.0,26.0,26.0,53.0
2022-09-21 05:00:00,0,0.9,34.7,127.8,19.0,-0.0037560975609756,0.0,0.0,24.0,266.9,33.0,32.0,27.0,26.0,26.0,53.0
2022-09-21 05:10:00,0,1.5,294.4,27.4,19.0,-0.0037073170731707,0.0,0.0,24.0,266.9,33.0,32.0,27.0,26.0,26.0,53.0
2022-09-21 05:20:00,0,1.6,328.7,61.8,19.0,-0.0037560975609756,0.0,23.7,24.0,266.9,33.0,32.0,27.0,26.0,26.0,53.0
2022-09-21 05:30:00,0,1.8,311.7,44.7,19.0,-0.0037560975609756,0.0,51.0,24.0,266.9,34.0,32.0,27.0,25.0,26.0,52.0
2022-09-21 05:40:00,0,2.1,315.7,48.8,19.0,-0.0037560975609756,0.0,74.2,24.0,266.9,35.0,32.0,27.0,25.0,26.0,52.0
2022-09-21 05:50:00,0,1.9,340.7,73.7,19.0,-0.0037560975609756,0.0,37.5,24.0,266.9,36.0,32.0,27.0,25.0,26.0,52.0
2022-09-21 06:00:00,0,1.7000000000000002,348.1,81.2,19.0,-0.0037560975609756,0.0,36.4,24.0,266.9,35.0,32.0,27.0,25.0,26.0,52.0
2022-09-21 06:10:00,0,1.6,313.7,46.8,19.0,-0.0037073170731707,0.0,15.5,24.0,266.9,35.0,32.0,26.0,25.0,26.0,52.0
2022-09-21 06:20:00,0,1.1,333.3,66.3,19.0,-0.0037073170731707,0.0,0.0,24.0,266.9,34.0,32.0,26.0,25.0,26.0,52.0
2022-09-21 06:30:00,0,0.8,303.5,36.5,19.0,-0.0037560975609756,0.0,0.0,24.0,266.9,33.0,32.0,26.0,25.0,26.0,52.0
2022-09-21 06:40:00,0,1.2,275.5,8.6,19.0,-0.0037073170731707,0.0,0.0,24.0,266.9,33.0,31.0,26.0,25.0,26.0,52.0
2022-09-21 06:50:00,0,1.3,293.2,26.3,19.0,-0.0036585365853658,0.0,0.0,24.0,266.9,32.0,31.0,26.0,25.0,25.0,52.0
2022-09-21 07:00:00,0,1.3,3.5,96.5,18.0,-0.0037560975609756,0.0,0.0,24.0,266.9,32.0,31.0,26.0,25.0,25.0,52.0
2022-09-21 07:10:00,0,1.3,337.6,70.6,18.0,-0.0037560975609756,0.0,0.0,24.0,266.9,32.0,31.0,26.0,24.0,25.0,52.0
2022-09-21 07:20:00,0,0.8,340.5,73.5,19.0,-0.0031219512195121,0.0,0.0,24.0,266.9,32.0,31.0,26.0,24.0,25.0,52.0
2022-09-21 07:30:00,0,0.8,347.8,80.9,18.0,-0.0030243902439024,0.0,0.0,24.0,266.9,31.0,30.0,26.0,24.0,26.0,52.0
2022-09-21 07:40:00,0,1.1,163.2,-103.7,18.0,-0.0029756097560975,0.0,0.0,24.0,266.9,31.0,30.0,26.0,24.0,26.0,52.0
2022-09-21 07:50:00,0,0.8,276.6,9.6,19.0,-0.0029756097560975,0.0,0.0,24.0,266.9,31.0,30.0,26.0,24.0,26.0,52.0
2022-09-21 08:00:00,0,1.1,267.3,0.4,18.0,-0.0030243902439024,0.0,0.0,24.0,266.9,31.0,30.0,26.0,24.0,26.0,52.0
2022-09-21 08:10:00,0,1.4,334.7,67.8,18.0,-0.0029756097560975,0.0,0.0,24.0,266.9,31.0,30.0,26.0,24.0,26.0,52.0
2022-09-21 08:20:00,0,1.3,217.2,-49.7,18.0,-0.0030243902439024,0.0,0.0,24.0,266.9,31.0,30.0,26.0,24.0,26.0,52.0
2022-09-21 08:30:00,0,1.2,160.1,-106.9,18.0,-0.0030243902439024,0.0,0.0,24.0,266.9,30.0,29.0,26.0,24.0,26.0,52.0
2022-09-21 08:40:00,0,1.5,199.2,-67.8,19.0,-0.0029268292682926,0.0,0.0,24.0,266.9,30.0,29.0,25.0,24.0,26.0,52.0
2022-09-21 08:50:00,0,1.6,72.4,165.5,19.0,-0.0029756097560975,0.0,0.0,24.0,266.9,30.0,29.0,25.0,23.0,26.0,52.0
2022-09-21 09:00:00,0,1.0,315.4,48.4,18.0,-0.0030731707317073,0.0,0.0,24.0,266.9,30.0,29.0,25.0,23.0,26.0,52.0
2022-09-21 09:10:00,0,1.6,131.0,-135.9,19.0,-0.0029756097560975,0.0,0.0,24.0,266.9,30.0,29.0,25.0,23.0,26.0,52.0
2022-09-21 09:20:00,0,1.8,180.1,-86.8,19.0,-0.0029756097560975,0.0,0.0,24.0,266.9,30.0,29.0,25.0,23.0,26.0,52.0
2022-09-21 09:30:00,0,1.9,188.8,-78.2,18.0,-0.0030243902439024,0.0,0.0,24.0,266.9,30.0,29.0,25.0,23.0,26.0,52.0
2022-09-21 09:40:00,0,1.6,205.9,-61.0,18.0,-0.0029756097560975,0.0,0.0,24.0,266.9,30.0,29.0,25.0,23.0,26.0,52.0
2022-09-21 09:50:00,0,1.6,138.0,-129.0,19.0,-0.0029756097560975,0.0,4.8,24.0,266.9,30.0,29.0,25.0,23.0,26.0,52.0
2022-09-21 10:00:00,0,1.9,161.9,-105.1,19.0,-0.0030243902439024,0.0,0.0,24.0,266.9,30.0,28.0,25.0,23.0,26.0,52.0
2022-09-21 10:10:00,0,1.5,250.4,-16.5,19.0,-0.0029756097560975,0.0,0.0,24.0,266.9,29.0,28.0,25.0,23.0,26.0,52.0
2022-09-21 10:20:00,0,1.6,137.2,-129.7,19.0,-0.0030243902439024,0.0,0.0,24.0,266.9,29.0,28.0,25.0,23.0,26.0,52.0
2022-09-21 10:30:00,0,1.6,292.7,25.8,20.0,-0.002390243902439,0.0,4.3,24.0,266.9,29.0,28.0,25.0,23.0,27.0,53.0
2022-09-21 10:40:00,0,1.4,222.3,-44.7,21.0,-0.0022439024390243,0.0,14.4,24.0,266.9,30.0,28.0,25.0,23.0,28.0,53.0
2022-09-21 10:50:00,0,1.4,43.6,136.7,21.0,-0.0024390243902439,0.0,5.3,24.0,266.9,30.0,28.0,25.0,23.0,28.0,53.0
2022-09-21 11:00:00,0,1.2,54.7,147.8,22.0,-0.0025853658536585,0.0,1.4,24.0,266.9,30.0,29.0,25.0,23.0,30.0,45.0
2022-09-21 11:10:00,0,1.2,190.6,-76.3,23.0,-0.0021951219512195,0.0,2.4,24.0,266.9,30.0,29.0,25.0,23.0,30.0,44.0
2022-09-21 11:20:00,0,1.2,343.0,76.1,23.0,-0.0021951219512195,0.0,0.0,24.0,266.9,30.0,29.0,25.0,23.0,30.0,46.0
2022-09-21 11:30:00,0,1.1,317.8,50.8,24.0,-0.0021951219512195,0.0,0.0,24.0,266.9,30.0,29.0,25.0,23.0,30.0,47.0
2022-09-21 11:40:00,0,1.6,225.0,-41.9,24.0,-0.0022439024390243,0.0,30.7,24.0,266.9,31.0,29.0,26.0,23.0,31.0,48.0
2022-09-21 11:50:00,0,1.8,151.2,-115.7,24.0,-0.0021951219512195,0.0,62.2,24.0,266.9,32.0,30.0,26.0,24.0,31.0,49.0
2022-09-21 12:00:00,0,1.9,244.7,-22.2,25.0,-0.0022439024390243,0.0,45.3,24.0,266.9,33.0,30.0,26.0,24.0,31.0,50.0
2022-09-21 12:10:00,0,2.9,190.1,-76.8,24.0,-0.0028780487804878,1.0,149.1,24.0,266.9,33.0,30.0,26.0,24.0,32.0,51.0
2022-09-21 12:20:00,0,3.2,263.7,9.8,25.0,-0.0026829268292682,5.1,583.3,18.1,253.9,33.0,33.0,26.0,26.0,32.0,51.0
2022-09-21 12:30:00,0,2.6,235.6,2.2,25.0,-0.0027317073170731,1.1,140.9,44.8,233.3,34.0,36.0,28.0,31.0,32.0,51.0
2022-09-21 12:40:00,0,2.2,228.3,-24.6,25.0,-0.0025365853658536,0.9,170.6,24.0,252.9,34.0,35.0,28.0,30.0,32.0,52.0
2022-09-21 12:50:00,0,2.8,296.5,43.6,25.0,-0.0029268292682926,1.2,188.5,24.0,252.9,34.0,35.0,28.0,30.0,33.0,52.0
2022-09-21 13:00:00,0,3.1,255.8,-5.1,26.0,-0.0008780487804878,5.9,696.6,12.2,261.0,34.0,37.0,29.0,33.0,33.0,51.0
2022-09-21 13:10:00,0,3.7,308.9,57.4,26.0,0.014,10.2,1155.1,3.0,251.5,36.0,41.0,31.0,41.0,34.0,44.0
2022-09-21 13:20:00,0,3.8,280.9,29.0,25.0,0.018,10.6,1203.4,1.0,251.9,37.0,44.0,34.0,48.0,34.0,45.0
2022-09-21 13:30:00,0,4.7,203.5,-57.2,25.0,0.0775121951219512,11.3,1276.8,-0.8,260.6,39.0,47.0,36.0,53.0,33.0,46.0
2022-09-21 13:40:00,0,4.7,269.2,-0.2,25.0,0.0769756097560975,11.1,1260.8,-0.8,269.4,40.0,49.0,38.0,56.0,32.0,47.0
2022-09-21 13:50:00,0,4.7,279.9,4.9,25.0,0.0776097560975609,11.1,1263.2,-0.8,275.0,41.0,50.0,39.0,57.0,33.0,48.0
2022-09-21 14:00:00,0,5.3,260.0,-15.0,25.0,0.1095121951219512,11.4,1291.5,-1.3,275.0,42.0,51.0,41.0,59.0,33.0,48.0
2022-09-21 14:10:00,0,4.9,275.6,7.9,25.0,0.0806341463414634,11.4,1287.6,-0.8,267.7,42.0,50.0,42.0,61.0,33.0,49.0
2022-09-21 14:20:00,0,5.1,219.9,-53.6,25.0,0.0830243902439024,11.5,1305.3,-1.0,273.6,43.0,50.0,43.0,62.0,33.0,49.0
2022-09-21 14:30:00,0,4.6,248.5,-10.4,25.0,0.0625853658536585,11.2,1268.3,-0.8,258.9,43.0,50.0,43.0,63.0,33.0,50.0
2022-09-21 14:40:00,0,4.6,251.2,-3.8,25.0,0.059170731707317,11.2,1271.8,-0.7000000000000001,255.0,43.0,49.0,44.0,63.0,34.0,50.0
2022-09-21 14:50:00,0,4.5,275.7,14.4,25.0,0.0642439024390243,11.2,1269.6,-0.6000000000000001,261.3,43.0,50.0,44.0,64.0,34.0,50.0
2022-09-21 15:00:00,0,4.6,319.3,63.2,26.0,0.0633170731707317,11.3,1280.8,-0.6000000000000001,256.0,44.0,50.0,45.0,64.0,34.0,50.0
2022-09-21 15:10:00,0,4.5,231.7,-7.9,26.0,0.0654146341463414,11.2,1267.0,-0.6000000000000001,239.6,44.0,50.0,45.0,65.0,34.0,51.0
2022-09-21 15:20:00,0,4.7,205.2,-26.7,25.0,0.0799024390243902,11.2,1271.3,-0.8,231.9,44.0,50.0,45.0,65.0,34.0,51.0
2022-09-21 15:30:00,0,5.0,223.4,-17.9,25.0,0.0884878048780487,11.2,1267.9,-1.1,241.3,45.0,51.0,45.0,66.0,34.0,51.0
2022-09-21 15:40:00,0,5.0,251.0,18.4,25.0,0.0915609756097561,11.2,1271.8,-1.1,232.6,45.0,51.0,45.0,66.0,34.0,51.0
2022-09-21 15:50:00,0,5.0,211.1,-25.7,25.0,0.0845853658536585,11.2,1271.0,-1.1,236.8,45.0,51.0,45.0,66.0,34.0,51.0
2022-09-21 16:00:00,0,5.0,268.6,23.7,25.0,0.0796097560975609,11.2,1270.4,-1.1,244.8,45.0,51.0,46.0,66.0,34.0,51.0
2022-09-21 16:10:00,0,5.0,195.9,-50.7,25.0,0.0853658536585365,11.3,1279.3,-1.0,246.6,45.0,51.0,46.0,66.0,34.0,51.0
2022-09-21 16:20:00,0,5.2,232.8,-7.2,25.0,0.0945853658536585,11.4,1286.3,-1.2,239.9,46.0,51.0,46.0,67.0,34.0,51.0
2022-09-21 16:30:00,0,5.0,232.7,-6.9,25.0,0.0925365853658536,11.3,1286.0,-1.0,239.6,46.0,51.0,46.0,67.0,34.0,51.0
2022-09-21 16:40:00,0,5.3,243.4,7.3,25.0,0.1097560975609756,11.4,1291.6,-1.3,236.1,46.0,52.0,47.0,67.0,34.0,51.0
2022-09-21 16:50:00,0,4.9,226.4,-10.0,25.0,0.0836585365853658,11.2,1271.4,-1.0,236.4,46.0,52.0,47.0,67.0,34.0,51.0
2022-09-21 17:00:00,0,5.3,231.1,-1.1,25.0,0.1026341463414634,11.4,1296.8,-1.3,232.2,46.0,51.0,47.0,67.0,34.0,51.0
2022-09-21 17:10:00,0,5.8,236.5,0.7000000000000001,24.0,0.1548292682926829,11.7,1326.9,-1.7000000000000002,235.7,47.0,53.0,47.0,67.0,34.0,51.0
2022-09-21 17:20:00,0,5.6,251.5,16.1,24.0,0.1247317073170731,11.7,1321.7,-1.5,235.4,47.0,53.0,47.0,67.0,34.0,51.0
2022-09-21 17:30:00,0,5.7,235.3,-11.2,24.0,0.1374146341463414,11.9,1346.8,-1.5,246.6,48.0,53.0,47.0,68.0,34.0,51.0
2022-09-21 17:40:00,0,5.0,264.4,26.2,24.0,0.0871219512195121,11.3,1285.4,-1.0,238.2,48.0,52.0,47.0,67.0,34.0,51.0
2022-09-21 17:50:00,0,4.1,261.7,25.3,24.0,0.034390243902439,11.1,1255.8,-0.1,236.4,47.0,51.0,46.0,66.0,34.0,51.0
2022-09-21 18:00:00,0,4.6,276.7,42.7,24.0,0.063170731707317,11.2,1265.9,-0.7000000000000001,234.0,47.0,50.0,46.0,66.0,34.0,51.0
2022-09-21 18:10:00,0,5.7,234.0,0.4,23.0,0.1502439024390243,11.9,1344.5,-1.5,233.6,47.0,52.0,45.0,66.0,34.0,51.0
2022-09-21 18:20:00,0,4.7,243.6,5.4,23.0,0.0809756097560975,11.3,1278.2,-0.7000000000000001,238.2,47.0,52.0,46.0,66.0,34.0,51.0
2022-09-21 18:30:00,0,4.4,269.2,23.7,23.0,0.0534634146341463,11.2,1265.4,-0.6000000000000001,245.5,47.0,50.0,46.0,65.0,33.0,51.0
2022-09-21 18:40:00,0,5.7,224.1,-16.5,23.0,0.1361951219512195,11.6,1314.0,-1.7000000000000002,240.6,47.0,52.0,46.0,65.0,33.0,51.0
2022-09-21 18:50:00,0,3.4,212.5,-26.1,23.0,0.0120975609756097,11.0,1248.1,0.7000000000000001,238.6,47.0,50.0,46.0,65.0,33.0,51.0
2022-09-21 19:00:00,0,3.9,278.7,6.5,23.0,0.036,11.1,1252.0,0.1,272.2,46.0,49.0,45.0,64.0,33.0,51.0
2022-09-21 19:10:00,0,4.5,301.4,30.3,23.0,0.0514634146341463,11.1,1259.2,-0.6000000000000001,271.1,46.0,50.0,44.0,64.0,33.0,51.0
2022-09-21 19:20:00,0,3.3,262.6,-7.4,23.0,0.0071219512195121,9.6,1086.8,4.3,270.1,45.0,48.0,43.0,63.0,33.0,51.0
2022-09-21 19:30:00,0,3.3,240.5,-17.0,23.0,0.0052682926829268,9.5,1079.0,5.0,257.4,45.0,47.0,42.0,61.0,33.0,50.0
2022-09-21 19:40:00,0,3.4,250.1,10.9,22.0,0.0143414634146341,11.0,1249.3,0.6000000000000001,239.2,44.0,47.0,41.0,61.0,33.0,50.0
2022-09-21 19:50:00,0,3.8,232.6,-6.6,22.0,0.0274146341463414,11.0,1249.0,0.0,239.2,44.0,48.0,41.0,61.0,33.0,50.0
2022-09-21 20:00:00,0,3.3,234.5,-4.0,22.0,0.0145365853658536,11.0,1248.6,0.6000000000000001,238.5,44.0,48.0,41.0,61.0,32.0,50.0
2022-09-21 20:10:00,0,3.4,216.2,-18.8,22.0,0.0062439024390243,10.1,1146.4,3.0,235.0,44.0,47.0,41.0,60.0,32.0,50.0
2022-09-21 20:20:00,0,2.8,223.4,-18.3,21.0,-0.0042926829268292,6.5,745.7,15.8,241.7,43.0,46.0,40.0,60.0,32.0,50.0
2022-09-21 20:30:00,0,3.0,287.2,17.1,21.0,-0.0078048780487804,2.2,246.1,24.0,270.1,43.0,44.0,39.0,55.0,32.0,50.0
2022-09-21 20:40:00,0,2.9,248.5,-10.4,21.0,-0.0079024390243902,2.1,236.7,24.0,258.8,43.0,43.0,38.0,51.0,31.0,50.0
2022-09-21 20:50:00,0,2.3,250.8,7.7,21.0,-0.0068292682926829,1.1,185.9,24.0,243.1,42.0,42.0,36.0,48.0,31.0,50.0
2022-09-21 21:00:00,0,2.5,257.4,14.4,21.0,-0.005560975609756,1.0,188.5,24.0,243.1,42.0,41.0,36.0,46.0,31.0,50.0
2022-09-21 21:10:00,0,3.0,231.8,12.8,21.0,-0.0054634146341463,2.2,251.5,24.0,218.9,42.0,41.0,35.0,43.0,31.0,50.0
2022-09-21 21:20:00,0,3.2,224.0,4.0,21.0,-0.005560975609756,4.4,500.2,17.4,220.0,41.0,41.0,34.0,41.0,31.0,50.0
2022-09-21 21:30:00,0,2.5,247.9,18.8,21.0,-0.0056097560975609,3.8,422.8,19.4,229.1,42.0,42.0,34.0,39.0,30.0,50.0
2022-09-21 21:40:00,0,2.5,217.8,-11.2,21.0,-0.0053170731707317,1.3,180.5,24.0,229.1,41.0,41.0,33.0,38.0,30.0,50.0
2022-09-21 21:50:00,0,2.6,210.5,-18.6,20.0,-0.0055121951219512,1.8,199.0,24.0,229.0,41.0,41.0,33.0,37.0,30.0,50.0
2022-09-21 22:00:00,0,2.5,219.9,11.8,20.0,-0.0053658536585365,1.8,201.9,24.0,208.0,41.0,40.0,32.0,36.0,29.0,50.0
2022-09-21 22:10:00,0,3.1,225.1,17.1,20.0,-0.0055121951219512,2.2,248.9,24.0,208.0,41.0,40.0,32.0,35.0,29.0,51.0
2022-09-21 22:20:00,0,2.9,203.1,1.3,20.0,-0.0058536585365853,6.3,711.3,12.9,201.7,41.0,41.0,31.0,34.0,29.0,50.0
2022-09-21 22:30:00,0,2.4,232.5,32.2,20.0,-0.0053658536585365,1.7000000000000002,196.0,24.0,200.3,41.0,41.0,31.0,33.0,29.0,50.0
2022-09-21 22:40:00,0,2.2,223.7,23.4,20.0,-0.0044878048780487,1.0,167.0,24.0,200.3,40.0,41.0,31.0,33.0,29.0,50.0
2022-09-21 22:50:00,0,2.2,244.8,44.4,20.0,-0.0041463414634146,1.0,168.8,24.0,200.3,40.0,40.0,30.0,32.0,29.0,50.0
2022-09-21 23:00:00,0,2.4,233.7,33.3,20.0,-0.0041951219512195,1.7000000000000002,189.7,24.0,200.3,40.0,40.0,30.0,32.0,30.0,51.0
2022-09-21 23:10:00,0,2.8,177.2,-23.1,20.0,-0.0041463414634146,2.0,221.9,24.0,200.3,40.0,39.0,30.0,31.0,29.0,51.0
2022-09-21 23:20:00,0,2.6,193.2,-1.8,20.0,-0.0039512195121951,1.9,214.3,24.0,195.1,40.0,39.0,30.0,31.0,29.0,51.0
2022-09-21 23:30:00,0,2.4,190.7,-4.3,20.0,-0.0039024390243902,1.6,190.6,24.0,195.1,40.0,39.0,30.0,31.0,29.0,51.0
2022-09-21 23:40:00,0,2.7,202.9,7.8,20.0,-0.0039512195121951,1.9,221.1,24.0,195.1,40.0,39.0,30.0,31.0,29.0,51.0
2022-09-21 23:50:00,0,2.7,183.9,-11.2,20.0,-0.0039512195121951,1.9,220.0,24.0,195.1,40.0,39.0,30.0,30.0,29.0,51.0
2022-09-22 00:00:00,0,2.8,171.0,-17.5,20.0,-0.0039512195121951,1.9,217.4,24.0,188.4,40.0,39.0,30.0,30.0,29.0,51.0
2022-09-22 00:10:00,0,1.9,226.3,25.3,20.0,-0.0039024390243902,0.3,140.6,24.0,201.0,39.0,39.0,30.0,30.0,29.0,51.0
2022-09-22 00:20:00,0,2.0,179.1,-21.9,20.0,-0.0039024390243902,0.5,158.3,24.0,201.0,39.0,38.0,29.0,30.0,29.0,51.0
2022-09-22 00:30:00,0,1.7000000000000002,207.4,6.3,20.0,-0.0038048780487804,0.0,115.7,24.0,201.0,39.0,38.0,29.0,30.0,28.0,52.0
2022-09-22 00:40:00,0,1.9,180.5,-20.5,20.0,-0.0039024390243902,0.1,138.4,24.0,201.0,39.0,38.0,29.0,30.0,29.0,52.0
2022-09-22 00:50:00,0,2.0,147.4,-53.6,20.0,-0.0038536585365853,0.2,135.6,24.0,201.0,39.0,38.0,29.0,29.0,28.0,52.0
2022-09-22 01:00:00,0,1.6,229.5,28.4,20.0,-0.0038536585365853,0.0,114.1,24.0,201.0,39.0,37.0,29.0,29.0,28.0,52.0
2022-09-22 01:10:00,0,1.6,182.0,-19.1,20.0,-0.0037560975609756,0.0,115.4,24.0,201.0,38.0,37.0,29.0,29.0,28.0,52.0
2022-09-22 01:20:00,0,2.0,205.8,4.7,20.0,-0.0039024390243902,0.9,170.2,24.0,201.0,38.0,37.0,29.0,29.0,28.0,52.0
2022-09-22 01:30:00,0,3.1,190.1,-10.9,20.0,-0.0041463414634146,2.5,287.7,22.4,201.0,38.0,37.0,28.0,29.0,28.0,52.0
2022-09-22 01:40:00,0,3.1,214.0,9.8,20.0,-0.0021463414634146,5.8,651.7,15.1,204.2,39.0,40.0,28.0,29.0,28.0,51.0
2022-09-22 01:50:00,0,3.6,192.8,-11.4,20.0,0.0023414634146341,5.4,617.8,15.2,204.2,39.0,40.0,29.0,29.0,28.0,51.0
2022-09-22 02:00:00,0,2.9,160.1,-35.7,20.0,-0.0006829268292682,6.6,743.5,13.1,195.8,40.0,43.0,29.0,30.0,28.0,51.0
2022-09-22 02:10:00,0,3.1,190.7,-16.3,20.0,-0.0045853658536585,6.3,709.8,12.8,207.0,40.0,43.0,30.0,31.0,28.0,50.0
2022-09-22 02:20:00,0,3.1,209.5,8.5,20.0,-0.0039512195121951,2.4,268.4,24.0,201.0,39.0,42.0,30.0,32.0,28.0,50.0
2022-09-22 02:30:00,0,3.3,184.1,-8.9,20.0,-0.0029756097560975,5.7,640.3,15.2,193.0,39.0,42.0,30.0,32.0,28.0,50.0
2022-09-22 02:40:00,0,3.2,211.1,16.0,20.0,-0.0039024390243902,2.4,273.6,24.0,195.1,39.0,41.0,30.0,32.0,28.0,50.0
2022-09-22 02:50:00,0,3.1,181.3,-12.0,20.0,-0.004,2.3,265.8,24.0,193.3,39.0,40.0,30.0,32.0,28.0,50.0
2022-09-22 03:00:00,0,3.2,212.4,22.2,20.0,-0.0040487804878048,5.4,613.8,15.3,190.2,39.0,41.0,30.0,32.0,28.0,50.0
2022-09-22 03:10:00,0,3.1,207.0,17.5,20.0,-0.0040487804878048,2.3,259.6,24.0,189.5,39.0,41.0,30.0,32.0,28.0,50.0
2022-09-22 03:20:00,0,3.3,191.7,-4.4,20.0,-0.0026829268292682,6.5,733.2,13.0,196.1,39.0,42.0,30.0,32.0,28.0,50.0
2022-09-22 03:30:00,0,3.7,193.0,4.3,20.0,0.0012195121951219,5.7,647.2,14.6,188.8,39.0,42.0,30.0,33.0,28.0,50.0
2022-09-22 03:40:00,0,3.3,195.8,-2.1,20.0,0.0090731707317073,9.2,1036.9,6.0,197.9,40.0,44.0,31.0,37.0,28.0,50.0
2022-09-22 03:50:00,0,2.6,206.9,-2.2,20.0,-0.004,2.3,255.6,24.0,209.1,40.0,43.0,32.0,38.0,29.0,50.0
2022-09-22 04:00:00,0,2.9,174.2,-27.2,20.0,-0.0040975609756097,2.4,272.8,24.0,201.4,39.0,42.0,32.0,37.0,28.0,50.0
2022-09-22 04:10:00,0,2.9,210.5,8.1,20.0,-0.0039512195121951,2.3,259.5,24.0,202.4,39.0,40.0,32.0,36.0,28.0,50.0
2022-09-22 04:20:00,0,3.3,193.1,-9.3,20.0,-0.0017560975609756,6.7,762.1,12.4,202.4,40.0,42.0,32.0,36.0,28.0,50.0
2022-09-22 04:30:00,0,3.0,222.0,9.7,20.0,-0.004,2.3,258.8,24.0,212.3,39.0,41.0,32.0,37.0,28.0,50.0
2022-09-22 04:40:00,0,2.7,194.5,-24.3,20.0,-0.0040487804878048,2.0,230.8,24.0,218.9,39.0,40.0,32.0,36.0,28.0,50.0
2022-09-22 04:50:00,0,3.1,193.0,-3.2,20.0,-0.004,2.2,250.2,24.0,196.1,39.0,40.0,32.0,35.0,28.0,50.0
2022-09-22 05:00:00,0,2.8,214.7,8.1,20.0,-0.0039024390243902,2.2,254.9,24.0,206.6,38.0,39.0,32.0,34.0,28.0,51.0
2022-09-22 05:10:00,0,2.9,189.9,-16.7,20.0,-0.0038536585365853,2.4,271.4,24.0,206.6,38.0,39.0,32.0,34.0,28.0,51.0
2022-09-22 05:20:00,0,2.9,192.3,-14.3,20.0,-0.0028292682926829,3.6,406.4,19.7,206.6,38.0,39.0,32.0,33.0,28.0,51.0
2022-09-22 05:30:00,0,3.0,204.5,5.6,20.0,-0.0037560975609756,5.2,587.8,17.2,198.9,39.0,41.0,32.0,34.0,28.0,50.0
2022-09-22 05:40:00,0,2.8,189.3,-9.7,20.0,-0.0038536585365853,2.0,230.1,24.0,198.9,39.0,40.0,32.0,33.0,28.0,50.0
2022-09-22 05:50:00,0,2.8,198.5,-0.4,20.0,-0.004,2.1,235.4,24.0,198.9,38.0,39.0,32.0,33.0,28.0,50.0
2022-09-22 06:00:00,0,2.5,193.4,-13.5,20.0,-0.0039024390243902,1.9,210.7,24.0,207.0,38.0,39.0,32.0,33.0,28.0,51.0
2022-09-22 06:10:00,0,2.6,195.1,-11.9,20.0,-0.0038536585365853,1.9,214.8,24.0,207.0,38.0,38.0,31.0,32.0,28.0,51.0
2022-09-22 06:20:00,0,2.7,216.8,9.8,20.0,-0.0039024390243902,2.1,235.1,24.0,207.0,38.0,38.0,31.0,32.0,28.0,51.0
2022-09-22 06:30:00,0,3.0,197.9,-9.0,20.0,-0.0039024390243902,2.3,260.7,24.0,207.0,38.0,38.0,31.0,32.0,27.0,51.0
2022-09-22 06:40:00,0,4.1,202.5,-4.5,20.0,0.0288780487804878,9.7,1101.1,3.1,207.0,39.0,41.0,31.0,32.0,28.0,51.0
2022-09-22 06:50:00,0,3.4,211.8,-6.0,20.0,0.0074146341463414,11.0,1245.0,1.2,217.9,40.0,45.0,32.0,38.0,28.0,50.0
2022-09-22 07:00:00,0,3.3,24.4,165.5,20.0,-0.004,2.6,288.7,24.3,218.9,40.0,44.0,33.0,41.0,28.0,50.0
2022-09-22 07:10:00,0,3.6,203.0,-15.9,20.0,0.003560975609756,7.7,874.3,8.9,218.9,40.0,43.0,33.0,39.0,29.0,50.0
2022-09-22 07:20:00,0,3.5,206.6,-21.0,20.0,0.0084390243902439,9.5,1081.6,5.0,227.7,40.0,45.0,34.0,38.0,29.0,50.0
2022-09-22 07:30:00,0,3.4,223.9,2.2,20.0,0.0036585365853658,8.9,1003.7,7.4,221.7,41.0,46.0,35.0,43.0,29.0,50.0
2022-09-22 07:40:00,0,4.0,213.9,-0.1,20.0,0.0198048780487804,9.0,1022.0,4.7,214.0,41.0,45.0,36.0,44.0,29.0,50.0
2022-09-22 07:50:00,0,3.6,226.8,12.8,20.0,0.0115121951219512,11.0,1243.9,1.1,214.0,41.0,47.0,36.0,47.0,29.0,49.0
2022-09-22 08:00:00,0,3.5,206.3,-14.7,20.0,9.75609756097561e-05,8.8,1002.8,6.9,221.0,41.0,45.0,36.0,48.0,29.0,49.0
2022-09-22 08:10:00,0,3.7,193.5,-19.1,20.0,0.0105365853658536,10.9,1237.8,0.8,212.6,41.0,46.0,36.0,50.0,29.0,49.0
2022-09-22 08:20:00,0,3.2,207.9,-5.4,20.0,-0.0026341463414634,0.2,30.8,80.9,213.3,41.0,45.0,36.0,50.0,30.0,49.0
2022-09-22 08:30:00,0,2.8,200.9,-12.4,20.0,-0.0020487804878048,0.0,1.2,89.0,213.3,40.0,43.0,36.0,48.0,31.0,48.0
2022-09-22 08:40:00,0,3.2,166.7,-46.6,20.0,-0.0036097560975609,0.0,4.3,86.4,213.3,41.0,42.0,35.0,46.0,31.0,47.0
2022-09-22 08:50:00,0,3.2,173.8,-19.2,21.0,-0.0017073170731707,0.0,2.4,89.2,193.0,40.0,41.0,35.0,45.0,31.0,46.0
2022-09-22 09:00:00,0,3.2,210.9,17.9,21.0,-0.0031219512195121,0.0,13.4,84.9,193.0,39.0,40.0,35.0,43.0,31.0,46.0
2022-09-22 09:10:00,0,3.5,186.5,-12.4,21.0,-0.0013658536585365,0.0,3.1,89.2,198.9,39.0,39.0,35.0,42.0,32.0,45.0
2022-09-22 09:20:00,0,3.9,194.3,-4.6,21.0,-0.0009756097560975,0.0,2.7,89.5,198.9,39.0,39.0,34.0,41.0,32.0,45.0
2022-09-22 09:30:00,0,4.9,232.6,33.6,21.0,-0.0009756097560975,0.0,3.7,89.5,198.9,38.0,38.0,34.0,41.0,33.0,45.0
2022-09-22 09:40:00,0,4.6,219.8,20.8,21.0,-0.0009756097560975,0.0,4.7,89.5,198.9,37.0,38.0,34.0,40.0,33.0,45.0
2022-09-22 09:50:00,0,5.8,226.2,27.3,21.0,-0.0009756097560975,0.0,5.5,89.5,198.9,37.0,38.0,34.0,39.0,33.0,45.0
2022-09-22 10:00:00,0,5.0,218.0,19.1,21.0,-0.0009756097560975,0.0,5.6,89.5,198.9,37.0,37.0,34.0,39.0,33.0,44.0
2022-09-22 10:10:00,0,5.3,241.6,42.7,21.0,-0.0009756097560975,0.0,11.4,89.5,198.9,37.0,37.0,34.0,38.0,32.0,44.0
2022-09-22 10:20:00,0,4.3,222.7,23.8,21.0,-0.0010731707317073,0.0,6.4,89.5,198.9,36.0,37.0,34.0,38.0,32.0,43.0
2022-09-22 10:30:00,0,5.4,232.8,33.9,21.0,-0.0012195121951219,0.0,9.8,89.5,198.9,36.0,36.0,34.0,37.0,32.0,43.0
2022-09-22 10:40:00,0,6.3,236.9,38.0,21.0,-0.0010243902439024,0.0,6.4,89.5,198.9,36.0,36.0,34.0,37.0,32.0,43.0
2022-09-22 10:50:00,0,6.4,248.7,49.8,21.0,-0.0010243902439024,0.0,7.0,89.5,198.9,36.0,36.0,33.0,37.0,30.0,42.0
2022-09-22 11:00:00,0,5.5,247.5,48.5,21.0,-0.0021951219512195,0.0,7.6,86.3,198.9,35.0,36.0,33.0,36.0,30.0,40.0
2022-09-22 11:10:00,0,6.0,220.9,22.0,21.0,-0.0010243902439024,0.0,0.0,89.5,198.9,35.0,35.0,33.0,36.0,30.0,38.0
2022-09-22 11:20:00,0,7.5,236.5,37.5,21.0,-0.0010731707317073,0.0,0.0,89.5,198.9,35.0,35.0,33.0,36.0,30.0,38.0
2022-09-22 11:30:00,0,7.2,217.5,18.6,22.0,-0.0010243902439024,0.0,0.0,89.5,198.9,34.0,35.0,33.0,35.0,29.0,37.0
2022-09-22 11:40:00,0,6.9,222.6,23.6,22.0,-0.0011219512195121,0.0,0.0,89.5,198.9,34.0,35.0,33.0,35.0,29.0,36.0
2022-09-22 11:50:00,0,6.6,225.5,26.6,22.0,-0.0011219512195121,0.0,0.0,89.5,198.9,34.0,35.0,33.0,35.0,29.0,35.0
2022-09-22 12:00:00,0,7.4,221.4,22.5,22.0,-0.0009268292682926,0.0,0.0,89.5,198.9,33.0,34.0,33.0,35.0,29.0,34.0
2022-09-22 12:10:00,0,8.6,244.5,45.6,22.0,-0.0009756097560975,0.0,0.0,89.5,198.9,33.0,34.0,33.0,34.0,29.0,33.0
2022-09-22 12:20:00,0,7.8,202.5,3.6,22.0,-0.0013658536585365,0.0,0.1,89.5,198.9,33.0,34.0,33.0,34.0,30.0,32.0
2022-09-22 12:30:00,0,7.7,236.5,37.5,22.0,-0.0010731707317073,0.0,0.1,89.5,198.9,33.0,34.0,33.0,34.0,30.0,28.0
2022-09-22 12:40:00,0,6.6,244.2,45.2,22.0,-0.0010243902439024,0.0,0.0,89.5,198.9,33.0,34.0,33.0,34.0,29.0,26.0
2022-09-22 12:50:00,0,7.1,231.6,32.7,22.0,-0.002390243902439,0.0,1.7000000000000002,86.9,198.9,32.0,33.0,33.0,33.0,29.0,26.0
2022-09-22 13:00:00,0,6.2,226.5,27.6,22.0,-0.0017073170731707,0.0,21.2,86.0,198.9,32.0,33.0,33.0,33.0,30.0,27.0
2022-09-22 13:10:00,0,8.4,219.6,20.6,22.0,-0.0018536585365853,0.0,17.5,86.0,198.9,33.0,33.0,33.0,33.0,30.0,28.0
2022-09-22 13:20:00,0,7.5,224.5,25.6,23.0,-0.0018048780487804,0.0,22.1,86.0,198.9,33.0,33.0,33.0,33.0,30.0,29.0
2022-09-22 13:30:00,0,9.2,230.0,31.0,22.0,0.2129756097560975,6.1,708.8,47.7,199.0,35.0,36.0,33.0,35.0,30.0,29.0
2022-09-22 13:40:00,0,7.8,206.7,-10.4,23.0,0.3697073170731707,13.8,1559.3,-2.0,217.1,43.0,51.0,39.0,51.0,30.0,30.0
2022-09-22 13:50:00,0,8.6,190.4,-17.3,22.0,0.5067317073170732,14.3,1616.4,-2.0,207.7,45.0,56.0,43.0,60.0,29.0,31.0
2022-09-22 14:00:00,0,7.8,218.4,-7.5,23.0,0.382,13.5,1528.7,-1.7000000000000002,225.9,47.0,57.0,46.0,65.0,30.0,32.0
2022-09-22 14:10:00,0,7.7,203.1,-13.4,23.0,0.3490243902439024,13.5,1528.5,-1.8,216.5,47.0,56.0,47.0,66.0,30.0,33.0
2022-09-22 14:20:00,0,7.1,207.2,-5.4,23.0,0.2837073170731707,13.0,1476.7,-1.8,212.6,48.0,55.0,47.0,67.0,31.0,35.0
2022-09-22 14:30:00,0,7.5,225.2,6.6,23.0,0.3220975609756097,13.4,1522.3,-1.9,218.6,48.0,56.0,48.0,69.0,31.0,36.0
2022-09-22 14:40:00,0,7.6,229.5,20.4,23.0,0.3580487804878048,13.5,1527.6,-2.0,209.1,49.0,57.0,49.0,69.0,31.0,37.0
2022-09-22 14:50:00,0,6.8,203.9,-10.0,23.0,0.268780487804878,12.9,1459.2,-1.8,214.0,49.0,56.0,49.0,69.0,31.0,38.0
2022-09-22 15:00:00,0,6.9,218.2,5.6,23.0,0.2695609756097561,13.1,1485.5,-1.9,212.6,50.0,56.0,51.0,70.0,32.0,39.0
2022-09-22 15:10:00,0,7.2,178.5,-35.9,23.0,0.3059512195121951,13.3,1507.7,-1.8,214.3,50.0,56.0,51.0,70.0,32.0,40.0
2022-09-22 15:20:00,0,7.0,214.0,4.6,23.0,0.2697560975609756,13.1,1485.1,-2.0,209.5,51.0,57.0,53.0,70.0,32.0,41.0
2022-09-22 15:30:00,0,8.0,209.7,-10.6,23.0,0.3784878048780488,14.1,1602.8,-2.2,220.3,52.0,58.0,53.0,71.0,32.0,42.0
2022-09-22 15:40:00,0,8.0,218.1,7.6,23.0,0.3880975609756097,14.0,1589.8,-2.2,210.5,53.0,59.0,55.0,72.0,32.0,42.0
2022-09-22 15:50:00,0,6.8,223.8,4.5,23.0,0.2628292682926829,13.0,1471.5,-1.7000000000000002,219.3,52.0,58.0,55.0,72.0,33.0,43.0
2022-09-22 16:00:00,0,6.7,202.8,-20.3,23.0,0.2350731707317073,12.9,1455.9,-1.9,223.1,53.0,58.0,55.0,72.0,33.0,43.0
2022-09-22 16:10:00,0,7.7,230.4,6.6,23.0,0.3465853658536585,13.5,1533.3,-1.9,223.8,53.0,58.0,55.0,71.0,33.0,44.0
2022-09-22 16:20:00,0,7.8,207.5,-16.3,23.0,0.3686829268292683,13.8,1564.0,-2.0,223.8,54.0,59.0,56.0,72.0,33.0,44.0
2022-09-22 16:30:00,0,7.9,225.0,8.6,22.0,0.3888780487804878,14.0,1581.9,-2.2,216.5,54.0,59.0,56.0,73.0,33.0,45.0
2022-09-22 16:40:00,0,7.2,224.5,-8.8,23.0,0.2952682926829268,13.4,1513.6,-2.0,233.3,54.0,59.0,57.0,73.0,34.0,45.0
2022-09-22 16:50:00,0,7.7,256.2,22.2,23.0,0.3399024390243902,13.7,1553.8,-2.1,234.0,54.0,59.0,57.0,73.0,34.0,46.0
2022-09-22 17:00:00,0,6.4,229.3,2.6,23.0,0.2063414634146341,12.5,1412.1,-1.9,226.6,54.0,58.0,56.0,72.0,34.0,46.0
2022-09-22 17:10:00,0,7.4,247.7,16.5,23.0,0.279170731707317,13.5,1532.9,-2.1,231.2,54.0,58.0,56.0,72.0,34.0,46.0
2022-09-22 17:20:00,0,6.7,235.8,16.5,23.0,0.224,12.8,1447.4,-1.9,219.3,54.0,58.0,56.0,71.0,34.0,46.0
2022-09-22 17:30:00,0,6.4,200.2,-19.4,23.0,0.2094634146341463,12.5,1415.6,-1.8,219.6,54.0,58.0,56.0,71.0,34.0,47.0
2022-09-22 17:40:00,0,6.8,208.3,-25.3,23.0,0.2237073170731707,12.9,1460.4,-2.0,233.6,54.0,57.0,55.0,69.0,34.0,47.0
2022-09-22 17:50:00,0,6.2,218.8,-0.4,23.0,0.1677073170731707,12.1,1370.0,-1.8,219.3,54.0,57.0,55.0,68.0,34.0,47.0
2022-09-22 18:00:00,0,6.2,205.4,-13.5,23.0,0.1786829268292682,12.4,1401.0,-1.5,218.9,53.0,56.0,54.0,66.0,34.0,47.0
2022-09-22 18:10:00,0,6.1,208.0,-0.4,23.0,0.1712682926829268,12.2,1377.3,-1.7000000000000002,208.4,53.0,57.0,54.0,66.0,34.0,47.0
2022-09-22 18:20:00,0,5.3,198.5,-10.9,23.0,0.1105365853658536,11.5,1301.5,-1.2,209.5,52.0,55.0,53.0,63.0,34.0,48.0
2022-09-22 18:30:00,0,5.2,232.3,20.4,23.0,0.0918048780487804,11.4,1289.7,-1.1,211.9,52.0,54.0,52.0,61.0,34.0,48.0
2022-09-22 18:40:00,0,5.4,209.3,-5.4,23.0,0.1088780487804878,11.5,1301.1,-1.4,214.7,52.0,54.0,51.0,60.0,34.0,48.0
2022-09-22 18:50:00,0,4.3,266.4,24.0,23.0,0.0529268292682926,11.1,1256.9,-0.2,242.4,51.0,53.0,50.0,59.0,34.0,48.0
2022-09-22 19:00:00,0,4.5,272.5,14.4,23.0,0.0523414634146341,11.1,1255.8,-0.6000000000000001,258.1,50.0,52.0,50.0,58.0,34.0,48.0
2022-09-22 19:10:00,0,4.4,228.3,-17.9,22.0,0.0518536585365853,11.2,1266.5,-0.3,246.2,49.0,51.0,49.0,56.0,34.0,48.0
2022-09-22 19:20:00,0,5.0,248.8,-3.0,22.0,0.0886829268292683,11.2,1264.2,-1.1,251.8,49.0,52.0,48.0,56.0,33.0,48.0
2022-09-22 19:30:00,0,4.8,254.2,3.0,22.0,0.0665365853658536,11.2,1269.4,-0.9,251.2,49.0,52.0,48.0,54.0,33.0,48.0
2022-09-22 19:40:00,0,5.0,284.1,20.7,21.0,0.082390243902439,11.2,1266.1,-1.0,263.4,49.0,52.0,47.0,53.0,33.0,48.0
2022-09-22 19:50:00,0,5.0,248.9,-7.2,21.0,0.0782439024390243,11.2,1266.2,-1.1,256.1,49.0,52.0,47.0,52.0,33.0,48.0
2022-09-22 20:00:00,0,4.3,254.8,-1.3,21.0,0.0487317073170731,11.2,1263.7,-0.4,256.1,48.0,51.0,46.0,51.0,32.0,49.0
2022-09-22 20:10:00,0,4.8,282.3,25.1,20.0,0.0693170731707317,11.1,1259.0,-0.9,257.1,48.0,51.0,46.0,50.0,32.0,48.0
2022-09-22 20:20:00,0,4.5,270.3,4.8,20.0,0.0597560975609756,11.1,1252.6,-0.6000000000000001,265.5,48.0,51.0,46.0,50.0,32.0,48.0
2022-09-22 20:30:00,0,4.0,274.9,9.4,20.0,0.0326341463414634,11.0,1250.5,-0.1,265.6,47.0,50.0,46.0,49.0,32.0,48.0
2022-09-22 20:40:00,0,4.0,280.5,3.8,20.0,0.0212195121951219,11.0,1248.8,-0.2,276.7,46.0,49.0,45.0,48.0,31.0,48.0
2022-09-22 20:50:00,0,4.1,280.7,3.9,20.0,0.0235121951219512,11.0,1248.7,-0.3,276.7,46.0,48.0,45.0,47.0,31.0,48.0
2022-09-22 21:00:00,0,3.3,259.9,-16.8,20.0,-0.0129756097560975,3.6,413.0,38.5,276.7,45.0,47.0,44.0,47.0,32.0,48.0
2022-09-22 21:10:00,0,3.1,285.1,5.8,20.0,-0.0119024390243902,2.3,261.7,24.0,279.2,45.0,44.0,43.0,46.0,31.0,48.0
2022-09-22 21:20:00,0,2.8,257.1,-22.1,20.0,-0.0076585365853658,2.0,230.5,24.0,279.2,45.0,41.0,41.0,45.0,31.0,48.0
2022-09-22 21:30:00,0,2.6,282.2,3.3,20.0,-0.0074146341463414,1.7000000000000002,199.6,24.0,278.8,44.0,40.0,39.0,43.0,30.0,48.0
2022-09-22 21:40:00,0,2.6,267.4,-11.4,20.0,-0.0053170731707317,1.8,205.9,24.0,278.8,44.0,40.0,38.0,42.0,30.0,48.0
2022-09-22 21:50:00,0,2.7,269.0,-9.9,20.0,-0.0054146341463414,1.9,217.8,24.0,278.9,43.0,40.0,36.0,40.0,31.0,48.0
2022-09-22 22:00:00,0,2.5,278.0,-8.9,20.0,-0.0053170731707317,1.7000000000000002,196.8,24.0,286.9,43.0,40.0,35.0,39.0,30.0,49.0
2022-09-22 22:10:00,0,2.3,288.7,1.8,20.0,-0.0053170731707317,1.6,178.2,24.0,286.9,43.0,39.0,35.0,38.0,30.0,49.0
2022-09-22 22:20:00,0,2.3,286.5,-0.4,20.0,-0.0053170731707317,1.4,177.8,24.0,286.9,43.0,39.0,34.0,36.0,29.0,49.0
2022-09-22 22:30:00,0,2.1,279.5,-7.4,20.0,-0.0053170731707317,0.6000000000000001,165.8,24.0,286.9,42.0,39.0,33.0,35.0,29.0,49.0
2022-09-22 22:40:00,0,1.9,291.5,4.6,20.0,-0.0053170731707317,0.2,148.2,24.0,286.9,42.0,39.0,32.0,35.0,29.0,49.0
2022-09-22 22:50:00,0,1.4,276.7,-10.2,20.0,-0.0052195121951219,0.0,80.2,24.0,286.9,41.0,39.0,31.0,34.0,28.0,49.0
2022-09-22 23:00:00,0,1.8,241.5,-45.3,20.0,-0.0052195121951219,0.0,75.6,24.0,286.9,41.0,39.0,31.0,33.0,28.0,49.0
2022-09-22 23:10:00,0,1.4,254.7,-32.2,20.0,-0.005170731707317,0.0,66.6,24.0,286.9,40.0,39.0,30.0,32.0,28.0,49.0
2022-09-22 23:20:00,0,0.7000000000000001,226.8,-60.1,20.0,-0.0043414634146341,0.0,17.1,24.0,286.9,40.0,38.0,30.0,32.0,28.0,49.0
2022-09-22 23:30:00,0,0.5,171.0,-115.9,20.0,-0.0037560975609756,0.0,0.0,24.0,286.9,40.0,38.0,30.0,31.0,29.0,49.0
2022-09-22 23:40:00,0,1.5,242.8,-44.1,20.0,-0.0038536585365853,0.0,0.0,24.0,286.9,39.0,37.0,30.0,31.0,29.0,49.0
2022-09-22 23:50:00,0,2.4,160.6,-126.3,20.0,-0.0037073170731707,0.0,0.0,24.0,286.9,38.0,37.0,29.0,31.0,29.0,50.0
2022-09-23 00:00:00,0,2.1,249.7,-37.2,20.0,-0.0038536585365853,0.0,0.0,24.0,286.9,38.0,36.0,29.0,30.0,29.0,50.0
2022-09-23 00:10:00,0,1.9,241.9,-45.0,20.0,-0.0038048780487804,0.0,1.6,24.0,286.9,37.0,36.0,29.0,30.0,29.0,50.0
2022-09-23 00:20:00,0,1.7000000000000002,233.7,-53.2,20.0,-0.0037073170731707,0.0,0.6000000000000001,24.0,286.9,37.0,36.0,29.0,30.0,29.0,50.0
2022-09-23 00:30:00,0,1.2,198.3,-88.6,20.0,-0.0037560975609756,0.0,0.0,24.0,286.9,36.0,35.0,29.0,30.0,28.0,50.0
2022-09-23 00:40:00,0,1.1,164.6,-122.3,20.0,-0.0037073170731707,0.0,0.0,24.0,286.9,36.0,35.0,29.0,29.0,28.0,50.0
2022-09-23 00:50:00,0,1.4,163.0,-123.9,20.0,-0.0038048780487804,0.0,0.0,24.0,286.9,36.0,35.0,29.0,29.0,28.0,50.0
2022-09-23 01:00:00,0,0.6000000000000001,179.6,-107.3,20.0,-0.0037560975609756,0.0,0.0,24.0,286.9,35.0,35.0,29.0,29.0,28.0,50.0
2022-09-23 01:10:00,0,1.0,216.0,-70.9,19.0,-0.0037073170731707,0.0,0.0,24.0,286.9,35.0,34.0,29.0,28.0,28.0,50.0
2022-09-23 01:20:00,0,0.8,266.3,-20.6,19.0,-0.0037073170731707,0.0,0.0,24.0,286.9,35.0,34.0,28.0,28.0,27.0,50.0
2022-09-23 01:30:00,0,0.8,336.7,49.7,19.0,-0.0037560975609756,0.0,0.0,24.0,286.9,35.0,34.0,28.0,28.0,27.0,50.0
2022-09-23 01:40:00,0,1.2,81.0,154.0,19.0,-0.0037073170731707,0.0,0.0,24.0,286.9,35.0,34.0,28.0,28.0,27.0,50.0
2022-09-23 01:50:00,0,1.2,77.1,150.1,19.0,-0.0036585365853658,0.0,0.0,24.0,286.9,34.0,33.0,28.0,28.0,27.0,50.0
2022-09-23 02:00:00,0,1.4,236.3,-50.6,19.0,-0.0037560975609756,0.0,9.1,24.0,286.9,34.0,33.0,28.0,27.0,27.0,51.0
2022-09-23 02:10:00,0,1.5,206.7,-80.2,19.0,-0.0037073170731707,0.0,10.9,24.0,286.9,36.0,33.0,28.0,27.0,27.0,50.0
2022-09-23 02:20:00,0,1.6,87.5,160.6,19.0,-0.0037073170731707,0.0,0.0,24.0,286.9,34.0,33.0,28.0,27.0,26.0,50.0
2022-09-23 02:30:00,0,2.3,121.6,-165.3,19.0,-0.0037073170731707,0.0,22.9,24.0,286.9,34.0,33.0,28.0,27.0,26.0,50.0
2022-09-23 02:40:00,0,2.0,120.1,-166.8,19.0,-0.0037560975609756,0.0,72.4,24.0,286.9,37.0,33.0,28.0,27.0,26.0,50.0
2022-09-23 02:50:00,0,1.1,322.1,35.2,19.0,-0.0037073170731707,0.0,48.5,24.0,286.9,38.0,33.0,28.0,26.0,26.0,50.0
2022-09-23 03:00:00,0,1.1,354.0,67.1,19.0,-0.0037560975609756,0.0,3.2,24.0,286.9,37.0,33.0,27.0,26.0,26.0,50.0
2022-09-23 03:10:00,0,1.3,109.9,-177.0,19.0,-0.0037560975609756,0.0,0.0,24.0,286.9,35.0,33.0,27.0,26.0,26.0,50.0
2022-09-23 03:20:00,0,1.5,78.5,151.6,19.0,-0.0037073170731707,0.0,0.0,24.0,286.9,34.0,32.0,27.0,26.0,26.0,50.0
2022-09-23 03:30:00,0,1.6,74.8,147.9,18.0,-0.0037073170731707,0.0,0.0,24.0,286.9,34.0,32.0,27.0,26.0,26.0,50.0
2022-09-23 03:40:00,0,1.9,88.1,161.1,18.0,-0.0036585365853658,0.0,43.5,24.0,286.9,34.0,32.0,27.0,26.0,26.0,50.0
2022-09-23 03:50:00,0,1.9,87.5,160.5,18.0,-0.0037073170731707,0.0,44.3,24.0,286.9,37.0,32.0,27.0,26.0,26.0,50.0
2022-09-23 04:00:00,0,1.6,102.1,175.2,19.0,-0.0037073170731707,0.0,13.6,24.0,286.9,36.0,32.0,27.0,26.0,26.0,51.0
2022-09-23 04:10:00,0,1.9,115.5,-171.4,18.0,-0.0037073170731707,0.0,0.4,24.0,286.9,35.0,32.0,27.0,25.0,26.0,50.0
2022-09-23 04:20:00,0,1.7000000000000002,98.4,171.5,18.0,-0.0036585365853658,0.0,32.0,24.0,286.9,35.0,32.0,27.0,25.0,26.0,50.0
2022-09-23 04:30:00,0,1.8,136.1,-150.8,18.0,-0.0037073170731707,0.0,27.3,24.0,286.9,35.0,32.0,27.0,25.0,25.0,51.0
2022-09-23 04:40:00,0,1.7000000000000002,181.1,-105.8,18.0,-0.0037073170731707,0.0,31.0,24.0,286.9,35.0,32.0,26.0,25.0,25.0,50.0
2022-09-23 04:50:00,0,1.3,206.1,-80.8,18.0,-0.0037073170731707,0.0,0.0,24.0,286.9,35.0,32.0,26.0,25.0,25.0,50.0
2022-09-23 05:00:00,0,1.8,85.6,158.6,18.0,-0.0037073170731707,0.0,0.0,24.0,286.9,34.0,31.0,26.0,25.0,25.0,50.0
2022-09-23 05:10:00,0,1.7000000000000002,249.3,-37.6,19.0,-0.0037073170731707,0.0,4.4,24.0,286.9,33.0,31.0,26.0,25.0,25.0,50.0
2022-09-23 05:20:00,0,2.2,148.1,-138.8,18.0,-0.0036585365853658,0.0,63.3,24.0,286.9,34.0,31.0,26.0,25.0,25.0,50.0
2022-09-23 05:30:00,0,2.1,118.4,-168.5,18.0,-0.0037073170731707,0.0,74.6,24.0,286.9,36.0,32.0,26.0,25.0,25.0,50.0
2022-09-23 05:40:00,0,1.7000000000000002,80.2,153.2,18.0,-0.0037073170731707,0.0,58.4,24.0,286.9,36.0,32.0,26.0,24.0,25.0,50.0
2022-09-23 05:50:00,0,1.7000000000000002,91.8,164.9,18.0,-0.0034146341463414,0.0,54.8,24.0,286.9,36.0,32.0,26.0,24.0,25.0,50.0
2022-09-23 06:00:00,0,2.0,77.4,150.5,18.0,-0.0029756097560975,0.0,58.2,24.0,286.9,36.0,32.0,26.0,24.0,26.0,50.0
2022-09-23 06:10:00,0,1.6,74.1,147.2,18.0,-0.0029268292682926,0.0,41.8,24.0,286.9,35.0,32.0,26.0,24.0,26.0,50.0
2022-09-23 06:20:00,0,1.4,53.5,126.5,18.0,-0.0029268292682926,0.0,6.0,24.0,286.9,35.0,32.0,26.0,24.0,26.0,50.0
2022-09-23 06:30:00,0,1.3,70.5,143.6,18.0,-0.0029756097560975,0.0,0.0,24.0,286.9,34.0,31.0,26.0,24.0,26.0,51.0
2022-09-23 06:40:00,0,1.5,98.5,171.6,18.0,-0.0029268292682926,0.0,0.0,24.0,286.9,33.0,31.0,26.0,24.0,26.0,51.0
2022-09-23 06:50:00,0,1.3,89.4,162.5,18.0,-0.0029268292682926,0.0,0.0,24.0,286.9,33.0,31.0,26.0,24.0,26.0,51.0
2022-09-23 07:00:00,0,1.4,96.8,169.9,18.0,-0.0029756097560975,0.0,0.0,24.0,286.9,32.0,31.0,26.0,24.0,26.0,51.0
2022-09-23 07:10:00,0,1.3,111.2,-175.7,18.0,-0.0028292682926829,0.0,0.0,24.0,286.9,32.0,31.0,26.0,24.0,26.0,51.0
2022-09-23 07:20:00,0,1.4,90.4,163.5,18.0,-0.0029268292682926,0.0,0.0,24.0,286.9,32.0,31.0,26.0,24.0,26.0,51.0
2022-09-23 07:30:00,0,1.5,337.7,50.7,18.0,-0.0029756097560975,0.0,0.0,24.0,286.9,32.0,30.0,26.0,24.0,26.0,51.0
2022-09-23 07:40:00,0,1.8,174.2,-112.7,18.0,-0.0028780487804878,0.0,6.6,24.0,286.9,32.0,30.0,26.0,24.0,26.0,51.0
2022-09-23 07:50:00,0,2.1,146.8,-140.1,18.0,-0.0029268292682926,0.0,40.1,24.0,286.9,32.0,30.0,26.0,23.0,26.0,51.0
2022-09-23 08:00:00,0,2.6,111.2,-175.6,18.0,-0.003170731707317,0.0,105.5,24.0,286.8,34.0,30.0,26.0,23.0,26.0,51.0
2022-09-23 08:10:00,0,2.6,132.6,-115.9,18.0,-0.0039512195121951,0.8,120.2,24.0,248.5,34.0,31.0,26.0,24.0,26.0,51.0
2022-09-23 08:20:00,0,2.5,136.0,23.0,19.0,-0.0030731707317073,1.5,175.5,24.0,113.1,35.0,32.0,26.0,24.0,26.0,51.0
2022-09-23 08:30:00,0,2.5,135.6,22.5,19.0,-0.0030731707317073,1.2,176.0,24.0,113.1,35.0,33.0,26.0,24.0,26.0,51.0
2022-09-23 08:40:00,0,2.0,149.2,36.1,18.0,-0.0030731707317073,0.0,141.2,24.0,113.1,35.0,33.0,26.0,24.0,26.0,51.0
2022-09-23 08:50:00,0,2.0,148.8,35.8,18.0,-0.0030731707317073,0.0,121.6,24.0,113.1,35.0,33.0,26.0,24.0,26.0,51.0
2022-09-23 09:00:00,0,1.7000000000000002,105.2,-7.9,18.0,-0.0030243902439024,0.0,108.3,24.0,113.1,34.0,33.0,26.0,24.0,26.0,51.0
2022-09-23 09:10:00,0,2.3,129.8,16.7,19.0,-0.0030731707317073,0.0,140.4,24.0,113.1,34.0,33.0,26.0,24.0,26.0,51.0
2022-09-23 09:20:00,0,2.1,183.2,70.1,19.0,-0.0029268292682926,0.0,112.9,24.0,113.1,34.0,33.0,26.0,24.0,26.0,51.0
2022-09-23 09:30:00,0,1.8,88.9,-24.2,19.0,-0.0029756097560975,0.0,94.3,24.0,113.1,34.0,33.0,26.0,24.0,26.0,51.0
2022-09-23 09:40:00,0,1.9,112.8,-0.2,19.0,-0.0029756097560975,0.0,97.2,24.0,113.1,34.0,33.0,26.0,24.0,26.0,51.0
2022-09-23 09:50:00,0,2.3,142.3,29.2,19.0,-0.0030731707317073,0.0,150.0,24.0,113.1,34.0,33.0,26.0,24.0,26.0,51.0
2022-09-23 10:00:00,0,2.2,148.7,35.6,19.0,-0.0031219512195121,0.0,132.9,24.0,113.1,34.0,33.0,26.0,24.0,26.0,52.0
2022-09-23 10:10:00,0,2.5,169.4,56.3,20.0,-0.0031219512195121,0.0,134.1,24.0,113.1,34.0,33.0,26.0,24.0,26.0,52.0
2022-09-23 10:20:00,0,1.7000000000000002,161.4,48.3,20.0,-0.0023414634146341,0.0,89.2,24.0,113.1,34.0,33.0,26.0,24.0,26.0,52.0
2022-09-23 10:30:00,0,1.5,152.0,38.9,21.0,-0.0021951219512195,0.0,78.8,24.0,113.1,33.0,33.0,26.0,24.0,27.0,52.0
2022-09-23 10:40:00,0,1.6,58.3,-54.7,21.0,-0.0021463414634146,0.0,65.2,24.0,113.1,33.0,33.0,26.0,24.0,28.0,52.0
2022-09-23 10:50:00,0,1.5,149.6,36.5,21.0,-0.0021463414634146,0.0,54.9,24.0,113.1,33.0,33.0,26.0,25.0,28.0,52.0
2022-09-23 11:00:00,0,1.5,49.5,-63.5,22.0,-0.0021951219512195,0.0,43.8,24.0,113.1,33.0,32.0,26.0,25.0,28.0,53.0
2022-09-23 11:10:00,0,1.6,163.6,50.6,22.0,-0.0021951219512195,0.0,47.6,24.0,113.1,33.0,32.0,26.0,25.0,29.0,53.0
2022-09-23 11:20:00,0,1.7000000000000002,156.0,42.9,22.0,-0.0025365853658536,0.0,55.4,24.0,113.1,33.0,32.0,26.0,25.0,29.0,50.0
2022-09-23 11:30:00,0,1.5,230.4,117.4,23.0,-0.0024878048780487,0.0,23.4,24.0,113.1,33.0,32.0,26.0,25.0,30.0,43.0
2022-09-23 11:40:00,0,1.6,181.8,68.8,24.0,-0.0021463414634146,0.0,9.2,24.0,113.1,33.0,32.0,26.0,25.0,30.0,43.0
2022-09-23 11:50:00,0,1.8,351.5,-121.5,24.0,-0.0021463414634146,0.0,19.0,24.0,113.1,33.0,32.0,26.0,25.0,30.0,45.0
2022-09-23 12:00:00,0,1.4,248.5,135.5,25.0,-0.0021951219512195,0.0,16.5,24.0,113.1,33.0,32.0,26.0,25.0,30.0,46.0
2022-09-23 12:10:00,0,1.6,6.2,-106.8,24.0,-0.0021951219512195,0.0,1.6,24.0,113.1,33.0,32.0,26.0,25.0,30.0,47.0
2022-09-23 12:20:00,0,1.6,328.2,-144.8,25.0,-0.0021463414634146,0.0,1.3,24.0,113.1,32.0,32.0,26.0,25.0,31.0,48.0
2022-09-23 12:30:00,0,1.4,186.7,73.6,25.0,-0.0022439024390243,0.0,0.6000000000000001,24.0,113.1,32.0,32.0,26.0,25.0,31.0,49.0
2022-09-23 12:40:00,0,1.6,325.9,-147.2,26.0,-0.0021951219512195,0.0,1.5,24.0,113.1,32.0,32.0,26.0,25.0,31.0,49.0
2022-09-23 12:50:00,0,2.3,268.5,155.4,26.0,-0.0024390243902439,0.0,10.2,24.0,113.1,32.0,32.0,26.0,25.0,31.0,50.0
2022-09-23 13:00:00,0,2.9,205.5,59.1,25.0,-0.0033658536585365,4.6,544.8,14.5,146.4,33.0,34.0,28.0,26.0,32.0,51.0
2022-09-23 13:10:00,0,2.1,230.9,43.2,26.0,-0.0022439024390243,0.2,70.5,24.0,187.7,34.0,36.0,30.0,26.0,32.0,51.0
2022-09-23 13:20:00,0,2.8,275.6,87.8,26.0,-0.0031219512195121,0.1,45.5,51.4,187.8,33.0,35.0,30.0,27.0,32.0,51.0
2022-09-23 13:30:00,0,4.7,199.6,-42.8,25.0,0.0558536585365853,9.4,1074.2,3.7,242.4,35.0,39.0,33.0,30.0,32.0,51.0
2022-09-23 13:40:00,0,4.4,297.0,29.4,25.0,0.0509756097560975,11.1,1260.1,-0.4,267.7,37.0,45.0,43.0,43.0,31.0,51.0
2022-09-23 13:50:00,0,4.3,305.8,32.5,25.0,0.0400487804878048,11.1,1253.0,-0.4,273.2,38.0,47.0,50.0,49.0,32.0,51.0
2022-09-23 14:00:00,0,4.1,292.4,17.5,25.0,0.0277560975609756,11.1,1258.0,-0.1,275.0,39.0,48.0,53.0,52.0,32.0,51.0
2022-09-23 14:10:00,0,5.2,272.2,27.9,25.0,0.108780487804878,11.4,1293.9,-1.0,244.2,41.0,50.0,55.0,54.0,33.0,51.0
2022-09-23 14:20:00,0,5.0,267.8,-12.4,25.0,0.0944878048780487,11.3,1277.1,-1.1,280.2,42.0,51.0,56.0,56.0,32.0,52.0
2022-09-23 14:30:00,0,5.2,283.7,9.4,25.0,0.0989268292682926,11.4,1294.1,-1.2,274.3,42.0,50.0,57.0,57.0,32.0,52.0
2022-09-23 14:40:00,0,4.5,241.9,-30.2,25.0,0.0487317073170731,11.1,1261.2,-0.6000000000000001,272.2,42.0,50.0,57.0,58.0,32.0,52.0
2022-09-23 14:50:00,0,4.5,255.1,-0.3,25.0,0.0517560975609756,11.2,1264.1,-0.7000000000000001,255.4,43.0,49.0,57.0,59.0,33.0,52.0
2022-09-23 15:00:00,0,4.1,285.0,21.3,25.0,0.0308780487804878,11.1,1258.7,0.1,263.7,42.0,48.0,58.0,59.0,33.0,52.0
2022-09-23 15:10:00,0,4.3,229.2,-12.1,25.0,0.0485365853658536,11.2,1266.3,-0.3,241.4,43.0,49.0,58.0,60.0,33.0,51.0
2022-09-23 15:20:00,0,4.0,272.8,17.7,25.0,0.0337560975609756,11.1,1252.1,0.0,255.0,43.0,48.0,58.0,60.0,34.0,51.0
2022-09-23 15:30:00,0,4.3,285.1,16.1,25.0,0.0287317073170731,9.0,1017.3,8.1,269.0,43.0,48.0,58.0,61.0,34.0,51.0
2022-09-23 15:40:00,0,4.0,301.6,57.4,25.0,0.0306341463414634,9.6,1088.3,3.6,244.2,43.0,47.0,55.0,59.0,34.0,51.0
2022-09-23 15:50:00,0,4.5,280.8,7.2,25.0,0.0429756097560975,11.2,1264.2,-0.2,273.6,43.0,48.0,56.0,60.0,34.0,51.0
2022-09-23 16:00:00,0,4.0,277.8,2.8,26.0,0.0289756097560975,9.7,1096.9,3.0,275.0,43.0,48.0,55.0,60.0,35.0,51.0
2022-09-23 16:10:00,0,4.6,282.8,15.4,25.0,0.0523414634146341,11.1,1258.5,-0.7000000000000001,267.3,44.0,49.0,55.0,61.0,34.0,51.0
2022-09-23 16:20:00,0,4.5,279.9,-3.5,25.0,0.0606341463414634,11.1,1261.9,-0.6000000000000001,283.4,44.0,49.0,56.0,62.0,34.0,51.0
2022-09-23 16:30:00,0,4.8,303.6,19.8,25.0,0.0725853658536585,11.2,1266.4,-0.9,283.7,44.0,50.0,56.0,62.0,35.0,51.0
2022-09-23 16:40:00,0,4.2,284.0,6.9,26.0,0.0393170731707317,11.0,1251.3,-0.4,277.1,44.0,50.0,56.0,62.0,35.0,51.0
2022-09-23 16:50:00,0,3.7,250.9,-12.1,26.0,0.0066829268292682,9.0,1027.8,6.5,263.1,44.0,48.0,55.0,61.0,35.0,51.0
2022-09-23 17:00:00,0,4.0,261.4,2.5,26.0,0.0282439024390243,11.0,1251.3,-0.1,258.9,44.0,48.0,55.0,61.0,34.0,51.0
2022-09-23 17:10:00,0,4.0,248.7,-3.2,26.0,0.0302926829268292,10.2,1160.8,3.0,251.9,44.0,48.0,55.0,61.0,35.0,51.0
2022-09-23 17:20:00,0,4.4,273.1,6.4,25.0,0.0565853658536585,11.1,1256.2,-0.5,266.6,44.0,49.0,54.0,61.0,34.0,51.0
2022-09-23 17:30:00,0,4.6,258.4,-15.8,25.0,0.0618048780487804,11.1,1256.1,-0.7000000000000001,274.3,44.0,49.0,54.0,61.0,34.0,50.0
2022-09-23 17:40:00,0,4.3,262.6,-5.4,25.0,0.0540975609756097,11.1,1254.9,-0.5,268.0,45.0,50.0,54.0,61.0,34.0,50.0
2022-09-23 17:50:00,0,4.1,274.2,-0.8,25.0,0.0402926829268292,11.0,1250.1,-0.3,275.0,45.0,49.0,54.0,61.0,34.0,50.0
2022-09-23 18:00:00,0,4.6,272.4,-2.6,25.0,0.0626829268292682,11.1,1258.8,-0.7000000000000001,275.0,45.0,50.0,54.0,60.0,34.0,50.0
2022-09-23 18:10:00,0,4.2,291.3,16.3,25.0,0.0428292682926829,11.1,1253.3,-0.3,275.0,45.0,50.0,54.0,60.0,34.0,50.0
2022-09-23 18:20:00,0,4.3,261.3,-5.3,25.0,0.0405365853658536,11.0,1251.0,-0.4,266.6,45.0,49.0,54.0,59.0,34.0,50.0
2022-09-23 18:30:00,0,3.9,269.2,2.6,25.0,0.032,11.0,1249.5,0.0,266.6,45.0,49.0,54.0,59.0,34.0,50.0
2022-09-23 18:40:00,0,4.3,264.7,-9.9,25.0,0.0500487804878048,11.1,1251.9,-0.5,274.6,45.0,49.0,54.0,57.0,34.0,50.0
2022-09-23 18:50:00,0,4.5,282.2,6.5,25.0,0.0669756097560975,11.1,1255.1,-0.7000000000000001,275.7,45.0,50.0,54.0,57.0,34.0,50.0
2022-09-23 19:00:00,0,4.1,275.7,-7.3,25.0,0.0437560975609756,11.0,1250.9,-0.3,283.1,45.0,50.0,54.0,56.0,34.0,50.0
2022-09-23 19:10:00,0,3.8,258.6,-26.2,25.0,0.0280487804878048,11.0,1248.9,0.0,284.8,45.0,49.0,54.0,55.0,34.0,50.0
2022-09-23 19:20:00,0,3.6,261.4,-21.3,25.0,0.0164390243902439,11.0,1248.7,0.4,282.7,45.0,48.0,54.0,56.0,34.0,50.0
2022-09-23 19:30:00,0,3.6,304.7,12.8,24.0,0.0088780487804878,9.9,1121.1,5.2,291.8,44.0,48.0,53.0,55.0,34.0,50.0
2022-09-23 19:40:00,0,3.3,288.5,-10.7,24.0,-0.008,6.0,680.7,14.0,299.2,44.0,46.0,50.0,53.0,34.0,49.0
2022-09-23 19:50:00,0,3.3,30.3,91.1,25.0,-0.0085853658536585,2.5,279.2,24.5,299.2,43.0,44.0,47.0,51.0,34.0,49.0
2022-09-23 20:00:00,0,3.5,301.3,-16.8,24.0,0.0009756097560975,5.3,604.5,15.4,318.1,43.0,43.0,44.0,49.0,34.0,49.0
2022-09-23 20:10:00,0,3.5,331.0,5.5,24.0,0.0039512195121951,9.4,1064.0,6.0,325.5,43.0,45.0,44.0,47.0,33.0,49.0
2022-09-23 20:20:00,0,3.2,317.9,-7.6,23.0,-0.0084390243902439,2.4,269.5,24.0,325.5,42.0,44.0,43.0,47.0,33.0,49.0
2022-09-23 20:30:00,0,2.8,331.6,13.1,23.0,-0.0078536585365853,2.1,240.3,24.0,318.5,42.0,42.0,41.0,45.0,33.0,49.0
2022-09-23 20:40:00,0,2.7,313.2,-5.2,23.0,-0.0061951219512195,2.0,230.3,24.0,318.4,42.0,42.0,39.0,43.0,33.0,49.0
2022-09-23 20:50:00,0,2.7,313.8,4.1,23.0,-0.0061463414634146,1.9,220.4,24.0,309.7,42.0,41.0,38.0,42.0,32.0,49.0
2022-09-23 21:00:00,0,2.7,316.9,7.2,23.0,-0.0062926829268292,2.0,228.0,24.0,309.7,42.0,41.0,37.0,40.0,32.0,49.0
2022-09-23 21:10:00,0,2.9,302.0,5.3,23.0,-0.0061463414634146,2.2,245.5,24.0,296.7,41.0,41.0,36.0,39.0,32.0,49.0
2022-09-23 21:20:00,0,3.1,276.6,-20.1,23.0,-0.0061463414634146,2.2,249.8,24.0,296.7,41.0,40.0,35.0,37.0,31.0,49.0
2022-09-23 21:30:00,0,2.5,321.6,17.1,22.0,-0.0061951219512195,1.9,212.8,24.0,304.4,41.0,40.0,34.0,36.0,31.0,49.0
2022-09-23 21:40:00,0,2.0,304.4,-8.8,22.0,-0.0061463414634146,0.4,156.8,24.0,313.2,41.0,40.0,34.0,36.0,31.0,49.0
2022-09-23 21:50:00,0,2.0,348.5,35.3,22.0,-0.0060975609756097,0.3,156.4,24.0,313.2,41.0,40.0,33.0,35.0,31.0,49.0
2022-09-23 22:00:00,0,1.9,337.3,24.1,22.0,-0.0061463414634146,0.4,156.3,24.0,313.2,41.0,39.0,32.0,34.0,30.0,50.0
2022-09-23 22:10:00,0,2.2,348.4,35.2,22.0,-0.0060975609756097,0.0,145.1,24.0,313.2,40.0,39.0,32.0,33.0,30.0,50.0
2022-09-23 22:20:00,0,2.6,359.0,46.3,22.0,-0.006,0.6000000000000001,160.1,24.0,313.2,40.0,39.0,31.0,32.0,30.0,50.0
2022-09-23 22:30:00,0,1.8,3.6,50.4,22.0,-0.0041463414634146,0.0,92.8,24.0,313.2,40.0,39.0,31.0,32.0,30.0,50.0
2022-09-23 22:40:00,0,1.8,4.3,51.1,22.0,-0.004,0.0,91.7,24.0,313.2,40.0,38.0,31.0,32.0,30.0,50.0
2022-09-23 22:50:00,0,1.9,23.2,70.0,22.0,-0.0039512195121951,0.0,55.9,24.0,313.2,39.0,38.0,31.0,31.0,30.0,50.0
2022-09-23 23:00:00,0,1.9,4.5,51.3,22.0,-0.004,0.0,52.7,24.0,313.2,39.0,38.0,31.0,31.0,30.0,51.0
2022-09-23 23:10:00,0,1.7000000000000002,358.8,45.5,22.0,-0.004,0.0,30.4,24.0,313.2,39.0,38.0,31.0,31.0,30.0,51.0
2022-09-23 23:20:00,0,1.5,11.3,58.1,22.0,-0.0039512195121951,0.0,12.0,24.0,313.2,38.0,37.0,30.0,31.0,30.0,51.0
2022-09-23 23:30:00,0,1.6,20.1,66.8,22.0,-0.0039512195121951,0.0,0.0,24.0,313.2,38.0,37.0,30.0,31.0,30.0,51.0
2022-09-23 23:40:00,0,1.5,65.2,112.0,22.0,-0.004,0.0,0.0,24.0,313.2,37.0,36.0,30.0,30.0,29.0,51.0
2022-09-23 23:50:00,0,1.5,88.9,135.7,22.0,-0.0039512195121951,0.0,2.8,24.0,313.2,37.0,36.0,30.0,30.0,29.0,52.0
2022-09-24 00:00:00,0,1.9,74.2,121.0,22.0,-0.0037073170731707,0.0,12.7,24.0,313.2,37.0,36.0,30.0,30.0,29.0,52.0
2022-09-24 00:10:00,0,2.5,79.7,126.5,22.0,-0.0038536585365853,0.0,70.3,24.0,313.2,37.0,35.0,30.0,30.0,29.0,52.0
2022-09-24 00:20:00,0,3.8,91.0,137.6,22.0,0.01,4.5,545.2,14.0,313.4,39.0,36.0,30.0,30.0,29.0,52.0
2022-09-24 00:30:00,0,4.9,89.5,-13.0,22.0,0.0565853658536585,11.1,1254.5,-1.1,102.5,41.0,45.0,33.0,32.0,29.0,51.0
2022-09-24 00:40:00,0,5.2,89.9,3.1,21.0,0.0888292682926829,11.1,1261.7,-1.3,86.8,42.0,49.0,39.0,35.0,29.0,51.0
2022-09-24 00:50:00,0,5.6,88.0,-5.8,21.0,0.1012195121951219,11.2,1274.1,-1.7000000000000002,93.8,43.0,50.0,42.0,40.0,29.0,51.0
2022-09-24 01:00:00,0,5.3,99.9,6.2,21.0,0.097170731707317,11.2,1265.1,-1.4,93.8,43.0,50.0,45.0,43.0,30.0,51.0
2022-09-24 01:10:00,0,5.1,98.7,-2.0,21.0,0.076390243902439,11.1,1259.1,-1.2,100.8,43.0,49.0,46.0,45.0,30.0,51.0
2022-09-24 01:20:00,0,4.6,103.6,2.8,21.0,0.0514146341463414,11.0,1250.7,-0.8,100.8,43.0,48.0,47.0,46.0,30.0,51.0
2022-09-24 01:30:00,0,5.2,108.5,7.7,21.0,0.0807317073170731,11.2,1269.5,-1.2,100.8,43.0,48.0,48.0,47.0,30.0,51.0
2022-09-24 01:40:00,0,5.7,106.5,-1.7000000000000002,21.0,0.1002926829268292,11.4,1289.9,-1.7000000000000002,108.1,44.0,49.0,48.0,48.0,30.0,50.0
2022-09-24 01:50:00,0,5.3,109.1,1.0,21.0,0.0664878048780487,11.1,1260.7,-1.4,108.1,44.0,49.0,49.0,49.0,31.0,50.0
2022-09-24 02:00:00,0,5.1,95.3,-5.5,20.0,0.0678536585365853,11.1,1257.1,-1.2,100.8,44.0,48.0,49.0,48.0,31.0,50.0
2022-09-24 02:10:00,0,5.6,98.7,4.9,20.0,0.1159024390243902,11.3,1281.7,-1.7000000000000002,93.8,44.0,49.0,50.0,48.0,31.0,50.0
2022-09-24 02:20:00,0,6.6,98.9,5.1,20.0,0.1629268292682927,12.5,1415.7,-2.0,93.8,45.0,51.0,51.0,50.0,31.0,50.0
2022-09-24 02:30:00,0,6.3,95.0,1.2,20.0,0.155170731707317,12.1,1371.7,-2.0,93.8,46.0,52.0,51.0,55.0,31.0,50.0
2022-09-24 02:40:00,0,6.4,94.0,0.3,20.0,0.1605365853658536,12.2,1379.9,-2.0,93.7,46.0,52.0,52.0,57.0,31.0,50.0
2022-09-24 02:50:00,0,6.6,104.5,18.4,20.0,0.2066341463414634,12.5,1413.0,-2.1,86.1,47.0,53.0,52.0,58.0,30.0,50.0
2022-09-24 03:00:00,0,7.0,91.8,-0.6000000000000001,21.0,0.210780487804878,13.1,1488.3,-2.1,92.4,48.0,54.0,52.0,60.0,31.0,49.0
2022-09-24 03:10:00,0,6.6,100.6,8.2,21.0,0.1778048780487804,12.6,1426.6,-2.0,92.4,48.0,54.0,52.0,62.0,31.0,49.0
2022-09-24 03:20:00,0,6.3,92.0,-0.4,21.0,0.1572682926829268,12.1,1368.3,-2.0,92.4,48.0,53.0,52.0,60.0,31.0,49.0
2022-09-24 03:30:00,0,6.2,93.9,1.5,21.0,0.162390243902439,12.0,1361.9,-2.0,92.4,48.0,53.0,52.0,61.0,31.0,49.0
2022-09-24 03:40:00,0,5.8,96.0,3.6,21.0,0.1199512195121951,11.4,1292.9,-1.8,92.4,48.0,52.0,52.0,60.0,31.0,49.0
2022-09-24 03:50:00,0,6.1,114.9,15.1,21.0,0.1444390243902439,12.0,1359.5,-1.8,99.7,47.0,52.0,51.0,59.0,31.0,49.0
2022-09-24 04:00:00,0,7.3,106.3,6.6,21.0,0.2328780487804878,13.6,1545.8,-2.1,99.7,48.0,54.0,52.0,61.0,31.0,48.0
2022-09-24 04:10:00,0,7.1,100.3,0.6000000000000001,21.0,0.216,13.3,1503.6,-2.1,99.7,49.0,55.0,52.0,63.0,31.0,48.0
2022-09-24 04:20:00,0,7.7,98.3,-1.4,21.0,0.2697560975609756,14.1,1598.5,-2.2,99.7,50.0,56.0,53.0,64.0,31.0,48.0
2022-09-24 04:30:00,0,7.3,108.3,8.6,21.0,0.2181951219512195,13.6,1541.4,-2.1,99.7,50.0,56.0,53.0,64.0,31.0,48.0
2022-09-24 04:40:00,0,7.1,101.3,1.6,21.0,0.1793658536585365,13.3,1509.4,-2.1,99.7,50.0,55.0,53.0,64.0,31.0,48.0
2022-09-24 04:50:00,0,6.0,94.1,1.4,21.0,0.1153170731707317,11.8,1334.6,-1.8,92.7,49.0,54.0,53.0,62.0,31.0,48.0
2022-09-24 05:00:00,0,4.6,86.2,1.5,21.0,0.0540975609756097,11.1,1251.9,-0.8,84.6,48.0,51.0,52.0,57.0,31.0,48.0
2022-09-24 05:10:00,0,5.2,78.7,1.1,21.0,0.0901951219512195,11.2,1269.9,-1.2,77.7,48.0,51.0,51.0,53.0,31.0,48.0
2022-09-24 05:20:00,0,5.7,82.1,-2.6,21.0,0.1216097560975609,11.3,1284.6,-1.8,84.7,48.0,52.0,51.0,51.0,31.0,48.0
2022-09-24 05:30:00,0,5.8,100.2,15.5,21.0,0.1286829268292683,11.4,1295.8,-1.8,84.7,48.0,52.0,51.0,50.0,31.0,48.0
2022-09-24 05:40:00,0,5.6,86.8,2.1,21.0,0.1166341463414634,11.3,1276.0,-1.7000000000000002,84.7,48.0,52.0,51.0,49.0,31.0,48.0
2022-09-24 05:50:00,0,5.7,90.8,6.1,21.0,0.1169756097560975,11.4,1290.5,-1.8,84.7,48.0,52.0,51.0,48.0,31.0,48.0
2022-09-24 06:00:00,0,5.5,99.7,15.0,21.0,0.1079512195121951,11.3,1274.9,-1.6,84.7,48.0,52.0,51.0,48.0,31.0,48.0
2022-09-24 06:10:00,0,5.2,84.2,-7.7,21.0,0.0854634146341463,11.1,1258.7,-1.3,92.0,47.0,51.0,50.0,47.0,31.0,48.0
2022-09-24 06:20:00,0,4.9,87.4,-4.6,21.0,0.0627317073170731,11.1,1253.0,-1.1,92.0,47.0,50.0,50.0,47.0,31.0,48.0
2022-09-24 06:30:00,0,5.1,82.6,-9.3,21.0,0.0772682926829268,11.1,1256.1,-1.2,92.0,47.0,50.0,50.0,46.0,31.0,48.0
2022-09-24 06:40:00,0,5.7,80.9,-4.1,21.0,0.122780487804878,11.4,1290.0,-1.7000000000000002,85.0,47.0,51.0,50.0,46.0,31.0,48.0
2022-09-24 06:50:00,0,6.0,94.5,9.5,21.0,0.1408780487804878,11.6,1316.6,-1.9,85.0,47.0,52.0,50.0,46.0,31.0,48.0
2022-09-24 07:00:00,0,5.7,80.4,-4.6,21.0,0.1298048780487805,11.4,1287.6,-1.8,85.0,47.0,52.0,50.0,46.0,31.0,48.0
2022-09-24 07:10:00,0,5.8,99.3,14.2,21.0,0.1435609756097561,11.5,1301.9,-1.8,85.0,47.0,52.0,50.0,46.0,31.0,48.0
2022-09-24 07:20:00,0,7.1,96.5,4.1,21.0,0.2429268292682926,13.2,1500.7,-2.1,92.4,48.0,54.0,51.0,46.0,31.0,48.0
2022-09-24 07:30:00,0,7.3,104.7,4.6,21.0,0.2430731707317073,13.6,1542.0,-2.1,100.1,49.0,56.0,52.0,52.0,31.0,48.0
2022-09-24 07:40:00,0,5.7,99.0,-1.1,21.0,0.1232195121951219,11.5,1301.1,-1.7000000000000002,100.1,48.0,53.0,51.0,54.0,31.0,48.0
2022-09-24 07:50:00,0,5.7,102.2,2.2,21.0,0.1144878048780487,11.4,1294.0,-1.8,100.1,48.0,52.0,50.0,51.0,31.0,48.0
2022-09-24 08:00:00,0,5.7,89.1,-3.6,21.0,0.1175121951219512,11.4,1295.0,-1.7000000000000002,92.7,48.0,52.0,50.0,50.0,32.0,48.0
2022-09-24 08:10:00,0,5.3,101.8,9.1,21.0,0.0894146341463414,11.2,1263.5,-1.4,92.7,48.0,52.0,49.0,49.0,32.0,48.0
2022-09-24 08:20:00,0,5.0,86.6,-6.0,21.0,0.0741463414634146,11.1,1254.9,-1.1,92.7,47.0,51.0,49.0,48.0,31.0,48.0
2022-09-24 08:30:00,0,5.2,98.0,5.3,21.0,0.0793658536585365,11.1,1259.6,-1.3,92.7,47.0,51.0,49.0,47.0,31.0,48.0
2022-09-24 08:40:00,0,4.7,99.2,-0.1,21.0,0.0541951219512195,11.1,1251.7,-0.9,99.4,47.0,50.0,49.0,46.0,31.0,48.0
2022-09-24 08:50:00,0,4.8,102.7,11.0,22.0,0.0672195121951219,11.1,1252.7,-0.9,91.7,46.0,50.0,49.0,46.0,31.0,48.0
2022-09-24 09:00:00,0,4.8,87.5,-4.1,22.0,0.0760487804878048,11.1,1253.6,-0.9,91.7,46.0,50.0,49.0,46.0,31.0,48.0
2022-09-24 09:10:00,0,4.5,98.3,6.6,22.0,0.0576097560975609,11.0,1251.5,-0.6000000000000001,91.7,46.0,50.0,49.0,45.0,31.0,48.0
2022-09-24 09:20:00,0,5.1,88.7,-2.9,22.0,0.085170731707317,11.1,1257.6,-1.2,91.7,46.0,50.0,48.0,45.0,31.0,48.0
2022-09-24 09:30:00,0,5.1,101.1,2.7,22.0,0.0772682926829268,11.1,1261.3,-1.1,98.3,46.0,50.0,48.0,45.0,31.0,48.0
2022-09-24 09:40:00,0,4.7,107.7,9.3,22.0,0.0612195121951219,11.1,1253.9,-0.9,98.3,46.0,50.0,48.0,45.0,32.0,48.0
2022-09-24 09:50:00,0,3.9,102.4,4.1,22.0,0.0224878048780487,11.0,1248.8,0.0,98.3,45.0,48.0,48.0,45.0,32.0,48.0
2022-09-24 10:00:00,0,3.9,120.0,27.2,23.0,0.0232195121951219,11.0,1248.7,0.3,92.7,45.0,48.0,48.0,45.0,32.0,48.0
2022-09-24 10:10:00,0,4.2,86.2,-13.9,23.0,0.0400487804878048,11.0,1250.1,-0.4,100.1,45.0,48.0,48.0,44.0,32.0,48.0
2022-09-24 10:20:00,0,4.4,98.3,-1.8,23.0,0.0485853658536585,11.0,1251.4,-0.6000000000000001,100.1,45.0,49.0,48.0,44.0,32.0,48.0
2022-09-24 10:30:00,0,4.1,133.4,33.3,24.0,0.0406341463414634,11.1,1251.7,-0.2,100.1,45.0,49.0,47.0,44.0,32.0,48.0
2022-09-24 10:40:00,0,4.0,107.1,5.9,24.0,0.0417073170731707,11.1,1256.3,-0.1,101.1,44.0,48.0,47.0,44.0,32.0,48.0
2022-09-24 10:50:00,0,5.3,86.9,-14.2,25.0,0.1177073170731707,11.6,1311.0,-1.1,101.1,45.0,50.0,47.0,45.0,33.0,48.0
2022-09-24 11:00:00,0,6.4,94.2,-15.4,25.0,0.2176585365853658,12.7,1434.9,-1.6,109.6,46.0,52.0,48.0,47.0,33.0,48.0
2022-09-24 11:10:00,0,6.6,140.4,18.6,25.0,0.2326829268292683,12.8,1451.8,-1.8,121.8,48.0,55.0,49.0,52.0,33.0,48.0
2022-09-24 11:20:00,0,7.8,110.3,-3.4,25.0,0.3630243902439025,13.9,1570.9,-2.1,113.8,49.0,56.0,51.0,56.0,33.0,48.0
2022-09-24 11:30:00,0,7.2,97.5,-26.4,25.0,0.2991219512195122,13.2,1495.1,-1.9,123.9,49.0,57.0,51.0,57.0,34.0,48.0
2022-09-24 11:40:00,0,8.1,111.5,-14.8,25.0,0.3772195121951219,14.2,1604.9,-2.1,126.3,51.0,58.0,53.0,60.0,34.0,48.0
2022-09-24 11:50:00,0,8.4,119.9,1.9,25.0,0.4781951219512195,14.3,1622.3,-2.2,118.0,52.0,59.0,55.0,62.0,34.0,48.0
2022-09-24 12:00:00,0,7.6,146.4,20.0,26.0,0.3374146341463415,13.6,1537.6,-1.9,126.4,53.0,60.0,56.0,63.0,34.0,49.0
2022-09-24 12:10:00,0,7.7,125.9,0.6000000000000001,26.0,0.3576585365853659,13.9,1572.1,-2.1,125.3,53.0,59.0,56.0,63.0,35.0,49.0
2022-09-24 12:20:00,0,8.7,119.0,-7.4,26.0,0.4927317073170731,14.2,1610.5,-1.8,126.4,54.0,61.0,58.0,64.0,36.0,49.0
2022-09-24 12:30:00,0,8.8,125.9,-0.4,27.0,0.4833170731707317,14.3,1620.7,-1.9,126.3,55.0,62.0,59.0,65.0,36.0,49.0
2022-09-24 12:40:00,0,8.1,144.1,27.5,27.0,0.4025853658536585,13.8,1567.8,-2.0,116.5,56.0,62.0,59.0,66.0,37.0,49.0
2022-09-24 12:50:00,0,8.4,113.8,6.7,27.0,0.4517073170731707,14.1,1592.6,-2.0,107.1,57.0,63.0,60.0,66.0,37.0,49.0
2022-09-24 13:00:00,0,7.9,116.1,5.2,28.0,0.3990243902439024,13.5,1535.2,-1.7000000000000002,110.9,57.0,62.0,60.0,67.0,37.0,49.0
2022-09-24 13:10:00,0,9.8,106.4,8.4,27.0,0.6019512195121951,14.6,1652.3,-1.3,97.9,53.0,63.0,61.0,67.0,37.0,49.0
2022-09-24 13:20:00,0,9.7,95.8,6.5,27.0,0.6553170731707317,14.6,1654.7,-1.4,89.2,53.0,63.0,62.0,68.0,37.0,49.0
2022-09-24 13:30:00,0,10.6,103.8,13.8,27.0,0.7945365853658536,14.7,1662.8,-0.6000000000000001,89.9,53.0,64.0,63.0,70.0,37.0,50.0
2022-09-24 13:40:00,0,10.8,97.2,7.3,27.0,0.8126829268292682,14.8,1675.3,-0.4,89.9,53.0,64.0,64.0,71.0,36.0,50.0
2022-09-24 13:50:00,0,9.7,106.4,16.5,28.0,0.637219512195122,14.5,1644.6,-1.3,89.9,53.0,64.0,65.0,72.0,37.0,50.0
2022-09-24 14:00:00,0,9.5,107.5,9.2,28.0,0.5940975609756098,14.5,1647.7,-1.6,98.3,52.0,63.0,65.0,74.0,38.0,50.0
2022-09-24 14:10:00,0,9.3,107.2,17.7,28.0,0.5498048780487804,14.5,1643.9,-1.8,89.6,52.0,63.0,66.0,78.0,38.0,50.0
2022-09-24 14:20:00,0,9.8,94.9,1.8,28.0,0.6413658536585366,14.6,1658.2,-1.4,93.1,52.0,63.0,66.0,80.0,38.0,51.0
2022-09-24 14:30:00,0,9.8,96.4,3.6,28.0,0.6424390243902439,14.6,1651.3,-1.3,92.7,52.0,63.0,67.0,82.0,38.0,51.0
2022-09-24 14:40:00,0,9.1,90.2,-2.5,28.0,0.547951219512195,14.4,1634.8,-1.8,92.7,51.0,63.0,67.0,82.0,39.0,51.0
2022-09-24 14:50:00,0,9.7,88.4,-2.2,28.0,0.6330243902439024,14.7,1661.9,-1.5,90.6,51.0,63.0,67.0,83.0,38.0,51.0
2022-09-24 15:00:00,0,9.6,75.5,-15.1,28.0,0.6334146341463415,14.7,1663.4,-1.7000000000000002,90.6,51.0,63.0,67.0,84.0,38.0,51.0
2022-09-24 15:10:00,0,9.3,95.4,4.8,28.0,0.5785853658536585,14.6,1650.5,-1.7000000000000002,90.6,51.0,63.0,67.0,84.0,39.0,51.0
2022-09-24 15:20:00,0,8.9,101.3,13.8,28.0,0.5513658536585365,14.4,1636.7,-1.9,87.5,51.0,62.0,67.0,84.0,39.0,52.0
2022-09-24 15:30:00,0,9.0,88.3,0.8,28.0,0.5457073170731708,14.6,1648.6,-2.0,87.5,51.0,63.0,68.0,85.0,39.0,52.0
2022-09-24 15:40:00,0,9.5,93.3,-3.2,28.0,0.590390243902439,14.7,1661.1,-1.7000000000000002,96.5,51.0,63.0,68.0,86.0,39.0,52.0
2022-09-24 15:50:00,0,9.0,45.3,-43.1,28.0,0.5094146341463415,14.5,1639.6,-2.0,88.5,51.0,62.0,68.0,86.0,40.0,52.0
2022-09-24 16:00:00,0,8.5,99.9,13.5,28.0,0.440780487804878,14.4,1626.6,-2.2,86.4,51.0,62.0,68.0,86.0,40.0,52.0
2022-09-24 16:10:00,0,8.7,76.0,-11.8,28.0,0.4592682926829268,14.4,1629.6,-2.1,87.8,50.0,62.0,68.0,85.0,40.0,53.0
2022-09-24 16:20:00,0,8.5,89.8,0.6000000000000001,28.0,0.4355609756097561,14.3,1620.1,-2.1,89.2,50.0,62.0,68.0,85.0,40.0,53.0
2022-09-24 16:30:00,0,9.4,94.2,3.9,28.0,0.5701951219512196,14.7,1661.9,-1.8,90.3,51.0,62.0,68.0,85.0,39.0,53.0
2022-09-24 16:40:00,0,8.8,110.0,19.7,28.0,0.5124390243902439,14.4,1632.4,-2.0,90.3,51.0,62.0,67.0,84.0,40.0,48.0
2022-09-24 16:50:00,0,8.7,76.5,-20.4,28.0,0.4449756097560975,14.5,1638.4,-2.1,96.9,51.0,62.0,67.0,84.0,40.0,44.0
2022-09-24 17:00:00,0,8.6,102.9,13.7,28.0,0.4426829268292683,14.3,1625.3,-2.1,89.2,52.0,62.0,67.0,84.0,40.0,45.0
2022-09-24 17:10:00,0,9.2,86.3,-5.3,28.0,0.5515121951219512,14.6,1652.0,-1.9,91.7,55.0,63.0,67.0,84.0,40.0,46.0
2022-09-24 17:20:00,0,8.6,100.1,8.4,28.0,0.4757073170731707,14.5,1639.0,-2.1,91.7,57.0,64.0,67.0,84.0,40.0,47.0
2022-09-24 17:30:00,0,7.9,94.7,-4.3,28.0,0.3746829268292683,13.9,1576.1,-2.1,99.0,55.0,64.0,67.0,83.0,40.0,48.0
2022-09-24 17:40:00,0,8.6,93.9,-5.1,28.0,0.4709756097560975,14.5,1640.5,-2.2,99.0,52.0,63.0,67.0,83.0,40.0,48.0
2022-09-24 17:50:00,0,8.4,108.0,9.0,28.0,0.4375609756097561,14.3,1621.2,-2.2,99.0,52.0,63.0,66.0,83.0,39.0,49.0
2022-09-24 18:00:00,0,8.3,115.7,16.7,28.0,0.4152682926829268,14.2,1610.8,-2.1,99.0,51.0,62.0,66.0,83.0,39.0,49.0
2022-09-24 18:10:00,0,8.4,104.7,5.7,28.0,0.4199024390243902,14.4,1625.7,-2.2,99.0,51.0,62.0,66.0,83.0,39.0,50.0
2022-09-24 18:20:00,0,8.5,88.3,-10.7,28.0,0.4353170731707317,14.4,1626.6,-2.2,99.0,51.0,62.0,66.0,83.0,39.0,50.0
2022-09-24 18:30:00,0,8.0,94.4,-4.6,28.0,0.3800975609756097,14.2,1610.3,-2.2,99.0,51.0,61.0,66.0,82.0,39.0,51.0
2022-09-24 18:40:00,0,8.4,103.6,4.6,28.0,0.4344390243902439,14.3,1620.8,-2.2,99.0,54.0,62.0,65.0,82.0,39.0,51.0
2022-09-24 18:50:00,0,7.9,104.2,5.2,28.0,0.3584390243902439,14.1,1595.4,-2.2,99.0,55.0,63.0,65.0,81.0,39.0,51.0
2022-09-24 19:00:00,0,8.9,105.9,-2.9,27.0,0.4835121951219512,14.5,1639.0,-2.0,108.8,56.0,63.0,65.0,81.0,39.0,51.0
2022-09-24 19:10:00,0,8.8,92.8,-8.3,27.0,0.5106341463414634,14.5,1642.3,-2.0,101.1,54.0,64.0,65.0,80.0,38.0,52.0
2022-09-24 19:20:00,0,7.9,116.5,15.4,27.0,0.392780487804878,14.0,1584.9,-2.2,101.1,52.0,63.0,65.0,80.0,38.0,52.0
2022-09-24 19:30:00,0,8.0,105.2,4.1,27.0,0.3918536585365853,14.0,1590.2,-2.1,101.1,51.0,62.0,65.0,80.0,38.0,52.0
2022-09-24 19:40:00,0,8.8,83.4,-24.4,26.0,0.5005365853658537,14.3,1620.1,-2.0,107.8,51.0,61.0,64.0,79.0,38.0,52.0
2022-09-24 19:50:00,0,9.0,93.2,-5.5,26.0,0.5425853658536585,14.5,1645.9,-2.0,98.7,51.0,62.0,64.0,79.0,38.0,52.0
2022-09-24 20:00:00,0,8.3,110.8,12.1,26.0,0.4436585365853658,14.1,1599.0,-2.0,98.7,51.0,61.0,64.0,77.0,38.0,52.0
2022-09-24 20:10:00,0,8.9,115.1,9.8,26.0,0.4976585365853658,14.4,1630.1,-1.9,105.3,54.0,61.0,64.0,75.0,38.0,52.0
2022-09-24 20:20:00,0,8.7,134.0,28.6,25.0,0.4951219512195122,14.4,1632.1,-2.1,105.3,56.0,63.0,65.0,74.0,37.0,52.0
2022-09-24 20:30:00,0,7.8,101.1,-4.2,25.0,0.3573658536585365,14.0,1584.2,-2.2,105.3,56.0,63.0,64.0,73.0,37.0,52.0
2022-09-24 20:40:00,0,7.9,113.2,14.5,25.0,0.3577073170731707,14.1,1597.1,-2.2,98.7,57.0,62.0,64.0,73.0,37.0,52.0
2022-09-24 20:50:00,0,5.1,103.1,-4.4,25.0,0.0962926829268292,11.4,1296.7,-1.1,107.5,56.0,60.0,63.0,70.0,36.0,52.0
2022-09-24 21:00:00,0,2.4,125.4,10.6,25.0,-0.0051219512195121,5.6,641.2,35.9,114.8,54.0,54.0,60.0,65.0,36.0,52.0
2022-09-24 21:10:00,0,1.4,281.8,145.6,25.0,-0.0132682926829268,0.0,0.0,85.6,136.2,53.0,52.0,56.0,62.0,35.0,52.0
2022-09-24 21:20:00,0,1.3,166.9,30.6,24.0,-0.013560975609756,0.0,8.0,24.0,136.2,53.0,51.0,53.0,60.0,36.0,46.0
2022-09-24 21:30:00,0,2.3,106.9,-29.2,24.0,-0.0133170731707317,0.2,142.6,24.0,136.2,52.0,49.0,50.0,57.0,36.0,40.0
2022-09-24 21:40:00,0,2.0,142.0,5.8,24.0,-0.013170731707317,0.1,113.9,24.0,136.2,51.0,47.0,48.0,55.0,35.0,41.0
2022-09-24 21:50:00,0,1.3,99.6,-36.6,24.0,-0.0117073170731707,0.0,10.2,24.0,136.2,50.0,45.0,46.0,52.0,34.0,42.0
2022-09-24 22:00:00,0,2.1,58.3,-77.9,24.0,-0.0085365853658536,0.0,2.9,24.0,136.2,49.0,44.0,44.0,50.0,33.0,43.0
2022-09-24 22:10:00,0,2.3,64.9,-71.2,24.0,-0.0085853658536585,0.0,4.5,24.0,136.2,48.0,44.0,42.0,48.0,34.0,44.0
2022-09-24 22:20:00,0,3.1,80.9,-55.2,23.0,-0.0074634146341463,1.7000000000000002,210.8,24.0,136.1,49.0,44.0,40.0,46.0,34.0,45.0
2022-09-24 22:30:00,0,3.0,88.3,-9.9,23.0,-0.0065853658536585,2.1,242.5,24.0,98.3,50.0,43.0,39.0,45.0,34.0,46.0
2022-09-24 22:40:00,0,3.7,88.8,6.2,23.0,0.0068292682926829,4.8,552.6,16.3,82.6,49.0,43.0,39.0,43.0,34.0,46.0
2022-09-24 22:50:00,0,6.3,86.3,-3.2,23.0,0.1744878048780487,12.3,1398.2,-1.8,89.6,50.0,49.0,45.0,52.0,33.0,47.0
2022-09-24 23:00:00,0,8.0,106.1,16.6,23.0,0.3893170731707317,14.2,1614.4,-2.2,89.6,52.0,56.0,51.0,60.0,33.0,47.0
2022-09-24 23:10:00,0,9.1,93.8,-3.5,23.0,0.5201463414634147,14.7,1663.6,-2.1,97.3,54.0,60.0,56.0,66.0,33.0,47.0
2022-09-24 23:20:00,0,8.0,100.6,3.3,23.0,0.3528292682926829,14.2,1609.1,-2.2,97.3,55.0,60.0,59.0,69.0,33.0,48.0
2022-09-24 23:30:00,0,6.9,98.9,1.6,23.0,0.2224878048780487,13.0,1469.3,-2.0,97.3,54.0,59.0,58.0,70.0,33.0,48.0
2022-09-24 23:40:00,0,5.9,84.2,-13.0,23.0,0.1239024390243902,11.7,1321.3,-1.8,97.3,53.0,57.0,56.0,68.0,33.0,48.0
2022-09-24 23:50:00,0,6.3,90.8,0.5,23.0,0.1818536585365853,12.1,1374.5,-2.0,90.3,53.0,56.0,56.0,66.0,33.0,48.0
2022-09-25 00:00:00,0,6.7,102.2,4.6,22.0,0.204390243902439,12.7,1439.5,-2.0,97.6,53.0,57.0,57.0,68.0,33.0,48.0
2022-09-25 00:10:00,0,5.7,90.5,-7.1,22.0,0.1301463414634146,11.7,1322.8,-1.6,97.6,53.0,56.0,55.0,66.0,33.0,48.0
2022-09-25 00:20:00,0,6.4,93.3,-4.3,22.0,0.1544878048780487,12.3,1395.5,-1.9,97.6,52.0,56.0,55.0,66.0,33.0,48.0
2022-09-25 00:30:00,0,4.9,95.4,4.7,22.0,0.0662439024390244,11.1,1257.3,-1.0,90.6,52.0,54.0,54.0,64.0,33.0,48.0
2022-09-25 00:40:00,0,4.9,90.4,-7.2,22.0,0.0613658536585365,11.1,1260.3,-1.0,97.6,51.0,52.0,54.0,62.0,33.0,48.0
2022-09-25 00:50:00,0,6.2,76.7,-13.9,22.0,0.1438536585365853,12.0,1360.0,-1.9,90.6,51.0,54.0,54.0,62.0,33.0,48.0
2022-09-25 01:00:00,0,6.5,94.9,4.3,22.0,0.1700487804878049,12.3,1395.6,-2.0,90.6,51.0,55.0,54.0,63.0,33.0,48.0
2022-09-25 01:10:00,0,6.4,92.8,2.2,22.0,0.1901951219512195,12.2,1386.9,-2.0,90.6,51.0,55.0,54.0,63.0,32.0,48.0
2022-09-25 01:20:00,0,6.6,105.7,15.1,22.0,0.188390243902439,12.5,1413.3,-2.0,90.6,52.0,56.0,54.0,63.0,33.0,48.0
2022-09-25 01:30:00,0,7.2,94.8,4.2,22.0,0.2602926829268293,13.4,1513.3,-2.1,90.6,52.0,56.0,54.0,64.0,33.0,48.0
2022-09-25 01:40:00,0,7.4,101.2,10.6,22.0,0.2990731707317073,13.8,1561.3,-2.2,90.6,53.0,58.0,55.0,66.0,33.0,48.0
2022-09-25 01:50:00,0,7.3,83.2,-7.4,22.0,0.268,13.6,1535.1,-2.1,90.6,53.0,58.0,55.0,67.0,33.0,48.0
2022-09-25 02:00:00,0,7.7,96.1,5.5,22.0,0.3137073170731707,14.0,1587.2,-2.2,90.6,53.0,58.0,55.0,66.0,33.0,48.0
2022-09-25 02:10:00,0,8.4,97.2,6.6,22.0,0.436390243902439,14.5,1645.2,-2.3,90.6,54.0,60.0,57.0,68.0,33.0,48.0
2022-09-25 02:20:00,0,8.5,96.0,5.4,22.0,0.436780487804878,14.6,1654.5,-2.3,90.6,55.0,61.0,58.0,70.0,33.0,48.0
2022-09-25 02:30:00,0,8.1,93.4,2.8,22.0,0.3826829268292683,14.4,1631.2,-2.2,90.6,56.0,61.0,59.0,71.0,33.0,48.0
2022-09-25 02:40:00,0,8.4,90.3,-0.3,22.0,0.4394146341463414,14.5,1638.3,-2.2,90.6,56.0,61.0,60.0,71.0,33.0,48.0
2022-09-25 02:50:00,0,8.1,89.1,-1.5,22.0,0.3515121951219512,14.3,1619.4,-2.2,90.6,56.0,61.0,60.0,71.0,34.0,48.0
2022-09-25 03:00:00,0,8.0,102.2,11.6,22.0,0.3495121951219512,14.2,1612.7,-2.2,90.6,56.0,61.0,60.0,70.0,34.0,48.0
2022-09-25 03:10:00,0,8.3,96.7,6.1,22.0,0.4420975609756097,14.5,1647.0,-2.3,90.6,55.0,62.0,61.0,69.0,34.0,48.0
2022-09-25 03:20:00,0,8.5,90.6,0.0,22.0,0.4637073170731707,14.5,1640.1,-2.2,90.6,51.0,61.0,61.0,68.0,34.0,48.0
2022-09-25 03:30:00,0,9.7,98.1,7.5,22.0,0.6223414634146341,14.8,1672.8,-1.7000000000000002,90.6,50.0,61.0,61.0,68.0,34.0,48.0
2022-09-25 03:40:00,0,8.5,105.5,7.9,22.0,0.4393170731707317,14.1,1596.0,-1.8,97.6,52.0,61.0,62.0,68.0,34.0,48.0
2022-09-25 03:50:00,0,8.1,92.9,-5.4,22.0,0.3571707317073171,14.1,1593.6,-2.1,98.3,54.0,60.0,61.0,68.0,34.0,48.0
2022-09-25 04:00:00,0,5.8,80.9,-9.4,21.0,0.1271219512195122,11.7,1329.5,-1.6,90.3,53.0,57.0,60.0,70.0,34.0,48.0
2022-09-25 04:10:00,0,5.7,94.5,13.7,21.0,0.1140487804878048,11.3,1285.8,-1.7000000000000002,80.8,53.0,55.0,58.0,67.0,34.0,48.0
2022-09-25 04:20:00,0,5.6,75.1,-5.7,21.0,0.0958536585365853,11.3,1284.8,-1.6,80.8,52.0,54.0,56.0,65.0,34.0,48.0
2022-09-25 04:30:00,0,5.9,85.7,13.3,21.0,0.1355121951219512,11.6,1319.0,-1.8,72.4,52.0,54.0,56.0,65.0,34.0,48.0
2022-09-25 04:40:00,0,7.4,95.9,15.8,21.0,0.2958048780487805,13.6,1542.0,-2.2,80.1,53.0,56.0,57.0,66.0,33.0,48.0
2022-09-25 04:50:00,0,8.0,95.5,-1.4,21.0,0.3439024390243902,14.3,1620.9,-2.2,96.9,54.0,58.0,58.0,69.0,34.0,48.0
2022-09-25 05:00:00,0,8.6,100.5,3.6,21.0,0.4481463414634146,14.6,1650.8,-2.3,96.9,55.0,60.0,59.0,70.0,34.0,48.0
2022-09-25 05:10:00,0,8.8,86.4,-10.5,21.0,0.4593170731707317,14.6,1658.4,-2.2,96.9,55.0,61.0,59.0,71.0,34.0,48.0
2022-09-25 05:20:00,0,8.4,98.2,1.3,22.0,0.4235121951219512,14.4,1629.5,-2.2,96.9,56.0,61.0,60.0,72.0,34.0,48.0
2022-09-25 05:30:00,0,8.0,103.5,6.6,22.0,0.3556097560975609,14.3,1617.4,-2.2,96.9,56.0,61.0,60.0,72.0,34.0,48.0
2022-09-25 05:40:00,0,7.1,96.5,-0.4,22.0,0.1972682926829268,13.3,1501.9,-2.1,96.9,56.0,60.0,59.0,72.0,34.0,48.0
2022-09-25 05:50:00,0,5.5,89.8,-7.1,21.0,0.0816097560975609,11.2,1268.9,-1.6,96.9,54.0,56.0,57.0,66.0,34.0,48.0
2022-09-25 06:00:00,0,5.9,96.2,14.7,21.0,0.1293170731707317,11.6,1310.8,-1.8,81.5,53.0,55.0,56.0,59.0,34.0,48.0
2022-09-25 06:10:00,0,7.4,91.0,1.8,22.0,0.2644390243902439,13.7,1547.4,-2.2,89.2,54.0,57.0,56.0,61.0,34.0,48.0
2022-09-25 06:20:00,0,7.8,98.9,1.6,22.0,0.3223414634146341,14.1,1600.9,-2.2,97.3,55.0,59.0,57.0,65.0,34.0,48.0
2022-09-25 06:30:00,0,7.8,105.9,8.6,21.0,0.3438048780487804,14.1,1599.6,-2.2,97.3,55.0,59.0,58.0,66.0,34.0,48.0
2022-09-25 06:40:00,0,7.6,100.9,3.6,22.0,0.3254146341463415,13.9,1569.4,-2.2,97.3,55.0,60.0,58.0,66.0,34.0,48.0
2022-09-25 06:50:00,0,7.8,120.2,14.5,21.0,0.3542439024390244,13.9,1579.3,-2.2,105.7,56.0,60.0,58.0,65.0,34.0,47.0
2022-09-25 07:00:00,0,9.1,82.4,-23.3,22.0,0.5440975609756098,14.6,1652.1,-2.0,105.7,56.0,61.0,58.0,65.0,34.0,47.0
2022-09-25 07:10:00,0,9.3,121.6,7.9,22.0,0.5541463414634147,14.6,1658.0,-1.9,113.8,52.0,62.0,59.0,66.0,34.0,47.0
2022-09-25 07:20:00,0,8.2,109.1,-4.6,22.0,0.4034146341463415,14.5,1637.6,-2.2,113.8,51.0,60.0,59.0,66.0,34.0,47.0
2022-09-25 07:30:00,0,7.7,124.4,2.6,22.0,0.3362926829268292,14.2,1604.4,-2.2,121.8,54.0,59.0,59.0,66.0,34.0,48.0
2022-09-25 07:40:00,0,7.7,128.4,6.6,22.0,0.2983414634146341,14.0,1589.5,-2.2,121.8,55.0,59.0,59.0,66.0,34.0,48.0
2022-09-25 07:50:00,0,7.1,124.4,2.5,22.0,0.2454634146341463,13.3,1508.5,-2.1,121.8,55.0,59.0,59.0,65.0,34.0,48.0
2022-09-25 08:00:00,0,7.5,122.4,0.6000000000000001,22.0,0.2797560975609756,13.9,1579.3,-2.2,121.8,55.0,59.0,59.0,64.0,34.0,48.0
2022-09-25 08:10:00,0,6.0,122.4,0.6000000000000001,22.0,0.1358048780487804,11.8,1332.6,-1.9,121.8,54.0,57.0,58.0,62.0,34.0,48.0
2022-09-25 08:20:00,0,4.6,124.4,2.6,21.0,0.049170731707317,11.1,1259.5,-0.4,121.8,53.0,54.0,56.0,57.0,34.0,48.0
2022-09-25 08:30:00,0,4.3,124.2,11.2,21.0,0.0189268292682926,11.0,1248.8,-0.2,113.0,51.0,51.0,54.0,53.0,33.0,48.0
2022-09-25 08:40:00,0,4.9,99.6,-4.0,21.0,0.0610731707317073,11.1,1254.2,-1.0,103.6,51.0,52.0,53.0,51.0,33.0,48.0
2022-09-25 08:50:00,0,5.1,111.0,-0.6000000000000001,21.0,0.0711219512195122,11.1,1255.5,-1.2,111.7,51.0,52.0,52.0,49.0,33.0,47.0
2022-09-25 09:00:00,0,5.2,94.4,-17.2,21.0,0.0731219512195122,11.1,1258.2,-1.3,111.6,50.0,52.0,51.0,48.0,33.0,47.0
2022-09-25 09:10:00,0,6.2,100.2,4.0,22.0,0.1447317073170731,12.0,1355.6,-1.9,96.2,50.0,53.0,51.0,48.0,33.0,47.0
2022-09-25 09:20:00,0,6.6,108.4,12.2,22.0,0.1739024390243902,12.5,1420.2,-2.0,96.2,51.0,55.0,52.0,47.0,33.0,47.0
2022-09-25 09:30:00,0,7.1,100.8,4.6,22.0,0.1945365853658536,13.3,1505.1,-2.1,96.2,51.0,56.0,54.0,48.0,33.0,47.0
2022-09-25 09:40:00,0,6.4,95.8,-0.4,22.0,0.158390243902439,12.3,1398.5,-1.9,96.2,51.0,56.0,54.0,48.0,33.0,47.0
2022-09-25 09:50:00,0,5.4,105.0,8.7,22.0,0.0884390243902439,11.4,1286.4,-1.5,96.2,51.0,54.0,54.0,47.0,33.0,47.0
2022-09-25 10:00:00,0,5.4,93.3,-2.9,22.0,0.0969756097560975,11.4,1287.3,-1.5,96.2,50.0,53.0,53.0,47.0,33.0,47.0
2022-09-25 10:10:00,0,5.2,97.7,9.9,23.0,0.0853658536585365,11.2,1269.9,-1.3,87.8,50.0,53.0,53.0,46.0,33.0,47.0
2022-09-25 10:20:00,0,5.2,98.3,0.0,23.0,0.0983414634146341,11.3,1276.6,-1.3,98.3,50.0,53.0,53.0,46.0,33.0,47.0
2022-09-25 10:30:00,0,5.6,85.2,-13.1,23.0,0.1067317073170731,11.5,1302.8,-1.5,98.3,50.0,53.0,53.0,46.0,33.0,47.0
2022-09-25 10:40:00,0,5.8,78.2,-12.4,23.0,0.1422926829268292,11.7,1323.4,-1.7000000000000002,90.6,50.0,54.0,53.0,46.0,33.0,47.0
2022-09-25 10:50:00,0,6.1,94.9,4.3,23.0,0.1560975609756097,12.0,1363.2,-1.8,90.6,50.0,54.0,53.0,46.0,34.0,47.0
2022-09-25 11:00:00,0,6.0,93.2,-4.8,24.0,0.144390243902439,11.8,1339.8,-1.8,98.0,50.0,54.0,53.0,46.0,34.0,47.0
2022-09-25 11:10:00,0,5.7,100.5,2.5,24.0,0.1267317073170731,11.7,1323.4,-1.6,98.0,50.0,54.0,53.0,47.0,34.0,47.0
2022-09-25 11:20:00,0,6.5,95.9,-12.5,24.0,0.1792195121951219,12.6,1423.3,-1.9,108.5,50.0,55.0,53.0,47.0,34.0,48.0
2022-09-25 11:30:00,0,6.0,104.1,4.4,25.0,0.1524878048780488,12.0,1355.4,-1.7000000000000002,99.7,50.0,55.0,53.0,47.0,34.0,48.0
2022-09-25 11:40:00,0,6.0,101.3,8.6,25.0,0.1469268292682926,11.9,1347.2,-1.8,92.7,51.0,55.0,53.0,47.0,35.0,48.0
2022-09-25 11:50:00,0,6.2,113.8,19.7,25.0,0.1586341463414634,12.2,1384.9,-1.7000000000000002,94.1,51.0,55.0,53.0,47.0,35.0,48.0
2022-09-25 12:00:00,0,5.2,128.0,32.4,26.0,0.1089756097560975,11.5,1302.2,-1.1,95.5,51.0,55.0,53.0,48.0,35.0,48.0
2022-09-25 12:10:00,0,5.7,125.7,15.4,26.0,0.1265365853658536,11.7,1322.4,-1.5,110.3,50.0,54.0,53.0,48.0,35.0,48.0
2022-09-25 12:20:00,0,5.7,99.5,-11.1,26.0,0.1433170731707317,11.8,1340.9,-1.5,110.6,51.0,55.0,53.0,48.0,35.0,48.0
2022-09-25 12:30:00,0,7.2,101.7,-0.9,26.0,0.2398536585365853,13.3,1505.5,-2.1,102.5,51.0,56.0,54.0,48.0,35.0,48.0
2022-09-25 12:40:00,0,6.7,95.0,-17.3,26.0,0.2018536585365853,12.8,1450.0,-1.9,112.4,52.0,57.0,56.0,49.0,35.0,48.0
2022-09-25 12:50:00,0,5.9,151.8,31.1,26.0,0.1332682926829268,12.0,1354.4,-1.5,120.7,52.0,56.0,55.0,49.0,36.0,48.0
2022-09-25 13:00:00,0,6.0,75.7,-13.8,26.0,0.1606829268292682,12.0,1362.2,-1.7000000000000002,89.6,52.0,56.0,55.0,49.0,36.0,49.0
2022-09-25 13:10:00,0,5.6,116.0,14.2,27.0,0.1128292682926829,11.8,1335.5,-1.3,101.8,52.0,56.0,54.0,49.0,36.0,49.0
2022-09-25 13:20:00,0,5.6,106.5,19.0,27.0,0.122390243902439,11.8,1331.9,-1.4,87.5,51.0,55.0,54.0,49.0,36.0,49.0
2022-09-25 13:30:00,0,5.4,94.2,3.9,27.0,0.1033170731707317,11.5,1299.0,-1.3,90.3,51.0,55.0,53.0,49.0,36.0,49.0
2022-09-25 13:40:00,0,6.3,97.7,7.4,27.0,0.1797073170731707,12.4,1409.9,-1.7000000000000002,90.3,51.0,55.0,54.0,49.0,36.0,49.0
2022-09-25 13:50:00,0,6.0,73.9,-16.4,27.0,0.1634146341463414,12.3,1397.5,-1.4,90.3,52.0,57.0,55.0,50.0,37.0,49.0
2022-09-25 14:00:00,0,5.8,58.9,-26.8,28.0,0.1515121951219512,11.9,1346.9,-1.5,85.7,52.0,56.0,54.0,50.0,37.0,50.0
2022-09-25 14:10:00,0,5.9,75.9,-22.0,28.0,0.16,12.1,1375.1,-1.5,98.0,52.0,56.0,54.0,50.0,37.0,50.0
2022-09-25 14:20:00,0,5.8,85.4,-7.0,28.0,0.1336097560975609,11.8,1336.1,-1.5,92.4,52.0,57.0,55.0,50.0,38.0,50.0
2022-09-25 14:30:00,0,5.7,97.1,13.5,28.0,0.1357560975609756,11.8,1336.6,-1.5,83.6,52.0,57.0,55.0,50.0,38.0,50.0
2022-09-25 14:40:00,0,6.1,80.6,-5.1,29.0,0.1760975609756097,12.3,1390.4,-1.6,85.7,52.0,56.0,55.0,51.0,37.0,50.0
2022-09-25 14:50:00,0,5.4,114.2,18.6,29.0,0.1036097560975609,11.5,1303.7,-1.3,95.5,52.0,57.0,55.0,51.0,37.0,50.0
2022-09-25 15:00:00,0,5.2,115.1,15.0,29.0,0.0928292682926829,11.6,1318.3,-0.9,100.1,52.0,55.0,54.0,51.0,37.0,51.0
2022-09-25 15:10:00,0,5.2,92.5,-7.6,29.0,0.109170731707317,11.6,1318.9,-1.0,100.0,52.0,55.0,55.0,51.0,37.0,51.0
2022-09-25 15:20:00,0,4.9,108.0,25.8,29.0,0.0762926829268292,11.2,1272.8,-0.9,82.2,52.0,55.0,54.0,51.0,37.0,51.0
2022-09-25 15:30:00,0,5.3,91.5,2.3,29.0,0.0990243902439024,11.3,1283.8,-1.3,89.2,52.0,55.0,54.0,51.0,37.0,51.0
2022-09-25 15:40:00,0,5.6,118.3,22.4,29.0,0.1170731707317073,11.7,1322.2,-1.4,95.9,52.0,56.0,55.0,51.0,37.0,51.0
2022-09-25 15:50:00,0,4.2,100.8,-4.5,29.0,0.0280975609756097,11.0,1251.3,-0.2,105.3,51.0,54.0,55.0,51.0,37.0,51.0
2022-09-25 16:00:00,0,4.6,79.4,-14.4,29.0,0.0462439024390243,11.3,1274.4,-0.7000000000000001,93.8,51.0,53.0,55.0,51.0,37.0,51.0
2022-09-25 16:10:00,0,4.8,125.3,22.8,30.0,0.0439512195121951,11.1,1260.4,-0.7000000000000001,102.5,50.0,53.0,55.0,50.0,38.0,51.0
2022-09-25 16:20:00,0,5.2,142.5,35.7,30.0,0.0775121951219512,11.6,1315.4,-1.0,106.7,51.0,54.0,56.0,51.0,38.0,52.0
2022-09-25 16:30:00,0,5.3,110.1,8.3,30.0,0.0993170731707317,11.4,1293.4,-1.2,101.8,51.0,55.0,56.0,51.0,39.0,52.0
2022-09-25 16:40:00,0,5.4,92.9,-9.3,29.0,0.096780487804878,11.4,1287.4,-1.4,102.2,51.0,55.0,56.0,51.0,38.0,52.0
2022-09-25 16:50:00,0,5.3,100.9,1.9,29.0,0.1031219512195122,11.6,1310.3,-1.2,99.0,51.0,56.0,56.0,51.0,38.0,52.0
2022-09-25 17:00:00,0,5.6,109.6,0.1,29.0,0.109170731707317,11.7,1322.2,-1.5,109.5,51.0,56.0,56.0,51.0,38.0,52.0
2022-09-25 17:10:00,0,4.9,98.5,6.9,29.0,0.0829756097560975,11.4,1288.7,-0.8,91.7,51.0,55.0,56.0,51.0,38.0,52.0
2022-09-25 17:20:00,0,5.0,107.2,6.8,29.0,0.0719512195121951,11.3,1275.7,-1.1,100.4,51.0,55.0,56.0,51.0,38.0,52.0
2022-09-25 17:30:00,0,4.5,82.6,-2.0,29.0,0.0445365853658536,11.1,1254.1,-0.5,84.6,51.0,54.0,55.0,51.0,38.0,52.0
2022-09-25 17:40:00,0,3.9,75.6,-1.0,30.0,0.019170731707317,11.0,1251.0,0.4,76.6,50.0,52.0,55.0,51.0,37.0,53.0
2022-09-25 17:50:00,0,3.7,55.8,-27.2,29.0,0.0123414634146341,10.9,1236.4,0.5,83.0,50.0,52.0,55.0,51.0,38.0,53.0
2022-09-25 18:00:00,0,3.4,108.3,0.1,29.0,-0.0095121951219512,5.7,662.7,13.2,108.1,49.0,50.0,54.0,51.0,37.0,53.0
2022-09-25 18:10:00,0,2.9,66.6,-25.2,28.0,-0.0139512195121951,1.8,264.1,23.8,91.8,48.0,48.0,52.0,50.0,37.0,52.0
2022-09-25 18:20:00,0,2.7,285.9,-57.8,28.0,-0.0129268292682926,1.0,169.5,24.0,343.7,48.0,46.0,50.0,50.0,37.0,53.0
2022-09-25 18:30:00,0,3.9,297.7,-48.0,28.0,0.0123414634146341,9.0,1024.8,5.0,345.7,48.0,46.0,48.0,48.0,37.0,53.0
2022-09-25 18:40:00,0,3.7,300.1,-12.8,27.0,0.0240487804878048,11.0,1250.2,0.2,312.8,48.0,49.0,50.0,47.0,36.0,52.0
2022-09-25 18:50:00,0,3.5,300.3,-4.8,27.0,0.0040487804878048,10.1,1141.0,2.4,305.2,48.0,49.0,51.0,47.0,36.0,52.0
2022-09-25 19:00:00,0,3.3,274.0,-39.6,27.0,-0.0049268292682926,9.0,1021.3,7.3,313.6,47.0,49.0,51.0,46.0,36.0,52.0
2022-09-25 19:10:00,0,3.3,345.5,13.4,27.0,-0.0098536585365853,4.5,511.2,17.5,332.1,47.0,47.0,49.0,46.0,36.0,52.0
2022-09-25 19:20:00,0,3.4,315.7,-10.5,27.0,-0.0024878048780487,7.5,850.9,11.0,326.2,46.0,47.0,48.0,46.0,36.0,52.0
2022-09-25 19:30:00,0,3.4,328.7,-1.3,27.0,0.0023414634146341,8.6,978.1,7.2,330.0,46.0,47.0,48.0,45.0,36.0,52.0
2022-09-25 19:40:00,0,3.2,324.8,-4.5,27.0,-0.0034634146341463,8.3,943.9,7.0,329.4,46.0,47.0,48.0,44.0,35.0,52.0
2022-09-25 19:50:00,0,2.5,24.6,30.4,27.0,-0.0085365853658536,3.5,425.6,19.2,354.2,45.0,46.0,46.0,44.0,35.0,52.0
2022-09-25 20:00:00,0,2.8,9.5,21.9,26.0,-0.008,2.0,225.7,24.0,347.6,45.0,44.0,44.0,43.0,35.0,52.0
2022-09-25 20:10:00,0,3.3,328.9,-18.2,26.0,-0.0036097560975609,4.0,455.6,19.1,347.2,44.0,42.0,42.0,42.0,35.0,52.0
2022-09-25 20:20:00,0,3.3,318.6,-22.3,25.0,-0.0009756097560975,8.2,926.9,9.4,340.9,44.0,45.0,42.0,41.0,35.0,52.0
2022-09-25 20:30:00,0,3.3,333.8,-7.1,25.0,-0.0021951219512195,7.5,858.3,11.7,340.9,44.0,45.0,42.0,41.0,34.0,52.0
2022-09-25 20:40:00,0,2.6,351.6,8.6,25.0,-0.0062439024390243,1.8,200.0,24.0,343.0,44.0,44.0,42.0,40.0,34.0,52.0
2022-09-25 20:50:00,0,3.0,310.7,-23.1,25.0,-0.0062439024390243,2.2,251.5,24.0,333.9,43.0,42.0,40.0,40.0,34.0,52.0
2022-09-25 21:00:00,0,2.7,329.2,-6.4,24.0,-0.0061951219512195,1.9,219.8,24.0,335.6,43.0,41.0,39.0,39.0,34.0,52.0
2022-09-25 21:10:00,0,2.2,313.5,-15.5,24.0,-0.0060975609756097,0.3,157.1,24.0,329.0,43.0,41.0,38.0,38.0,33.0,52.0
2022-09-25 21:20:00,0,2.4,336.1,7.1,24.0,-0.0060975609756097,1.3,182.3,24.0,329.0,42.0,41.0,37.0,38.0,33.0,52.0
2022-09-25 21:30:00,0,1.9,327.1,-1.8,24.0,-0.0061951219512195,0.0,144.4,24.0,329.0,42.0,40.0,36.0,37.0,33.0,52.0
2022-09-25 21:40:00,0,1.9,353.2,24.2,24.0,-0.0061463414634146,0.0,112.8,24.0,329.0,42.0,40.0,35.0,36.0,33.0,52.0
2022-09-25 21:50:00,0,1.8,13.3,44.3,24.0,-0.006,0.0,74.9,24.0,329.0,42.0,40.0,34.0,36.0,32.0,52.0
2022-09-25 22:00:00,0,1.5,33.9,64.9,24.0,-0.006,0.0,3.3,24.0,329.0,41.0,40.0,34.0,35.0,32.0,52.0
2022-09-25 22:10:00,0,1.6,62.4,93.4,24.0,-0.006,0.0,0.6000000000000001,24.0,329.0,41.0,39.0,33.0,35.0,32.0,52.0
2022-09-25 22:20:00,0,1.9,130.8,161.8,24.0,-0.006,0.0,27.5,24.0,329.0,40.0,39.0,33.0,34.0,32.0,52.0
2022-09-25 22:30:00,0,2.3,115.6,146.6,24.0,-0.006,0.0,80.7,24.0,329.0,41.0,38.0,32.0,34.0,32.0,52.0
2022-09-25 22:40:00,0,3.1,139.1,170.4,24.0,-0.0070731707317073,0.1,109.9,24.0,328.7,41.0,39.0,32.0,33.0,31.0,52.0
2022-09-25 22:50:00,0,3.4,122.4,-35.8,24.0,-0.0058048780487804,2.9,326.5,22.3,158.2,42.0,39.0,32.0,33.0,31.0,52.0
2022-09-25 23:00:00,0,3.2,134.9,0.1,24.0,0.0061951219512195,9.3,1059.5,12.2,134.8,42.0,43.0,35.0,34.0,31.0,52.0
2022-09-25 23:10:00,0,3.3,134.0,-8.4,23.0,0.0014634146341463,7.0,803.1,23.4,142.5,42.0,45.0,37.0,34.0,31.0,51.0
2022-09-25 23:20:00,0,3.1,129.1,-7.8,23.0,0.0035121951219512,8.7,982.2,8.0,136.9,42.0,46.0,40.0,36.0,31.0,51.0
2022-09-25 23:30:00,0,2.6,112.0,-24.8,23.0,-0.0050243902439024,1.7000000000000002,218.1,24.0,136.9,42.0,44.0,40.0,36.0,32.0,51.0
2022-09-25 23:40:00,0,2.1,90.6,-31.2,23.0,-0.0048780487804878,0.0,122.0,24.0,121.8,42.0,43.0,39.0,36.0,31.0,51.0
2022-09-25 23:50:00,0,2.2,71.7,-50.1,23.0,-0.004780487804878,0.0,124.7,24.0,121.8,41.0,42.0,38.0,36.0,31.0,51.0
2022-09-26 00:00:00,0,3.7,80.8,-40.9,23.0,0.0173170731707317,5.4,645.1,13.3,121.8,41.0,42.0,37.0,35.0,31.0,52.0
2022-09-26 00:10:00,0,4.0,123.6,16.5,23.0,0.0268780487804878,11.0,1248.9,-0.2,107.1,42.0,46.0,38.0,36.0,31.0,51.0
2022-09-26 00:20:00,0,2.9,106.3,-1.1,23.0,-0.0049756097560975,4.8,545.8,17.8,107.5,42.0,45.0,41.0,37.0,31.0,51.0
2022-09-26 00:30:00,0,3.8,121.5,6.3,22.0,0.0057073170731707,6.8,776.0,11.0,115.2,42.0,44.0,41.0,37.0,31.0,51.0
2022-09-26 00:40:00,0,4.6,119.9,-2.9,23.0,0.0439512195121951,11.1,1253.5,-0.7000000000000001,122.9,42.0,46.0,43.0,38.0,31.0,51.0
2022-09-26 00:50:00,0,5.4,128.4,5.6,23.0,0.0874146341463414,11.3,1283.1,-1.4,122.8,43.0,49.0,45.0,39.0,31.0,51.0
2022-09-26 01:00:00,0,3.8,124.8,9.0,22.0,0.0130731707317073,11.0,1248.5,0.1,115.9,43.0,48.0,45.0,40.0,31.0,51.0
2022-09-26 01:10:00,0,3.4,119.9,-4.8,22.0,-0.0048292682926829,5.7,639.0,15.9,124.6,42.0,46.0,45.0,40.0,31.0,51.0
2022-09-26 01:20:00,0,4.0,120.8,-11.9,22.0,0.0030731707317073,6.4,729.6,12.4,132.7,42.0,44.0,43.0,40.0,31.0,50.0
2022-09-26 01:30:00,0,4.3,134.8,2.2,22.0,0.021170731707317,11.0,1248.8,-0.4,132.7,43.0,46.0,42.0,40.0,31.0,50.0
2022-09-26 01:40:00,0,4.1,134.2,1.5,22.0,0.0220975609756097,11.0,1249.1,-0.2,132.7,43.0,47.0,44.0,40.0,31.0,50.0
2022-09-26 01:50:00,0,3.9,131.9,-0.8,22.0,0.0170243902439024,11.0,1249.7,0.2,132.6,43.0,47.0,45.0,40.0,31.0,50.0
2022-09-26 02:00:00,0,3.6,121.2,3.9,22.0,-0.0042926829268292,4.1,465.1,19.6,117.2,42.0,45.0,44.0,41.0,31.0,50.0
2022-09-26 02:10:00,0,4.0,120.2,2.9,22.0,0.0114634146341463,11.0,1248.7,-0.1,117.2,42.0,45.0,44.0,41.0,31.0,49.0
2022-09-26 02:20:00,0,3.6,112.7,-4.5,22.0,0.011560975609756,11.0,1248.8,0.2,117.2,42.0,46.0,46.0,40.0,31.0,49.0
2022-09-26 02:30:00,0,3.3,114.1,-3.1,22.0,0.0004878048780487,9.5,1077.8,5.3,117.2,42.0,46.0,46.0,41.0,31.0,49.0
2022-09-26 02:40:00,0,2.9,108.5,-1.7000000000000002,21.0,-0.0062439024390243,2.2,248.5,24.0,110.2,42.0,44.0,44.0,41.0,31.0,49.0
2022-09-26 02:50:00,0,4.1,116.5,16.8,22.0,0.023170731707317,10.4,1184.9,0.7000000000000001,99.7,42.0,45.0,43.0,40.0,31.0,49.0
2022-09-26 03:00:00,0,3.8,110.6,3.2,22.0,0.0073170731707317,11.0,1248.6,0.0,107.4,42.0,46.0,44.0,40.0,31.0,49.0
2022-09-26 03:10:00,0,3.1,86.0,-4.9,22.0,-0.0062439024390243,4.6,515.5,18.7,90.9,42.0,45.0,44.0,40.0,31.0,49.0
2022-09-26 03:20:00,0,3.0,74.4,-1.1,22.0,-0.0060975609756097,2.0,229.9,24.0,75.5,42.0,43.0,42.0,40.0,32.0,49.0
2022-09-26 03:30:00,0,3.5,84.2,8.6,22.0,-0.0053170731707317,3.6,410.8,20.2,75.5,41.0,42.0,40.0,40.0,31.0,49.0
2022-09-26 03:40:00,0,4.5,90.8,13.8,22.0,0.0447317073170731,11.1,1257.4,-0.4,76.9,42.0,45.0,40.0,39.0,31.0,49.0
2022-09-26 03:50:00,0,5.1,83.0,4.9,22.0,0.0760487804878048,11.2,1268.2,-1.2,78.0,43.0,48.0,42.0,39.0,31.0,49.0
2022-09-26 04:00:00,0,4.5,76.2,-1.8,22.0,0.0526829268292682,11.0,1250.7,-0.6000000000000001,78.0,43.0,48.0,43.0,39.0,31.0,49.0
2022-09-26 04:10:00,0,4.6,83.0,5.0,22.0,0.0556097560975609,11.1,1254.4,-0.7000000000000001,78.0,43.0,48.0,43.0,39.0,31.0,49.0
2022-09-26 04:20:00,0,4.6,74.8,-3.2,22.0,0.0405853658536585,11.1,1253.3,-0.8,78.0,43.0,48.0,44.0,40.0,31.0,49.0
2022-09-26 04:30:00,0,4.7,90.6,12.6,22.0,0.0551219512195121,11.1,1253.1,-0.8,78.0,43.0,48.0,44.0,40.0,31.0,49.0
2022-09-26 04:40:00,0,4.7,70.5,0.6000000000000001,22.0,0.0658536585365853,11.1,1255.2,-0.8,69.9,44.0,49.0,44.0,41.0,32.0,49.0
2022-09-26 04:50:00,0,5.4,70.2,-8.1,22.0,0.099560975609756,11.3,1276.2,-1.5,78.3,44.0,49.0,45.0,41.0,32.0,49.0
2022-09-26 05:00:00,0,6.6,66.7,-11.6,22.0,0.2311219512195122,12.6,1426.8,-2.0,78.4,45.0,52.0,46.0,42.0,32.0,49.0
2022-09-26 05:10:00,0,7.4,95.3,9.6,22.0,0.299609756097561,13.7,1555.0,-2.2,85.7,47.0,55.0,49.0,43.0,32.0,49.0
2022-09-26 05:20:00,0,7.7,80.3,-5.4,22.0,0.3592682926829268,13.8,1559.9,-2.2,85.7,48.0,56.0,50.0,45.0,32.0,48.0
2022-09-26 05:30:00,0,9.0,86.3,0.2,23.0,0.554,14.7,1664.8,-2.1,86.1,50.0,59.0,52.0,46.0,32.0,48.0
2022-09-26 05:40:00,0,8.7,85.8,-0.3,22.0,0.4892682926829268,14.7,1659.6,-2.2,86.1,52.0,60.0,54.0,47.0,32.0,48.0
2022-09-26 05:50:00,0,7.9,80.3,-5.8,22.0,0.335609756097561,14.2,1611.9,-2.2,86.1,52.0,59.0,55.0,48.0,33.0,48.0
2022-09-26 06:00:00,0,6.9,81.7,-4.3,22.0,0.2242439024390244,13.0,1474.4,-2.1,86.1,52.0,58.0,56.0,48.0,33.0,48.0
2022-09-26 06:10:00,0,6.2,91.6,5.5,22.0,0.1489756097560975,11.9,1349.0,-2.0,86.1,51.0,56.0,55.0,48.0,33.0,48.0
2022-09-26 06:20:00,0,7.0,92.9,6.8,22.0,0.2217073170731707,13.1,1479.9,-2.1,86.1,51.0,56.0,55.0,48.0,33.0,48.0
2022-09-26 06:30:00,0,7.0,69.7,-16.3,22.0,0.2197560975609756,13.1,1483.7,-2.1,86.1,52.0,57.0,56.0,48.0,33.0,48.0
2022-09-26 06:40:00,0,6.9,92.7,6.6,22.0,0.2309268292682926,13.0,1475.7,-2.1,86.1,52.0,57.0,56.0,47.0,33.0,48.0
2022-09-26 06:50:00,0,6.8,95.8,2.4,23.0,0.2079024390243902,12.8,1454.6,-2.1,93.4,52.0,57.0,56.0,47.0,33.0,48.0
2022-09-26 07:00:00,0,6.9,104.0,10.6,22.0,0.2084878048780487,13.0,1470.3,-2.1,93.4,52.0,57.0,56.0,47.0,33.0,48.0
2022-09-26 07:10:00,0,6.2,98.5,5.1,22.0,0.1565853658536585,12.0,1354.4,-1.9,93.4,52.0,56.0,56.0,47.0,33.0,48.0
2022-09-26 07:20:00,0,5.7,90.4,-3.0,22.0,0.1189268292682926,11.5,1307.5,-1.7000000000000002,93.4,51.0,55.0,55.0,47.0,33.0,48.0
2022-09-26 07:30:00,0,6.2,87.9,-5.5,22.0,0.1682439024390243,11.9,1349.9,-2.0,93.4,51.0,55.0,54.0,46.0,33.0,48.0
2022-09-26 07:40:00,0,6.7,96.5,3.1,22.0,0.1774146341463414,12.6,1430.3,-2.1,93.4,51.0,55.0,55.0,46.0,33.0,48.0
2022-09-26 07:50:00,0,6.6,96.8,3.4,22.0,0.1635609756097561,12.6,1424.8,-2.0,93.4,51.0,56.0,55.0,46.0,33.0,48.0
2022-09-26 08:00:00,0,6.3,93.4,0.0,22.0,0.1278536585365853,12.1,1374.5,-2.0,93.4,51.0,55.0,55.0,46.0,33.0,48.0
2022-09-26 08:10:00,0,5.2,75.3,-18.1,22.0,0.0655609756097561,11.2,1265.6,-1.3,93.4,50.0,53.0,54.0,46.0,33.0,48.0
2022-09-26 08:20:00,0,5.4,98.1,11.4,22.0,0.0880975609756097,11.3,1275.8,-1.4,86.8,50.0,52.0,53.0,45.0,33.0,48.0
2022-09-26 08:30:00,0,5.6,98.3,4.2,22.0,0.1035121951219512,11.4,1289.0,-1.5,94.1,50.0,53.0,53.0,45.0,33.0,48.0
2022-09-26 08:40:00,0,6.1,101.4,7.3,22.0,0.1410731707317073,11.9,1348.2,-1.9,94.1,50.0,53.0,53.0,45.0,33.0,48.0
2022-09-26 08:50:00,0,6.6,90.9,-3.2,22.0,0.1741463414634146,12.5,1417.7,-2.0,94.1,50.0,54.0,53.0,45.0,33.0,48.0
2022-09-26 09:00:00,0,6.6,103.7,9.5,22.0,0.1660975609756097,12.6,1422.0,-2.0,94.1,50.0,55.0,54.0,45.0,33.0,48.0
2022-09-26 09:10:00,0,6.9,79.5,-14.5,22.0,0.1943414634146341,13.0,1469.6,-2.1,94.1,51.0,55.0,54.0,45.0,33.0,47.0
2022-09-26 09:20:00,0,6.9,104.5,10.4,22.0,0.2075609756097561,13.0,1473.2,-2.1,94.1,51.0,56.0,55.0,45.0,33.0,47.0
2022-09-26 09:30:00,0,6.9,94.7,0.6000000000000001,22.0,0.2021951219512195,13.1,1481.7,-2.1,94.1,51.0,56.0,55.0,45.0,33.0,47.0
2022-09-26 09:40:00,0,6.9,89.7,-4.4,22.0,0.2000975609756097,13.0,1470.3,-2.1,94.1,51.0,56.0,55.0,46.0,33.0,47.0
2022-09-26 09:50:00,0,6.1,111.3,17.2,22.0,0.144,12.0,1356.6,-1.8,94.1,51.0,55.0,55.0,46.0,33.0,47.0
2022-09-26 10:00:00,0,5.9,83.0,-11.1,23.0,0.1412195121951219,12.0,1355.1,-1.6,94.1,51.0,55.0,54.0,45.0,33.0,47.0
2022-09-26 10:10:00,0,5.3,99.9,5.8,23.0,0.1047317073170731,11.3,1281.2,-1.3,94.1,50.0,54.0,53.0,45.0,33.0,47.0
2022-09-26 10:20:00,0,5.8,92.7,-9.1,23.0,0.1323414634146341,11.8,1332.0,-1.6,101.8,50.0,54.0,52.0,45.0,33.0,47.0
2022-09-26 10:30:00,0,5.6,90.3,-5.2,23.0,0.1213170731707317,11.5,1299.0,-1.6,95.5,50.0,54.0,52.0,45.0,34.0,47.0
2022-09-26 10:40:00,0,5.3,80.8,-13.7,24.0,0.0932195121951219,11.5,1302.9,-1.3,94.5,50.0,53.0,51.0,45.0,34.0,47.0
2022-09-26 10:50:00,0,6.1,68.3,-28.2,24.0,0.1504878048780487,12.0,1360.8,-1.8,96.5,50.0,54.0,51.0,45.0,34.0,47.0
2022-09-26 11:00:00,0,6.1,88.7,-0.9,24.0,0.1735121951219512,12.1,1372.9,-1.7000000000000002,89.6,51.0,55.0,52.0,45.0,34.0,48.0
2022-09-26 11:10:00,0,8.1,81.0,-22.5,25.0,0.3965365853658536,14.1,1597.0,-2.2,103.6,52.0,57.0,53.0,46.0,34.0,48.0
2022-09-26 11:20:00,0,9.2,99.0,1.8,25.0,0.5423414634146341,14.5,1640.8,-1.7000000000000002,97.2,53.0,60.0,55.0,47.0,34.0,48.0
2022-09-26 11:30:00,0,10.4,86.9,-2.0,25.0,0.7834634146341463,14.7,1668.2,-0.9,88.9,56.0,63.0,57.0,48.0,35.0,48.0
2022-09-26 11:40:00,0,9.9,90.5,1.7000000000000002,25.0,0.6469268292682927,14.6,1654.8,-1.1,88.9,56.0,63.0,58.0,49.0,36.0,48.0
2022-09-26 11:50:00,0,10.0,90.9,-5.3,25.0,0.6552682926829269,14.6,1655.1,-1.2,96.2,53.0,63.0,59.0,51.0,36.0,48.0
2022-09-26 12:00:00,0,9.8,91.1,2.2,25.0,0.6762439024390243,14.7,1665.4,-1.5,88.9,52.0,63.0,60.0,53.0,36.0,48.0
2022-09-26 12:10:00,0,8.7,91.5,2.7,25.0,0.5163414634146342,14.4,1631.9,-2.0,88.9,51.0,62.0,61.0,54.0,36.0,48.0
2022-09-26 12:20:00,0,9.1,163.3,62.5,26.0,0.5309268292682927,14.4,1635.8,-1.8,100.7,53.0,61.0,62.0,55.0,36.0,48.0
2022-09-26 12:30:00,0,8.9,103.6,17.2,26.0,0.54,14.5,1641.8,-1.9,86.4,56.0,62.0,62.0,56.0,36.0,49.0
2022-09-26 12:40:00,0,8.7,98.6,10.7,26.0,0.4773658536585366,14.3,1623.2,-2.0,87.8,57.0,63.0,63.0,56.0,36.0,49.0
2022-09-26 12:50:00,0,8.9,92.9,-2.2,26.0,0.4964390243902439,14.5,1637.5,-1.9,95.2,53.0,63.0,64.0,57.0,36.0,49.0
2022-09-26 13:00:00,0,8.9,83.0,-12.1,26.0,0.4865365853658536,14.5,1637.9,-1.9,95.2,52.0,62.0,64.0,57.0,36.0,49.0
2022-09-26 13:10:00,0,7.1,110.1,14.9,27.0,0.2821951219512195,13.1,1488.6,-2.0,95.2,52.0,60.0,64.0,57.0,36.0,49.0
2022-09-26 13:20:00,0,7.8,92.8,-3.4,27.0,0.3481951219512195,13.7,1548.7,-2.0,96.2,54.0,60.0,64.0,57.0,37.0,49.0
2022-09-26 13:30:00,0,7.9,117.1,10.4,28.0,0.3625853658536585,13.6,1542.3,-1.8,106.7,55.0,61.0,63.0,57.0,36.0,49.0
2022-09-26 13:40:00,0,8.6,94.8,5.9,27.0,0.4666829268292683,14.4,1626.6,-2.1,88.9,56.0,63.0,64.0,57.0,36.0,50.0
2022-09-26 13:50:00,0,8.7,97.6,10.5,27.0,0.4907317073170731,14.3,1619.1,-2.0,87.1,54.0,63.0,64.0,57.0,37.0,50.0
2022-09-26 14:00:00,0,8.2,85.9,-7.5,28.0,0.3944390243902439,14.1,1597.2,-2.1,93.4,52.0,62.0,64.0,57.0,37.0,50.0
2022-09-26 14:10:00,0,7.2,86.6,0.6000000000000001,28.0,0.2784390243902438,13.3,1510.2,-2.0,86.1,51.0,61.0,64.0,57.0,37.0,50.0
2022-09-26 14:20:00,0,6.7,83.4,-2.7,28.0,0.2180975609756097,12.7,1441.4,-2.0,86.1,53.0,59.0,63.0,57.0,37.0,50.0
2022-09-26 14:30:00,0,7.6,77.2,-1.2,28.0,0.3242439024390244,13.5,1533.1,-2.1,78.4,54.0,60.0,63.0,56.0,37.0,51.0
2022-09-26 14:40:00,0,7.2,93.8,4.9,28.0,0.2881463414634146,13.3,1504.2,-2.0,88.9,55.0,61.0,63.0,56.0,37.0,51.0
2022-09-26 14:50:00,0,7.4,77.7,-17.8,28.0,0.3056097560975609,13.6,1543.7,-2.1,95.5,55.0,61.0,63.0,56.0,37.0,51.0
2022-09-26 15:00:00,0,6.8,97.6,-1.4,28.0,0.2273658536585366,12.9,1466.5,-1.9,99.0,56.0,61.0,62.0,56.0,37.0,51.0
2022-09-26 15:10:00,0,7.8,74.2,-22.3,28.0,0.3305853658536585,13.9,1579.2,-2.1,96.5,56.0,61.0,62.0,56.0,37.0,51.0
2022-09-26 15:20:00,0,7.3,92.4,3.6,28.0,0.2680975609756097,13.4,1515.2,-2.1,88.9,57.0,62.0,62.0,56.0,37.0,51.0
2022-09-26 15:30:00,0,7.3,90.3,-2.4,28.0,0.2871707317073171,13.3,1507.4,-2.0,92.7,54.0,62.0,62.0,55.0,37.0,51.0
2022-09-26 15:40:00,0,7.0,113.8,21.8,28.0,0.2352195121951219,13.1,1489.8,-2.0,92.0,51.0,60.0,62.0,55.0,37.0,52.0
2022-09-26 15:50:00,0,7.8,68.0,-31.4,28.0,0.3229268292682927,14.0,1583.5,-2.2,99.4,51.0,60.0,62.0,55.0,37.0,52.0
2022-09-26 16:00:00,0,7.6,87.1,-15.4,28.0,0.3022439024390244,13.7,1555.2,-2.1,102.5,52.0,60.0,62.0,55.0,37.0,52.0
2022-09-26 16:10:00,0,6.9,92.1,-3.4,29.0,0.2299024390243902,12.9,1459.0,-2.0,95.5,54.0,60.0,62.0,55.0,37.0,52.0
2022-09-26 16:20:00,0,6.8,83.5,-11.3,29.0,0.2485853658536585,13.0,1470.1,-1.9,94.8,54.0,60.0,61.0,55.0,37.0,52.0
2022-09-26 16:30:00,0,7.4,82.3,-17.4,29.0,0.274390243902439,13.5,1526.2,-2.1,99.7,55.0,60.0,61.0,55.0,37.0,52.0
2022-09-26 16:40:00,0,6.8,116.5,24.8,29.0,0.2213658536585366,12.8,1445.5,-1.9,91.7,55.0,61.0,62.0,55.0,38.0,52.0
2022-09-26 16:50:00,0,7.4,103.1,-5.3,29.0,0.3052682926829268,13.6,1536.2,-2.1,108.5,56.0,61.0,62.0,55.0,38.0,52.0
2022-09-26 17:00:00,0,7.0,120.0,19.5,29.0,0.2514146341463414,13.1,1479.5,-2.0,100.4,56.0,62.0,62.0,55.0,38.0,52.0
2022-09-26 17:10:00,0,7.3,115.9,23.2,29.0,0.283219512195122,13.4,1514.1,-2.1,92.7,57.0,62.0,62.0,55.0,38.0,53.0
2022-09-26 17:20:00,0,7.5,101.6,-2.4,29.0,0.2783414634146341,13.7,1551.1,-2.1,103.9,54.0,62.0,63.0,55.0,38.0,53.0
2022-09-26 17:30:00,0,6.9,97.9,3.1,29.0,0.2213170731707317,12.9,1466.2,-2.0,94.8,51.0,60.0,63.0,55.0,38.0,53.0
2022-09-26 17:40:00,0,7.0,86.5,-9.7,29.0,0.2401463414634146,13.2,1494.4,-2.0,96.2,50.0,59.0,62.0,55.0,38.0,48.0
2022-09-26 17:50:00,0,7.3,107.8,11.6,29.0,0.2728780487804877,13.5,1524.6,-2.0,96.2,53.0,60.0,62.0,55.0,38.0,43.0
2022-09-26 18:00:00,0,6.6,92.6,-18.3,29.0,0.2208292682926829,12.7,1441.2,-1.8,110.9,55.0,61.0,62.0,55.0,38.0,45.0
2022-09-26 18:10:00,0,7.0,127.9,24.3,29.0,0.2409268292682926,13.1,1482.2,-2.0,103.6,55.0,60.0,62.0,55.0,38.0,46.0
2022-09-26 18:20:00,0,7.3,114.0,10.4,29.0,0.2610731707317073,13.5,1526.9,-2.0,103.6,55.0,61.0,62.0,55.0,38.0,47.0
2022-09-26 18:30:00,0,7.7,115.6,3.6,29.0,0.3236585365853658,13.7,1551.5,-2.0,112.0,56.0,62.0,62.0,55.0,38.0,48.0
2022-09-26 18:40:00,0,7.1,105.3,-6.7,29.0,0.2574634146341463,13.2,1494.2,-2.0,112.0,57.0,62.0,63.0,55.0,38.0,48.0
2022-09-26 18:50:00,0,6.7,107.1,-4.8,28.0,0.2209268292682926,12.7,1440.7,-1.9,112.0,56.0,61.0,62.0,55.0,38.0,49.0
2022-09-26 19:00:00,0,6.6,129.3,17.3,28.0,0.191170731707317,12.5,1420.3,-2.0,112.0,56.0,61.0,61.0,55.0,38.0,49.0
2022-09-26 19:10:00,0,5.6,119.8,7.8,28.0,0.1071219512195122,11.5,1300.0,-1.5,112.0,56.0,59.0,60.0,54.0,37.0,50.0
2022-09-26 19:20:00,0,3.8,108.6,-3.4,28.0,0.0227317073170731,10.7,1211.7,2.0,112.0,55.0,56.0,59.0,54.0,37.0,50.0
2022-09-26 19:30:00,0,2.9,139.1,26.7,28.0,-0.0126341463414634,3.5,447.0,20.5,112.4,54.0,53.0,57.0,54.0,37.0,50.0
2022-09-26 19:40:00,0,3.3,110.6,-16.9,27.0,-0.0125365853658536,6.3,725.3,13.7,127.5,52.0,51.0,54.0,53.0,37.0,50.0
2022-09-26 19:50:00,0,3.4,159.5,1.6,26.0,-0.0050731707317073,7.2,807.7,12.4,157.9,52.0,50.0,53.0,51.0,36.0,50.0
2022-09-26 20:00:00,0,4.1,157.3,-3.4,26.0,0.0189756097560975,8.9,1005.6,5.3,160.7,51.0,49.0,51.0,50.0,36.0,50.0
2022-09-26 20:10:00,0,4.3,171.7,18.7,26.0,0.05,11.1,1252.2,-0.5,153.0,51.0,52.0,52.0,49.0,36.0,51.0
2022-09-26 20:20:00,0,4.4,144.4,-0.8,25.0,0.0438048780487804,11.1,1251.7,-0.6000000000000001,145.3,51.0,52.0,52.0,48.0,36.0,51.0
2022-09-26 20:30:00,0,3.5,107.9,-19.9,25.0,0.0007317073170731,10.7,1212.8,2.2,127.8,50.0,51.0,52.0,48.0,35.0,51.0
2022-09-26 20:40:00,0,3.3,131.5,11.9,25.0,-0.0129268292682926,2.3,261.6,24.2,119.7,49.0,48.0,51.0,47.0,36.0,51.0
2022-09-26 20:50:00,0,3.2,117.5,9.3,25.0,-0.0129756097560975,2.3,255.9,24.0,108.2,49.0,45.0,48.0,47.0,36.0,51.0
2022-09-26 21:00:00,0,3.2,114.4,-2.8,25.0,-0.0104878048780487,2.2,255.3,24.0,117.2,48.0,43.0,46.0,46.0,35.0,51.0
2022-09-26 21:10:00,0,2.6,97.7,-1.0,25.0,-0.008390243902439,1.1,182.6,24.0,98.7,48.0,42.0,44.0,45.0,35.0,51.0
2022-09-26 21:20:00,0,3.7,109.5,-8.1,25.0,-0.0036097560975609,4.3,490.5,17.8,117.6,47.0,41.0,42.0,44.0,35.0,51.0
2022-09-26 21:30:00,0,4.1,126.4,21.7,25.0,0.0356097560975609,11.1,1253.7,0.0,104.6,47.0,46.0,42.0,43.0,34.0,51.0
2022-09-26 21:40:00,0,4.9,108.4,3.8,24.0,0.081560975609756,11.3,1279.4,-0.9,104.6,48.0,50.0,42.0,42.0,34.0,51.0
2022-09-26 21:50:00,0,7.2,123.5,19.9,24.0,0.2810243902439024,13.3,1504.8,-2.0,103.6,49.0,54.0,46.0,42.0,34.0,51.0
2022-09-26 22:00:00,0,5.9,108.6,5.0,24.0,0.1362926829268292,11.9,1342.0,-1.7000000000000002,103.6,50.0,55.0,48.0,43.0,34.0,51.0
2022-09-26 22:10:00,0,4.8,78.9,-24.7,24.0,0.0749756097560975,11.1,1258.3,-1.0,103.6,49.0,53.0,48.0,43.0,35.0,51.0
2022-09-26 22:20:00,0,4.3,109.2,-2.1,24.0,0.0300487804878048,11.0,1248.7,-0.5,111.3,48.0,51.0,48.0,44.0,34.0,51.0
2022-09-26 22:30:00,0,4.9,116.4,5.1,24.0,0.0614634146341463,11.1,1255.5,-1.0,111.3,48.0,51.0,48.0,44.0,34.0,51.0
2022-09-26 22:40:00,0,3.9,111.0,7.4,24.0,0.0349268292682926,9.7,1096.1,3.4,103.6,48.0,51.0,48.0,44.0,35.0,51.0
2022-09-26 22:50:00,0,3.6,90.8,-18.1,24.0,0.0058048780487804,8.4,953.4,6.5,108.8,47.0,48.0,47.0,44.0,34.0,51.0
2022-09-26 23:00:00,0,3.7,109.5,0.6000000000000001,24.0,0.0061463414634146,9.0,1021.8,9.0,108.9,47.0,48.0,47.0,44.0,34.0,51.0
2022-09-26 23:10:00,0,2.3,144.1,24.7,24.0,-0.0061951219512195,0.8,157.3,24.0,119.3,46.0,46.0,46.0,44.0,34.0,51.0
2022-09-26 23:20:00,0,2.2,62.8,-50.9,24.0,-0.0060487804878048,0.4,133.9,24.0,113.8,45.0,44.0,43.0,44.0,34.0,51.0
2022-09-26 23:30:00,0,2.6,75.4,-38.2,24.0,-0.0063414634146341,0.8,153.4,24.0,113.7,45.0,43.0,42.0,43.0,34.0,51.0
2022-09-26 23:40:00,0,3.2,92.4,21.0,24.0,-0.0062439024390243,2.2,248.3,24.0,71.3,45.0,41.0,40.0,42.0,34.0,51.0
2022-09-26 23:50:00,0,3.7,101.2,17.6,23.0,0.007560975609756,9.4,1064.6,4.3,83.6,45.0,43.0,39.0,41.0,33.0,51.0
2022-09-27 00:00:00,0,3.8,96.2,8.0,23.0,0.0168292682926829,6.6,758.7,28.6,88.2,45.0,45.0,39.0,40.0,33.0,51.0
2022-09-27 00:10:00,0,6.7,96.4,-2.0,24.0,0.2181951219512195,12.6,1431.8,-1.9,98.3,46.0,50.0,41.0,40.0,33.0,50.0
2022-09-27 00:20:00,0,7.1,91.4,-7.3,24.0,0.2586341463414634,13.3,1501.7,-2.0,98.7,48.0,55.0,46.0,41.0,33.0,50.0
2022-09-27 00:30:00,0,7.4,88.3,-10.4,24.0,0.2659512195121951,13.6,1544.7,-2.1,98.7,49.0,56.0,48.0,42.0,33.0,50.0
2022-09-27 00:40:00,0,8.3,85.3,-6.4,24.0,0.4149756097560976,14.4,1629.0,-2.2,91.7,51.0,58.0,51.0,43.0,33.0,50.0
2022-09-27 00:50:00,0,7.9,96.9,5.2,24.0,0.384780487804878,14.1,1591.8,-2.2,91.7,52.0,59.0,52.0,44.0,33.0,50.0
2022-09-27 01:00:00,0,6.5,100.3,8.6,23.0,0.2147317073170731,12.4,1405.0,-2.0,91.7,52.0,58.0,52.0,45.0,33.0,50.0
2022-09-27 01:10:00,0,7.9,103.6,-11.9,24.0,0.3725853658536585,13.9,1575.6,-2.1,115.5,52.0,58.0,52.0,45.0,33.0,50.0
2022-09-27 01:20:00,0,8.6,124.0,8.5,24.0,0.4856585365853658,14.4,1634.2,-2.1,115.5,54.0,60.0,54.0,46.0,34.0,50.0
2022-09-27 01:30:00,0,8.1,112.1,-3.7,24.0,0.4070731707317073,14.0,1585.5,-2.1,115.9,55.0,61.0,55.0,47.0,34.0,50.0
2022-09-27 01:40:00,0,5.7,112.4,-3.4,24.0,0.1432682926829268,11.8,1336.3,-1.5,115.9,54.0,58.0,55.0,47.0,34.0,50.0
2022-09-27 01:50:00,0,5.1,121.9,-1.6,24.0,0.0955121951219512,11.4,1291.2,-1.1,123.6,53.0,56.0,54.0,47.0,34.0,50.0
2022-09-27 02:00:00,0,3.9,130.8,7.2,23.0,0.0335121951219512,11.0,1251.3,0.3,123.6,52.0,53.0,53.0,47.0,34.0,50.0
2022-09-27 02:10:00,0,3.8,179.0,36.5,23.0,0.0036097560975609,10.1,1149.6,3.0,142.5,50.0,50.0,52.0,47.0,34.0,49.0
2022-09-27 02:20:00,0,5.0,151.7,10.6,23.0,0.0693170731707317,11.3,1280.3,-0.9,141.1,50.0,51.0,51.0,46.0,34.0,49.0
2022-09-27 02:30:00,0,4.8,124.0,-3.8,23.0,0.0703414634146341,11.2,1264.1,-0.9,127.8,50.0,52.0,51.0,46.0,34.0,49.0
2022-09-27 02:40:00,0,5.0,97.6,-30.1,23.0,0.0890731707317073,11.3,1283.9,-1.0,127.8,50.0,52.0,51.0,46.0,34.0,49.0
2022-09-27 02:50:00,0,4.9,113.6,-13.8,23.0,0.0758048780487804,11.3,1276.0,-0.9,127.4,50.0,53.0,51.0,45.0,34.0,49.0
2022-09-27 03:00:00,0,3.9,120.5,-6.9,23.0,0.0410243902439024,11.1,1255.4,0.0,127.4,49.0,52.0,51.0,45.0,34.0,49.0
2022-09-27 03:10:00,0,4.2,128.2,0.8,23.0,0.0319024390243902,11.0,1251.3,-0.4,127.4,48.0,50.0,50.0,45.0,33.0,49.0
2022-09-27 03:20:00,0,4.8,121.0,2.7,23.0,0.0594146341463414,11.1,1254.7,-1.0,118.3,48.0,50.0,50.0,45.0,34.0,49.0
2022-09-27 03:30:00,0,4.2,110.7,-0.6000000000000001,23.0,0.0356585365853658,11.1,1251.8,-0.1,111.3,48.0,51.0,50.0,45.0,33.0,49.0
2022-09-27 03:40:00,0,4.1,88.8,-17.6,23.0,0.0232195121951219,11.0,1248.2,-0.3,106.4,47.0,49.0,49.0,45.0,33.0,49.0
2022-09-27 03:50:00,0,3.7,84.7,-17.8,23.0,-0.0002926829268292,10.2,1160.1,3.0,102.5,47.0,48.0,49.0,45.0,33.0,49.0
2022-09-27 04:00:00,0,3.3,120.7,26.5,23.0,-0.0103414634146341,8.4,948.9,9.2,94.1,46.0,48.0,48.0,44.0,33.0,48.0
2022-09-27 04:10:00,0,3.4,109.8,7.6,23.0,-0.0130731707317073,2.7,309.4,22.4,102.2,46.0,45.0,46.0,44.0,33.0,48.0
2022-09-27 04:20:00,0,4.5,98.3,-4.2,23.0,0.0356097560975609,11.1,1251.9,-0.6000000000000001,102.5,45.0,46.0,45.0,43.0,33.0,48.0
2022-09-27 04:30:00,0,6.1,97.1,-5.4,23.0,0.1205853658536585,12.0,1354.2,-1.8,102.5,46.0,49.0,45.0,43.0,33.0,48.0
2022-09-27 04:40:00,0,4.9,100.8,-1.7000000000000002,22.0,0.0833170731707317,11.3,1280.5,-1.0,102.5,47.0,51.0,46.0,42.0,32.0,48.0
2022-09-27 04:50:00,0,5.3,113.2,10.6,23.0,0.0956585365853658,11.2,1266.8,-1.4,102.5,47.0,51.0,45.0,42.0,32.0,48.0
2022-09-27 05:00:00,0,4.6,109.0,-1.2,23.0,0.0525365853658536,11.1,1251.6,-0.8,110.3,46.0,50.0,45.0,42.0,32.0,48.0
2022-09-27 05:10:00,0,5.4,111.7,-6.3,23.0,0.0873170731707317,11.2,1271.8,-1.4,117.9,46.0,50.0,45.0,42.0,32.0,48.0
2022-09-27 05:20:00,0,5.5,124.4,6.5,22.0,0.0985853658536585,11.2,1273.3,-1.6,117.9,47.0,51.0,45.0,42.0,32.0,48.0
2022-09-27 05:30:00,0,5.4,132.0,14.0,22.0,0.0889756097560975,11.2,1269.9,-1.5,118.0,47.0,51.0,44.0,42.0,32.0,48.0
2022-09-27 05:40:00,0,4.8,108.4,-16.8,22.0,0.0472682926829268,11.1,1256.6,-1.0,125.3,46.0,50.0,44.0,42.0,32.0,48.0
2022-09-27 05:50:00,0,4.4,119.4,2.2,22.0,0.0253170731707317,11.0,1249.7,-0.5,117.2,46.0,49.0,44.0,42.0,32.0,48.0
2022-09-27 06:00:00,0,3.9,123.2,5.9,22.0,0.0138536585365853,11.0,1248.8,-0.1,117.3,45.0,48.0,44.0,42.0,32.0,48.0
2022-09-27 06:10:00,0,4.8,125.8,-4.5,22.0,0.053170731707317,11.1,1254.4,-0.9,130.2,45.0,48.0,43.0,42.0,32.0,48.0
2022-09-27 06:20:00,0,6.1,113.8,-16.4,23.0,0.1174634146341463,12.0,1357.1,-1.8,130.2,46.0,50.0,44.0,42.0,32.0,48.0
2022-09-27 06:30:00,0,5.9,113.0,-0.8,22.0,0.1307317073170731,11.7,1324.9,-1.7000000000000002,113.8,47.0,52.0,45.0,43.0,32.0,48.0
2022-09-27 06:40:00,0,5.8,105.8,-8.0,22.0,0.1005365853658536,11.4,1295.0,-1.8,113.7,47.0,52.0,44.0,43.0,32.0,48.0
2022-09-27 06:50:00,0,5.6,95.5,-10.8,22.0,0.1029756097560975,11.3,1279.0,-1.7000000000000002,106.4,47.0,51.0,43.0,43.0,32.0,48.0
2022-09-27 07:00:00,0,5.8,103.2,-3.1,22.0,0.0971219512195122,11.5,1300.6,-1.8,106.4,47.0,51.0,43.0,43.0,32.0,48.0
2022-09-27 07:10:00,0,6.6,85.7,-12.3,22.0,0.1645853658536585,12.5,1417.0,-2.0,98.0,47.0,52.0,44.0,43.0,32.0,48.0
2022-09-27 07:20:00,0,6.3,92.2,-5.8,22.0,0.1596097560975609,12.0,1360.9,-2.0,98.0,48.0,53.0,45.0,43.0,32.0,48.0
2022-09-27 07:30:00,0,6.5,97.0,-1.0,22.0,0.1631219512195121,12.4,1401.1,-2.0,98.0,48.0,53.0,46.0,43.0,32.0,48.0
2022-09-27 07:40:00,0,6.2,100.9,2.9,22.0,0.1391219512195121,11.9,1343.1,-2.0,98.0,48.0,53.0,47.0,43.0,32.0,48.0
2022-09-27 07:50:00,0,6.6,105.8,7.7,22.0,0.1883414634146341,12.5,1419.6,-2.1,98.0,48.0,54.0,47.0,43.0,32.0,48.0
2022-09-27 08:00:00,0,6.8,99.4,1.5,22.0,0.2072682926829268,12.9,1465.2,-2.1,98.0,49.0,55.0,48.0,44.0,32.0,48.0
2022-09-27 08:10:00,1,7.1,99.6,1.6,22.0,0.2226829268292683,13.4,1516.8,-2.1,98.0,50.0,55.0,49.0,44.0,32.0,48.0
2022-09-27 08:20:00,1,6.7,101.6,3.6,22.0,0.1802926829268293,12.7,1440.8,-2.1,98.0,50.0,55.0,50.0,44.0,32.0,48.0
2022-09-27 08:30:00,1,7.4,98.1,0.1,22.0,0.2100487804878049,13.8,1557.9,-2.1,98.0,50.0,55.0,51.0,45.0,32.0,48.0
2022-09-27 08:40:00,1,7.1,95.6,-2.4,22.0,0.2200975609756097,13.3,1503.3,-2.1,98.0,51.0,56.0,52.0,45.0,32.0,48.0
2022-09-27 08:50:00,1,6.3,101.0,3.0,22.0,0.1706341463414634,12.1,1373.9,-2.0,98.0,50.0,55.0,51.0,45.0,32.0,48.0
2022-09-27 09:00:00,1,5.8,105.6,7.6,22.0,0.1229756097560975,11.6,1309.5,-1.7000000000000002,98.0,50.0,54.0,50.0,45.0,32.0,48.0
2022-09-27 09:10:00,1,5.4,123.7,18.4,22.0,0.0909756097560975,11.6,1313.9,-1.3,105.3,49.0,52.0,49.0,44.0,32.0,48.0
2022-09-27 09:20:00,1,5.4,92.3,-5.0,22.0,0.0998536585365853,11.4,1287.2,-1.4,97.3,49.0,53.0,48.0,44.0,32.0,48.0
2022-09-27 09:30:00,1,5.7,80.5,-17.1,22.0,0.1329268292682927,11.6,1311.6,-1.7000000000000002,97.6,49.0,53.0,47.0,44.0,32.0,47.0
2022-09-27 09:40:00,1,5.9,105.7,8.1,23.0,0.152,11.9,1343.1,-1.7000000000000002,97.6,49.0,53.0,47.0,44.0,32.0,47.0
2022-09-27 09:50:00,1,5.9,109.9,12.3,23.0,0.1293170731707317,11.7,1325.5,-1.7000000000000002,97.6,49.0,53.0,47.0,44.0,32.0,47.0
2022-09-27 10:00:00,1,6.0,99.7,2.7,23.0,0.1650731707317073,11.9,1352.0,-1.8,96.9,49.0,54.0,47.0,44.0,32.0,47.0
2022-09-27 10:10:00,1,7.2,88.6,-8.3,23.0,0.2806829268292682,13.4,1515.6,-2.1,96.9,50.0,55.0,48.0,44.0,33.0,47.0
2022-09-27 10:20:00,1,7.4,76.6,-20.3,24.0,0.3174146341463414,13.6,1536.5,-2.1,96.9,52.0,57.0,50.0,45.0,33.0,47.0
2022-09-27 10:30:00,1,6.6,125.9,29.0,24.0,0.2233658536585365,12.6,1429.4,-1.9,96.9,52.0,57.0,50.0,45.0,33.0,48.0
2022-09-27 10:40:00,1,7.3,138.7,41.7,24.0,0.3014634146341463,13.2,1490.1,-1.9,96.9,52.0,57.0,50.0,46.0,33.0,48.0
2022-09-27 10:50:00,1,9.7,102.8,-4.3,24.0,0.6025853658536585,14.7,1667.5,-1.7000000000000002,107.1,54.0,60.0,52.0,46.0,34.0,48.0
2022-09-27 11:00:00,1,8.5,103.9,-3.2,24.0,0.4385365853658536,14.4,1627.9,-2.1,107.1,55.0,61.0,55.0,47.0,34.0,48.0
2022-09-27 11:10:00,1,8.0,97.0,-3.0,25.0,0.3915609756097561,14.0,1582.0,-2.2,100.1,55.0,61.0,56.0,48.0,35.0,48.0
2022-09-27 11:20:00,1,7.9,106.6,6.6,25.0,0.3654634146341464,13.9,1576.5,-2.1,100.1,55.0,61.0,56.0,48.0,35.0,48.0
2022-09-27 11:30:00,1,7.6,81.3,-14.2,25.0,0.3547317073170732,13.5,1532.4,-2.0,95.5,56.0,61.0,57.0,49.0,35.0,48.0
2022-09-27 11:40:00,1,7.6,105.5,-1.9,26.0,0.3341951219512195,13.4,1515.8,-1.8,107.4,56.0,60.0,57.0,49.0,35.0,48.0
2022-09-27 11:50:00,1,9.0,91.6,-16.1,25.0,0.543951219512195,14.4,1634.2,-1.8,107.8,56.0,62.0,58.0,49.0,36.0,48.0
2022-09-27 12:00:00,1,9.5,118.7,18.9,26.0,0.6262439024390244,14.6,1654.8,-1.7000000000000002,99.7,53.0,63.0,59.0,50.0,36.0,48.0
2022-09-27 12:10:00,1,11.1,90.6,-9.1,26.0,0.812439024390244,14.8,1672.5,-0.1,99.7,52.0,63.0,60.0,51.0,37.0,48.0
2022-09-27 12:20:00,1,11.3,96.9,-2.8,26.0,0.8746341463414634,14.8,1675.4,0.4,99.7,53.0,64.0,61.0,53.0,36.0,48.0
2022-09-27 12:30:00,1,11.0,101.2,9.8,26.0,0.827560975609756,14.7,1668.0,0.0,91.3,53.0,65.0,62.0,55.0,36.0,49.0
2022-09-27 12:40:00,1,11.0,124.9,26.9,26.0,0.8447317073170731,14.7,1661.7,0.1,98.0,53.0,64.0,63.0,57.0,37.0,49.0
2022-09-27 12:50:00,1,11.5,96.4,-1.6,26.0,0.88,14.7,1670.0,1.0,98.0,53.0,65.0,64.0,59.0,36.0,49.0
2022-09-27 13:00:00,1,12.0,98.9,0.9,26.0,0.8878536585365853,14.8,1676.9,1.9,98.0,53.0,65.0,65.0,61.0,37.0,50.0
2022-09-27 13:10:00,1,11.5,89.6,-6.2,27.0,0.8792682926829268,14.8,1671.7,0.5,95.8,53.0,65.0,67.0,64.0,38.0,50.0
2022-09-27 13:20:00,1,11.2,96.0,8.5,26.0,0.896829268292683,14.8,1676.8,0.1,87.5,54.0,66.0,67.0,67.0,37.0,51.0
2022-09-27 13:30:00,1,11.2,121.1,29.7,27.0,0.85,14.7,1668.8,0.0,91.3,54.0,66.0,68.0,72.0,39.0,51.0
2022-09-27 13:40:00,1,11.2,85.6,-3.6,27.0,0.8601951219512196,14.7,1668.1,0.4,89.2,54.0,66.0,69.0,76.0,38.0,51.0
2022-09-27 13:50:00,1,10.2,100.5,3.2,27.0,0.716,14.6,1652.3,-1.0,97.3,53.0,65.0,70.0,79.0,40.0,52.0
2022-09-27 14:00:00,1,11.8,79.7,-17.5,27.0,0.8969268292682927,14.8,1678.9,1.2,97.2,54.0,66.0,70.0,81.0,39.0,52.0
2022-09-27 14:10:00,1,10.6,92.9,3.4,27.0,0.7880975609756097,14.7,1668.3,-0.5,89.6,54.0,66.0,71.0,84.0,39.0,52.0
2022-09-27 14:20:00,1,10.8,108.2,18.6,27.0,0.8257073170731708,14.8,1671.3,-0.3,89.6,54.0,66.0,71.0,88.0,39.0,52.0
2022-09-27 14:30:00,1,10.8,100.8,11.2,27.0,0.8023902439024391,14.8,1671.5,-0.3,89.6,54.0,66.0,71.0,90.0,39.0,53.0
2022-09-27 14:40:00,1,10.7,88.3,-1.2,27.0,0.7984390243902438,14.7,1665.5,-0.5,89.6,54.0,66.0,71.0,91.0,41.0,51.0
2022-09-27 14:50:00,1,11.2,112.7,13.4,27.0,0.8313170731707318,14.8,1670.9,0.3,99.4,54.0,67.0,72.0,92.0,40.0,45.0
2022-09-27 15:00:00,1,10.3,128.0,28.7,28.0,0.7022439024390243,14.5,1637.3,-0.5,99.4,54.0,66.0,72.0,92.0,40.0,45.0
2022-09-27 15:10:00,1,11.2,99.5,0.1,27.0,0.8118536585365853,14.6,1658.6,0.5,99.4,54.0,66.0,72.0,92.0,40.0,47.0
2022-09-27 15:20:00,1,10.4,123.2,23.8,28.0,0.7531707317073171,14.6,1657.9,-0.8,99.4,54.0,66.0,72.0,93.0,40.0,48.0
2022-09-27 15:30:00,1,10.6,117.1,17.7,28.0,0.7446829268292683,14.5,1647.6,-0.5,99.4,54.0,66.0,72.0,92.0,41.0,49.0
2022-09-27 15:40:00,1,11.7,101.3,1.9,27.0,0.9059024390243902,14.8,1678.3,0.4,99.4,55.0,66.0,72.0,92.0,40.0,49.0
2022-09-27 15:50:00,1,10.8,101.4,2.0,28.0,0.8032195121951219,14.7,1669.3,-0.3,99.4,55.0,67.0,72.0,93.0,40.0,50.0
2022-09-27 16:00:00,1,10.8,121.8,22.5,28.0,0.813560975609756,14.7,1659.8,-0.1,99.4,55.0,67.0,72.0,93.0,40.0,51.0
2022-09-27 16:10:00,1,10.2,101.2,1.8,28.0,0.6958536585365853,14.6,1649.4,-0.8,99.4,54.0,66.0,73.0,93.0,41.0,51.0
2022-09-27 16:20:00,1,11.1,97.3,-3.5,28.0,0.8342439024390245,14.8,1671.5,0.0,100.8,55.0,67.0,73.0,93.0,41.0,52.0
2022-09-27 16:30:00,1,11.7,109.6,8.9,28.0,0.9213658536585364,14.8,1678.1,0.9,100.8,55.0,67.0,73.0,93.0,41.0,52.0
2022-09-27 16:40:00,1,11.8,88.4,-4.6,28.0,0.8946341463414634,14.8,1677.7,1.7000000000000002,93.1,55.0,68.0,73.0,94.0,41.0,53.0
2022-09-27 16:50:00,1,11.3,74.3,-18.7,28.0,0.8636585365853658,14.8,1674.3,0.3,93.1,56.0,68.0,73.0,94.0,41.0,52.0
2022-09-27 17:00:00,1,11.1,91.2,-1.8,28.0,0.8307317073170731,14.8,1671.8,-0.1,93.1,56.0,68.0,74.0,95.0,42.0,46.0
2022-09-27 17:10:00,1,10.0,101.9,7.4,28.0,0.4454634146341463,12.9,1465.5,11.5,94.5,55.0,66.0,74.0,95.0,42.0,44.0
2022-09-27 17:20:00,1,9.8,124.0,21.8,28.0,-0.0141951219512195,0.0,19.5,86.0,102.2,53.0,60.0,71.0,91.0,43.0,46.0
2022-09-27 17:30:00,1,9.7,105.2,-5.4,28.0,-0.0133658536585365,0.0,31.4,86.0,110.6,50.0,56.0,66.0,86.0,44.0,47.0
2022-09-27 17:40:00,1,10.3,92.2,-18.4,28.0,0.4760975609756097,11.3,1291.4,17.7,110.6,53.0,57.0,66.0,82.0,42.0,48.0
2022-09-27 17:50:00,1,11.0,117.2,14.3,28.0,0.794829268292683,14.7,1667.4,0.3,102.9,55.0,64.0,71.0,85.0,40.0,49.0
2022-09-27 18:00:00,1,10.8,105.2,-7.2,27.0,0.6434146341463415,14.7,1664.4,2.4,112.4,54.0,65.0,73.0,86.0,40.0,49.0
2022-09-27 18:10:00,1,10.6,107.8,-7.3,27.0,-0.0145853658536585,0.2,48.8,83.2,115.2,52.0,60.0,70.0,83.0,41.0,50.0
2022-09-27 18:20:00,1,10.6,103.1,-12.0,27.0,0.3322926829268293,6.8,789.1,44.8,115.1,51.0,57.0,65.0,78.0,42.0,51.0
2022-09-27 18:30:00,1,10.7,113.9,6.4,27.0,0.7705365853658536,14.6,1659.2,0.1,107.4,55.0,63.0,71.0,80.0,39.0,51.0
2022-09-27 18:40:00,1,10.1,108.5,1.4,27.0,0.7266341463414634,14.7,1660.8,-1.1,107.1,53.0,65.0,74.0,82.0,39.0,51.0
2022-09-27 18:50:00,1,10.5,109.9,2.8,27.0,0.7487317073170732,14.7,1662.8,-0.7000000000000001,107.1,53.0,65.0,76.0,84.0,39.0,52.0
2022-09-27 19:00:00,1,10.7,102.2,-3.2,27.0,0.7882439024390244,14.7,1669.5,-0.6000000000000001,105.3,53.0,65.0,77.0,85.0,39.0,52.0
2022-09-27 19:10:00,1,9.0,107.4,2.0,27.0,0.5324390243902439,14.4,1628.3,-1.8,105.4,53.0,64.0,78.0,85.0,40.0,52.0
2022-09-27 19:20:00,1,9.9,121.9,7.8,26.0,0.6591707317073171,14.7,1659.9,-1.2,114.1,52.0,64.0,78.0,85.0,39.0,52.0
2022-09-27 19:30:00,1,8.6,106.8,-7.3,26.0,0.4470731707317073,14.3,1624.5,-2.1,114.1,52.0,63.0,78.0,85.0,39.0,53.0
2022-09-27 19:40:00,1,10.0,115.8,1.7000000000000002,26.0,0.6437560975609756,14.7,1662.4,-1.3,114.1,52.0,63.0,78.0,84.0,39.0,53.0
2022-09-27 19:50:00,1,8.9,111.9,6.2,26.0,0.5357073170731708,14.4,1630.1,-1.9,105.7,51.0,63.0,78.0,84.0,39.0,53.0
2022-09-27 20:00:00,1,10.0,119.0,13.3,25.0,0.7035121951219513,14.5,1645.8,-1.0,105.7,51.0,63.0,78.0,84.0,39.0,49.0
2022-09-27 20:10:00,1,11.2,108.0,2.3,25.0,0.8326341463414635,14.7,1669.7,0.8,105.7,52.0,64.0,78.0,85.0,38.0,44.0
2022-09-27 20:20:00,1,10.7,91.6,-14.1,25.0,0.7983414634146341,14.7,1663.4,0.1,105.7,52.0,64.0,78.0,86.0,38.0,45.0
2022-09-27 20:30:00,1,11.7,102.1,-11.3,25.0,0.9120975609756098,14.8,1675.8,1.5,113.4,53.0,65.0,78.0,86.0,38.0,47.0
2022-09-27 20:40:00,1,9.9,113.4,0.0,25.0,0.6834634146341463,14.6,1650.1,-1.0,113.4,52.0,64.0,79.0,87.0,38.0,48.0
2022-09-27 20:50:00,1,8.1,103.6,-9.8,24.0,0.4238048780487805,13.9,1575.7,-2.0,113.4,51.0,62.0,78.0,86.0,38.0,48.0
2022-09-27 21:00:00,1,7.4,124.5,1.6,24.0,0.3358048780487804,13.2,1493.6,-1.7000000000000002,122.9,53.0,60.0,76.0,83.0,38.0,49.0
2022-09-27 21:10:00,1,8.3,121.5,-1.4,24.0,0.4545365853658536,13.8,1560.0,-1.7000000000000002,122.9,55.0,61.0,74.0,81.0,38.0,49.0
2022-09-27 21:20:00,1,9.8,114.5,-15.4,24.0,0.6387804878048781,14.4,1632.1,-0.9,129.9,55.0,63.0,74.0,80.0,38.0,50.0
2022-09-27 21:30:00,1,9.2,138.6,8.7,24.0,0.5623414634146341,14.4,1632.8,-1.7000000000000002,129.9,52.0,63.0,73.0,80.0,37.0,50.0
2022-09-27 21:40:00,1,9.9,100.7,-29.2,24.0,0.6806341463414634,14.6,1652.8,-1.2,129.9,52.0,63.0,72.0,78.0,37.0,50.0
2022-09-27 21:50:00,1,10.3,116.0,-13.8,24.0,0.726,14.7,1660.2,-1.0,129.9,52.0,63.0,72.0,77.0,37.0,50.0
2022-09-27 22:00:00,1,10.1,111.8,-18.1,23.0,0.6714146341463415,14.7,1661.8,-1.1,129.9,51.0,63.0,71.0,76.0,37.0,50.0
2022-09-27 22:10:00,1,10.2,131.6,1.7000000000000002,23.0,0.7375121951219512,14.7,1659.7,-1.0,129.9,51.0,63.0,71.0,76.0,37.0,51.0
2022-09-27 22:20:00,1,10.1,134.6,4.8,23.0,0.7119512195121951,14.6,1657.9,-1.1,129.9,51.0,63.0,71.0,76.0,37.0,51.0
2022-09-27 22:30:00,1,8.9,114.7,-15.2,23.0,0.5340487804878049,14.4,1628.7,-1.9,129.9,51.0,62.0,70.0,75.0,37.0,51.0
2022-09-27 22:40:00,1,8.0,118.8,-3.0,23.0,0.4190243902439024,14.0,1589.5,-2.1,121.8,54.0,61.0,70.0,75.0,36.0,51.0
2022-09-27 22:50:00,1,8.0,131.4,9.5,23.0,0.4036097560975609,14.0,1589.0,-2.1,121.8,55.0,61.0,69.0,73.0,36.0,51.0
2022-09-27 23:00:00,1,7.6,116.4,-5.4,23.0,0.3119512195121951,13.8,1559.4,-2.2,121.8,55.0,61.0,68.0,71.0,36.0,51.0
2022-09-27 23:10:00,1,6.8,131.7,9.5,23.0,0.2148292682926829,12.9,1461.3,-2.0,122.2,55.0,60.0,67.0,69.0,36.0,51.0
2022-09-27 23:20:00,1,6.2,122.6,0.4,23.0,0.15,12.2,1376.5,-1.8,122.1,55.0,58.0,66.0,65.0,36.0,51.0
2022-09-27 23:30:00,1,6.0,116.7,1.2,24.0,0.1393170731707317,11.9,1350.0,-1.7000000000000002,115.5,54.0,57.0,64.0,62.0,35.0,51.0
2022-09-27 23:40:00,1,5.2,107.2,-6.9,24.0,0.0878048780487804,11.4,1287.7,-1.2,114.1,53.0,56.0,62.0,60.0,35.0,51.0
2022-09-27 23:50:00,1,6.1,136.3,23.3,24.0,0.1729268292682926,12.1,1366.7,-1.8,113.1,54.0,57.0,61.0,58.0,35.0,51.0
2022-09-28 00:00:00,1,6.7,121.9,8.8,23.0,0.2078048780487804,12.7,1438.3,-2.0,113.1,54.0,57.0,60.0,56.0,36.0,51.0
2022-09-28 00:10:00,1,7.4,116.7,-4.4,23.0,0.3006829268292683,13.6,1536.7,-2.1,121.1,55.0,59.0,61.0,56.0,36.0,51.0
2022-09-28 00:20:00,1,6.7,108.7,-12.4,23.0,0.2105853658536585,12.6,1427.4,-1.9,121.1,55.0,59.0,60.0,55.0,36.0,51.0
2022-09-28 00:30:00,1,6.4,102.5,-11.3,23.0,0.204780487804878,12.5,1420.2,-1.7000000000000002,113.8,54.0,58.0,58.0,54.0,35.0,51.0
2022-09-28 00:40:00,1,7.2,118.4,4.6,23.0,0.2626341463414634,13.3,1506.4,-2.0,113.7,55.0,59.0,59.0,54.0,36.0,50.0
2022-09-28 00:50:00,1,6.4,128.7,21.6,23.0,0.1988292682926829,12.4,1406.8,-1.7000000000000002,107.1,55.0,59.0,59.0,53.0,36.0,50.0
2022-09-28 01:00:00,1,6.2,119.5,12.4,23.0,0.1664390243902438,12.2,1378.7,-1.8,107.1,54.0,57.0,56.0,53.0,36.0,50.0
2022-09-28 01:10:00,1,6.4,99.5,-0.3,23.0,0.1784878048780487,12.3,1396.8,-1.9,99.7,54.0,57.0,56.0,52.0,35.0,50.0
2022-09-28 01:20:00,1,7.8,106.2,6.5,23.0,0.3024390243902439,13.9,1577.2,-2.2,99.7,55.0,59.0,57.0,52.0,35.0,50.0
2022-09-28 01:30:00,1,7.8,78.4,-21.3,23.0,0.3439512195121951,14.0,1586.7,-2.2,99.7,55.0,60.0,58.0,52.0,35.0,50.0
2022-09-28 01:40:00,1,9.0,88.9,-3.0,23.0,0.5319999999999999,14.5,1646.7,-2.0,92.0,56.0,62.0,59.0,52.0,36.0,50.0
2022-09-28 01:50:00,1,8.7,82.9,-9.1,23.0,0.4917073170731707,14.4,1632.4,-2.0,92.0,53.0,62.0,60.0,53.0,36.0,50.0
2022-09-28 02:00:00,1,9.2,93.7,1.7000000000000002,23.0,0.5507317073170732,14.6,1658.0,-2.0,92.0,51.0,62.0,61.0,54.0,36.0,50.0
2022-09-28 02:10:00,1,9.3,100.8,8.7,23.0,0.5995609756097561,14.7,1663.9,-1.9,92.0,51.0,62.0,62.0,54.0,36.0,50.0
2022-09-28 02:20:00,1,8.3,107.9,9.5,23.0,0.4285365853658536,14.3,1620.1,-2.2,98.3,53.0,61.0,62.0,55.0,36.0,50.0
2022-09-28 02:30:00,1,7.9,106.9,8.6,23.0,0.3552682926829268,14.0,1587.8,-2.2,98.3,54.0,60.0,62.0,55.0,36.0,50.0
2022-09-28 02:40:00,1,7.2,112.9,14.5,23.0,0.2795609756097561,13.3,1505.1,-2.1,98.3,55.0,60.0,62.0,55.0,35.0,50.0
2022-09-28 02:50:00,1,6.3,98.9,0.6000000000000001,23.0,0.1800975609756097,12.2,1383.0,-1.8,98.3,54.0,58.0,60.0,54.0,35.0,50.0
2022-09-28 03:00:00,1,5.9,88.9,-9.5,23.0,0.1533170731707317,11.9,1353.4,-1.6,98.3,54.0,57.0,59.0,53.0,35.0,50.0
2022-09-28 03:10:00,1,6.7,98.6,0.6000000000000001,23.0,0.2270731707317073,12.6,1432.5,-2.0,98.0,54.0,57.0,58.0,52.0,35.0,50.0
2022-09-28 03:20:00,1,7.6,100.6,2.6,23.0,0.3246829268292683,13.8,1565.9,-2.2,98.0,55.0,59.0,59.0,52.0,35.0,50.0
2022-09-28 03:30:00,1,8.6,109.6,11.6,23.0,0.4572195121951219,14.1,1598.2,-1.8,98.0,55.0,60.0,60.0,52.0,35.0,50.0
2022-09-28 03:40:00,1,8.0,102.6,-3.1,23.0,0.3850243902439024,13.8,1563.0,-1.9,105.7,56.0,62.0,60.0,52.0,35.0,49.0
2022-09-28 03:50:00,1,7.3,108.5,10.5,23.0,0.3125853658536585,13.3,1511.8,-2.0,98.0,56.0,60.0,59.0,53.0,35.0,49.0
2022-09-28 04:00:00,1,7.0,101.8,0.6000000000000001,23.0,0.2703414634146341,13.0,1471.2,-1.9,101.1,56.0,60.0,59.0,52.0,35.0,49.0
2022-09-28 04:10:00,1,6.1,86.3,-14.8,23.0,0.1547317073170731,12.1,1371.3,-1.7000000000000002,101.1,55.0,58.0,58.0,52.0,35.0,49.0
2022-09-28 04:20:00,1,7.5,106.4,5.3,23.0,0.3257073170731707,13.6,1535.9,-2.0,101.1,56.0,59.0,58.0,51.0,35.0,49.0
2022-09-28 04:30:00,1,8.9,108.5,-1.3,23.0,0.5263902439024389,14.3,1621.7,-1.8,109.9,56.0,61.0,58.0,51.0,35.0,49.0
2022-09-28 04:40:00,1,8.8,110.8,0.9,23.0,0.4989268292682927,14.4,1626.8,-1.8,109.9,52.0,62.0,60.0,52.0,35.0,49.0
2022-09-28 04:50:00,1,9.7,116.7,6.8,23.0,0.6248292682926829,14.6,1650.8,-1.3,109.9,51.0,62.0,60.0,52.0,36.0,49.0
2022-09-28 05:00:00,1,10.6,106.1,-3.7,23.0,0.747219512195122,14.6,1658.6,-0.3,109.9,51.0,62.0,61.0,54.0,36.0,49.0
2022-09-28 05:10:00,1,11.2,117.9,8.0,23.0,0.8479512195121951,14.7,1665.8,0.4,109.9,51.0,63.0,62.0,55.0,36.0,49.0
2022-09-28 05:20:00,1,11.4,102.6,0.8,23.0,0.9053658536585366,14.8,1673.7,0.9,101.8,51.0,63.0,63.0,57.0,36.0,49.0
2022-09-28 05:30:00,1,10.6,106.5,4.6,23.0,0.7468292682926829,14.7,1660.1,0.4,101.8,51.0,63.0,64.0,59.0,36.0,49.0
2022-09-28 05:40:00,1,10.5,86.8,-15.1,23.0,0.7582926829268293,14.7,1667.8,-0.4,101.8,51.0,63.0,65.0,60.0,36.0,50.0
2022-09-28 05:50:00,1,11.1,111.1,16.6,23.0,0.8408780487804878,14.8,1672.9,0.4,94.5,51.0,63.0,66.0,61.0,36.0,50.0
2022-09-28 06:00:00,1,11.6,90.1,-4.3,23.0,0.9070243902439024,14.8,1676.1,1.1,94.5,51.0,64.0,66.0,62.0,36.0,50.0
2022-09-28 06:10:00,1,11.2,84.3,-10.2,23.0,0.8803414634146342,14.8,1676.6,0.3,94.5,51.0,64.0,67.0,63.0,36.0,50.0
2022-09-28 06:20:00,1,11.5,117.9,23.4,23.0,0.9165853658536586,14.8,1676.6,0.9,94.5,52.0,64.0,68.0,64.0,36.0,50.0
2022-09-28 06:30:00,1,10.9,75.3,-18.8,23.0,0.850390243902439,14.8,1671.9,-0.2,94.1,52.0,64.0,69.0,66.0,36.0,51.0
2022-09-28 06:40:00,1,11.8,91.7,-2.4,23.0,0.9267317073170732,14.8,1678.3,1.6,94.1,52.0,64.0,69.0,67.0,36.0,51.0
2022-09-28 06:50:00,1,11.6,96.0,1.8,23.0,0.8660975609756097,14.8,1670.9,1.4,94.1,52.0,64.0,71.0,68.0,37.0,51.0
2022-09-28 07:00:00,1,10.6,86.9,-15.0,23.0,0.8015121951219512,14.7,1666.5,-0.2,101.8,52.0,64.0,74.0,69.0,37.0,51.0
2022-09-28 07:10:00,1,11.2,101.0,-1.2,23.0,0.8698048780487805,14.8,1673.6,0.3,102.2,52.0,64.0,77.0,70.0,37.0,51.0
2022-09-28 07:20:00,1,11.2,82.3,-19.8,23.0,0.8465853658536585,14.8,1672.4,0.1,102.2,52.0,64.0,78.0,77.0,37.0,51.0
2022-09-28 07:30:00,1,12.0,99.6,3.7,23.0,0.9409268292682929,14.8,1677.9,2.2,95.9,52.0,64.0,79.0,84.0,37.0,51.0
2022-09-28 07:40:00,1,11.4,115.1,19.2,23.0,0.8916585365853659,14.8,1675.5,0.6000000000000001,95.9,52.0,64.0,78.0,88.0,37.0,52.0
2022-09-28 07:50:00,1,11.1,89.4,-6.2,23.0,0.8514146341463416,14.8,1671.9,0.4,95.5,52.0,64.0,78.0,89.0,37.0,52.0
2022-09-28 08:00:00,1,10.8,87.0,-8.5,23.0,0.8240975609756098,14.8,1672.4,-0.4,95.5,52.0,64.0,77.0,90.0,37.0,52.0
2022-09-28 08:10:00,1,11.3,84.5,-11.1,23.0,0.888390243902439,14.8,1672.1,0.7000000000000001,95.5,52.0,64.0,76.0,90.0,37.0,52.0
2022-09-28 08:20:00,1,11.6,69.0,-26.5,23.0,0.8870243902439024,14.8,1677.4,1.3,95.5,52.0,64.0,75.0,91.0,37.0,52.0
2022-09-28 08:30:00,1,11.1,82.4,-13.1,23.0,0.8740975609756098,14.8,1673.3,0.2,95.5,52.0,64.0,74.0,91.0,37.0,52.0
2022-09-28 08:40:00,1,10.0,94.9,-0.6000000000000001,23.0,0.7059512195121952,14.7,1665.9,-1.3,95.5,52.0,63.0,74.0,91.0,37.0,52.0
2022-09-28 08:50:00,1,10.0,113.4,17.8,23.0,0.6991219512195123,14.7,1661.2,-1.1,95.5,51.0,63.0,73.0,90.0,38.0,52.0
2022-09-28 09:00:00,1,9.1,96.5,-4.3,23.0,0.5617560975609756,14.4,1633.5,-1.7000000000000002,100.8,50.0,62.0,73.0,89.0,37.0,52.0
2022-09-28 09:10:00,1,9.6,88.0,-12.8,23.0,0.6382926829268293,14.6,1655.0,-1.6,100.8,54.0,62.0,72.0,88.0,37.0,52.0
2022-09-28 09:20:00,1,10.8,114.6,13.8,23.0,0.7571707317073171,14.7,1670.4,-0.4,100.8,56.0,64.0,72.0,88.0,37.0,52.0
2022-09-28 09:30:00,1,11.1,101.2,0.4,23.0,0.868390243902439,14.7,1670.8,0.3,100.8,53.0,65.0,72.0,88.0,37.0,52.0
2022-09-28 09:40:00,1,11.8,135.1,34.3,23.0,0.918,14.8,1675.1,1.7000000000000002,100.8,53.0,65.0,72.0,88.0,37.0,52.0
2022-09-28 09:50:00,1,12.3,119.8,19.1,24.0,0.9404878048780488,14.8,1676.6,3.0,100.8,53.0,65.0,71.0,89.0,37.0,52.0
2022-09-28 10:00:00,1,12.1,81.6,-19.2,24.0,0.9129756097560976,14.8,1671.8,2.7,100.8,53.0,65.0,71.0,90.0,37.0,52.0
2022-09-28 10:10:00,1,12.4,102.8,2.1,24.0,0.9189756097560976,14.8,1674.7,3.2,100.8,53.0,65.0,72.0,91.0,37.0,53.0
2022-09-28 10:20:00,1,12.1,100.2,-0.5,24.0,0.9362439024390244,14.8,1677.7,2.0,100.8,53.0,65.0,72.0,91.0,38.0,53.0
2022-09-28 10:30:00,1,11.1,74.1,-19.6,24.0,0.8280000000000001,14.7,1670.1,0.6000000000000001,93.8,53.0,65.0,72.0,91.0,39.0,46.0
2022-09-28 10:40:00,1,12.0,124.4,24.3,24.0,0.9166341463414632,14.8,1678.6,1.7000000000000002,100.1,53.0,65.0,72.0,92.0,38.0,44.0
2022-09-28 10:50:00,1,10.9,87.0,-10.3,25.0,0.7310243902439024,14.5,1641.5,1.4,97.3,53.0,65.0,72.0,92.0,38.0,46.0
2022-09-28 11:00:00,1,10.2,100.9,-6.2,25.0,0.7074146341463415,14.6,1657.1,-1.0,107.1,52.0,64.0,72.0,92.0,39.0,48.0
2022-09-28 11:10:00,1,9.8,106.0,7.6,25.0,0.639609756097561,14.5,1638.5,-1.0,98.4,52.0,63.0,72.0,91.0,39.0,48.0
2022-09-28 11:20:00,1,10.3,84.4,-36.7,25.0,0.6730243902439025,14.6,1654.3,-0.8,121.1,52.0,63.0,72.0,90.0,40.0,49.0
2022-09-28 11:30:00,1,11.7,111.7,-9.1,25.0,0.8528292682926829,14.8,1672.5,1.3,120.7,52.0,64.0,73.0,90.0,39.0,49.0
2022-09-28 11:40:00,1,10.7,99.4,-6.6,26.0,0.7359512195121951,14.6,1649.6,0.4,106.0,52.0,64.0,72.0,90.0,39.0,50.0
2022-09-28 11:50:00,1,12.5,107.6,3.3,26.0,0.933609756097561,14.8,1676.2,3.3,104.3,53.0,65.0,72.0,91.0,38.0,51.0
2022-09-28 12:00:00,1,13.0,113.4,9.1,25.0,0.960780487804878,14.8,1680.5,5.1,104.3,54.0,66.0,72.0,91.0,38.0,51.0
2022-09-28 12:10:00,1,13.5,106.1,1.8,26.0,0.9558048780487806,14.8,1680.2,5.3,104.3,54.0,66.0,73.0,92.0,39.0,52.0
2022-09-28 12:20:00,1,14.5,110.0,1.5,26.0,0.964829268292683,14.8,1680.8,7.9,108.5,54.0,66.0,73.0,93.0,40.0,50.0
2022-09-28 12:30:00,1,15.7,109.8,-0.1,26.0,0.972439024390244,14.9,1682.4,10.3,109.9,55.0,67.0,73.0,94.0,40.0,45.0
2022-09-28 12:40:00,1,14.6,107.0,4.5,26.0,0.9682926829268292,14.8,1680.7,8.2,102.5,55.0,67.0,74.0,95.0,40.0,45.0
2022-09-28 12:50:00,1,13.9,111.6,2.8,26.0,0.9294146341463414,14.8,1675.6,6.4,108.8,55.0,67.0,74.0,96.0,40.0,48.0
2022-09-28 13:00:00,1,14.8,124.4,15.9,26.0,0.9720975609756096,14.8,1680.1,9.0,108.5,55.0,67.0,74.0,96.0,40.0,50.0
2022-09-28 13:10:00,1,16.0,139.7,22.5,26.0,0.9751219512195122,14.8,1682.1,11.1,117.2,56.0,68.0,76.0,97.0,41.0,51.0
2022-09-28 13:20:00,1,16.5,127.9,18.6,26.0,0.974780487804878,14.8,1680.7,12.0,109.2,56.0,68.0,77.0,97.0,41.0,52.0
2022-09-28 13:30:00,1,15.7,100.0,-8.5,26.0,0.970341463414634,14.8,1679.9,10.0,108.5,56.0,68.0,78.0,97.0,42.0,47.0
2022-09-28 13:40:00,1,15.2,140.0,33.6,26.0,0.9710243902439024,14.8,1680.9,9.4,106.4,56.0,68.0,81.0,98.0,42.0,44.0
2022-09-28 13:50:00,1,15.2,121.8,9.7,26.0,0.9242439024390244,14.8,1681.2,9.8,112.0,56.0,68.0,82.0,98.0,42.0,44.0
2022-09-28 14:00:00,1,15.6,112.6,4.4,26.0,0.9110731707317072,14.8,1681.5,10.6,108.2,56.0,68.0,83.0,98.0,42.0,47.0
2022-09-28 14:10:00,1,16.2,105.5,-6.5,26.0,0.9062926829268292,14.8,1681.4,11.9,112.0,56.0,68.0,84.0,98.0,42.0,49.0
2022-09-28 14:20:00,1,16.2,118.5,6.5,26.0,0.9280975609756096,14.8,1680.2,11.5,112.0,56.0,68.0,84.0,98.0,42.0,51.0
2022-09-28 14:30:00,1,14.2,107.5,-4.5,26.0,0.964,14.8,1680.5,7.3,112.0,57.0,68.0,82.0,98.0,42.0,52.0
2022-09-28 14:40:00,1,16.0,105.9,-12.3,26.0,0.9738048780487804,14.8,1680.7,11.0,118.3,57.0,69.0,81.0,98.0,43.0,48.0
2022-09-28 14:50:00,1,17.0,132.6,14.6,26.0,0.9753170731707318,14.9,1683.4,12.9,117.9,57.0,69.0,80.0,98.0,43.0,45.0
2022-09-28 15:00:00,1,17.3,99.1,-10.4,26.0,0.9754146341463414,14.8,1679.6,13.7,109.6,57.0,69.0,81.0,98.0,43.0,44.0
2022-09-28 15:10:00,1,15.9,121.0,11.5,26.0,0.5102926829268293,8.7,992.8,43.2,109.6,57.0,67.0,80.0,98.0,43.0,46.0
2022-09-28 15:20:00,1,16.6,120.5,10.9,26.0,-0.0141951219512195,0.0,37.6,86.0,109.6,54.0,60.0,74.0,94.0,45.0,48.0
2022-09-28 15:30:00,1,15.4,116.1,5.5,26.0,-0.0133170731707317,0.0,33.0,86.0,110.6,50.0,55.0,69.0,89.0,45.0,49.0
2022-09-28 15:40:00,1,11.3,97.7,-19.2,26.0,-0.0129756097560975,0.0,39.1,86.0,116.9,50.0,52.0,65.0,84.0,43.0,50.0
2022-09-28 15:50:00,1,11.3,120.6,-4.4,27.0,-0.0130731707317073,0.0,29.8,86.0,124.9,50.0,50.0,61.0,79.0,42.0,50.0
2022-09-28 16:00:00,1,13.2,115.8,-1.8,26.0,-0.0132682926829268,0.0,29.1,86.0,117.6,49.0,48.0,58.0,74.0,42.0,51.0
2022-09-28 16:10:00,1,16.5,110.0,-1.3,26.0,-0.0133658536585365,0.0,36.3,86.0,111.3,49.0,47.0,56.0,70.0,41.0,51.0
2022-09-28 16:20:00,1,15.9,113.3,12.1,26.0,-0.0132682926829268,0.0,31.6,86.0,101.1,48.0,46.0,53.0,66.0,41.0,51.0
2022-09-28 16:30:00,1,15.2,100.7,-8.5,26.0,0.198780487804878,4.0,488.2,65.5,109.2,49.0,46.0,51.0,63.0,40.0,51.0
2022-09-28 16:40:00,1,14.6,95.1,-21.5,26.0,0.9686829268292684,14.8,1681.1,8.3,116.5,55.0,59.0,60.0,70.0,38.0,51.0
2022-09-28 16:50:00,1,13.7,106.7,-8.4,26.0,0.9573170731707316,14.8,1678.6,5.8,115.1,54.0,65.0,66.0,76.0,37.0,51.0
2022-09-28 17:00:00,1,15.3,81.2,-17.1,26.0,0.9749756097560976,14.9,1682.5,9.8,98.3,55.0,66.0,70.0,80.0,37.0,52.0
2022-09-28 17:10:00,1,14.9,96.6,-9.5,26.0,0.9736585365853658,14.8,1681.8,8.5,106.0,55.0,67.0,72.0,83.0,38.0,52.0
2022-09-28 17:20:00,1,14.0,127.3,18.4,26.0,0.9686341463414634,14.9,1682.1,6.9,108.8,55.0,67.0,75.0,85.0,38.0,46.0
2022-09-28 17:30:00,1,15.3,106.7,5.6,26.0,0.9754634146341464,14.8,1681.3,9.6,101.1,55.0,67.0,76.0,87.0,39.0,44.0
2022-09-28 17:40:00,1,14.0,87.7,-13.5,26.0,0.9612682926829268,14.8,1678.6,6.9,101.1,55.0,67.0,77.0,89.0,39.0,46.0
2022-09-28 17:50:00,1,15.2,125.0,16.5,26.0,0.966341463414634,14.8,1681.3,9.7,108.5,56.0,67.0,78.0,90.0,39.0,48.0
2022-09-28 18:00:00,1,12.1,96.6,-4.5,26.0,0.9134146341463416,14.8,1674.6,2.9,101.1,55.0,67.0,79.0,92.0,39.0,50.0
2022-09-28 18:10:00,1,14.2,91.0,-15.8,26.0,0.9693170731707316,14.8,1680.8,7.2,106.7,56.0,68.0,80.0,93.0,39.0,51.0
2022-09-28 18:20:00,1,13.9,96.2,-3.5,25.0,0.9682926829268292,14.8,1679.8,6.9,99.7,56.0,68.0,81.0,93.0,40.0,52.0
2022-09-28 18:30:00,1,11.5,87.1,-12.6,26.0,0.8789268292682927,14.8,1672.4,0.9,99.7,56.0,68.0,81.0,94.0,40.0,49.0
2022-09-28 18:40:00,1,10.3,119.1,16.8,26.0,0.7382926829268293,14.6,1649.9,-0.5,102.2,55.0,67.0,82.0,94.0,41.0,44.0
2022-09-28 18:50:00,1,11.7,107.5,-9.0,25.0,0.8808292682926829,14.7,1668.7,1.0,116.5,55.0,67.0,82.0,94.0,40.0,45.0
2022-09-28 19:00:00,1,13.8,96.1,-14.8,24.0,0.949170731707317,14.8,1677.5,6.5,111.0,55.0,67.0,82.0,94.0,39.0,47.0
2022-09-28 19:10:00,1,13.8,102.1,-8.4,24.0,0.9304878048780488,14.8,1675.3,6.2,110.6,55.0,67.0,82.0,95.0,40.0,49.0
2022-09-28 19:20:00,1,15.6,101.9,-3.4,24.0,0.9752682926829268,14.8,1681.0,10.4,105.3,55.0,67.0,83.0,95.0,40.0,50.0
2022-09-28 19:30:00,1,16.6,103.8,1.9,24.0,0.9750731707317074,14.8,1680.5,12.4,101.8,56.0,67.0,83.0,95.0,40.0,52.0
2022-09-28 19:40:00,1,14.2,110.3,2.1,24.0,0.967560975609756,14.8,1679.6,7.7,108.1,56.0,67.0,83.0,96.0,40.0,52.0
2022-09-28 19:50:00,1,11.4,144.6,36.4,24.0,0.9045365853658536,14.8,1671.6,1.3,108.2,55.0,67.0,83.0,96.0,40.0,47.0
2022-09-28 20:00:00,1,13.3,96.4,-21.2,24.0,0.9341463414634148,14.8,1678.1,5.0,117.6,55.0,67.0,83.0,97.0,40.0,44.0
2022-09-28 20:10:00,1,12.4,107.6,-0.2,24.0,0.912,14.8,1674.4,3.3,107.8,55.0,67.0,83.0,97.0,39.0,47.0
2022-09-28 20:20:00,1,12.7,113.6,1.3,23.0,0.9026829268292684,14.8,1674.3,3.3,112.4,55.0,67.0,83.0,97.0,40.0,49.0
2022-09-28 20:30:00,1,12.1,113.1,0.7000000000000001,23.0,0.8977560975609756,14.8,1672.6,2.5,112.3,55.0,66.0,83.0,96.0,40.0,50.0
2022-09-28 20:40:00,1,12.1,103.4,-0.9,23.0,0.6544390243902438,11.5,1307.6,21.5,104.3,54.0,65.0,82.0,95.0,39.0,51.0
2022-09-28 20:50:00,1,11.1,97.7,-12.9,23.0,0.8409268292682928,14.7,1667.8,0.3,110.6,53.0,65.0,82.0,94.0,40.0,52.0
2022-09-28 21:00:00,1,13.0,106.9,-3.7,23.0,0.9453170731707318,14.8,1679.1,4.3,110.6,54.0,66.0,82.0,94.0,39.0,52.0
2022-09-28 21:10:00,1,11.8,107.8,-2.8,23.0,0.9017073170731708,14.7,1670.6,1.7000000000000002,110.6,54.0,66.0,82.0,94.0,39.0,48.0
2022-09-28 21:20:00,1,11.5,126.0,15.4,23.0,0.8903414634146342,14.7,1669.3,2.0,110.6,54.0,65.0,82.0,94.0,40.0,44.0
2022-09-28 21:30:00,1,12.8,108.6,-1.9,23.0,0.966048780487805,14.9,1682.3,4.7,110.6,54.0,66.0,82.0,94.0,39.0,46.0
2022-09-28 21:40:00,1,13.0,114.4,3.8,23.0,0.962439024390244,14.8,1679.7,4.8,110.6,54.0,66.0,82.0,94.0,39.0,49.0
2022-09-28 21:50:00,1,11.9,93.5,-9.1,23.0,0.930439024390244,14.8,1675.5,2.1,102.5,54.0,66.0,82.0,94.0,39.0,50.0
2022-09-28 22:00:00,1,12.9,99.3,-9.8,23.0,0.9515609756097562,14.8,1679.6,4.2,109.2,54.0,66.0,82.0,95.0,39.0,51.0
2022-09-28 22:10:00,1,13.5,96.5,-12.7,23.0,0.9731219512195124,14.8,1681.3,6.7,109.2,54.0,66.0,82.0,95.0,38.0,52.0
2022-09-28 22:20:00,1,14.6,108.0,6.1,23.0,0.9724878048780488,14.9,1682.1,8.9,101.8,54.0,66.0,82.0,95.0,40.0,48.0
2022-09-28 22:30:00,1,14.1,103.7,0.5,23.0,0.975219512195122,14.8,1681.2,8.1,103.2,55.0,67.0,82.0,95.0,39.0,44.0
2022-09-28 22:40:00,1,15.0,99.2,-4.0,23.0,0.975609756097561,14.8,1681.1,9.8,103.2,55.0,66.0,82.0,96.0,40.0,47.0
2022-09-28 22:50:00,1,16.3,115.8,12.5,23.0,0.9755121951219512,14.8,1681.2,12.1,103.2,55.0,66.0,82.0,96.0,40.0,48.0
2022-09-28 23:00:00,1,17.4,79.8,-23.4,23.0,0.9755121951219512,14.8,1681.6,14.1,103.2,55.0,66.0,82.0,96.0,40.0,50.0
2022-09-28 23:10:00,1,17.1,94.7,-8.5,23.0,0.9755121951219512,14.8,1681.0,13.5,103.2,55.0,67.0,83.0,97.0,40.0,51.0
2022-09-28 23:20:00,1,15.8,102.7,-0.5,23.0,0.9755121951219512,14.8,1680.2,11.3,103.2,55.0,67.0,83.0,97.0,40.0,52.0
2022-09-28 23:30:00,1,16.0,101.8,-7.7,23.0,0.9752682926829268,14.8,1682.1,11.7,109.6,55.0,67.0,83.0,97.0,40.0,52.0
2022-09-28 23:40:00,1,16.7,115.0,5.5,23.0,0.9755121951219512,14.8,1680.1,12.7,109.6,55.0,67.0,83.0,97.0,40.0,46.0
2022-09-28 23:50:00,1,15.7,105.1,-4.5,23.0,0.9754146341463414,14.8,1680.8,11.1,109.6,55.0,67.0,83.0,98.0,40.0,45.0
2022-09-29 00:00:00,1,15.8,103.0,-6.5,23.0,0.9750243902439024,14.8,1681.2,11.2,109.5,55.0,67.0,83.0,98.0,40.0,47.0
2022-09-29 00:10:00,1,15.4,107.8,5.2,23.0,0.975170731707317,14.9,1682.3,10.4,102.5,55.0,67.0,83.0,97.0,40.0,49.0
2022-09-29 00:20:00,1,15.9,121.0,18.5,23.0,0.9749756097560976,14.8,1681.2,11.4,102.5,55.0,67.0,83.0,97.0,40.0,51.0
2022-09-29 00:30:00,1,14.6,91.1,-11.4,23.0,0.9750243902439024,14.9,1682.4,9.1,102.5,55.0,67.0,83.0,97.0,40.0,52.0
2022-09-29 00:40:00,1,15.7,101.1,-8.5,23.0,0.9753170731707318,14.8,1681.0,11.1,109.5,55.0,67.0,83.0,97.0,40.0,51.0
2022-09-29 00:50:00,1,14.9,98.2,-2.9,23.0,0.9748780487804878,14.8,1681.5,9.4,101.1,55.0,67.0,84.0,97.0,40.0,45.0
2022-09-29 01:00:00,1,14.3,127.9,19.7,23.0,0.9750731707317074,14.8,1681.8,8.1,108.1,55.0,67.0,84.0,98.0,40.0,45.0
2022-09-29 01:10:00,1,13.2,100.4,-7.7,23.0,0.972878048780488,14.8,1681.1,6.0,108.1,55.0,67.0,84.0,98.0,39.0,48.0
2022-09-29 01:20:00,1,12.8,98.2,-9.9,23.0,0.9461463414634146,14.8,1679.8,4.5,108.1,55.0,66.0,84.0,97.0,40.0,50.0
2022-09-29 01:30:00,1,12.2,108.3,0.2,22.0,0.9393170731707317,14.8,1678.6,2.9,108.1,55.0,66.0,84.0,97.0,39.0,51.0
2022-09-29 01:40:00,1,11.5,113.6,5.4,22.0,0.8831219512195122,14.7,1668.8,1.4,108.1,54.0,66.0,84.0,97.0,39.0,52.0
2022-09-29 01:50:00,1,14.5,89.9,-11.9,22.0,0.9732682926829268,14.9,1682.5,8.8,101.8,55.0,66.0,84.0,96.0,39.0,52.0
2022-09-29 02:00:00,1,14.4,116.5,15.1,22.0,0.9728292682926828,14.8,1680.8,8.4,101.5,55.0,66.0,83.0,96.0,40.0,46.0
2022-09-29 02:10:00,1,13.5,100.8,-0.7000000000000001,22.0,0.9739024390243902,14.8,1681.8,6.1,101.5,55.0,67.0,83.0,96.0,39.0,44.0
2022-09-29 02:20:00,1,13.1,81.9,-19.5,22.0,0.9547317073170732,14.8,1678.8,4.8,101.5,55.0,66.0,83.0,96.0,39.0,47.0
2022-09-29 02:30:00,1,13.5,106.2,4.7,22.0,0.9720487804878049,14.9,1682.3,5.9,101.5,55.0,66.0,83.0,97.0,39.0,49.0
2022-09-29 02:40:00,1,14.1,117.3,15.8,23.0,0.9755121951219512,14.8,1681.0,8.4,101.5,55.0,66.0,83.0,97.0,39.0,50.0
2022-09-29 02:50:00,1,14.8,109.6,8.1,23.0,0.975609756097561,14.8,1680.5,9.9,101.5,55.0,66.0,83.0,97.0,39.0,51.0
2022-09-29 03:00:00,1,15.3,109.0,7.5,23.0,0.9753658536585366,14.8,1681.4,10.2,101.5,55.0,66.0,83.0,97.0,40.0,52.0
2022-09-29 03:10:00,1,15.2,106.7,5.2,23.0,0.9754146341463414,14.8,1681.8,10.3,101.5,55.0,66.0,83.0,97.0,40.0,53.0
2022-09-29 03:20:00,1,14.5,101.5,0.0,23.0,0.9752682926829268,14.8,1680.2,8.6,101.5,55.0,67.0,83.0,97.0,40.0,48.0
2022-09-29 03:30:00,1,14.1,104.4,3.3,22.0,0.9733658536585368,14.8,1681.4,7.7,101.1,55.0,67.0,83.0,97.0,40.0,44.0
2022-09-29 03:40:00,1,13.2,102.5,1.4,22.0,0.9722439024390244,14.8,1681.1,5.7,101.1,55.0,66.0,83.0,97.0,39.0,46.0
2022-09-29 03:50:00,1,12.8,88.5,-12.6,22.0,0.967170731707317,14.8,1680.6,4.2,101.1,55.0,66.0,83.0,97.0,39.0,48.0
2022-09-29 04:00:00,1,12.7,96.4,-4.7,22.0,0.9665365853658536,14.8,1681.6,3.5,101.1,55.0,66.0,83.0,97.0,39.0,49.0
2022-09-29 04:10:00,1,12.1,105.1,12.0,23.0,0.9481951219512196,14.8,1680.1,2.3,93.1,54.0,66.0,83.0,96.0,39.0,51.0
2022-09-29 04:20:00,1,12.0,106.8,13.7,23.0,0.8878536585365853,14.8,1674.6,2.9,93.1,54.0,66.0,83.0,96.0,39.0,51.0
2022-09-29 04:30:00,1,13.2,102.3,0.4,23.0,0.9670243902439024,14.8,1679.7,5.6,101.8,54.0,66.0,83.0,96.0,39.0,52.0
2022-09-29 04:40:00,1,12.6,116.2,14.4,23.0,0.960439024390244,14.8,1681.3,4.4,101.8,54.0,66.0,83.0,96.0,40.0,52.0
2022-09-29 04:50:00,1,13.8,102.3,0.4,23.0,0.958,14.8,1679.5,6.8,101.8,55.0,66.0,83.0,96.0,40.0,47.0
2022-09-29 05:00:00,1,15.6,81.1,-20.7,23.0,0.9746829268292684,14.8,1680.7,10.5,101.8,55.0,67.0,83.0,96.0,40.0,44.0
2022-09-29 05:10:00,1,12.4,124.5,22.7,23.0,0.9484878048780488,14.8,1678.3,3.9,101.8,55.0,66.0,83.0,97.0,39.0,47.0
2022-09-29 05:20:00,1,12.4,94.7,-7.1,23.0,0.9332682926829268,14.8,1677.3,3.9,101.8,55.0,66.0,83.0,97.0,39.0,49.0
2022-09-29 05:30:00,1,11.9,96.7,-5.1,23.0,0.8842926829268293,14.8,1671.0,2.5,101.8,54.0,66.0,82.0,96.0,39.0,50.0
2022-09-29 05:40:00,1,11.7,90.8,-11.1,23.0,0.8628780487804878,14.7,1670.6,1.9,101.8,54.0,65.0,80.0,96.0,40.0,51.0
2022-09-29 05:50:00,1,12.9,98.6,-3.2,23.0,0.9651219512195122,14.8,1679.7,4.7,101.8,54.0,66.0,79.0,96.0,39.0,52.0
2022-09-29 06:00:00,1,12.8,83.1,-9.2,22.0,0.9485365853658536,14.8,1679.0,4.6,92.4,54.0,66.0,78.0,95.0,39.0,52.0
2022-09-29 06:10:00,1,13.0,83.8,-16.2,22.0,0.9745853658536586,14.8,1681.2,5.2,100.1,54.0,66.0,77.0,96.0,39.0,52.0
2022-09-29 06:20:00,1,12.6,87.8,-4.9,22.0,0.9619512195121952,14.8,1679.3,4.0,92.7,54.0,66.0,77.0,95.0,40.0,46.0
2022-09-29 06:30:00,1,13.2,92.0,-6.3,22.0,0.9629268292682926,14.8,1680.9,5.2,98.3,54.0,66.0,77.0,96.0,40.0,44.0
2022-09-29 06:40:00,1,13.7,86.0,-5.7,22.0,0.9712682926829268,14.8,1681.1,6.7,91.7,54.0,66.0,77.0,96.0,39.0,47.0
2022-09-29 06:50:00,1,12.5,94.0,2.4,22.0,0.962341463414634,14.8,1680.9,3.7,91.7,54.0,66.0,78.0,96.0,39.0,48.0
2022-09-29 07:00:00,1,12.4,91.5,-0.2,22.0,0.9680487804878048,14.8,1679.1,3.7,91.7,54.0,66.0,78.0,95.0,39.0,50.0
2022-09-29 07:10:00,1,12.0,91.5,-0.2,22.0,0.943219512195122,14.8,1678.1,2.1,91.7,54.0,66.0,78.0,95.0,39.0,51.0
2022-09-29 07:20:00,1,12.5,97.2,5.5,22.0,0.9533170731707316,14.8,1679.7,3.3,91.7,54.0,66.0,78.0,95.0,39.0,51.0
2022-09-29 07:30:00,1,11.9,83.0,-8.7,22.0,0.9218048780487804,14.8,1677.2,2.0,91.7,54.0,66.0,77.0,95.0,39.0,52.0
2022-09-29 07:40:00,1,13.5,106.9,10.3,22.0,0.9556097560975608,14.8,1680.5,5.6,96.6,54.0,66.0,77.0,95.0,39.0,52.0
2022-09-29 07:50:00,1,12.6,87.5,-3.1,22.0,0.967219512195122,14.8,1680.2,4.1,90.6,54.0,66.0,78.0,95.0,39.0,53.0
2022-09-29 08:00:00,1,12.9,89.8,-0.8,22.0,0.970390243902439,14.8,1681.5,4.6,90.6,54.0,66.0,77.0,95.0,39.0,49.0
2022-09-29 08:10:00,1,12.7,111.6,14.3,22.0,0.9602439024390244,14.8,1680.0,3.7,97.2,54.0,66.0,77.0,95.0,39.0,44.0
2022-09-29 08:20:00,1,13.0,93.7,3.8,22.0,0.974829268292683,14.8,1681.9,4.9,89.9,54.0,66.0,77.0,95.0,39.0,45.0
2022-09-29 08:30:00,1,14.3,102.0,12.1,22.0,0.9749756097560976,14.9,1681.6,7.7,89.9,54.0,66.0,77.0,95.0,39.0,47.0
2022-09-29 08:40:00,1,14.4,119.9,21.6,22.0,0.9755609756097562,14.8,1680.9,7.9,98.3,54.0,66.0,77.0,95.0,39.0,49.0
2022-09-29 08:50:00,1,14.1,86.1,-3.8,22.0,0.9754146341463414,14.8,1681.6,7.7,89.9,54.0,66.0,76.0,96.0,39.0,50.0
2022-09-29 09:00:00,1,13.7,68.7,-21.3,22.0,0.974,14.8,1681.5,7.2,89.9,54.0,66.0,76.0,96.0,39.0,51.0
2022-09-29 09:10:00,1,13.5,100.9,11.0,22.0,0.9733170731707316,14.8,1681.0,6.4,89.9,54.0,66.0,76.0,96.0,39.0,52.0
2022-09-29 09:20:00,1,13.9,96.5,6.5,23.0,0.9725853658536584,14.8,1680.8,7.6,89.9,55.0,66.0,76.0,96.0,39.0,52.0
2022-09-29 09:30:00,1,13.8,99.9,10.0,23.0,0.9714634146341464,14.8,1680.7,6.7,89.9,55.0,66.0,76.0,96.0,39.0,52.0
2022-09-29 09:40:00,1,13.9,95.5,0.0,23.0,0.968780487804878,14.8,1681.6,6.7,95.5,55.0,67.0,76.0,96.0,40.0,46.0
2022-09-29 09:50:00,1,13.5,93.8,3.5,23.0,0.9680487804878048,14.8,1681.3,5.4,90.3,55.0,67.0,76.0,97.0,40.0,45.0
2022-09-29 10:00:00,1,14.3,88.2,-0.6000000000000001,23.0,0.9581463414634148,14.8,1680.3,7.2,88.9,55.0,67.0,76.0,97.0,39.0,47.0
2022-09-29 10:10:00,1,16.2,79.4,-10.5,24.0,0.9754146341463414,14.8,1681.2,11.2,89.9,55.0,67.0,76.0,97.0,40.0,49.0
2022-09-29 10:20:00,1,15.0,95.4,5.5,24.0,0.9705365853658536,14.8,1680.9,9.2,89.9,55.0,67.0,76.0,97.0,40.0,50.0
2022-09-29 10:30:00,1,16.1,106.0,16.1,24.0,0.9732682926829268,14.8,1681.6,11.0,89.9,55.0,67.0,76.0,97.0,40.0,51.0
2022-09-29 10:40:00,1,16.1,87.5,-10.5,24.0,0.9755609756097562,14.8,1680.0,11.4,98.0,55.0,67.0,76.0,97.0,40.0,52.0
2022-09-29 10:50:00,1,15.2,94.5,3.9,24.0,0.975219512195122,14.9,1681.9,9.7,90.6,55.0,67.0,76.0,97.0,40.0,53.0
2022-09-29 11:00:00,1,15.9,107.6,17.0,24.0,0.9755609756097562,14.8,1680.7,11.4,90.6,56.0,67.0,76.0,97.0,41.0,49.0
2022-09-29 11:10:00,1,16.6,115.1,24.5,24.0,0.9755609756097562,14.8,1681.4,12.5,90.6,56.0,68.0,76.0,98.0,41.0,44.0
2022-09-29 11:20:00,1,15.6,94.1,3.5,24.0,0.9746341463414634,14.8,1680.1,10.6,90.6,56.0,68.0,78.0,98.0,41.0,46.0
2022-09-29 11:30:00,1,16.9,94.6,-5.5,25.0,0.9755121951219512,14.8,1681.3,12.6,100.1,56.0,68.0,81.0,98.0,41.0,48.0
2022-09-29 11:40:00,1,15.9,91.6,-8.5,25.0,0.9738048780487804,14.8,1681.3,10.7,100.1,56.0,68.0,83.0,98.0,41.0,49.0
2022-09-29 11:50:00,1,17.7,83.9,-15.5,25.0,0.9755121951219512,14.8,1681.5,14.3,99.4,56.0,68.0,83.0,98.0,41.0,51.0
2022-09-29 12:00:00,1,19.1,93.8,2.5,25.0,0.9755121951219512,14.8,1680.8,16.7,91.3,56.0,68.0,84.0,98.0,42.0,52.0
2022-09-29 12:10:00,1,17.6,96.3,-1.7000000000000002,25.0,0.9755609756097562,14.8,1680.5,14.6,98.0,57.0,68.0,84.0,98.0,42.0,52.0
2022-09-29 12:20:00,1,20.4,101.5,3.5,25.0,0.9754146341463414,14.8,1679.6,18.2,98.0,57.0,68.0,83.0,98.0,43.0,51.0
2022-09-29 12:30:00,1,18.2,113.4,15.5,25.0,0.9755121951219512,14.8,1681.7,15.2,98.0,57.0,69.0,83.0,98.0,43.0,45.0
2022-09-29 12:40:00,1,18.6,118.5,20.5,25.0,0.9755121951219512,14.8,1680.5,15.4,98.0,57.0,69.0,84.0,98.0,43.0,45.0
2022-09-29 12:50:00,1,17.8,109.5,11.5,25.0,0.9754634146341464,14.8,1680.6,14.4,98.0,57.0,68.0,84.0,98.0,43.0,47.0
2022-09-29 13:00:00,1,17.8,111.6,10.5,26.0,0.9755121951219512,14.8,1681.7,14.5,101.1,57.0,68.0,84.0,98.0,43.0,49.0
2022-09-29 13:10:00,1,19.8,95.3,1.5,25.0,0.9755609756097562,14.8,1680.4,17.6,93.8,57.0,69.0,84.0,98.0,43.0,50.0
2022-09-29 13:20:00,1,20.2,96.2,2.4,25.0,0.9755121951219512,14.8,1680.7,18.4,93.8,57.0,69.0,84.0,98.0,43.0,51.0
2022-09-29 13:30:00,1,19.3,84.0,-9.7,25.0,0.9754634146341464,14.8,1680.8,17.0,93.8,57.0,69.0,83.0,99.0,43.0,52.0
2022-09-29 13:40:00,1,19.6,99.3,5.5,25.0,0.0345365853658536,1.5,205.9,78.9,93.8,56.0,63.0,80.0,97.0,44.0,52.0
2022-09-29 13:50:00,1,18.6,100.2,6.5,26.0,-0.0144390243902439,0.0,39.2,86.0,93.8,52.0,57.0,73.0,91.0,46.0,45.0
2022-09-29 14:00:00,1,18.6,90.9,-8.4,26.0,-0.0136097560975609,0.0,37.5,86.0,99.4,50.0,53.0,68.0,86.0,45.0,44.0
2022-09-29 14:10:00,1,19.6,110.9,3.5,26.0,-0.013170731707317,0.0,41.1,86.0,107.4,49.0,50.0,63.0,81.0,44.0,45.0
2022-09-29 14:20:00,1,20.3,92.5,0.4,25.0,-0.0130731707317073,0.0,37.5,86.0,92.0,49.0,48.0,60.0,76.0,43.0,46.0
2022-09-29 14:30:00,1,19.1,116.1,18.1,25.0,-0.013170731707317,0.0,38.6,86.0,98.0,48.0,47.0,56.0,72.0,42.0,47.0
2022-09-29 14:40:00,1,18.7,110.5,12.5,25.0,0.4813658536585365,8.4,968.2,44.9,98.0,50.0,49.0,56.0,69.0,41.0,48.0
2022-09-29 14:50:00,1,16.0,84.4,-5.5,25.0,0.9751219512195122,14.8,1680.6,10.9,89.9,55.0,62.0,65.0,74.0,38.0,48.0
2022-09-29 15:00:00,1,16.7,107.6,8.6,26.0,0.9753170731707318,14.8,1681.6,12.3,99.0,55.0,66.0,69.0,78.0,38.0,49.0
2022-09-29 15:10:00,1,16.6,74.2,-16.5,26.0,0.9755609756097562,14.8,1680.5,12.4,90.6,55.0,66.0,72.0,81.0,38.0,50.0
2022-09-29 15:20:00,1,18.0,105.8,7.5,25.0,0.9755121951219512,14.8,1681.0,14.6,98.3,55.0,67.0,74.0,83.0,39.0,51.0
2022-09-29 15:30:00,1,16.1,82.1,-8.5,25.0,0.969170731707317,14.8,1679.4,11.4,90.6,55.0,67.0,76.0,85.0,39.0,52.0
2022-09-29 15:40:00,1,15.9,116.4,18.1,25.0,0.9748780487804878,14.9,1682.4,10.7,98.3,55.0,67.0,77.0,87.0,39.0,53.0
2022-09-29 15:50:00,1,16.1,92.4,1.5,25.0,0.7950243902439024,13.2,1500.9,19.1,91.0,55.0,66.0,77.0,88.0,40.0,48.0
2022-09-29 16:00:00,1,16.6,92.9,-1.5,25.0,0.9754634146341464,14.8,1680.9,12.3,94.5,55.0,67.0,78.0,89.0,40.0,44.0
2022-09-29 16:10:00,1,16.3,74.1,-20.3,25.0,0.9738048780487804,14.8,1680.7,11.5,94.5,56.0,67.0,79.0,90.0,40.0,45.0
2022-09-29 16:20:00,1,16.8,104.7,7.7,25.0,0.9744878048780488,14.9,1683.2,12.5,96.9,56.0,68.0,80.0,91.0,40.0,48.0
2022-09-29 16:30:00,1,17.4,97.7,1.5,25.0,0.9754634146341464,14.8,1680.5,13.7,96.2,56.0,68.0,80.0,92.0,41.0,49.0
2022-09-29 16:40:00,1,15.3,92.8,-3.5,26.0,0.9691219512195122,14.8,1679.6,9.7,96.2,56.0,68.0,81.0,93.0,41.0,51.0
2022-09-29 16:50:00,1,15.7,100.0,-5.7,26.0,0.9746341463414634,14.8,1679.8,10.2,105.7,56.0,68.0,81.0,94.0,41.0,52.0
2022-09-29 17:00:00,1,16.4,79.5,-26.2,26.0,0.9749268292682928,14.8,1682.0,11.6,105.7,57.0,68.0,82.0,95.0,41.0,52.0
2022-09-29 17:10:00,1,15.7,93.6,-3.3,26.0,0.9754634146341464,14.8,1680.6,10.8,96.9,57.0,69.0,82.0,96.0,42.0,47.0
2022-09-29 17:20:00,1,17.7,122.2,23.1,26.0,0.9754146341463414,14.9,1682.5,13.8,99.0,57.0,69.0,83.0,96.0,42.0,44.0
2022-09-29 17:30:00,1,17.4,87.9,-11.4,26.0,0.975219512195122,14.8,1679.6,13.9,99.4,57.0,69.0,83.0,97.0,42.0,46.0
2022-09-29 17:40:00,1,17.0,114.8,15.4,26.0,0.9754146341463414,14.8,1681.5,13.0,99.4,57.0,69.0,83.0,97.0,42.0,48.0
2022-09-29 17:50:00,1,17.1,85.9,-13.5,26.0,0.9751219512195122,14.8,1681.4,13.0,99.4,57.0,69.0,84.0,98.0,42.0,50.0
2022-09-29 18:00:00,1,17.4,97.9,-1.5,26.0,0.9752682926829268,14.8,1681.3,13.9,99.4,57.0,69.0,84.0,98.0,43.0,51.0
2022-09-29 18:10:00,1,17.2,94.9,-4.5,26.0,0.9753170731707318,14.8,1680.9,13.4,99.4,57.0,69.0,84.0,98.0,43.0,52.0
2022-09-29 18:20:00,1,16.8,132.8,33.4,26.0,0.975170731707317,14.8,1680.4,12.2,99.4,57.0,69.0,84.0,98.0,43.0,48.0
2022-09-29 18:30:00,1,16.9,130.5,30.4,26.0,0.9754146341463414,14.8,1681.4,13.0,100.1,58.0,69.0,84.0,98.0,43.0,45.0
2022-09-29 18:40:00,1,17.7,98.6,-1.5,26.0,0.9755121951219512,14.8,1680.9,14.1,100.1,58.0,69.0,85.0,99.0,43.0,44.0
2022-09-29 18:50:00,1,16.2,101.2,7.4,25.0,0.9752682926829268,14.8,1680.0,11.2,93.8,58.0,69.0,85.0,99.0,43.0,47.0
2022-09-29 19:00:00,1,14.2,98.1,2.6,25.0,0.9676585365853658,14.9,1682.4,7.5,95.5,57.0,69.0,85.0,99.0,42.0,49.0
2022-09-29 19:10:00,1,16.0,87.1,-8.4,25.0,0.1871219512195122,3.8,448.7,66.7,95.5,56.0,65.0,83.0,97.0,43.0,50.0
2022-09-29 19:20:00,1,14.9,110.3,8.5,25.0,-0.0141463414634146,0.0,29.2,86.0,101.8,53.0,59.0,75.0,92.0,44.0,51.0
2022-09-29 19:30:00,1,13.1,104.1,2.2,25.0,-0.0133658536585365,0.0,32.6,86.0,101.8,50.0,55.0,69.0,87.0,44.0,52.0
2022-09-29 19:40:00,1,14.0,116.0,5.8,25.0,-0.0129756097560975,0.0,25.6,86.0,110.3,49.0,52.0,65.0,82.0,43.0,52.0
2022-09-29 19:50:00,1,12.7,115.3,5.1,25.0,-0.013170731707317,0.0,21.2,86.0,110.2,49.0,50.0,61.0,77.0,42.0,53.0
2022-09-29 20:00:00,1,13.0,95.6,-12.8,25.0,-0.0130731707317073,0.0,23.2,86.0,108.5,48.0,48.0,58.0,73.0,41.0,53.0
2022-09-29 20:10:00,1,12.8,119.0,10.5,25.0,-0.013170731707317,0.0,22.4,86.0,108.5,48.0,47.0,55.0,69.0,40.0,53.0
2022-09-29 20:20:00,1,10.5,136.3,27.8,25.0,-0.0132195121951219,0.0,21.2,86.0,108.5,47.0,46.0,52.0,65.0,39.0,53.0
2022-09-29 20:30:00,1,11.1,129.6,10.9,25.0,-0.0131219512195121,0.0,20.1,86.0,118.6,46.0,45.0,50.0,62.0,37.0,53.0
2022-09-29 20:40:00,1,10.0,132.8,14.1,25.0,-0.0132195121951219,0.0,22.0,86.0,118.7,46.0,45.0,48.0,58.0,36.0,53.0
2022-09-29 20:50:00,1,6.8,138.8,9.9,24.0,-0.0132682926829268,0.0,12.2,86.0,128.8,46.0,44.0,47.0,56.0,36.0,53.0
2022-09-29 21:00:00,1,7.9,111.8,-30.6,24.0,0.2626341463414634,9.8,1116.0,23.9,142.5,50.0,48.0,47.0,53.0,36.0,49.0
2022-09-29 21:10:00,1,9.4,138.4,12.7,24.0,0.5880975609756097,14.5,1643.9,-1.6,125.7,55.0,58.0,54.0,55.0,36.0,42.0
2022-09-29 21:20:00,1,9.5,109.3,-16.3,23.0,0.6018048780487805,14.5,1643.4,-1.5,125.7,56.0,62.0,60.0,61.0,35.0,43.0
2022-09-29 21:30:00,1,10.8,113.5,-12.1,23.0,0.7443414634146341,14.7,1669.0,-0.6000000000000001,125.6,54.0,63.0,63.0,64.0,35.0,44.0
2022-09-29 21:40:00,1,11.2,127.7,10.4,23.0,0.8555609756097562,14.8,1674.4,0.1,117.2,53.0,64.0,66.0,66.0,36.0,45.0
2022-09-29 21:50:00,1,11.2,124.0,6.7,23.0,0.8244390243902439,14.7,1669.4,0.1,117.2,52.0,64.0,68.0,67.0,36.0,46.0
2022-09-29 22:00:00,1,11.1,101.0,-9.3,23.0,0.8530243902439024,14.7,1669.5,0.1,110.2,52.0,64.0,70.0,69.0,36.0,47.0
2022-09-29 22:10:00,1,11.3,93.1,-16.7,23.0,0.8629756097560976,14.8,1671.5,0.4,109.9,52.0,64.0,71.0,71.0,36.0,47.0
2022-09-29 22:20:00,1,10.2,100.2,-9.7,23.0,0.7205365853658536,14.7,1660.6,-1.0,109.9,52.0,63.0,72.0,72.0,37.0,48.0
2022-09-29 22:30:00,1,10.2,95.7,-14.2,23.0,0.6976585365853659,14.7,1666.7,-1.1,109.9,51.0,63.0,73.0,73.0,37.0,48.0
2022-09-29 22:40:00,1,10.0,101.2,-8.6,23.0,0.6854146341463414,14.7,1669.8,-1.3,109.9,51.0,63.0,74.0,74.0,37.0,49.0
2022-09-29 22:50:00,1,11.4,115.4,5.5,23.0,0.8691707317073171,14.8,1674.7,0.6000000000000001,109.9,51.0,63.0,75.0,75.0,37.0,49.0
2022-09-29 23:00:00,1,11.3,95.3,-14.5,23.0,0.8815121951219512,14.8,1672.4,0.7000000000000001,109.9,52.0,64.0,75.0,76.0,36.0,49.0
2022-09-29 23:10:00,1,11.5,95.0,-8.3,23.0,0.9044390243902438,14.8,1675.3,0.7000000000000001,103.2,52.0,64.0,76.0,78.0,37.0,49.0
2022-09-29 23:20:00,1,10.5,107.7,-2.9,23.0,0.7938048780487804,14.7,1663.8,-0.6000000000000001,110.6,52.0,64.0,76.0,82.0,37.0,50.0
2022-09-29 23:30:00,1,9.6,112.1,-5.2,23.0,0.6543414634146342,14.5,1646.7,-1.4,117.2,51.0,63.0,77.0,84.0,37.0,50.0
2022-09-29 23:40:00,1,9.8,111.7,-5.5,23.0,0.684829268292683,14.6,1649.2,-1.3,117.2,51.0,62.0,77.0,85.0,37.0,50.0
2022-09-29 23:50:00,1,9.7,106.1,-11.2,22.0,0.6432195121951219,14.6,1650.8,-1.5,117.2,50.0,62.0,77.0,85.0,37.0,50.0
2022-09-30 00:00:00,1,9.6,117.0,-0.2,22.0,0.6129268292682927,14.6,1655.5,-1.5,117.2,54.0,62.0,77.0,85.0,37.0,50.0
2022-09-30 00:10:00,1,9.2,128.8,11.6,22.0,0.5753658536585365,14.6,1654.0,-1.9,117.2,56.0,63.0,76.0,84.0,37.0,50.0
2022-09-30 00:20:00,1,9.3,129.2,11.9,22.0,0.5686829268292682,14.6,1648.7,-1.8,117.2,55.0,63.0,76.0,84.0,36.0,50.0
2022-09-30 00:30:00,1,8.5,122.5,5.3,22.0,0.4629268292682927,14.3,1615.8,-2.0,117.2,51.0,62.0,75.0,83.0,36.0,50.0
2022-09-30 00:40:00,1,9.7,118.0,0.8,22.0,0.5880975609756097,14.6,1656.8,-1.5,117.2,50.0,61.0,75.0,82.0,35.0,50.0
2022-09-30 00:50:00,1,10.4,111.3,1.3,22.0,0.7271219512195122,14.7,1669.1,-1.0,109.9,50.0,62.0,75.0,82.0,36.0,50.0
2022-09-30 01:00:00,1,11.1,102.7,-7.2,22.0,0.8182926829268292,14.8,1673.1,-0.3,109.9,51.0,63.0,75.0,82.0,36.0,50.0
2022-09-30 01:10:00,1,11.6,116.4,13.1,22.0,0.9246829268292682,14.8,1677.8,1.0,103.2,51.0,64.0,75.0,82.0,36.0,50.0
2022-09-30 01:20:00,1,9.7,109.3,6.4,22.0,0.6373658536585366,14.6,1657.0,-1.5,102.9,51.0,63.0,75.0,83.0,36.0,50.0
2022-09-30 01:30:00,1,9.8,114.4,3.7,22.0,0.6667317073170731,14.6,1657.0,-1.3,110.6,54.0,62.0,75.0,81.0,36.0,50.0
2022-09-30 01:40:00,1,10.8,128.4,17.8,22.0,0.7798536585365854,14.7,1666.9,-0.5,110.6,56.0,63.0,75.0,79.0,36.0,50.0
2022-09-30 01:50:00,1,11.4,90.7,-19.9,22.0,0.8724390243902439,14.8,1674.0,0.4,110.6,53.0,64.0,75.0,78.0,37.0,50.0
2022-09-30 02:00:00,1,11.8,124.3,20.4,22.0,0.943170731707317,14.8,1678.4,1.7000000000000002,103.9,53.0,65.0,76.0,78.0,36.0,50.0
2022-09-30 02:10:00,1,12.7,102.0,-2.0,23.0,0.970390243902439,14.9,1682.0,4.3,103.9,53.0,65.0,77.0,79.0,36.0,51.0
2022-09-30 02:20:00,1,12.9,117.8,13.8,23.0,0.9642439024390244,14.8,1680.8,4.5,103.9,53.0,65.0,78.0,79.0,37.0,51.0
2022-09-30 02:30:00,1,12.6,91.6,-12.3,23.0,0.9519024390243904,14.8,1678.5,4.3,103.9,53.0,65.0,78.0,80.0,37.0,51.0
2022-09-30 02:40:00,1,12.2,98.4,-5.5,23.0,0.9411707317073172,14.8,1678.8,2.9,103.9,53.0,65.0,78.0,81.0,37.0,52.0
2022-09-30 02:50:00,1,11.8,111.7,7.7,23.0,0.923219512195122,14.8,1675.7,2.0,103.9,53.0,65.0,78.0,81.0,38.0,53.0
2022-09-30 03:00:00,1,13.7,90.2,-13.7,23.0,0.9750243902439024,14.9,1682.1,7.0,103.9,53.0,65.0,79.0,82.0,38.0,53.0
2022-09-30 03:10:00,1,14.0,101.9,-2.0,23.0,0.9752682926829268,14.8,1681.9,7.2,103.9,54.0,66.0,79.0,83.0,38.0,50.0
2022-09-30 03:20:00,1,13.4,93.3,-10.6,23.0,0.9720487804878049,14.8,1681.6,6.3,103.9,54.0,66.0,80.0,83.0,38.0,44.0
2022-09-30 03:30:00,1,13.0,104.8,0.9,23.0,0.964439024390244,14.8,1679.8,5.1,103.9,54.0,66.0,81.0,84.0,38.0,46.0
2022-09-30 03:40:00,1,12.8,113.8,9.8,23.0,0.9511219512195122,14.8,1679.3,3.8,103.9,54.0,66.0,81.0,84.0,38.0,48.0
2022-09-30 03:50:00,1,13.7,103.4,-0.8,23.0,0.968341463414634,14.8,1681.2,6.3,104.3,54.0,66.0,82.0,85.0,38.0,50.0
2022-09-30 04:00:00,1,14.1,96.4,-14.6,23.0,0.9737560975609756,14.8,1682.1,7.4,111.0,54.0,66.0,82.0,85.0,39.0,51.0
2022-09-30 04:10:00,1,13.6,117.2,6.3,23.0,0.966780487804878,14.8,1678.6,6.2,111.0,54.0,66.0,82.0,86.0,39.0,52.0
2022-09-30 04:20:00,1,12.6,112.1,1.2,23.0,0.9390731707317072,14.8,1678.1,3.3,110.9,54.0,66.0,82.0,86.0,39.0,52.0
2022-09-30 04:30:00,1,11.6,110.5,7.6,23.0,0.9160487804878048,14.8,1676.6,1.3,102.9,54.0,66.0,82.0,86.0,39.0,52.0
2022-09-30 04:40:00,1,12.6,93.0,-9.8,23.0,0.963170731707317,14.8,1679.9,3.8,102.9,54.0,66.0,82.0,86.0,39.0,45.0
2022-09-30 04:50:00,1,12.7,105.9,3.0,23.0,0.9501463414634146,14.8,1679.9,3.6,102.9,54.0,66.0,82.0,86.0,39.0,45.0
2022-09-30 05:00:00,1,12.3,102.8,-0.1,23.0,0.9486829268292682,14.8,1678.3,3.2,102.9,54.0,66.0,82.0,86.0,39.0,47.0
2022-09-30 05:10:00,1,14.2,126.0,23.1,23.0,0.9714634146341464,14.8,1681.2,7.4,102.9,54.0,66.0,83.0,86.0,39.0,49.0
2022-09-30 05:20:00,1,12.8,103.2,0.3,23.0,0.9697560975609756,14.8,1680.0,4.4,102.9,54.0,66.0,83.0,86.0,39.0,50.0
2022-09-30 05:30:00,1,13.5,106.1,3.2,23.0,0.974390243902439,14.8,1681.2,6.2,102.9,54.0,66.0,83.0,86.0,39.0,51.0
2022-09-30 05:40:00,1,11.6,71.1,-31.8,23.0,0.9126341463414634,14.8,1674.1,1.5,102.9,54.0,66.0,82.0,86.0,39.0,52.0
2022-09-30 05:50:00,1,11.7,99.7,-3.2,23.0,0.8838536585365854,14.8,1674.6,1.2,102.9,54.0,65.0,82.0,86.0,39.0,52.0
2022-09-30 06:00:00,1,11.3,102.8,-7.4,23.0,0.8728292682926829,14.8,1671.4,0.2,110.2,54.0,65.0,81.0,86.0,39.0,53.0
2022-09-30 06:10:00,1,12.8,88.7,-13.8,23.0,0.9657560975609756,14.9,1681.9,4.7,102.5,54.0,65.0,80.0,85.0,39.0,53.0
2022-09-30 06:20:00,1,12.3,110.0,7.5,23.0,0.9053658536585366,14.8,1677.1,2.8,102.5,54.0,66.0,79.0,85.0,39.0,48.0
2022-09-30 06:30:00,1,11.4,92.1,-10.5,23.0,0.8489268292682927,14.8,1671.0,0.8,102.5,54.0,65.0,79.0,85.0,39.0,44.0
2022-09-30 06:40:00,1,10.2,99.3,-2.8,22.0,0.7207317073170731,14.7,1660.3,-0.6000000000000001,102.2,53.0,64.0,79.0,84.0,39.0,45.0
2022-09-30 06:50:00,1,10.3,94.4,-15.8,22.0,0.6998536585365854,14.6,1659.2,-1.0,110.2,52.0,63.0,77.0,83.0,39.0,47.0
2022-09-30 07:00:00,1,10.1,100.1,-1.0,22.0,0.7540975609756098,14.7,1660.9,-1.0,101.1,52.0,63.0,76.0,82.0,39.0,48.0
2022-09-30 07:10:00,1,10.7,125.3,24.1,22.0,0.7864878048780488,14.7,1669.0,-0.2,101.1,52.0,64.0,75.0,81.0,39.0,48.0
2022-09-30 07:20:00,1,9.2,93.0,-8.1,22.0,0.5597560975609757,14.6,1652.5,-1.8,101.1,51.0,62.0,74.0,80.0,38.0,49.0
2022-09-30 07:30:00,1,8.9,120.9,11.7,22.0,0.4840487804878048,14.4,1635.7,-2.0,109.2,52.0,61.0,73.0,78.0,38.0,49.0
2022-09-30 07:40:00,1,10.1,87.2,-22.3,22.0,0.6806341463414634,14.7,1667.6,-1.3,109.5,55.0,62.0,72.0,77.0,37.0,49.0
2022-09-30 07:50:00,1,11.0,95.8,-6.4,22.0,0.8193170731707317,14.8,1674.7,-0.2,102.2,54.0,64.0,72.0,76.0,38.0,49.0
2022-09-30 08:00:00,1,11.0,88.4,-13.8,22.0,0.8356097560975609,14.8,1673.1,-0.2,102.2,53.0,64.0,71.0,75.0,37.0,50.0
2022-09-30 08:10:00,1,11.0,132.3,30.1,22.0,0.8155609756097562,14.8,1674.0,-0.2,102.2,52.0,64.0,71.0,75.0,37.0,50.0
2022-09-30 08:20:00,1,10.7,101.5,-0.7000000000000001,22.0,0.7800975609756098,14.7,1670.2,-0.6000000000000001,102.2,52.0,64.0,71.0,75.0,37.0,50.0
2022-09-30 08:30:00,1,10.7,71.0,-31.2,22.0,0.8199512195121952,14.8,1672.2,-0.6000000000000001,102.2,52.0,64.0,70.0,75.0,37.0,50.0
2022-09-30 08:40:00,1,10.1,96.9,-5.3,22.0,0.6964878048780487,14.7,1662.5,-1.1,102.2,51.0,63.0,70.0,74.0,37.0,50.0
2022-09-30 08:50:00,1,9.8,103.8,-7.1,22.0,0.6339512195121951,14.6,1653.9,-1.3,110.9,51.0,62.0,70.0,74.0,37.0,50.0
2022-09-30 09:00:00,1,9.4,105.6,2.7,22.0,0.5772682926829269,14.6,1657.3,-1.7000000000000002,102.9,51.0,62.0,70.0,73.0,37.0,50.0
2022-09-30 09:10:00,1,10.2,96.8,-6.1,22.0,0.6614634146341464,14.8,1671.5,-1.2,102.9,55.0,62.0,69.0,72.0,37.0,50.0
2022-09-30 09:20:00,1,9.2,98.4,2.8,22.0,0.5646829268292682,14.7,1662.4,-2.0,95.5,57.0,63.0,69.0,71.0,36.0,50.0
2022-09-30 09:30:00,1,9.4,92.2,-3.3,23.0,0.5773170731707317,14.6,1658.0,-1.8,95.5,54.0,63.0,68.0,70.0,36.0,50.0
2022-09-30 09:40:00,1,8.6,102.3,-2.7,23.0,0.4566829268292683,14.3,1616.9,-2.0,105.0,51.0,62.0,68.0,68.0,36.0,50.0
2022-09-30 09:50:00,1,8.7,100.6,-4.3,23.0,0.4355609756097561,14.4,1630.9,-2.0,105.0,53.0,61.0,69.0,66.0,36.0,50.0
2022-09-30 10:00:00,1,8.9,95.1,-9.9,23.0,0.4964878048780488,14.4,1635.2,-2.0,105.0,55.0,61.0,72.0,65.0,35.0,50.0
2022-09-30 10:10:00,1,8.4,127.7,22.7,23.0,0.4647317073170732,14.3,1615.4,-2.0,105.0,56.0,62.0,72.0,63.0,36.0,50.0
2022-09-30 10:20:00,1,8.6,111.2,7.6,24.0,0.4940975609756097,14.2,1611.8,-2.0,103.6,54.0,63.0,71.0,62.0,36.0,50.0
2022-09-30 10:30:00,1,11.0,126.9,8.3,24.0,0.7882439024390244,14.7,1661.1,0.7000000000000001,118.6,52.0,63.0,71.0,61.0,35.0,50.0
2022-09-30 10:40:00,1,9.6,130.8,17.1,24.0,0.6015121951219512,14.4,1634.4,-1.3,113.8,52.0,63.0,71.0,62.0,36.0,50.0
2022-09-30 10:50:00,1,10.7,119.2,5.5,24.0,0.7759024390243902,14.7,1667.6,-0.4,113.8,52.0,63.0,71.0,62.0,37.0,50.0
2022-09-30 11:00:00,1,11.3,99.2,-14.9,24.0,0.835219512195122,14.7,1670.1,0.4,114.1,52.0,64.0,72.0,63.0,37.0,50.0
2022-09-30 11:10:00,1,9.7,119.3,13.6,24.0,0.6248292682926829,14.5,1646.4,-1.3,105.7,51.0,63.0,71.0,64.0,37.0,50.0
2022-09-30 11:20:00,1,10.4,115.4,-0.1,24.0,0.718390243902439,14.6,1653.9,-0.4,115.5,51.0,63.0,71.0,65.0,37.0,50.0
2022-09-30 11:30:00,1,10.8,135.6,19.4,25.0,0.7391707317073171,14.7,1669.7,-0.4,116.2,51.0,63.0,71.0,65.0,38.0,51.0
2022-09-30 11:40:00,1,11.9,101.9,1.9,25.0,0.9084878048780488,14.8,1676.0,1.2,100.1,52.0,64.0,71.0,66.0,37.0,51.0
2022-09-30 11:50:00,1,10.8,94.1,1.7000000000000002,25.0,0.8052682926829268,14.8,1671.0,-0.3,92.4,52.0,64.0,71.0,67.0,37.0,51.0
2022-09-30 12:00:00,1,11.9,87.6,-4.8,25.0,0.8668292682926829,14.8,1673.1,1.8,92.4,52.0,64.0,72.0,67.0,38.0,51.0
2022-09-30 12:10:00,1,11.0,106.6,14.5,25.0,0.8449268292682927,14.8,1674.3,-0.1,92.0,52.0,65.0,72.0,69.0,38.0,51.0
2022-09-30 12:20:00,1,9.3,99.9,0.1,26.0,0.5700975609756098,14.4,1634.5,-1.6,99.7,52.0,63.0,72.0,69.0,38.0,51.0
2022-09-30 12:30:00,1,10.6,85.5,-13.1,25.0,0.7428292682926829,14.7,1665.7,-0.7000000000000001,98.7,52.0,63.0,72.0,70.0,39.0,52.0
2022-09-30 12:40:00,1,10.6,100.8,9.5,25.0,0.7446341463414634,14.7,1668.8,-0.7000000000000001,91.3,52.0,64.0,73.0,70.0,39.0,52.0
2022-09-30 12:50:00,1,9.5,73.0,-15.2,26.0,0.5739512195121951,14.5,1645.1,-1.5,88.2,51.0,63.0,72.0,70.0,38.0,52.0
2022-09-30 13:00:00,1,10.1,78.8,-17.0,26.0,0.67,14.7,1665.0,-1.1,95.8,51.0,63.0,72.0,69.0,39.0,52.0
2022-09-30 13:10:00,1,9.5,93.1,6.3,26.0,0.6098536585365854,14.4,1632.5,-1.3,86.8,51.0,63.0,72.0,69.0,39.0,52.0
2022-09-30 13:20:00,1,9.9,100.9,12.7,26.0,0.6513170731707317,14.6,1656.2,-1.2,88.2,51.0,63.0,71.0,68.0,39.0,52.0
2022-09-30 13:30:00,1,10.2,118.1,21.8,26.0,0.6489756097560976,14.7,1666.3,-1.1,96.2,51.0,63.0,71.0,68.0,39.0,52.0
2022-09-30 13:40:00,1,10.7,98.3,1.7000000000000002,26.0,0.7534634146341463,14.7,1669.8,-0.6000000000000001,96.6,51.0,63.0,71.0,68.0,39.0,52.0
2022-09-30 13:50:00,1,10.2,100.3,3.0,26.0,0.6662926829268293,14.7,1659.6,-1.0,97.3,51.0,63.0,71.0,68.0,39.0,52.0
2022-09-30 14:00:00,1,10.5,81.3,-11.4,26.0,0.7274146341463414,14.7,1665.9,-0.6000000000000001,92.7,52.0,64.0,71.0,68.0,39.0,52.0
2022-09-30 14:10:00,1,10.1,92.0,-10.2,26.0,0.6711219512195121,14.6,1655.6,-1.1,102.2,52.0,63.0,71.0,68.0,39.0,52.0
2022-09-30 14:20:00,1,9.4,90.2,-12.3,26.0,0.567560975609756,14.4,1634.8,-1.4,102.5,51.0,63.0,71.0,68.0,39.0,52.0
2022-09-30 14:30:00,1,10.6,69.9,-40.3,26.0,0.7390243902439024,14.7,1662.3,-0.7000000000000001,110.2,51.0,63.0,71.0,68.0,40.0,52.0
2022-09-30 14:40:00,1,10.4,93.4,0.7000000000000001,26.0,0.7406341463414634,14.7,1661.8,-0.7000000000000001,92.7,52.0,64.0,71.0,68.0,38.0,53.0
2022-09-30 14:50:00,1,10.4,125.0,19.6,26.0,0.6930731707317073,14.6,1657.7,-0.8,105.3,52.0,63.0,71.0,68.0,39.0,53.0
2022-09-30 15:00:00,1,9.7,102.1,5.9,26.0,0.6297560975609756,14.6,1652.3,-1.4,96.2,52.0,63.0,71.0,68.0,39.0,53.0
2022-09-30 15:10:00,1,9.4,96.1,-0.1,26.0,0.5926829268292683,14.5,1647.4,-1.6,96.2,51.0,63.0,71.0,68.0,40.0,53.0
2022-09-30 15:20:00,1,9.2,112.1,-0.2,27.0,0.5714146341463415,14.3,1619.6,-1.5,112.4,51.0,62.0,70.0,68.0,40.0,53.0
2022-09-30 15:30:00,1,8.7,137.2,24.5,27.0,0.4751219512195122,14.2,1603.5,-1.7000000000000002,112.7,51.0,62.0,70.0,67.0,39.0,53.0
2022-09-30 15:40:00,1,10.2,107.5,3.6,27.0,0.6870731707317074,14.7,1660.7,-1.0,103.9,51.0,63.0,70.0,67.0,40.0,46.0
2022-09-30 15:50:00,1,9.3,79.4,-24.5,27.0,0.5832682926829269,14.5,1647.1,-1.7000000000000002,103.9,51.0,63.0,70.0,67.0,39.0,43.0
2022-09-30 16:00:00,1,10.2,115.6,11.7,27.0,0.7004878048780487,14.6,1650.2,-0.9,103.9,51.0,63.0,70.0,67.0,39.0,45.0
2022-09-30 16:10:00,1,11.3,97.8,-14.2,27.0,0.8087804878048781,14.8,1671.4,0.1,112.0,52.0,64.0,70.0,67.0,39.0,46.0
2022-09-30 16:20:00,1,10.4,113.0,8.7,27.0,0.7021951219512195,14.6,1657.8,-0.8,104.3,52.0,64.0,70.0,68.0,39.0,47.0
2022-09-30 16:30:00,1,10.4,108.4,4.8,26.0,0.7252682926829268,14.6,1655.4,-0.8,103.6,52.0,64.0,70.0,68.0,39.0,48.0
2022-09-30 16:40:00,1,10.2,76.4,-19.4,26.0,0.6937073170731707,14.7,1663.9,-1.1,95.9,52.0,64.0,70.0,69.0,40.0,48.0
2022-09-30 16:50:00,1,11.4,90.8,-6.5,26.0,0.8580487804878049,14.7,1669.8,0.2,97.3,53.0,65.0,70.0,69.0,39.0,49.0
2022-09-30 17:00:00,1,11.0,88.4,-9.5,26.0,0.7793658536585366,14.7,1670.2,-0.1,98.0,53.0,65.0,71.0,70.0,39.0,50.0
2022-09-30 17:10:00,1,11.2,86.3,-10.9,26.0,0.8199512195121952,14.7,1670.0,-0.1,97.3,53.0,65.0,71.0,70.0,39.0,50.0
2022-09-30 17:20:00,1,10.9,103.5,7.3,26.0,0.7862926829268293,14.8,1672.8,-0.2,96.2,53.0,65.0,71.0,71.0,39.0,51.0
2022-09-30 17:30:00,1,10.4,88.3,-8.9,26.0,0.73,14.7,1666.6,-0.9,97.3,53.0,65.0,71.0,71.0,39.0,51.0
2022-09-30 17:40:00,1,10.4,113.1,15.8,26.0,0.6707317073170732,14.6,1659.0,-0.8,97.3,53.0,64.0,71.0,71.0,40.0,51.0
2022-09-30 17:50:00,1,9.8,92.9,-3.3,26.0,0.6425365853658537,14.7,1660.6,-1.4,96.2,52.0,64.0,71.0,71.0,39.0,52.0
2022-09-30 18:00:00,1,9.0,121.0,24.8,26.0,0.5386341463414634,14.3,1616.4,-1.7000000000000002,96.2,52.0,63.0,71.0,71.0,40.0,52.0
2022-09-30 18:10:00,1,10.4,86.7,-9.5,26.0,0.7305853658536585,14.7,1665.5,-0.9,96.2,52.0,64.0,71.0,70.0,39.0,52.0
2022-09-30 18:20:00,1,9.8,99.0,2.7,26.0,0.6679024390243903,14.7,1661.5,-1.5,96.2,52.0,64.0,71.0,70.0,39.0,52.0
2022-09-30 18:30:00,1,9.2,96.4,-7.1,26.0,0.53,14.4,1629.5,-1.6,103.6,51.0,63.0,70.0,70.0,39.0,52.0
2022-09-30 18:40:00,1,9.3,81.2,-22.4,25.0,0.5332682926829269,14.3,1615.0,-1.4,103.6,52.0,62.0,70.0,69.0,39.0,52.0
2022-09-30 18:50:00,1,10.1,82.8,-21.1,25.0,0.6973658536585365,14.7,1662.7,-1.1,103.9,56.0,64.0,70.0,68.0,39.0,52.0
2022-09-30 19:00:00,1,9.7,78.4,-17.1,25.0,0.660829268292683,14.7,1660.3,-1.5,95.5,54.0,65.0,69.0,68.0,39.0,52.0
2022-09-30 19:10:00,1,9.5,93.9,-1.7000000000000002,25.0,0.6428780487804878,14.6,1648.3,-1.5,95.5,52.0,64.0,69.0,68.0,39.0,52.0
2022-09-30 19:20:00,1,10.7,127.2,31.6,25.0,0.7971219512195121,14.7,1667.1,-0.6000000000000001,95.5,52.0,64.0,69.0,67.0,38.0,52.0
2022-09-30 19:30:00,1,11.0,76.7,-18.9,24.0,0.8528780487804879,14.8,1672.3,-0.2,95.5,53.0,64.0,69.0,68.0,38.0,52.0
2022-09-30 19:40:00,1,10.9,77.6,-18.0,24.0,0.7967317073170731,14.7,1669.0,-0.3,95.5,53.0,65.0,69.0,68.0,38.0,52.0
2022-09-30 19:50:00,1,11.4,100.8,5.3,24.0,0.8700975609756098,14.8,1673.3,0.4,95.5,53.0,65.0,70.0,69.0,38.0,52.0
2022-09-30 20:00:00,1,10.7,83.7,-11.8,24.0,0.7743414634146342,14.7,1669.0,-0.6000000000000001,95.5,52.0,64.0,71.0,70.0,38.0,52.0
2022-09-30 20:10:00,1,9.3,76.0,-19.6,24.0,0.5939024390243902,14.5,1644.8,-1.7000000000000002,95.5,52.0,64.0,71.0,70.0,38.0,52.0
2022-09-30 20:20:00,1,8.7,107.3,3.7,23.0,0.4641951219512195,14.4,1630.9,-2.1,103.6,51.0,62.0,71.0,69.0,38.0,53.0
2022-09-30 20:30:00,1,8.2,111.0,7.4,23.0,0.4115609756097561,14.1,1596.0,-2.1,103.6,53.0,61.0,71.0,68.0,37.0,52.0
2022-09-30 20:40:00,1,7.5,102.0,-1.6,23.0,0.3249268292682927,13.6,1538.8,-2.1,103.6,55.0,61.0,74.0,66.0,37.0,52.0
2022-09-30 20:50:00,1,5.9,108.9,-2.0,23.0,0.1320975609756097,11.9,1347.8,-1.7000000000000002,111.0,54.0,58.0,72.0,70.0,37.0,52.0
2022-09-30 21:00:00,1,4.8,112.4,-5.2,23.0,0.0684878048780487,11.3,1276.1,-0.9,117.6,53.0,56.0,69.0,72.0,36.0,52.0
2022-09-30 21:10:00,1,5.3,116.3,-1.2,23.0,0.0953658536585365,11.4,1290.4,-1.3,117.6,52.0,54.0,68.0,72.0,35.0,52.0
2022-09-30 21:20:00,1,5.5,117.4,8.5,23.0,0.1101463414634146,11.6,1309.9,-1.4,108.9,52.0,55.0,67.0,72.0,35.0,52.0
2022-09-30 21:30:00,1,4.4,119.9,4.1,22.0,0.0397073170731707,11.0,1249.9,-0.6000000000000001,115.9,51.0,53.0,66.0,70.0,35.0,52.0
2022-09-30 21:40:00,1,4.4,145.9,13.3,22.0,0.0339512195121951,11.0,1249.7,-0.5,132.7,51.0,52.0,65.0,69.0,35.0,52.0
2022-09-30 21:50:00,1,4.8,142.5,15.0,22.0,0.056390243902439,11.1,1255.5,-0.9,127.4,50.0,52.0,65.0,67.0,35.0,51.0
2022-09-30 22:00:00,1,6.4,120.5,-6.9,22.0,0.1644878048780488,12.4,1400.9,-2.0,127.4,51.0,54.0,65.0,68.0,35.0,51.0
2022-09-30 22:10:00,1,6.4,134.7,15.7,22.0,0.1516097560975609,12.3,1398.5,-2.0,119.0,51.0,55.0,64.0,68.0,35.0,51.0
2022-09-30 22:20:00,1,6.1,125.4,6.4,22.0,0.1541951219512195,12.0,1363.0,-1.8,119.0,51.0,56.0,64.0,68.0,35.0,51.0
2022-09-30 22:30:00,1,6.2,123.7,4.7,22.0,0.1655121951219512,12.1,1372.1,-1.8,119.0,51.0,55.0,63.0,66.0,35.0,51.0
2022-09-30 22:40:00,1,7.0,130.9,11.9,22.0,0.2270731707317073,13.0,1472.8,-2.0,119.0,52.0,56.0,64.0,67.0,35.0,51.0
2022-09-30 22:50:00,1,7.1,107.6,-11.4,22.0,0.2270731707317073,13.3,1503.9,-2.0,119.0,53.0,58.0,65.0,69.0,35.0,50.0
2022-09-30 23:00:00,1,4.9,121.6,2.6,22.0,0.0583414634146341,11.1,1258.3,-1.0,119.0,51.0,54.0,62.0,65.0,35.0,50.0
2022-09-30 23:10:00,1,4.7,115.9,-3.1,22.0,0.0422439024390243,11.0,1250.9,-0.8,119.0,50.0,52.0,60.0,62.0,34.0,50.0
2022-09-30 23:20:00,1,5.1,111.5,-7.5,22.0,0.0531219512195122,11.1,1256.6,-1.2,119.0,50.0,52.0,60.0,61.0,34.0,50.0
2022-09-30 23:30:00,1,6.2,118.7,7.8,22.0,0.1257560975609756,12.0,1364.8,-2.0,110.9,50.0,53.0,61.0,61.0,34.0,50.0
2022-09-30 23:40:00,1,7.0,95.8,-7.0,22.0,0.1902926829268292,13.1,1488.0,-2.1,102.9,51.0,55.0,62.0,63.0,34.0,50.0
2022-09-30 23:50:00,1,7.2,93.4,-9.5,22.0,0.2105365853658536,13.4,1519.1,-2.1,102.9,51.0,56.0,63.0,64.0,34.0,50.0
2022-10-01 00:00:00,1,7.9,113.4,10.6,22.0,0.3059024390243902,14.2,1610.9,-2.2,102.9,52.0,58.0,64.0,67.0,34.0,50.0
2022-10-01 00:10:00,1,7.9,110.1,14.6,22.0,0.320390243902439,14.2,1603.9,-2.2,95.5,53.0,59.0,65.0,68.0,35.0,50.0
2022-10-01 00:20:00,1,8.6,89.9,1.7000000000000002,22.0,0.4549268292682927,14.5,1644.4,-2.2,88.2,54.0,60.0,66.0,69.0,35.0,49.0
2022-10-01 00:30:00,1,8.8,99.3,2.7,22.0,0.4800975609756098,14.6,1651.6,-2.1,96.6,55.0,61.0,66.0,70.0,35.0,49.0
2022-10-01 00:40:00,1,8.4,93.4,-3.2,22.0,0.3855609756097561,14.4,1636.5,-2.3,96.6,56.0,61.0,67.0,70.0,35.0,49.0
2022-10-01 00:50:00,1,8.6,94.8,-1.8,22.0,0.4335121951219512,14.5,1644.5,-2.2,96.6,56.0,61.0,67.0,69.0,35.0,49.0
2022-10-01 01:00:00,1,9.4,92.1,-4.4,22.0,0.5638536585365854,14.7,1662.9,-1.9,96.6,55.0,62.0,67.0,69.0,35.0,49.0
2022-10-01 01:10:00,1,8.8,100.4,3.8,22.0,0.4809268292682926,14.6,1655.5,-2.2,96.6,51.0,62.0,68.0,69.0,35.0,49.0
2022-10-01 01:20:00,1,8.6,93.0,-3.5,22.0,0.4307317073170731,14.5,1641.8,-2.2,96.6,52.0,60.0,68.0,69.0,35.0,49.0
2022-10-01 01:30:00,1,8.4,95.6,-0.9,22.0,0.3760487804878049,14.4,1636.6,-2.3,96.6,55.0,60.0,68.0,68.0,35.0,49.0
2022-10-01 01:40:00,1,7.9,105.4,8.8,22.0,0.3119024390243902,14.2,1604.1,-2.2,96.6,55.0,60.0,68.0,68.0,35.0,49.0
2022-10-01 01:50:00,1,6.8,87.2,-9.4,22.0,0.2049756097560975,12.9,1459.4,-2.0,96.5,55.0,59.0,66.0,66.0,35.0,49.0
2022-10-01 02:00:00,1,6.8,88.9,-0.6000000000000001,22.0,0.2112682926829268,12.9,1461.1,-2.0,89.6,54.0,58.0,64.0,63.0,35.0,49.0
2022-10-01 02:10:00,1,6.2,95.6,6.0,22.0,0.1613658536585366,12.0,1363.3,-1.8,89.6,54.0,57.0,62.0,61.0,35.0,49.0
2022-10-01 02:20:00,1,6.4,86.8,-2.7,22.0,0.1690243902439024,12.3,1398.4,-1.9,89.6,54.0,57.0,61.0,59.0,35.0,49.0
2022-10-01 02:30:00,1,6.8,88.6,-0.9,21.0,0.2112682926829268,12.9,1456.0,-2.1,89.6,54.0,57.0,61.0,59.0,35.0,49.0
2022-10-01 02:40:00,1,6.7,89.9,0.4,21.0,0.194390243902439,12.7,1442.5,-2.0,89.6,54.0,57.0,61.0,59.0,34.0,48.0
2022-10-01 02:50:00,1,6.6,82.8,-6.8,21.0,0.1579024390243902,12.5,1418.0,-2.0,89.6,53.0,57.0,61.0,59.0,34.0,48.0
2022-10-01 03:00:00,1,7.0,85.9,-3.7,21.0,0.2097560975609756,13.2,1494.0,-2.1,89.6,54.0,57.0,61.0,59.0,34.0,48.0
2022-10-01 03:10:00,1,7.2,98.1,8.6,21.0,0.2300975609756097,13.4,1517.7,-2.1,89.6,54.0,57.0,61.0,59.0,34.0,48.0
2022-10-01 03:20:00,1,8.3,96.2,6.6,21.0,0.3860487804878049,14.5,1637.4,-2.2,89.6,55.0,59.0,63.0,60.0,34.0,48.0
2022-10-01 03:30:00,1,8.9,90.6,1.1,21.0,0.4897073170731707,14.6,1659.2,-2.2,89.6,56.0,61.0,64.0,62.0,34.0,48.0
2022-10-01 03:40:00,1,9.2,89.3,-0.2,21.0,0.556390243902439,14.7,1663.6,-2.0,89.6,57.0,62.0,65.0,63.0,34.0,48.0
2022-10-01 03:50:00,1,9.5,102.3,12.8,21.0,0.6025365853658536,14.8,1671.3,-1.9,89.6,52.0,62.0,66.0,64.0,35.0,48.0
2022-10-01 04:00:00,1,9.3,85.4,-4.2,21.0,0.5451219512195122,14.7,1664.6,-1.9,89.6,51.0,61.0,67.0,64.0,35.0,48.0
2022-10-01 04:10:00,1,9.1,74.4,-15.1,21.0,0.4998536585365853,14.6,1655.1,-2.0,89.6,53.0,61.0,67.0,65.0,35.0,48.0
2022-10-01 04:20:00,1,6.5,83.7,-5.8,21.0,0.1770243902439024,12.7,1439.8,-1.8,89.5,54.0,59.0,66.0,64.0,35.0,48.0
2022-10-01 04:30:00,1,5.3,93.7,22.0,21.0,0.0812195121951219,11.2,1273.0,-1.3,71.6,53.0,55.0,61.0,61.0,34.0,48.0
2022-10-01 04:40:00,1,5.9,56.4,-0.9,21.0,0.1429756097560975,11.8,1335.3,-1.7000000000000002,57.3,52.0,55.0,58.0,57.0,34.0,48.0
2022-10-01 04:50:00,1,6.2,66.8,2.1,21.0,0.1718048780487804,12.0,1365.0,-1.9,64.7,52.0,56.0,57.0,55.0,33.0,48.0
2022-10-01 05:00:00,1,6.1,66.7,2.0,21.0,0.1461463414634146,11.9,1347.2,-1.8,64.7,52.0,55.0,57.0,53.0,34.0,48.0
2022-10-01 05:10:00,1,5.8,63.6,-1.0,21.0,0.1088780487804878,11.8,1336.8,-1.6,64.7,52.0,55.0,57.0,52.0,34.0,48.0
2022-10-01 05:20:00,1,5.0,48.3,-0.9,21.0,0.0765365853658536,11.1,1259.9,-1.1,49.3,51.0,53.0,56.0,50.0,33.0,48.0
2022-10-01 05:30:00,1,5.2,56.0,-0.2,21.0,0.0729268292682926,11.1,1261.7,-1.3,56.3,50.0,52.0,55.0,49.0,33.0,48.0
2022-10-01 05:40:00,1,4.9,60.2,-4.1,21.0,0.0559512195121951,11.1,1256.4,-1.0,64.3,50.0,52.0,55.0,48.0,33.0,48.0
2022-10-01 05:50:00,1,4.8,56.1,7.5,21.0,0.0658536585365853,11.1,1256.7,-1.0,48.5,49.0,51.0,56.0,47.0,32.0,48.0
2022-10-01 06:00:00,1,4.8,60.0,11.4,21.0,0.0533170731707317,11.1,1256.0,-0.9,48.6,49.0,51.0,56.0,46.0,32.0,48.0
2022-10-01 06:10:00,1,4.5,70.8,8.2,21.0,0.0427317073170731,11.0,1251.1,-0.7000000000000001,62.6,48.0,50.0,56.0,46.0,32.0,48.0
2022-10-01 06:20:00,1,4.9,83.5,12.1,21.0,0.0566829268292682,11.1,1255.5,-1.0,71.3,48.0,51.0,56.0,45.0,32.0,48.0
2022-10-01 06:30:00,1,4.8,90.4,11.7,21.0,0.0543414634146341,11.1,1254.8,-1.0,78.7,48.0,50.0,56.0,45.0,32.0,48.0
2022-10-01 06:40:00,1,4.5,62.0,-9.7,21.0,0.0436097560975609,11.0,1250.5,-0.6000000000000001,71.7,47.0,50.0,56.0,44.0,32.0,47.0
2022-10-01 06:50:00,1,4.5,74.9,-4.5,21.0,0.0394634146341463,11.0,1250.0,-0.7000000000000001,79.4,47.0,49.0,56.0,44.0,32.0,47.0
2022-10-01 07:00:00,1,5.1,82.4,2.9,21.0,0.0755609756097561,11.1,1261.8,-1.2,79.4,47.0,50.0,56.0,44.0,32.0,47.0
2022-10-01 07:10:00,1,5.9,87.6,0.1,21.0,0.1175121951219512,11.6,1308.9,-1.9,87.5,47.0,52.0,56.0,44.0,32.0,47.0
2022-10-01 07:20:00,1,5.6,91.0,3.6,21.0,0.0971219512195122,11.3,1285.7,-1.7000000000000002,87.5,47.0,52.0,56.0,44.0,32.0,47.0
2022-10-01 07:30:00,1,6.0,91.4,3.9,21.0,0.112390243902439,11.6,1319.4,-1.9,87.5,47.0,52.0,56.0,43.0,32.0,47.0
2022-10-01 07:40:00,1,5.6,92.3,-3.6,21.0,0.0949756097560975,11.3,1280.9,-1.7000000000000002,95.9,47.0,52.0,56.0,43.0,32.0,47.0
2022-10-01 07:50:00,1,5.3,93.3,-2.6,21.0,0.0833170731707317,11.2,1268.5,-1.3,95.9,47.0,51.0,55.0,43.0,32.0,47.0
2022-10-01 08:00:00,1,4.4,101.0,5.1,21.0,0.0357560975609756,11.0,1249.5,-0.5,95.9,46.0,50.0,55.0,43.0,32.0,47.0
2022-10-01 08:10:00,1,4.8,89.4,-13.1,21.0,0.0494634146341463,11.1,1254.7,-0.9,102.5,46.0,49.0,55.0,43.0,31.0,47.0
2022-10-01 08:20:00,1,4.7,93.7,-1.4,21.0,0.0422439024390243,11.1,1251.9,-0.8,95.2,46.0,49.0,55.0,43.0,31.0,47.0
2022-10-01 08:30:00,1,4.2,78.4,-16.7,21.0,0.0135121951219512,11.0,1249.4,-0.1,95.1,45.0,48.0,54.0,43.0,31.0,47.0
2022-10-01 08:40:00,1,3.3,81.6,2.5,21.0,-0.0134634146341463,2.5,285.2,42.7,79.0,45.0,46.0,51.0,43.0,32.0,47.0
2022-10-01 08:50:00,1,3.2,81.7,2.3,21.0,-0.0094146341463414,8.1,918.1,7.8,79.4,44.0,45.0,48.0,43.0,31.0,46.0
2022-10-01 09:00:00,1,3.7,67.6,-11.8,21.0,0.0165365853658536,11.0,1249.0,0.4,79.4,44.0,45.0,48.0,42.0,31.0,46.0
2022-10-01 09:10:00,1,4.2,87.8,-0.3,21.0,0.0308292682926829,11.0,1249.7,-0.4,88.2,44.0,46.0,49.0,41.0,31.0,46.0
2022-10-01 09:20:00,1,4.8,92.1,3.9,21.0,0.0617560975609756,11.1,1253.9,-1.0,88.2,44.0,47.0,49.0,40.0,30.0,46.0
2022-10-01 09:30:00,1,4.5,90.3,2.1,21.0,0.0496097560975609,11.0,1250.8,-0.7000000000000001,88.2,44.0,48.0,49.0,41.0,30.0,46.0
2022-10-01 09:40:00,1,3.9,101.5,-1.7000000000000002,21.0,0.0176585365853658,11.0,1248.7,0.0,103.2,44.0,47.0,49.0,41.0,31.0,46.0
2022-10-01 09:50:00,1,3.4,80.9,-15.0,22.0,-0.0020487804878048,8.5,961.3,8.3,95.8,43.0,46.0,49.0,41.0,31.0,46.0
2022-10-01 10:00:00,1,3.0,91.6,4.1,22.0,-0.008390243902439,2.3,257.4,24.0,87.5,43.0,44.0,45.0,41.0,31.0,46.0
2022-10-01 10:10:00,1,3.1,118.0,14.8,22.0,-0.0083414634146341,2.2,252.1,24.0,103.2,42.0,42.0,42.0,40.0,31.0,46.0
2022-10-01 10:20:00,1,2.7,118.5,15.2,22.0,-0.007560975609756,2.0,226.0,24.0,103.2,42.0,41.0,39.0,40.0,31.0,46.0
2022-10-01 10:30:00,1,3.7,110.8,5.8,23.0,0.0099512195121951,7.9,898.1,8.3,105.0,42.0,42.0,38.0,39.0,31.0,47.0
2022-10-01 10:40:00,1,3.7,92.6,-16.6,23.0,0.0159024390243902,10.9,1235.6,0.3,109.2,43.0,45.0,41.0,38.0,31.0,46.0
2022-10-01 10:50:00,1,3.4,76.9,-31.9,23.0,0.004,8.1,926.7,10.4,108.9,42.0,45.0,43.0,38.0,31.0,46.0
2022-10-01 11:00:00,1,3.5,194.4,78.5,24.0,0.008780487804878,8.5,971.0,6.2,115.8,42.0,45.0,43.0,38.0,31.0,46.0
2022-10-01 11:10:00,1,3.8,96.6,-5.5,24.0,0.0158536585365853,9.2,1038.2,6.0,102.2,43.0,46.0,45.0,38.0,31.0,46.0
2022-10-01 11:20:00,1,4.1,109.4,8.2,24.0,0.0314634146341463,9.6,1088.7,3.1,101.2,42.0,46.0,44.0,38.0,32.0,47.0
2022-10-01 11:30:00,1,3.5,121.5,3.6,25.0,0.0058536585365853,8.3,942.8,7.6,117.9,43.0,46.0,45.0,38.0,32.0,47.0
2022-10-01 11:40:00,1,4.1,151.0,27.4,25.0,0.0354634146341463,11.0,1246.9,0.0,123.6,43.0,47.0,46.0,38.0,32.0,47.0
2022-10-01 11:50:00,1,4.4,137.7,-5.5,25.0,0.0530243902439024,11.1,1256.5,-0.4,143.2,43.0,48.0,47.0,39.0,32.0,47.0
2022-10-01 12:00:00,1,5.6,158.3,3.2,25.0,0.120780487804878,11.7,1326.2,-1.4,155.1,44.0,49.0,48.0,39.0,33.0,47.0
2022-10-01 12:10:00,1,5.5,144.6,-7.4,25.0,0.1093658536585365,11.6,1316.3,-1.3,151.9,45.0,51.0,50.0,40.0,33.0,48.0
2022-10-01 12:20:00,1,4.4,153.4,13.7,26.0,0.0608292682926829,11.2,1267.5,-0.4,139.7,45.0,50.0,50.0,41.0,33.0,48.0
2022-10-01 12:30:00,1,5.3,119.1,-34.2,26.0,0.0953170731707317,11.5,1298.4,-1.2,153.3,45.0,51.0,52.0,42.0,34.0,48.0
2022-10-01 12:40:00,1,3.8,164.4,18.4,26.0,0.026390243902439,11.0,1248.8,0.0,146.0,45.0,49.0,51.0,43.0,34.0,48.0
2022-10-01 12:50:00,1,3.9,127.3,-30.2,26.0,0.0105853658536585,10.2,1150.9,3.2,157.6,44.0,48.0,51.0,43.0,34.0,48.0
2022-10-01 13:00:00,1,3.9,159.5,2.7,27.0,0.014390243902439,9.0,1023.3,6.9,156.8,44.0,47.0,51.0,44.0,34.0,48.0
2022-10-01 13:10:00,1,3.7,137.4,-0.9,27.0,-0.0012195121951219,10.3,1166.5,2.9,138.3,44.0,47.0,51.0,44.0,34.0,48.0
2022-10-01 13:20:00,1,3.5,89.6,-44.5,27.0,0.004,9.8,1107.4,4.7,134.1,44.0,47.0,52.0,44.0,35.0,49.0
2022-10-01 13:30:00,1,3.4,136.8,-16.9,28.0,0.0085853658536585,4.6,553.3,15.4,153.8,44.0,46.0,50.0,44.0,35.0,49.0
2022-10-01 13:40:00,1,3.4,201.2,14.9,28.0,0.0002439024390243,9.6,1087.1,4.4,186.3,44.0,46.0,50.0,43.0,35.0,49.0
2022-10-01 13:50:00,1,3.0,190.7,21.9,28.0,-0.0069756097560975,5.1,599.7,13.0,168.8,43.0,45.0,49.0,43.0,35.0,49.0
2022-10-01 14:00:00,1,3.4,165.7,-17.0,28.0,-0.0067317073170731,2.3,265.1,24.0,182.8,43.0,44.0,46.0,43.0,35.0,50.0
2022-10-01 14:10:00,1,3.2,183.6,18.7,28.0,-0.004,5.1,601.1,16.9,164.9,43.0,44.0,44.0,42.0,35.0,50.0
2022-10-01 14:20:00,1,3.5,158.8,1.9,28.0,-0.0002926829268292,8.1,921.6,8.3,156.9,43.0,44.0,43.0,42.0,35.0,50.0
2022-10-01 14:30:00,1,3.3,140.7,-23.8,28.0,-0.0001951219512195,4.7,552.1,18.7,164.6,43.0,45.0,43.0,41.0,35.0,50.0
2022-10-01 14:40:00,1,4.1,159.9,-9.0,28.0,0.0296585365853658,9.5,1083.1,4.7,168.9,43.0,46.0,45.0,41.0,35.0,50.0
2022-10-01 14:50:00,1,6.9,240.3,24.9,27.0,0.256,13.0,1467.3,-2.0,215.4,45.0,51.0,48.0,41.0,35.0,51.0
2022-10-01 15:00:00,1,6.4,222.4,-2.4,26.0,0.19,12.3,1395.8,-1.9,224.9,47.0,54.0,51.0,42.0,35.0,51.0
2022-10-01 15:10:00,1,5.9,214.0,-10.5,26.0,0.163170731707317,12.1,1367.6,-1.6,224.5,47.0,54.0,52.0,43.0,35.0,51.0
2022-10-01 15:20:00,1,5.4,247.4,15.9,26.0,0.1161463414634146,11.5,1297.4,-1.3,231.5,47.0,54.0,52.0,44.0,35.0,51.0
2022-10-01 15:30:00,1,5.8,258.6,28.1,26.0,0.1448780487804878,11.8,1334.4,-1.6,230.5,48.0,54.0,53.0,44.0,35.0,51.0
2022-10-01 15:40:00,1,5.5,224.2,-8.0,26.0,0.1198048780487804,11.4,1296.5,-1.4,232.2,48.0,54.0,54.0,45.0,35.0,51.0
2022-10-01 15:50:00,1,5.0,238.6,-0.7000000000000001,26.0,0.0944390243902439,11.4,1286.5,-1.0,239.2,48.0,53.0,55.0,46.0,35.0,51.0
2022-10-01 16:00:00,1,5.5,265.6,22.8,26.0,0.1228780487804878,11.5,1305.3,-1.4,242.8,48.0,53.0,55.0,46.0,35.0,51.0
2022-10-01 16:10:00,1,5.2,238.2,-10.5,26.0,0.101560975609756,11.3,1284.3,-1.3,248.7,48.0,53.0,55.0,46.0,35.0,51.0
2022-10-01 16:20:00,1,4.7,252.2,3.5,26.0,0.0637560975609756,11.1,1261.8,-0.8,248.7,48.0,52.0,54.0,46.0,35.0,51.0
2022-10-01 16:30:00,1,4.6,214.5,-36.3,26.0,0.0589756097560975,11.1,1257.3,-0.8,250.8,48.0,51.0,54.0,46.0,35.0,51.0
2022-10-01 16:40:00,1,4.4,256.6,13.5,26.0,0.0420975609756097,11.1,1254.9,-0.5,243.1,47.0,51.0,54.0,46.0,35.0,51.0
2022-10-01 16:50:00,1,4.6,265.9,14.4,26.0,0.0571219512195121,11.1,1257.6,-0.7000000000000001,251.5,47.0,51.0,54.0,46.0,35.0,51.0
2022-10-01 17:00:00,1,4.7,253.8,7.9,26.0,0.062390243902439,11.1,1254.2,-0.8,245.9,47.0,51.0,54.0,46.0,35.0,51.0
2022-10-01 17:10:00,1,5.2,264.3,12.7,25.0,0.1029756097560975,11.5,1300.5,-1.1,251.5,48.0,52.0,54.0,46.0,35.0,51.0
2022-10-01 17:20:00,1,4.8,302.9,27.9,25.0,0.0781951219512195,11.2,1274.0,-0.9,275.0,48.0,52.0,55.0,46.0,35.0,51.0
2022-10-01 17:30:00,1,4.3,306.2,31.6,25.0,0.0479512195121951,11.1,1256.6,-0.5,274.6,47.0,51.0,54.0,46.0,35.0,51.0
2022-10-01 17:40:00,1,4.1,275.3,16.4,24.0,0.0403414634146341,11.1,1255.3,-0.2,258.9,47.0,50.0,54.0,46.0,35.0,51.0
2022-10-01 17:50:00,1,3.8,230.9,-45.3,25.0,0.0208292682926829,11.0,1251.6,0.1,276.3,47.0,50.0,54.0,46.0,34.0,51.0
2022-10-01 18:00:00,1,4.1,240.8,-0.6000000000000001,25.0,0.0431219512195122,11.1,1253.1,-0.3,241.4,46.0,50.0,54.0,46.0,34.0,50.0
2022-10-01 18:10:00,1,4.2,269.0,4.9,24.0,0.0495121951219512,11.1,1253.0,-0.3,264.2,47.0,50.0,54.0,46.0,34.0,50.0
2022-10-01 18:20:00,1,4.6,294.6,21.3,24.0,0.0677073170731707,11.1,1261.7,-0.7000000000000001,273.2,46.0,50.0,54.0,45.0,34.0,50.0
2022-10-01 18:30:00,1,4.8,273.9,-6.3,24.0,0.0775121951219512,11.1,1258.9,-0.9,280.2,47.0,51.0,54.0,45.0,34.0,50.0
2022-10-01 18:40:00,1,3.3,267.7,3.9,24.0,0.0052682926829268,8.5,959.9,7.6,263.8,46.0,49.0,53.0,45.0,34.0,50.0
2022-10-01 18:50:00,1,3.1,276.8,13.0,24.0,-0.0084390243902439,2.2,254.1,24.0,263.8,45.0,46.0,50.0,45.0,34.0,50.0
2022-10-01 19:00:00,1,3.4,267.6,-4.9,23.0,-0.0080975609756097,5.5,628.7,16.0,272.5,44.0,44.0,47.0,44.0,34.0,50.0
2022-10-01 19:10:00,1,3.3,272.4,-2.5,23.0,-0.0050731707317073,7.4,840.6,10.7,275.0,44.0,44.0,45.0,43.0,33.0,50.0
2022-10-01 19:20:00,1,3.3,270.4,6.3,23.0,-0.0082926829268292,5.7,643.6,15.3,264.2,44.0,44.0,45.0,42.0,33.0,49.0
2022-10-01 19:30:00,1,2.8,290.3,14.3,23.0,-0.0078536585365853,2.0,225.1,24.0,276.0,43.0,43.0,42.0,41.0,33.0,49.0
2022-10-01 19:40:00,1,2.5,268.8,-6.2,23.0,-0.0060975609756097,1.2,177.6,24.0,275.0,43.0,41.0,40.0,41.0,32.0,50.0
2022-10-01 19:50:00,1,2.2,244.5,-30.5,23.0,-0.0060975609756097,0.1,127.9,24.0,275.0,42.0,41.0,39.0,40.0,32.0,50.0
2022-10-01 20:00:00,1,2.1,247.3,-27.7,23.0,-0.0059512195121951,0.0,116.5,24.0,275.0,42.0,41.0,37.0,39.0,32.0,50.0
2022-10-01 20:10:00,1,1.9,243.4,-31.6,22.0,-0.006,0.0,112.1,24.0,275.0,42.0,40.0,36.0,38.0,32.0,50.0
2022-10-01 20:20:00,1,1.9,263.3,-11.7,22.0,-0.0060975609756097,0.0,143.4,24.0,275.0,41.0,40.0,35.0,37.0,31.0,50.0
2022-10-01 20:30:00,1,2.1,253.5,-21.5,22.0,-0.0060975609756097,0.3,155.9,24.0,275.0,41.0,40.0,34.0,36.0,31.0,50.0
2022-10-01 20:40:00,1,1.8,266.8,-8.2,22.0,-0.0061463414634146,0.0,140.3,24.0,275.0,41.0,40.0,34.0,35.0,31.0,50.0
2022-10-01 20:50:00,1,1.9,252.2,-22.8,22.0,-0.0061463414634146,0.0,147.1,24.0,275.0,41.0,40.0,33.0,35.0,30.0,50.0
2022-10-01 21:00:00,1,1.8,262.3,-12.6,22.0,-0.0060975609756097,0.0,124.0,24.0,275.0,41.0,40.0,32.0,34.0,30.0,50.0
2022-10-01 21:10:00,1,1.8,275.2,0.2,22.0,-0.0060975609756097,0.0,119.5,24.0,275.0,41.0,39.0,32.0,33.0,30.0,50.0
2022-10-01 21:20:00,1,1.8,253.1,-21.8,22.0,-0.0053658536585365,0.0,114.2,24.0,275.0,41.0,39.0,31.0,32.0,29.0,50.0
2022-10-01 21:30:00,1,1.7000000000000002,272.2,-2.8,22.0,-0.004390243902439,0.0,107.7,24.0,275.0,41.0,39.0,31.0,32.0,30.0,50.0
2022-10-01 21:40:00,1,1.5,243.1,-31.8,22.0,-0.004,0.0,76.4,24.0,275.0,40.0,39.0,31.0,32.0,30.0,50.0
2022-10-01 21:50:00,1,1.7000000000000002,280.7,5.7,22.0,-0.0040487804878048,0.0,96.5,24.0,275.0,40.0,39.0,31.0,31.0,30.0,51.0
2022-10-01 22:00:00,1,1.6,306.0,31.0,22.0,-0.004,0.0,90.6,24.0,275.0,40.0,38.0,31.0,31.0,30.0,51.0
2022-10-01 22:10:00,1,1.8,262.0,-13.0,22.0,-0.0040487804878048,0.0,103.7,24.0,275.0,40.0,38.0,31.0,31.0,30.0,51.0
2022-10-01 22:20:00,1,1.4,294.2,19.2,22.0,-0.0040487804878048,0.0,75.1,24.0,275.0,40.0,38.0,30.0,31.0,30.0,51.0
2022-10-01 22:30:00,1,1.2,289.2,14.2,22.0,-0.0040487804878048,0.0,63.9,24.0,275.0,39.0,38.0,30.0,31.0,30.0,51.0
2022-10-01 22:40:00,1,0.6000000000000001,241.0,-33.9,22.0,-0.004,0.0,5.4,24.0,275.0,39.0,38.0,30.0,31.0,30.0,52.0
2022-10-01 22:50:00,1,0.8,252.0,-23.0,22.0,-0.0040487804878048,0.0,0.0,24.0,275.0,39.0,37.0,30.0,30.0,30.0,52.0
2022-10-01 23:00:00,1,0.7000000000000001,239.9,-35.1,22.0,-0.0039512195121951,0.0,0.0,24.0,275.0,38.0,37.0,30.0,30.0,29.0,52.0
2022-10-01 23:10:00,1,0.6000000000000001,234.6,-40.4,22.0,-0.0037073170731707,0.0,0.0,24.0,275.0,38.0,36.0,30.0,30.0,29.0,52.0
2022-10-01 23:20:00,1,0.8,35.3,120.3,22.0,-0.004,0.0,0.0,24.0,275.0,37.0,36.0,30.0,30.0,29.0,52.0
2022-10-01 23:30:00,1,0.9,335.1,60.1,22.0,-0.0037560975609756,0.0,0.0,24.0,275.0,37.0,36.0,30.0,30.0,29.0,52.0
2022-10-01 23:40:00,1,0.9,315.6,40.6,21.0,-0.0038536585365853,0.0,0.0,24.0,275.0,36.0,35.0,29.0,29.0,29.0,52.0
2022-10-01 23:50:00,1,1.1,305.6,30.6,21.0,-0.0039024390243902,0.0,0.0,24.0,275.0,36.0,35.0,29.0,29.0,29.0,52.0
2022-10-02 00:00:00,1,1.2,267.9,-7.1,21.0,-0.0037560975609756,0.0,0.0,24.0,275.0,36.0,35.0,29.0,29.0,29.0,52.0
2022-10-02 00:10:00,1,1.8,246.9,-28.1,21.0,-0.0037073170731707,0.0,62.5,24.0,275.0,36.0,35.0,29.0,29.0,29.0,52.0
2022-10-02 00:20:00,1,1.7000000000000002,292.3,17.3,21.0,-0.0037560975609756,0.0,105.5,24.0,275.0,39.0,35.0,29.0,29.0,28.0,52.0
2022-10-02 00:30:00,1,1.5,314.9,39.9,21.0,-0.0037560975609756,0.0,75.1,24.0,275.0,39.0,35.0,29.0,29.0,28.0,52.0
2022-10-02 00:40:00,1,1.5,330.8,55.8,21.0,-0.0037560975609756,0.0,37.0,24.0,275.0,38.0,35.0,29.0,28.0,28.0,53.0
2022-10-02 00:50:00,1,1.5,315.7,40.7,21.0,-0.0037073170731707,0.0,60.8,24.0,275.0,37.0,35.0,29.0,28.0,28.0,53.0
2022-10-02 01:00:00,1,1.5,303.8,28.8,20.0,-0.0037073170731707,0.0,64.5,24.0,275.0,38.0,35.0,29.0,28.0,28.0,53.0
2022-10-02 01:10:00,1,1.6,320.8,45.8,20.0,-0.0037073170731707,0.0,36.4,24.0,275.0,38.0,35.0,29.0,28.0,28.0,53.0
2022-10-02 01:20:00,1,1.8,321.0,46.0,20.0,-0.0036585365853658,0.0,23.9,24.0,275.0,38.0,35.0,29.0,28.0,28.0,53.0
2022-10-02 01:30:00,1,1.5,323.2,48.2,20.0,-0.0037073170731707,0.0,20.0,24.0,275.0,37.0,35.0,29.0,28.0,27.0,53.0
2022-10-02 01:40:00,1,1.2,342.3,67.3,20.0,-0.0037073170731707,0.0,0.0,24.0,275.0,36.0,35.0,28.0,28.0,27.0,53.0
2022-10-02 01:50:00,1,1.5,338.8,63.8,20.0,-0.0037560975609756,0.0,0.0,24.0,275.0,36.0,34.0,28.0,27.0,27.0,53.0
2022-10-02 02:00:00,1,1.5,342.6,67.6,20.0,-0.0037560975609756,0.0,0.0,24.0,275.0,35.0,34.0,28.0,27.0,27.0,53.0
2022-10-02 02:10:00,1,1.4,342.8,67.8,20.0,-0.0037073170731707,0.0,0.0,24.0,275.0,35.0,34.0,28.0,27.0,27.0,53.0
2022-10-02 02:20:00,1,1.3,354.5,79.5,20.0,-0.0037073170731707,0.0,0.0,24.0,275.0,34.0,33.0,28.0,27.0,27.0,53.0
2022-10-02 02:30:00,1,1.4,350.3,75.3,20.0,-0.0037073170731707,0.0,0.0,24.0,275.0,34.0,33.0,28.0,27.0,27.0,53.0
2022-10-02 02:40:00,1,1.4,356.7,81.7,20.0,-0.0037073170731707,0.0,0.0,24.0,275.0,34.0,33.0,28.0,27.0,27.0,53.0
2022-10-02 02:50:00,1,1.4,3.2,88.2,20.0,-0.0037560975609756,0.0,0.0,24.0,275.0,34.0,33.0,28.0,26.0,27.0,53.0
2022-10-02 03:00:00,1,1.3,43.2,128.2,20.0,-0.0037073170731707,0.0,0.0,24.0,275.0,33.0,33.0,28.0,26.0,27.0,53.0
2022-10-02 03:10:00,1,1.1,66.4,151.4,20.0,-0.0037560975609756,0.0,0.0,24.0,275.0,33.0,32.0,27.0,26.0,27.0,52.0
2022-10-02 03:20:00,1,1.2,48.3,133.3,20.0,-0.0037560975609756,0.0,0.0,24.0,275.0,33.0,32.0,27.0,26.0,26.0,52.0
2022-10-02 03:30:00,1,1.1,21.3,106.3,20.0,-0.0037073170731707,0.0,0.0,24.0,275.0,33.0,32.0,27.0,26.0,26.0,52.0
2022-10-02 03:40:00,1,1.1,34.9,119.9,20.0,-0.0037073170731707,0.0,0.0,24.0,275.0,33.0,32.0,27.0,26.0,26.0,52.0
2022-10-02 03:50:00,1,1.1,351.3,76.3,20.0,-0.0037560975609756,0.0,0.0,24.0,275.0,32.0,32.0,27.0,26.0,26.0,52.0
2022-10-02 04:00:00,1,0.6000000000000001,50.7,135.7,20.0,-0.0037073170731707,0.0,0.0,24.0,275.0,32.0,31.0,27.0,26.0,26.0,52.0
2022-10-02 04:10:00,1,1.2,262.9,-12.1,20.0,-0.0037560975609756,0.0,0.0,24.0,275.0,32.0,31.0,27.0,26.0,26.0,52.0
2022-10-02 04:20:00,1,1.8,222.1,-52.9,20.0,-0.0037560975609756,0.0,0.0,24.0,275.0,32.0,31.0,27.0,25.0,26.0,52.0
2022-10-02 04:30:00,1,2.1,175.0,-99.9,20.0,-0.0025853658536585,0.0,0.0,24.0,275.0,32.0,31.0,27.0,25.0,27.0,52.0
2022-10-02 04:40:00,1,2.4,164.5,-110.4,20.0,-0.0024390243902439,0.0,6.6,24.0,274.9,32.0,31.0,27.0,25.0,28.0,52.0
2022-10-02 04:50:00,1,2.7,190.2,-40.9,21.0,-0.002780487804878,2.0,231.7,24.0,231.1,35.0,32.0,27.0,25.0,28.0,52.0
2022-10-02 05:00:00,1,2.9,163.0,-25.0,20.0,-0.0026829268292682,1.9,221.4,24.0,188.0,36.0,33.0,27.0,26.0,28.0,52.0
2022-10-02 05:10:00,1,2.8,186.4,17.2,20.0,-0.0023414634146341,2.1,238.2,24.0,169.1,36.0,34.0,27.0,26.0,29.0,53.0
2022-10-02 05:20:00,1,3.4,167.3,-9.2,20.0,-0.0026829268292682,2.5,282.7,24.0,176.5,36.0,35.0,28.0,26.0,29.0,53.0
2022-10-02 05:30:00,1,3.4,186.2,10.5,20.0,0.0033658536585365,7.4,844.9,9.9,175.8,36.0,37.0,28.0,30.0,30.0,46.0
2022-10-02 05:40:00,1,3.5,185.3,16.1,20.0,0.0145365853658536,10.2,1153.8,3.0,169.1,38.0,42.0,32.0,42.0,29.0,41.0
2022-10-02 05:50:00,1,3.5,153.7,-15.1,20.0,0.0177560975609756,11.0,1247.8,0.3,168.8,39.0,45.0,37.0,49.0,29.0,42.0
2022-10-02 06:00:00,1,2.4,155.6,-13.2,19.0,-0.0033170731707317,1.6,270.8,22.5,168.8,39.0,44.0,39.0,49.0,29.0,43.0
2022-10-02 06:10:00,1,2.5,208.6,31.7,19.0,-0.003170731707317,1.2,187.2,24.0,176.9,39.0,42.0,37.0,45.0,29.0,44.0
2022-10-02 06:20:00,1,3.1,162.9,-28.3,19.0,-0.0033170731707317,4.4,498.9,16.7,191.2,38.0,41.0,36.0,42.0,29.0,45.0
2022-10-02 06:30:00,1,1.8,200.4,8.8,19.0,-0.0032682926829268,2.0,299.3,19.9,191.6,38.0,41.0,36.0,43.0,29.0,46.0
2022-10-02 06:40:00,1,1.8,161.7,-29.8,19.0,-0.0029756097560975,0.0,125.7,24.0,191.6,39.0,40.0,36.0,40.0,29.0,46.0
2022-10-02 06:50:00,1,2.1,134.0,-57.6,19.0,-0.0029756097560975,0.5,144.3,24.0,191.6,38.0,39.0,35.0,39.0,29.0,47.0
2022-10-02 07:00:00,1,2.5,173.7,-17.8,19.0,-0.0030731707317073,1.9,215.5,24.0,191.6,37.0,38.0,35.0,37.0,29.0,47.0
2022-10-02 07:10:00,1,2.6,202.2,10.6,19.0,-0.0031219512195121,2.0,223.8,24.0,191.6,37.0,38.0,34.0,36.0,29.0,48.0
2022-10-02 07:20:00,1,3.0,190.3,-13.5,19.0,-0.0033170731707317,2.2,248.2,24.0,203.8,37.0,38.0,34.0,35.0,29.0,48.0
2022-10-02 07:30:00,1,3.1,167.8,-38.4,19.0,-0.0033658536585365,2.2,248.2,24.0,206.3,37.0,38.0,33.0,34.0,29.0,49.0
2022-10-02 07:40:00,1,3.1,193.5,2.2,19.0,-0.0033658536585365,2.2,250.8,24.0,191.2,37.0,38.0,33.0,34.0,29.0,49.0
2022-10-02 07:50:00,1,3.0,222.0,10.5,19.0,-0.0032682926829268,2.2,244.9,24.0,211.5,37.0,37.0,33.0,33.0,28.0,49.0
2022-10-02 08:00:00,1,2.7,209.3,3.0,19.0,-0.0032682926829268,1.9,209.9,24.0,206.3,37.0,37.0,33.0,33.0,28.0,50.0
2022-10-02 08:10:00,1,2.5,187.2,-26.1,19.0,-0.0031219512195121,0.2,146.4,24.0,213.3,37.0,37.0,32.0,32.0,28.0,50.0
2022-10-02 08:20:00,1,2.3,183.3,-30.0,19.0,-0.0029268292682926,0.1,116.5,24.0,213.3,37.0,37.0,32.0,32.0,28.0,50.0
2022-10-02 08:30:00,1,2.1,135.0,-78.3,19.0,-0.0029268292682926,0.0,87.2,24.0,213.3,36.0,36.0,32.0,32.0,28.0,50.0
2022-10-02 08:40:00,1,2.3,158.9,-54.4,19.0,-0.0030243902439024,0.2,132.8,24.0,213.3,36.0,36.0,32.0,31.0,28.0,50.0
2022-10-02 08:50:00,1,2.4,174.4,-38.8,19.0,-0.0030731707317073,0.7000000000000001,144.0,24.0,213.3,36.0,36.0,31.0,31.0,28.0,51.0
2022-10-02 09:00:00,1,2.6,215.0,12.9,19.0,-0.0032682926829268,1.5,204.5,24.0,202.0,36.0,36.0,31.0,31.0,28.0,51.0
2022-10-02 09:10:00,1,2.2,186.6,3.4,18.0,-0.0031219512195121,0.7000000000000001,154.5,24.0,183.2,36.0,36.0,31.0,30.0,28.0,51.0
2022-10-02 09:20:00,1,2.8,201.6,11.8,18.0,-0.0033170731707317,1.9,218.6,24.0,189.8,36.0,36.0,31.0,30.0,28.0,51.0
2022-10-02 09:30:00,1,2.5,153.0,-36.4,19.0,-0.0031219512195121,1.0,186.8,24.0,189.5,36.0,36.0,31.0,30.0,28.0,51.0
2022-10-02 09:40:00,1,2.3,208.8,19.3,19.0,-0.0032195121951219,0.9,174.4,24.0,189.5,36.0,36.0,31.0,30.0,28.0,51.0
2022-10-02 09:50:00,1,3.0,213.1,25.0,19.0,-0.0035121951219512,1.8,221.1,24.0,188.1,36.0,36.0,30.0,30.0,28.0,51.0
2022-10-02 10:00:00,1,2.8,212.2,6.9,19.0,-0.0036097560975609,1.8,222.0,24.0,205.2,36.0,36.0,30.0,30.0,28.0,52.0
2022-10-02 10:10:00,1,2.9,169.2,-33.9,19.0,-0.0034634146341463,1.0,159.2,24.0,203.1,36.0,36.0,30.0,29.0,28.0,52.0
2022-10-02 10:20:00,1,2.9,151.2,-0.4,19.0,-0.0032195121951219,2.0,224.7,24.0,151.6,36.0,36.0,30.0,29.0,28.0,52.0
2022-10-02 10:30:00,1,2.4,183.6,31.3,19.0,-0.0030731707317073,1.5,189.9,24.0,152.3,35.0,35.0,30.0,29.0,28.0,52.0
2022-10-02 10:40:00,1,2.4,187.0,34.7,19.0,-0.0030731707317073,1.3,185.4,24.0,152.3,35.0,35.0,30.0,29.0,28.0,52.0
2022-10-02 10:50:00,1,2.2,187.1,34.8,20.0,-0.0030731707317073,1.0,172.6,24.0,152.3,35.0,35.0,30.0,29.0,28.0,52.0
2022-10-02 11:00:00,1,2.1,199.8,47.4,20.0,-0.0030731707317073,0.3,152.5,24.0,152.3,35.0,35.0,30.0,29.0,28.0,52.0
2022-10-02 11:10:00,1,1.8,186.6,34.3,20.0,-0.0030243902439024,0.0,94.5,24.0,152.3,35.0,35.0,30.0,29.0,28.0,52.0
2022-10-02 11:20:00,1,1.8,272.8,120.5,21.0,-0.0029268292682926,0.0,70.2,24.0,152.3,35.0,35.0,29.0,29.0,28.0,52.0
2022-10-02 11:30:00,1,2.1,168.1,15.8,21.0,-0.0029756097560975,0.1,113.7,24.0,152.3,35.0,35.0,29.0,28.0,28.0,52.0
2022-10-02 11:40:00,1,2.0,199.6,47.3,22.0,-0.0027317073170731,0.2,104.3,24.0,152.3,35.0,34.0,29.0,28.0,28.0,52.0
2022-10-02 11:50:00,1,3.2,164.4,12.0,22.0,-0.002780487804878,2.2,249.8,24.0,152.4,35.0,35.0,29.0,28.0,29.0,53.0
2022-10-02 12:00:00,1,2.8,174.2,-19.1,22.0,-0.002390243902439,2.0,230.6,24.0,193.3,35.0,35.0,29.0,29.0,30.0,53.0
2022-10-02 12:10:00,1,1.8,204.7,20.8,23.0,-0.0026829268292682,0.2,131.0,24.0,183.9,35.0,35.0,29.0,29.0,31.0,51.0
2022-10-02 12:20:00,1,1.5,217.3,33.4,23.0,-0.0025365853658536,0.0,42.5,24.0,183.9,35.0,35.0,30.0,29.0,31.0,44.0
2022-10-02 12:30:00,1,1.8,166.6,-17.2,24.0,-0.0023414634146341,0.1,85.6,24.0,183.9,35.0,35.0,30.0,29.0,32.0,44.0
2022-10-02 12:40:00,1,1.9,107.1,-76.7,24.0,-0.0022439024390243,0.0,75.8,24.0,183.9,35.0,35.0,30.0,29.0,32.0,45.0
2022-10-02 12:50:00,1,1.5,224.2,40.3,25.0,-0.0021951219512195,0.0,26.3,24.0,183.9,35.0,35.0,30.0,29.0,32.0,47.0
2022-10-02 13:00:00,1,2.2,219.3,35.4,24.0,-0.0024878048780487,0.7000000000000001,155.1,24.0,183.9,35.0,35.0,30.0,29.0,32.0,48.0
2022-10-02 13:10:00,1,1.7000000000000002,168.7,-15.2,25.0,-0.0021463414634146,0.0,57.2,24.0,183.9,35.0,35.0,30.0,29.0,33.0,48.0
2022-10-02 13:20:00,1,1.9,233.2,49.4,25.0,-0.0025365853658536,0.2,122.6,24.0,183.9,35.0,35.0,30.0,29.0,33.0,49.0
2022-10-02 13:30:00,1,2.0,90.9,-93.0,25.0,-0.0025853658536585,0.4,120.4,24.0,183.9,35.0,35.0,30.0,29.0,33.0,50.0
2022-10-02 13:40:00,1,1.9,135.5,-48.3,26.0,-0.0024878048780487,0.1,99.1,24.0,183.9,35.0,35.0,30.0,30.0,33.0,51.0
2022-10-02 13:50:00,1,2.6,73.0,-110.9,26.0,-0.0028780487804878,0.1,23.0,24.0,183.9,35.0,35.0,30.0,30.0,33.0,52.0
2022-10-02 14:00:00,1,2.6,224.8,-17.8,26.0,-0.0030243902439024,0.8,145.3,24.0,242.7,35.0,35.0,30.0,30.0,34.0,52.0
2022-10-02 14:10:00,1,3.2,246.6,28.2,26.0,-0.0039024390243902,2.3,284.0,21.5,218.3,35.0,36.0,31.0,30.0,34.0,48.0
2022-10-02 14:20:00,1,3.2,265.5,-8.8,26.0,-0.0027317073170731,5.9,673.1,32.1,274.3,36.0,39.0,32.0,33.0,35.0,44.0
2022-10-02 14:30:00,1,3.7,301.0,-5.9,26.0,0.0140975609756097,10.3,1164.6,1.1,306.9,37.0,42.0,36.0,40.0,35.0,45.0
2022-10-02 14:40:00,1,4.0,285.5,-11.5,26.0,0.0185365853658536,9.4,1072.5,6.3,297.0,38.0,45.0,40.0,48.0,34.0,46.0
2022-10-02 14:50:00,1,3.1,244.5,-20.7,26.0,0.0033170731707317,6.3,724.3,20.6,265.2,39.0,45.0,42.0,51.0,33.0,47.0
2022-10-02 15:00:00,1,3.8,250.8,-32.6,26.0,0.0063414634146341,7.6,871.1,8.6,283.4,39.0,45.0,42.0,50.0,33.0,47.0
2022-10-02 15:10:00,1,3.7,273.9,-9.1,26.0,0.0213658536585365,10.9,1237.2,0.1,283.1,40.0,46.0,45.0,54.0,33.0,48.0
2022-10-02 15:20:00,1,4.7,283.1,0.1,25.0,0.0652195121951219,11.2,1268.6,-0.6000000000000001,283.0,41.0,48.0,47.0,57.0,33.0,48.0
2022-10-02 15:30:00,1,4.7,267.3,-9.7,25.0,0.074,11.2,1263.4,-0.8,277.1,42.0,50.0,49.0,60.0,33.0,49.0
2022-10-02 15:40:00,1,5.0,224.0,-61.5,25.0,0.0853658536585365,11.3,1283.6,-1.1,285.5,42.0,50.0,50.0,61.0,33.0,49.0
2022-10-02 15:50:00,1,5.1,253.6,-18.9,25.0,0.0901463414634146,11.3,1281.5,-1.1,272.5,43.0,50.0,51.0,62.0,33.0,49.0
2022-10-02 16:00:00,1,5.1,273.2,9.0,25.0,0.0892682926829268,11.3,1279.5,-1.1,264.2,43.0,50.0,52.0,63.0,33.0,49.0
2022-10-02 16:10:00,1,5.4,311.5,35.4,25.0,0.1008292682926829,11.4,1289.5,-1.4,276.0,44.0,51.0,52.0,64.0,34.0,49.0
2022-10-02 16:20:00,1,4.5,238.8,-30.9,25.0,0.0618048780487804,11.1,1257.0,-0.6000000000000001,269.7,44.0,50.0,53.0,65.0,34.0,49.0
2022-10-02 16:30:00,1,4.6,267.6,-2.1,25.0,0.0679024390243902,11.1,1262.6,-0.8,269.7,44.0,50.0,54.0,65.0,34.0,50.0
2022-10-02 16:40:00,1,4.8,266.9,-11.9,25.0,0.0743414634146341,11.1,1258.0,-1.0,278.8,44.0,50.0,54.0,65.0,34.0,50.0
2022-10-02 16:50:00,1,5.2,273.8,3.7,25.0,0.087170731707317,11.3,1283.5,-1.2,270.1,45.0,50.0,54.0,66.0,34.0,50.0
2022-10-02 17:00:00,1,5.3,275.9,-0.5,25.0,0.1001463414634146,11.3,1285.4,-1.4,276.4,45.0,51.0,54.0,67.0,34.0,50.0
2022-10-02 17:10:00,1,5.2,271.4,-6.8,25.0,0.1028780487804878,11.4,1288.2,-1.2,278.1,45.0,51.0,54.0,67.0,34.0,50.0
2022-10-02 17:20:00,1,5.8,299.4,21.3,25.0,0.1384390243902439,11.6,1315.7,-1.7000000000000002,278.1,46.0,52.0,54.0,67.0,34.0,50.0
2022-10-02 17:30:00,1,5.2,283.7,5.5,25.0,0.1091219512195122,11.5,1302.8,-1.2,278.2,46.0,52.0,54.0,68.0,34.0,50.0
2022-10-02 17:40:00,1,5.5,267.3,-21.0,25.0,0.1187317073170731,11.8,1337.4,-1.3,288.3,46.0,52.0,54.0,68.0,34.0,50.0
2022-10-02 17:50:00,1,4.9,308.1,26.7,25.0,0.0864390243902439,11.3,1274.9,-1.0,281.3,47.0,52.0,54.0,68.0,34.0,50.0
2022-10-02 18:00:00,1,5.1,318.2,18.0,25.0,0.0843414634146341,11.2,1273.6,-1.1,300.2,47.0,52.0,54.0,68.0,34.0,50.0
2022-10-02 18:10:00,1,4.5,297.5,8.5,25.0,0.0588780487804878,11.1,1262.3,-0.6000000000000001,289.0,46.0,51.0,54.0,68.0,34.0,49.0
2022-10-02 18:20:00,1,4.7,304.8,8.8,25.0,0.0662439024390244,11.1,1259.9,-0.8,296.0,46.0,50.0,54.0,67.0,34.0,49.0
2022-10-02 18:30:00,1,4.5,289.8,-3.7,25.0,0.0567317073170731,11.1,1259.3,-0.6000000000000001,293.6,46.0,50.0,54.0,67.0,34.0,49.0
2022-10-02 18:40:00,1,4.9,274.3,-22.1,25.0,0.079170731707317,11.2,1268.0,-1.0,296.4,46.0,51.0,54.0,67.0,34.0,49.0
2022-10-02 18:50:00,1,4.5,314.6,12.2,25.0,0.0561951219512195,11.1,1256.6,-0.6000000000000001,302.4,46.0,50.0,54.0,67.0,34.0,49.0
2022-10-02 19:00:00,1,4.5,303.5,-14.2,25.0,0.0606829268292683,11.1,1254.2,-0.6000000000000001,317.8,46.0,50.0,54.0,67.0,34.0,49.0
2022-10-02 19:10:00,1,4.8,329.8,3.7,25.0,0.0750243902439024,11.1,1261.1,-0.9,326.1,46.0,51.0,54.0,67.0,34.0,49.0
2022-10-02 19:20:00,1,4.7,312.3,-4.4,25.0,0.0612195121951219,11.1,1251.9,-0.9,316.7,46.0,51.0,55.0,67.0,34.0,49.0
2022-10-02 19:30:00,1,4.4,313.1,-3.6,25.0,0.0528780487804878,11.0,1251.1,-0.6000000000000001,316.7,46.0,50.0,54.0,67.0,34.0,49.0
2022-10-02 19:40:00,1,3.7,296.0,-21.7,25.0,0.0197560975609756,11.0,1248.6,0.1,317.7,46.0,49.0,54.0,66.0,34.0,49.0
2022-10-02 19:50:00,1,3.8,288.4,-12.5,24.0,0.0238048780487804,11.0,1249.2,0.1,300.9,45.0,49.0,54.0,66.0,34.0,49.0
2022-10-02 20:00:00,1,3.5,279.9,-22.8,24.0,0.0134146341463414,11.0,1248.8,0.6000000000000001,302.7,45.0,48.0,54.0,66.0,34.0,49.0
2022-10-02 20:10:00,1,3.9,306.4,4.0,23.0,0.0284878048780487,11.0,1249.1,-0.1,302.3,45.0,48.0,54.0,66.0,33.0,49.0
2022-10-02 20:20:00,1,3.7,316.4,8.1,23.0,0.0227317073170731,11.0,1248.7,0.1,308.3,45.0,48.0,54.0,66.0,33.0,49.0
2022-10-02 20:30:00,1,4.0,309.5,7.9,23.0,0.0393658536585365,11.1,1251.7,-0.1,301.6,45.0,48.0,54.0,65.0,33.0,49.0
2022-10-02 20:40:00,1,3.8,322.5,13.5,23.0,0.0235121951219512,11.0,1249.0,0.4,309.0,45.0,48.0,54.0,65.0,33.0,49.0
2022-10-02 20:50:00,1,4.2,303.4,-5.6,23.0,0.0365365853658536,11.0,1250.3,-0.3,309.0,44.0,48.0,54.0,65.0,33.0,49.0
2022-10-02 21:00:00,1,3.6,324.6,15.6,22.0,0.0090243902439024,11.0,1248.3,0.8,309.0,44.0,48.0,54.0,65.0,33.0,49.0
2022-10-02 21:10:00,1,3.5,281.6,-27.4,22.0,0.0053658536585365,9.2,1045.3,5.6,309.0,43.0,46.0,53.0,64.0,32.0,48.0
2022-10-02 21:20:00,1,3.1,325.4,17.8,22.0,-0.0028292682926829,8.4,948.5,9.0,307.6,43.0,46.0,53.0,64.0,32.0,48.0
2022-10-02 21:30:00,1,3.2,301.3,-6.3,22.0,-0.0082926829268292,2.5,287.0,24.0,307.6,42.0,44.0,49.0,59.0,32.0,48.0
2022-10-02 21:40:00,1,3.2,300.9,-2.1,22.0,-0.008390243902439,2.6,291.6,24.0,303.0,42.0,43.0,45.0,54.0,32.0,48.0
2022-10-02 21:50:00,1,3.3,312.2,8.1,22.0,-0.008390243902439,2.5,282.5,24.0,304.1,42.0,42.0,42.0,50.0,32.0,48.0
2022-10-02 22:00:00,1,3.2,282.1,-22.0,22.0,-0.0062439024390243,2.5,281.9,24.0,304.1,42.0,41.0,40.0,47.0,31.0,48.0
2022-10-02 22:10:00,1,3.2,326.1,21.6,22.0,-0.0060975609756097,2.6,289.8,24.0,304.4,41.0,41.0,38.0,44.0,31.0,48.0
2022-10-02 22:20:00,1,3.0,294.2,-10.2,21.0,-0.0061463414634146,2.4,277.0,24.0,304.4,41.0,41.0,37.0,42.0,31.0,48.0
2022-10-02 22:30:00,1,3.0,306.8,2.4,21.0,-0.0062439024390243,2.4,266.2,24.0,304.4,41.0,41.0,36.0,40.0,31.0,48.0
2022-10-02 22:40:00,1,2.9,304.2,0.1,21.0,-0.0060487804878048,2.2,246.0,24.0,304.1,41.0,40.0,35.0,38.0,31.0,48.0
2022-10-02 22:50:00,1,2.9,293.6,-10.4,21.0,-0.0061463414634146,2.3,257.7,24.0,304.1,41.0,40.0,34.0,37.0,30.0,48.0
2022-10-02 23:00:00,1,2.5,296.8,-14.3,21.0,-0.0056097560975609,1.8,205.4,24.0,311.1,41.0,40.0,33.0,36.0,30.0,48.0
2022-10-02 23:10:00,1,2.5,293.8,-17.3,21.0,-0.0052682926829268,1.9,213.8,24.0,311.1,41.0,40.0,32.0,35.0,29.0,49.0
2022-10-02 23:20:00,1,2.4,330.9,19.8,21.0,-0.0053170731707317,1.9,212.9,24.0,311.1,41.0,39.0,32.0,34.0,29.0,49.0
2022-10-02 23:30:00,1,2.5,307.1,-4.0,21.0,-0.0053658536585365,1.9,216.4,24.0,311.1,40.0,39.0,31.0,33.0,29.0,49.0
2022-10-02 23:40:00,1,2.6,314.5,3.4,21.0,-0.0046829268292682,1.9,216.4,24.0,311.1,40.0,39.0,31.0,32.0,29.0,49.0
2022-10-02 23:50:00,1,2.6,308.4,-2.7,21.0,-0.0041463414634146,1.9,213.3,24.0,311.1,40.0,39.0,31.0,32.0,30.0,49.0
2022-10-03 00:00:00,1,3.0,323.0,11.9,21.0,-0.0042439024390243,2.0,232.1,24.0,311.1,40.0,39.0,31.0,31.0,30.0,49.0
2022-10-03 00:10:00,1,3.1,330.9,5.5,21.0,-0.0040487804878048,2.1,234.3,24.0,325.5,40.0,39.0,31.0,31.0,30.0,49.0
2022-10-03 00:20:00,1,2.9,337.7,12.2,21.0,-0.004,1.9,216.3,24.0,325.5,40.0,39.0,30.0,31.0,30.0,50.0
2022-10-03 00:30:00,1,2.6,339.9,5.6,21.0,-0.004,1.8,203.3,24.0,334.2,40.0,39.0,30.0,30.0,30.0,50.0
2022-10-03 00:40:00,1,2.9,343.2,9.0,21.0,-0.0039024390243902,2.0,223.5,24.0,334.3,39.0,39.0,30.0,30.0,29.0,50.0
2022-10-03 00:50:00,1,3.0,344.1,0.3,21.0,-0.004,2.1,235.0,24.0,343.7,39.0,39.0,30.0,30.0,29.0,50.0
2022-10-03 01:00:00,1,3.0,346.9,3.2,21.0,-0.0039024390243902,2.2,248.2,24.0,343.7,39.0,38.0,30.0,30.0,29.0,50.0
2022-10-03 01:10:00,1,2.9,351.2,7.5,21.0,-0.0038536585365853,2.1,240.7,24.0,343.7,39.0,38.0,30.0,30.0,29.0,50.0
2022-10-03 01:20:00,1,3.0,331.8,-18.5,21.0,-0.0039024390243902,2.1,238.1,24.0,350.3,39.0,38.0,30.0,30.0,29.0,50.0
2022-10-03 01:30:00,1,2.7,352.7,2.4,21.0,-0.0039512195121951,1.9,214.1,24.0,350.4,39.0,38.0,30.0,30.0,29.0,50.0
2022-10-03 01:40:00,1,2.6,349.7,-9.8,20.0,-0.0038536585365853,1.9,212.9,24.0,359.0,39.0,38.0,30.0,29.0,29.0,50.0
2022-10-03 01:50:00,1,2.4,358.7,-0.8,20.0,-0.0039024390243902,1.7000000000000002,194.6,24.0,359.0,39.0,38.0,29.0,29.0,29.0,50.0
2022-10-03 02:00:00,1,2.2,21.9,22.4,20.0,-0.0038536585365853,1.5,176.5,24.0,359.0,39.0,38.0,29.0,29.0,28.0,50.0
2022-10-03 02:10:00,1,2.0,358.4,-1.0,20.0,-0.0038536585365853,1.3,170.5,24.0,359.0,38.0,38.0,29.0,29.0,28.0,51.0
2022-10-03 02:20:00,1,1.7000000000000002,44.9,45.4,20.0,-0.0038536585365853,0.0,122.7,24.0,359.0,38.0,38.0,29.0,29.0,28.0,51.0
2022-10-03 02:30:00,1,1.2,23.4,23.9,20.0,-0.0037073170731707,0.0,61.3,24.0,359.0,38.0,37.0,29.0,29.0,28.0,51.0
2022-10-03 02:40:00,1,1.1,9.7,10.2,20.0,-0.0037073170731707,0.0,0.4,24.0,359.0,37.0,37.0,29.0,28.0,27.0,51.0
2022-10-03 02:50:00,1,1.4,44.9,45.4,20.0,-0.0037073170731707,0.0,4.8,24.0,359.0,37.0,36.0,29.0,28.0,27.0,51.0
2022-10-03 03:00:00,1,1.9,55.2,55.7,20.0,-0.0036585365853658,0.0,85.0,24.0,359.0,37.0,36.0,28.0,28.0,27.0,51.0
2022-10-03 03:10:00,1,2.4,32.1,32.6,20.0,-0.0038048780487804,0.2,160.4,24.0,359.0,37.0,36.0,28.0,28.0,27.0,51.0
2022-10-03 03:20:00,1,2.4,32.5,33.0,20.0,-0.0038536585365853,0.2,155.8,24.0,359.0,37.0,36.0,28.0,28.0,27.0,51.0
2022-10-03 03:30:00,1,1.9,35.0,35.5,19.0,-0.0038048780487804,0.0,114.0,24.0,359.0,37.0,36.0,28.0,28.0,27.0,51.0
2022-10-03 03:40:00,1,1.7000000000000002,42.6,43.1,19.0,-0.0037073170731707,0.0,98.3,24.0,359.0,37.0,36.0,28.0,28.0,27.0,51.0
2022-10-03 03:50:00,1,1.5,65.4,66.0,19.0,-0.0037073170731707,0.0,47.6,24.0,359.0,37.0,36.0,28.0,28.0,26.0,51.0
2022-10-03 04:00:00,1,1.3,72.9,73.4,19.0,-0.0037073170731707,0.0,6.9,24.0,359.0,36.0,35.0,28.0,27.0,26.0,51.0
2022-10-03 04:10:00,1,1.4,45.2,45.7,19.0,-0.0037073170731707,0.0,0.0,24.0,359.0,36.0,35.0,28.0,27.0,26.0,51.0
2022-10-03 04:20:00,1,1.0,20.8,21.3,19.0,-0.0037073170731707,0.0,0.0,24.0,359.0,35.0,34.0,28.0,27.0,26.0,51.0
2022-10-03 04:30:00,1,1.5,63.0,63.5,19.0,-0.0037560975609756,0.0,0.0,24.0,359.0,35.0,34.0,27.0,27.0,26.0,51.0
2022-10-03 04:40:00,1,2.4,99.5,100.0,20.0,-0.0034146341463414,0.0,16.9,24.0,359.0,34.0,34.0,27.0,26.0,26.0,51.0
2022-10-03 04:50:00,1,3.2,80.7,48.1,20.0,-0.0026829268292682,2.0,240.6,24.0,32.5,36.0,34.0,27.0,26.0,27.0,51.0
2022-10-03 05:00:00,1,3.4,57.5,-21.6,20.0,-0.0022926829268292,2.4,271.0,24.0,79.0,36.0,35.0,27.0,27.0,28.0,51.0
2022-10-03 05:10:00,1,3.2,62.2,-16.8,20.0,-0.0022926829268292,2.4,266.3,24.0,79.0,36.0,36.0,28.0,27.0,28.0,52.0
2022-10-03 05:20:00,1,2.4,77.2,-1.8,19.0,-0.0022439024390243,1.9,211.2,24.0,79.0,36.0,36.0,28.0,27.0,29.0,52.0
2022-10-03 05:30:00,1,2.6,77.2,-1.9,19.0,-0.0022926829268292,1.9,218.1,24.0,79.0,36.0,36.0,28.0,27.0,29.0,52.0
2022-10-03 05:40:00,1,3.0,80.9,1.9,19.0,-0.0022926829268292,2.3,257.4,24.0,79.0,36.0,36.0,28.0,27.0,29.0,52.0
2022-10-03 05:50:00,1,2.8,74.1,-4.9,19.0,-0.0024390243902439,2.3,258.2,24.0,79.1,36.0,36.0,28.0,27.0,29.0,53.0
2022-10-03 06:00:00,1,2.9,100.0,3.4,19.0,-0.0027317073170731,2.3,265.6,24.0,96.5,36.0,37.0,28.0,28.0,29.0,53.0
2022-10-03 06:10:00,1,2.6,109.1,19.9,19.0,-0.0036585365853658,2.0,223.4,24.0,89.2,36.0,37.0,28.0,28.0,29.0,47.0
2022-10-03 06:20:00,1,2.7,69.0,-10.0,19.0,-0.0033170731707317,2.0,221.6,24.0,79.1,36.0,36.0,28.0,28.0,29.0,40.0
2022-10-03 06:30:00,1,2.6,82.8,-2.6,20.0,-0.0030731707317073,1.8,206.1,24.0,85.4,36.0,36.0,29.0,28.0,28.0,40.0
2022-10-03 06:40:00,1,3.1,107.1,21.8,20.0,-0.0030243902439024,2.3,265.2,24.0,85.4,36.0,36.0,28.0,27.0,28.0,42.0
2022-10-03 06:50:00,1,3.5,86.8,1.4,20.0,-0.0031219512195121,2.7,307.9,24.0,85.4,36.0,36.0,28.0,27.0,28.0,43.0
2022-10-03 07:00:00,1,3.4,85.0,-8.3,20.0,0.0016097560975609,9.3,1050.7,4.9,93.4,37.0,39.0,29.0,32.0,28.0,44.0
2022-10-03 07:10:00,1,4.1,123.8,31.1,20.0,0.031170731707317,10.3,1170.1,2.0,92.7,38.0,43.0,33.0,44.0,28.0,44.0
2022-10-03 07:20:00,1,3.9,91.3,-0.7000000000000001,20.0,0.0264878048780487,11.0,1248.7,-0.1,92.0,39.0,46.0,38.0,50.0,28.0,45.0
2022-10-03 07:30:00,1,3.8,87.0,-5.0,20.0,0.0219024390243902,11.0,1248.8,0.0,92.0,40.0,47.0,41.0,54.0,29.0,45.0
2022-10-03 07:40:00,1,4.1,90.6,-1.4,19.0,0.0234146341463414,11.0,1249.2,-0.2,92.0,40.0,47.0,44.0,56.0,29.0,46.0
2022-10-03 07:50:00,1,3.8,106.5,14.4,19.0,0.0134146341463414,11.0,1248.8,0.1,92.0,41.0,47.0,45.0,58.0,29.0,46.0
2022-10-03 08:00:00,1,3.4,98.5,6.5,19.0,-0.0047317073170731,3.5,392.1,22.4,92.0,40.0,45.0,44.0,56.0,29.0,47.0
2022-10-03 08:10:00,1,4.2,78.9,-13.1,19.0,0.0166341463414634,9.4,1073.0,3.5,92.0,40.0,45.0,42.0,53.0,28.0,47.0
2022-10-03 08:20:00,1,4.7,81.8,-10.2,20.0,0.0454146341463414,11.0,1250.9,-0.8,92.0,41.0,47.0,44.0,57.0,28.0,47.0
2022-10-03 08:30:00,1,4.4,86.0,-6.0,19.0,0.0400975609756097,11.0,1249.7,-0.6000000000000001,92.0,42.0,48.0,46.0,59.0,28.0,47.0
2022-10-03 08:40:00,1,4.5,95.7,3.6,20.0,0.0409268292682926,11.0,1249.8,-0.7000000000000001,92.0,42.0,48.0,46.0,60.0,28.0,48.0
2022-10-03 08:50:00,1,4.7,87.0,-5.0,20.0,0.0426829268292682,11.0,1250.9,-0.9,92.0,42.0,48.0,47.0,61.0,28.0,48.0
2022-10-03 09:00:00,1,4.5,99.1,7.1,20.0,0.0309268292682926,11.0,1249.7,-0.7000000000000001,92.0,42.0,48.0,48.0,62.0,29.0,48.0
2022-10-03 09:10:00,1,3.9,71.5,-20.6,20.0,0.0100487804878048,10.9,1230.1,1.4,92.0,42.0,47.0,48.0,63.0,29.0,48.0
2022-10-03 09:20:00,1,3.5,95.5,-4.3,20.0,-0.0053658536585365,6.6,747.6,12.3,99.8,42.0,45.0,47.0,61.0,30.0,48.0
2022-10-03 09:30:00,1,3.4,138.5,20.1,20.0,0.0021463414634146,8.8,995.9,7.6,118.3,42.0,45.0,47.0,61.0,30.0,47.0
2022-10-03 09:40:00,1,3.3,100.7,-25.0,20.0,-0.0056097560975609,5.0,572.6,15.9,125.7,41.0,43.0,45.0,57.0,30.0,47.0
2022-10-03 09:50:00,1,3.0,113.6,-13.5,20.0,-0.0056585365853658,3.6,407.9,20.9,127.1,41.0,43.0,45.0,56.0,30.0,47.0
2022-10-03 10:00:00,1,2.6,124.3,-0.7000000000000001,21.0,-0.0054146341463414,2.0,223.2,24.0,125.0,41.0,42.0,42.0,51.0,29.0,48.0
2022-10-03 10:10:00,1,3.3,94.0,-42.5,21.0,-0.005560975609756,2.3,266.1,24.0,136.5,40.0,41.0,40.0,47.0,29.0,48.0
2022-10-03 10:20:00,1,2.5,116.3,-9.0,22.0,-0.0053658536585365,1.6,212.9,24.0,125.3,40.0,40.0,38.0,44.0,29.0,48.0
2022-10-03 10:30:00,1,2.7,111.7,-3.5,22.0,-0.0053170731707317,1.2,182.5,24.0,115.2,40.0,40.0,36.0,42.0,29.0,48.0
2022-10-03 10:40:00,1,2.4,80.2,-34.9,22.0,-0.0053658536585365,1.4,187.0,24.0,115.1,40.0,40.0,35.0,40.0,29.0,48.0
2022-10-03 10:50:00,1,3.9,123.9,21.0,23.0,0.0228780487804878,9.9,1126.5,2.2,102.9,41.0,42.0,35.0,43.0,30.0,48.0
2022-10-03 11:00:00,1,4.9,98.9,-13.5,23.0,0.0864390243902439,11.4,1286.7,-0.9,112.4,42.0,47.0,39.0,52.0,30.0,48.0
2022-10-03 11:10:00,1,4.2,78.5,-32.5,24.0,0.0438536585365853,11.1,1259.2,-0.3,111.0,42.0,48.0,42.0,56.0,30.0,48.0
2022-10-03 11:20:00,1,4.3,140.2,28.6,25.0,0.0621951219512195,11.2,1267.8,-0.4,111.6,43.0,49.0,44.0,58.0,31.0,48.0
2022-10-03 11:30:00,1,6.1,127.7,27.2,25.0,0.188390243902439,12.2,1379.3,-1.7000000000000002,100.5,44.0,52.0,47.0,61.0,31.0,48.0
2022-10-03 11:40:00,1,7.1,139.4,11.9,26.0,0.2789756097560975,13.1,1481.2,-1.8,127.4,46.0,53.0,49.0,64.0,32.0,48.0
2022-10-03 11:50:00,1,6.2,124.3,-3.4,26.0,0.1964878048780488,12.4,1404.2,-1.5,127.8,47.0,54.0,50.0,66.0,33.0,48.0
2022-10-03 12:00:00,1,7.6,144.7,9.6,26.0,0.3663414634146341,13.5,1531.2,-1.7000000000000002,135.1,48.0,56.0,52.0,67.0,33.0,49.0
2022-10-03 12:10:00,1,7.7,114.7,-11.3,26.0,0.3703414634146341,13.7,1553.2,-2.0,126.0,49.0,57.0,54.0,69.0,33.0,49.0
2022-10-03 12:20:00,1,8.2,136.6,10.6,26.0,0.4046829268292683,13.8,1559.6,-1.8,126.0,50.0,58.0,55.0,70.0,33.0,49.0
2022-10-03 12:30:00,1,8.9,112.3,-5.3,26.0,0.5332195121951219,14.4,1628.0,-1.8,117.6,52.0,60.0,57.0,72.0,34.0,49.0
2022-10-03 12:40:00,1,7.1,120.0,-13.4,27.0,0.2823414634146341,13.1,1483.9,-1.8,133.3,52.0,58.0,58.0,72.0,34.0,49.0
2022-10-03 12:50:00,1,8.5,111.5,-3.3,27.0,0.4377560975609756,14.3,1620.9,-2.1,114.8,53.0,60.0,59.0,73.0,35.0,49.0
2022-10-03 13:00:00,1,8.9,134.0,13.6,27.0,0.4791219512195122,14.4,1632.9,-1.9,120.4,54.0,61.0,61.0,75.0,35.0,49.0
2022-10-03 13:10:00,1,8.4,143.5,32.5,28.0,0.4378048780487805,14.1,1594.8,-2.0,111.0,55.0,61.0,62.0,75.0,36.0,49.0
2022-10-03 13:20:00,1,10.1,118.5,-8.1,27.0,0.6513658536585366,14.7,1664.8,-1.2,126.7,56.0,63.0,63.0,76.0,37.0,49.0
2022-10-03 13:30:00,1,9.0,120.9,1.9,28.0,0.5476097560975609,14.5,1642.5,-1.9,119.0,53.0,63.0,65.0,77.0,37.0,50.0
2022-10-03 13:40:00,1,9.6,131.4,11.4,28.0,0.5897560975609756,14.5,1645.6,-1.5,120.1,52.0,63.0,66.0,78.0,37.0,50.0
2022-10-03 13:50:00,1,9.2,117.9,-9.1,28.0,0.5405853658536586,14.3,1624.9,-1.6,127.0,51.0,62.0,67.0,79.0,38.0,50.0
2022-10-03 14:00:00,1,8.9,119.7,0.6000000000000001,28.0,0.5188292682926828,14.4,1632.8,-1.9,119.0,51.0,62.0,67.0,79.0,38.0,50.0
2022-10-03 14:10:00,1,9.5,142.2,15.5,28.0,0.5421463414634147,14.5,1643.9,-1.6,126.7,51.0,62.0,68.0,80.0,38.0,50.0
2022-10-03 14:20:00,1,8.1,127.7,8.7,29.0,0.413219512195122,14.0,1586.4,-2.0,119.0,51.0,61.0,68.0,80.0,38.0,50.0
2022-10-03 14:30:00,1,7.8,140.7,19.6,29.0,0.3588292682926829,13.9,1572.1,-2.1,121.1,54.0,61.0,67.0,80.0,38.0,50.0
2022-10-03 14:40:00,1,8.3,145.7,14.4,29.0,0.3948780487804878,14.1,1602.8,-2.1,131.3,55.0,62.0,67.0,80.0,38.0,51.0
2022-10-03 14:50:00,1,8.3,110.5,-13.4,29.0,0.3909756097560976,14.2,1611.9,-2.2,123.9,56.0,62.0,67.0,80.0,38.0,51.0
2022-10-03 15:00:00,1,7.2,132.5,3.0,29.0,0.2546829268292683,13.4,1514.7,-2.0,129.5,56.0,62.0,67.0,79.0,38.0,51.0
2022-10-03 15:10:00,1,7.8,99.6,-12.4,29.0,0.3600975609756098,13.6,1542.7,-2.0,112.0,56.0,62.0,66.0,79.0,38.0,51.0
2022-10-03 15:20:00,1,7.1,111.4,-21.2,30.0,0.264780487804878,13.2,1489.7,-1.9,132.7,53.0,62.0,65.0,78.0,38.0,51.0
2022-10-03 15:30:00,1,6.8,126.3,3.4,30.0,0.2385853658536585,12.8,1451.0,-1.8,122.9,51.0,60.0,64.0,78.0,38.0,51.0
2022-10-03 15:40:00,1,7.4,142.9,20.7,30.0,0.2675609756097561,13.4,1517.0,-1.9,122.1,51.0,59.0,64.0,77.0,38.0,51.0
2022-10-03 15:50:00,1,6.9,105.7,-7.4,30.0,0.2692682926829268,12.8,1451.7,-1.6,113.1,53.0,59.0,63.0,76.0,38.0,52.0
2022-10-03 16:00:00,1,8.4,110.8,-10.3,29.0,0.4332195121951219,14.1,1592.5,-1.9,121.1,55.0,62.0,64.0,77.0,38.0,52.0
2022-10-03 16:10:00,1,8.7,97.1,-27.1,29.0,0.4734634146341464,14.3,1616.5,-1.9,124.2,56.0,63.0,65.0,78.0,38.0,52.0
2022-10-03 16:20:00,1,8.5,107.6,-8.2,29.0,0.4560487804878049,14.3,1618.2,-2.1,115.9,53.0,64.0,66.0,79.0,38.0,52.0
2022-10-03 16:30:00,1,8.2,141.6,15.6,29.0,0.4069756097560975,14.1,1592.0,-2.1,126.0,52.0,62.0,66.0,79.0,38.0,52.0
2022-10-03 16:40:00,1,8.9,127.3,10.4,29.0,0.4830731707317073,14.4,1636.9,-1.9,116.9,52.0,62.0,66.0,80.0,38.0,52.0
2022-10-03 16:50:00,1,7.1,132.0,10.6,30.0,0.2698536585365854,13.2,1497.7,-1.8,121.4,51.0,61.0,66.0,80.0,39.0,52.0
2022-10-03 17:00:00,1,7.8,124.3,11.2,29.0,0.3776585365853658,13.6,1545.4,-1.9,113.1,53.0,61.0,65.0,79.0,39.0,52.0
2022-10-03 17:10:00,1,8.7,105.6,-5.4,29.0,0.446390243902439,14.2,1610.1,-1.9,110.9,55.0,62.0,66.0,79.0,39.0,53.0
2022-10-03 17:20:00,1,8.6,77.5,-24.6,29.0,0.4683414634146342,14.1,1592.1,-1.8,102.2,56.0,63.0,66.0,80.0,39.0,53.0
2022-10-03 17:30:00,1,8.1,113.3,3.8,29.0,0.3713658536585366,14.0,1580.0,-2.0,109.5,54.0,63.0,66.0,80.0,38.0,53.0
2022-10-03 17:40:00,1,7.6,101.0,1.6,28.0,0.3415121951219512,13.6,1541.8,-2.1,99.4,52.0,62.0,66.0,80.0,38.0,53.0
2022-10-03 17:50:00,1,7.7,70.6,-35.4,28.0,0.3304390243902439,13.8,1560.1,-2.1,106.0,51.0,61.0,65.0,79.0,38.0,53.0
2022-10-03 18:00:00,1,7.6,97.0,-2.4,28.0,0.3262439024390243,13.6,1545.8,-2.1,99.4,51.0,61.0,65.0,79.0,38.0,50.0
2022-10-03 18:10:00,1,7.8,92.1,-7.3,28.0,0.341219512195122,14.1,1592.2,-2.2,99.4,54.0,61.0,65.0,79.0,38.0,44.0
2022-10-03 18:20:00,1,7.5,91.3,-1.4,28.0,0.3166341463414634,13.6,1544.0,-2.0,92.7,55.0,61.0,65.0,78.0,38.0,44.0
2022-10-03 18:30:00,1,8.1,92.4,-3.1,27.0,0.3761951219512195,14.2,1612.4,-2.2,95.5,56.0,62.0,65.0,79.0,38.0,46.0
2022-10-03 18:40:00,1,8.1,91.3,-4.2,27.0,0.3778536585365853,14.2,1609.0,-2.2,95.5,56.0,63.0,65.0,79.0,37.0,47.0
2022-10-03 18:50:00,1,8.1,105.4,9.9,27.0,0.3615609756097561,14.3,1622.3,-2.2,95.5,55.0,63.0,65.0,79.0,37.0,47.0
2022-10-03 19:00:00,1,7.4,80.2,-15.3,27.0,0.2875609756097561,13.7,1551.1,-2.2,95.5,52.0,62.0,65.0,78.0,37.0,48.0
2022-10-03 19:10:00,1,7.0,102.1,6.5,26.0,0.2559024390243902,13.2,1492.1,-2.0,95.5,52.0,60.0,64.0,77.0,37.0,48.0
2022-10-03 19:20:00,1,6.2,80.0,-15.5,26.0,0.1762439024390244,12.2,1379.9,-1.8,95.5,54.0,59.0,63.0,75.0,37.0,49.0
2022-10-03 19:30:00,1,5.0,100.2,4.7,26.0,0.0910243902439024,11.2,1267.6,-1.1,95.5,53.0,57.0,62.0,71.0,36.0,49.0
2022-10-03 19:40:00,1,4.3,112.6,17.1,26.0,0.041170731707317,11.1,1251.9,-0.4,95.5,52.0,54.0,61.0,68.0,36.0,49.0
2022-10-03 19:50:00,1,5.9,112.6,18.2,26.0,0.1353658536585366,11.7,1323.5,-1.7000000000000002,94.5,52.0,55.0,61.0,67.0,36.0,49.0
2022-10-03 20:00:00,1,5.8,99.4,4.9,25.0,0.1401951219512195,11.7,1324.0,-1.7000000000000002,94.5,53.0,56.0,60.0,66.0,36.0,50.0
2022-10-03 20:10:00,1,5.4,87.9,-6.6,25.0,0.1049268292682926,11.5,1299.8,-1.4,94.5,52.0,56.0,60.0,65.0,36.0,50.0
2022-10-03 20:20:00,1,5.4,118.1,16.3,25.0,0.0932195121951219,11.4,1290.1,-1.3,101.8,52.0,55.0,59.0,63.0,36.0,50.0
2022-10-03 20:30:00,1,6.8,98.9,-2.2,24.0,0.1972195121951219,12.8,1446.7,-2.0,101.1,52.0,56.0,59.0,64.0,36.0,50.0
2022-10-03 20:40:00,1,6.4,100.6,6.4,24.0,0.1748292682926829,12.3,1391.1,-1.9,94.1,53.0,57.0,59.0,65.0,36.0,50.0
2022-10-03 20:50:00,1,7.0,92.4,-1.7000000000000002,24.0,0.238780487804878,13.1,1482.0,-2.1,94.1,53.0,58.0,59.0,66.0,35.0,50.0
2022-10-03 21:00:00,1,7.2,91.5,-2.6,24.0,0.2664878048780487,13.4,1512.8,-2.1,94.1,54.0,59.0,59.0,67.0,36.0,50.0
2022-10-03 21:10:00,1,7.2,93.7,-0.4,24.0,0.2549268292682927,13.4,1516.2,-2.1,94.1,54.0,59.0,59.0,67.0,35.0,50.0
2022-10-03 21:20:00,1,6.9,99.7,5.6,24.0,0.2081951219512195,13.0,1472.2,-2.0,94.1,54.0,59.0,59.0,67.0,35.0,50.0
2022-10-03 21:30:00,1,6.4,105.9,4.4,24.0,0.1593658536585366,12.4,1400.2,-2.0,101.5,54.0,58.0,59.0,65.0,35.0,50.0
2022-10-03 21:40:00,1,6.0,98.3,-3.1,24.0,0.1302439024390244,11.8,1336.7,-1.8,101.5,53.0,57.0,57.0,62.0,35.0,50.0
2022-10-03 21:50:00,1,5.1,113.8,12.3,24.0,0.0717073170731707,11.2,1267.3,-1.2,101.5,53.0,55.0,55.0,59.0,35.0,50.0
2022-10-03 22:00:00,1,4.0,87.2,-14.3,24.0,0.0144390243902439,11.0,1248.6,-0.2,101.5,51.0,52.0,53.0,56.0,35.0,50.0
2022-10-03 22:10:00,1,4.7,123.2,4.9,23.0,0.0391219512195121,11.1,1252.6,-0.8,118.3,51.0,51.0,52.0,62.0,35.0,50.0
2022-10-03 22:20:00,1,4.8,107.7,-2.9,24.0,0.0413170731707317,11.0,1249.9,-1.0,110.6,50.0,52.0,51.0,64.0,35.0,50.0
2022-10-03 22:30:00,1,5.4,115.9,5.3,24.0,0.0781951219512195,11.2,1267.0,-1.5,110.6,50.0,52.0,50.0,65.0,35.0,50.0
2022-10-03 22:40:00,1,5.0,119.2,8.6,24.0,0.0620487804878048,11.1,1257.4,-1.1,110.6,50.0,52.0,49.0,65.0,35.0,50.0
2022-10-03 22:50:00,1,6.2,123.4,-2.2,23.0,0.1568780487804878,12.1,1365.4,-1.9,125.6,50.0,54.0,49.0,66.0,35.0,50.0
2022-10-03 23:00:00,1,6.5,119.7,1.0,23.0,0.1719512195121951,12.4,1403.0,-2.0,118.6,51.0,55.0,51.0,67.0,35.0,50.0
2022-10-03 23:10:00,1,6.5,101.7,-17.0,23.0,0.1845853658536585,12.4,1407.2,-1.9,118.6,51.0,55.0,51.0,67.0,35.0,50.0
2022-10-03 23:20:00,1,7.4,125.3,6.6,23.0,0.2813170731707317,13.7,1553.7,-2.2,118.7,52.0,57.0,54.0,69.0,34.0,49.0
2022-10-03 23:30:00,1,7.4,114.9,-10.4,23.0,0.252390243902439,13.6,1537.6,-2.1,125.3,52.0,58.0,55.0,70.0,34.0,49.0
2022-10-03 23:40:00,1,7.0,127.9,2.6,23.0,0.2182439024390244,13.2,1492.2,-2.1,125.3,53.0,58.0,56.0,71.0,34.0,49.0
2022-10-03 23:50:00,1,6.2,122.5,-2.8,22.0,0.1418048780487804,12.0,1359.5,-1.9,125.3,52.0,56.0,55.0,70.0,34.0,49.0
2022-10-04 00:00:00,1,6.8,127.9,2.6,22.0,0.1993170731707317,12.9,1461.7,-2.0,125.3,52.0,56.0,55.0,69.0,34.0,49.0
2022-10-04 00:10:00,1,7.2,108.2,-9.4,23.0,0.2214146341463414,13.4,1516.9,-2.1,117.6,53.0,57.0,57.0,70.0,34.0,49.0
2022-10-04 00:20:00,1,6.1,105.9,-11.6,23.0,0.124,11.8,1341.7,-1.9,117.6,52.0,56.0,56.0,69.0,34.0,49.0
2022-10-04 00:30:00,1,6.8,115.7,5.5,23.0,0.1912682926829268,12.7,1444.1,-2.0,110.3,52.0,56.0,56.0,68.0,34.0,49.0
2022-10-04 00:40:00,1,6.9,126.1,8.4,23.0,0.2066341463414634,13.0,1473.9,-2.1,117.6,53.0,57.0,57.0,69.0,34.0,49.0
2022-10-04 00:50:00,1,6.9,117.5,-7.4,23.0,0.1887317073170731,13.0,1477.6,-2.1,124.9,53.0,57.0,57.0,69.0,34.0,49.0
2022-10-04 01:00:00,1,7.0,119.0,3.1,23.0,0.2198536585365853,13.2,1494.0,-2.1,115.9,53.0,57.0,56.0,69.0,34.0,49.0
2022-10-04 01:10:00,1,7.6,132.1,8.6,23.0,0.2589756097560975,13.9,1575.9,-2.2,123.6,53.0,58.0,57.0,70.0,34.0,49.0
2022-10-04 01:20:00,1,7.8,122.2,-1.4,23.0,0.2751707317073171,14.1,1602.0,-2.2,123.6,54.0,59.0,58.0,71.0,34.0,49.0
2022-10-04 01:30:00,1,7.2,120.2,-3.3,23.0,0.2369756097560975,13.3,1507.4,-2.1,123.5,54.0,59.0,58.0,71.0,34.0,49.0
2022-10-04 01:40:00,1,5.7,128.4,11.5,22.0,0.1175121951219512,11.6,1311.6,-1.6,116.9,53.0,56.0,57.0,68.0,34.0,49.0
2022-10-04 01:50:00,1,7.7,114.1,-9.1,23.0,0.2797073170731707,13.9,1576.8,-2.2,123.2,54.0,57.0,56.0,68.0,34.0,48.0
2022-10-04 02:00:00,1,7.5,108.9,-7.2,23.0,0.2767317073170731,13.9,1569.8,-2.2,116.2,54.0,59.0,58.0,70.0,34.0,48.0
2022-10-04 02:10:00,1,5.7,110.4,1.6,23.0,0.1063414634146341,11.7,1326.6,-1.6,108.8,54.0,57.0,57.0,69.0,34.0,48.0
2022-10-04 02:20:00,1,5.6,111.7,10.9,23.0,0.0900975609756097,11.5,1302.2,-1.5,100.8,52.0,54.0,56.0,66.0,34.0,48.0
2022-10-04 02:30:00,1,6.6,107.7,7.0,23.0,0.1710243902439024,12.6,1431.4,-2.0,100.8,53.0,56.0,56.0,66.0,34.0,48.0
2022-10-04 02:40:00,1,7.1,96.2,-4.6,23.0,0.2119024390243902,13.3,1507.0,-2.1,100.8,53.0,57.0,57.0,67.0,34.0,48.0
2022-10-04 02:50:00,1,7.6,114.3,13.5,23.0,0.3126829268292683,13.9,1574.0,-2.2,100.8,54.0,58.0,58.0,69.0,34.0,48.0
2022-10-04 03:00:00,1,8.2,108.4,7.7,23.0,0.4080487804878048,14.4,1630.5,-2.3,100.8,55.0,60.0,58.0,70.0,34.0,48.0
2022-10-04 03:10:00,1,7.9,113.8,13.0,23.0,0.3215609756097561,14.2,1603.6,-2.2,100.8,55.0,60.0,59.0,71.0,34.0,48.0
2022-10-04 03:20:00,1,8.1,100.1,-8.4,23.0,0.3485365853658536,14.3,1624.6,-2.3,108.5,56.0,60.0,59.0,72.0,34.0,48.0
2022-10-04 03:30:00,1,8.8,92.7,-15.7,23.0,0.414780487804878,14.6,1652.9,-2.2,108.5,56.0,61.0,60.0,72.0,34.0,48.0
2022-10-04 03:40:00,1,8.4,101.8,1.0,23.0,0.3813170731707317,14.4,1630.5,-2.2,100.8,56.0,61.0,60.0,73.0,35.0,48.0
2022-10-04 03:50:00,1,9.2,100.3,-0.5,23.0,0.5241951219512194,14.6,1656.9,-2.0,100.8,55.0,62.0,60.0,73.0,35.0,48.0
2022-10-04 04:00:00,1,9.4,104.5,3.7,23.0,0.5349268292682926,14.6,1658.8,-1.9,100.8,51.0,61.0,61.0,74.0,35.0,48.0
2022-10-04 04:10:00,1,9.7,97.7,-3.1,22.0,0.5776097560975609,14.7,1666.2,-1.7000000000000002,100.8,51.0,61.0,61.0,74.0,35.0,48.0
2022-10-04 04:20:00,1,8.3,102.6,1.8,22.0,0.3957073170731707,14.3,1624.1,-2.2,100.8,53.0,60.0,61.0,75.0,35.0,48.0
2022-10-04 04:30:00,1,8.1,107.3,6.5,22.0,0.3858536585365854,14.2,1611.4,-2.2,100.8,55.0,60.0,61.0,74.0,35.0,48.0
2022-10-04 04:40:00,1,8.6,105.5,4.7,22.0,0.4499024390243902,14.5,1638.7,-2.2,100.8,55.0,61.0,62.0,75.0,35.0,48.0
2022-10-04 04:50:00,1,8.1,96.1,-4.6,22.0,0.377609756097561,14.1,1602.5,-2.2,100.8,56.0,61.0,62.0,74.0,35.0,48.0
2022-10-04 05:00:00,1,8.6,105.8,5.0,22.0,0.4542926829268292,14.5,1637.2,-2.2,100.8,57.0,62.0,63.0,74.0,35.0,48.0
2022-10-04 05:10:00,1,8.3,111.4,10.6,22.0,0.4317073170731707,14.3,1625.2,-2.2,100.8,55.0,62.0,64.0,75.0,35.0,48.0
2022-10-04 05:20:00,1,7.9,103.4,2.6,22.0,0.3793170731707317,14.1,1596.9,-2.2,100.8,51.0,60.0,64.0,74.0,35.0,48.0
2022-10-04 05:30:00,1,7.6,99.5,-1.3,22.0,0.358,13.7,1556.5,-2.1,100.8,54.0,59.0,63.0,74.0,35.0,48.0
2022-10-04 05:40:00,1,8.2,112.9,4.8,22.0,0.3970243902439024,14.1,1601.8,-2.2,108.1,55.0,60.0,63.0,73.0,35.0,48.0
2022-10-04 05:50:00,1,9.2,98.8,-9.4,23.0,0.5346341463414634,14.7,1659.5,-2.0,108.1,56.0,62.0,64.0,74.0,35.0,48.0
2022-10-04 06:00:00,1,9.0,95.9,-12.2,22.0,0.4991219512195122,14.6,1654.0,-2.1,108.1,54.0,62.0,64.0,75.0,35.0,48.0
2022-10-04 06:10:00,1,9.2,115.7,7.6,23.0,0.5394634146341464,14.6,1656.6,-1.9,108.1,51.0,61.0,65.0,75.0,35.0,48.0
2022-10-04 06:20:00,1,7.6,104.9,-3.2,22.0,0.3515121951219512,13.4,1517.4,-1.8,108.1,51.0,60.0,65.0,74.0,36.0,48.0
2022-10-04 06:30:00,1,7.4,103.7,-4.4,23.0,0.304,13.5,1535.3,-2.1,108.1,53.0,58.0,63.0,72.0,35.0,48.0
2022-10-04 06:40:00,1,7.1,114.7,6.6,23.0,0.2611219512195121,13.2,1499.8,-2.1,108.1,54.0,59.0,63.0,72.0,35.0,48.0
2022-10-04 06:50:00,1,6.8,103.4,1.5,22.0,0.2334146341463414,12.8,1453.4,-2.0,101.8,54.0,58.0,62.0,69.0,34.0,48.0
2022-10-04 07:00:00,1,8.0,104.4,2.6,22.0,0.3768292682926829,14.3,1616.5,-2.2,101.8,55.0,59.0,63.0,69.0,34.0,48.0
2022-10-04 07:10:00,1,8.0,114.4,12.6,22.0,0.3718536585365853,14.1,1597.1,-2.2,101.8,55.0,60.0,63.0,71.0,34.0,48.0
2022-10-04 07:20:00,1,7.7,97.4,-4.4,22.0,0.3120487804878049,13.8,1562.1,-2.2,101.8,56.0,60.0,63.0,70.0,34.0,48.0
2022-10-04 07:30:00,1,7.4,100.4,-1.4,22.0,0.2900975609756098,13.6,1542.5,-2.1,101.8,56.0,60.0,63.0,69.0,34.0,48.0
2022-10-04 07:40:00,1,8.1,91.4,-10.4,22.0,0.3461463414634146,14.1,1599.9,-2.2,101.8,56.0,60.0,63.0,69.0,34.0,48.0
2022-10-04 07:50:00,1,8.0,87.2,-7.2,22.0,0.3632682926829269,14.2,1608.2,-2.2,94.5,56.0,61.0,63.0,69.0,34.0,48.0
2022-10-04 08:00:00,1,8.5,94.1,-0.4,23.0,0.4618048780487805,14.3,1619.6,-2.1,94.5,56.0,61.0,63.0,68.0,35.0,48.0
2022-10-04 08:10:00,1,9.4,88.2,-6.3,23.0,0.5877560975609757,14.7,1661.8,-1.8,94.5,52.0,62.0,63.0,69.0,35.0,48.0
2022-10-04 08:20:00,1,11.1,83.3,-11.2,23.0,0.7818536585365854,14.8,1676.4,-0.3,94.5,52.0,62.0,64.0,70.0,35.0,48.0
2022-10-04 08:30:00,1,10.9,84.7,-9.8,23.0,0.7459024390243902,14.8,1676.3,-0.5,94.5,51.0,63.0,64.0,70.0,35.0,48.0
2022-10-04 08:40:00,1,9.2,100.3,5.8,23.0,0.5200487804878048,14.6,1652.8,-1.9,94.5,51.0,62.0,65.0,70.0,35.0,48.0
2022-10-04 08:50:00,1,8.9,97.7,3.2,23.0,0.4619512195121951,14.6,1650.3,-2.1,94.5,54.0,61.0,65.0,70.0,35.0,48.0
2022-10-04 09:00:00,1,9.1,85.0,-9.4,23.0,0.5094634146341463,14.7,1659.6,-2.0,94.4,55.0,61.0,65.0,71.0,35.0,48.0
2022-10-04 09:10:00,1,10.3,89.5,2.7,23.0,0.7393170731707317,14.8,1673.7,-1.0,86.8,56.0,63.0,66.0,71.0,35.0,48.0
2022-10-04 09:20:00,1,10.6,110.4,16.3,23.0,0.7524878048780488,14.8,1671.2,-0.7000000000000001,94.1,53.0,64.0,66.0,72.0,35.0,48.0
2022-10-04 09:30:00,1,9.5,96.9,2.8,23.0,0.5618536585365853,14.6,1650.6,-1.6,94.1,51.0,62.0,66.0,72.0,35.0,48.0
2022-10-04 09:40:00,1,8.9,94.8,0.7000000000000001,24.0,0.501219512195122,14.4,1637.0,-1.9,94.1,51.0,61.0,67.0,73.0,35.0,48.0
2022-10-04 09:50:00,1,7.7,92.8,7.1,24.0,0.3555609756097561,13.7,1552.0,-2.1,85.7,53.0,60.0,67.0,72.0,35.0,48.0
2022-10-04 10:00:00,1,8.5,98.4,12.6,24.0,0.4380487804878049,14.3,1623.4,-2.1,85.7,55.0,61.0,67.0,72.0,36.0,49.0
2022-10-04 10:10:00,1,7.1,87.8,-5.3,24.0,0.284,13.2,1497.1,-2.0,93.1,55.0,61.0,66.0,71.0,36.0,49.0
2022-10-04 10:20:00,1,7.4,104.3,11.2,24.0,0.3057560975609756,13.5,1535.1,-2.0,93.0,55.0,60.0,65.0,68.0,35.0,49.0
2022-10-04 10:30:00,1,7.8,81.6,-3.4,24.0,0.3763414634146341,13.9,1578.1,-2.2,85.0,56.0,61.0,65.0,67.0,36.0,49.0
2022-10-04 10:40:00,1,7.0,98.6,13.5,25.0,0.2541951219512195,13.2,1498.8,-1.9,85.0,56.0,61.0,65.0,67.0,36.0,49.0
2022-10-04 10:50:00,1,7.0,94.6,-0.5,25.0,0.2287317073170731,13.2,1491.8,-2.0,95.1,56.0,60.0,65.0,64.0,36.0,49.0
2022-10-04 11:00:00,1,5.6,93.4,6.3,25.0,0.1291219512195122,11.8,1334.8,-1.4,87.1,55.0,59.0,64.0,62.0,36.0,49.0
2022-10-04 11:10:00,1,4.3,105.9,7.9,25.0,0.044780487804878,11.1,1255.4,-0.4,98.0,54.0,55.0,62.0,59.0,36.0,49.0
2022-10-04 11:20:00,1,4.4,86.0,-12.6,26.0,0.0344878048780487,11.1,1255.5,-0.5,98.6,53.0,54.0,61.0,57.0,36.0,49.0
2022-10-04 11:30:00,1,3.4,76.2,-3.3,26.0,-0.0122926829268292,6.2,715.5,32.3,79.5,52.0,51.0,59.0,55.0,36.0,49.0
2022-10-04 11:40:00,1,2.9,154.0,24.1,26.0,-0.0139512195121951,2.4,285.1,23.0,129.9,51.0,49.0,56.0,54.0,37.0,49.0
2022-10-04 11:50:00,1,3.7,142.3,-19.0,26.0,-0.0141463414634146,8.7,995.5,8.9,161.3,50.0,48.0,53.0,52.0,36.0,49.0
2022-10-04 12:00:00,1,3.4,94.4,-21.4,27.0,-0.004390243902439,10.0,1129.2,3.3,115.8,50.0,48.0,52.0,51.0,36.0,49.0
2022-10-04 12:10:00,1,3.9,120.1,29.0,27.0,0.023560975609756,10.4,1178.5,2.3,91.0,49.0,49.0,52.0,49.0,36.0,49.0
2022-10-04 12:20:00,1,6.9,136.8,19.2,27.0,0.2309268292682926,13.0,1475.2,-1.9,117.6,51.0,54.0,53.0,48.0,36.0,49.0
2022-10-04 12:30:00,1,6.3,143.5,12.6,27.0,0.184,12.5,1414.1,-1.7000000000000002,130.9,51.0,56.0,54.0,49.0,36.0,50.0
2022-10-04 12:40:00,1,7.0,102.8,-20.7,27.0,0.2559024390243902,13.0,1473.8,-1.9,123.6,52.0,58.0,55.0,49.0,37.0,50.0
2022-10-04 12:50:00,1,7.3,152.3,18.6,27.0,0.2632682926829268,13.4,1517.8,-2.0,133.7,53.0,59.0,56.0,50.0,37.0,50.0
2022-10-04 13:00:00,1,7.7,144.2,19.5,27.0,0.3163414634146341,13.8,1563.8,-2.1,124.6,54.0,60.0,58.0,51.0,37.0,50.0
2022-10-04 13:10:00,1,7.1,123.0,-3.4,27.0,0.2434634146341463,13.2,1496.7,-1.9,126.3,54.0,60.0,58.0,52.0,37.0,50.0
2022-10-04 13:20:00,1,6.6,117.7,11.9,27.0,0.2294634146341463,12.9,1460.7,-1.7000000000000002,105.7,54.0,59.0,58.0,52.0,37.0,50.0
2022-10-04 13:30:00,1,7.6,122.6,2.6,27.0,0.3155609756097561,13.8,1560.6,-2.1,120.0,55.0,60.0,59.0,52.0,38.0,51.0
2022-10-04 13:40:00,1,7.8,109.2,-7.4,27.0,0.36,13.7,1547.2,-2.0,116.5,56.0,62.0,60.0,53.0,38.0,51.0
2022-10-04 13:50:00,1,6.6,127.9,6.0,28.0,0.2163414634146341,12.8,1445.4,-1.8,121.8,56.0,61.0,60.0,54.0,38.0,51.0
2022-10-04 14:00:00,1,6.0,128.6,-4.3,28.0,0.1450731707317073,12.2,1377.9,-1.6,133.0,55.0,59.0,59.0,54.0,38.0,51.0
2022-10-04 14:10:00,1,6.0,83.6,-35.4,28.0,0.1556097560975609,12.2,1384.9,-1.5,119.0,55.0,58.0,58.0,53.0,38.0,51.0
2022-10-04 14:20:00,1,6.0,117.8,-9.6,28.0,0.1385853658536585,12.1,1368.0,-1.6,127.4,55.0,58.0,58.0,53.0,37.0,51.0
2022-10-04 14:30:00,1,6.0,86.7,-7.4,28.0,0.1719024390243902,12.3,1390.9,-1.5,94.1,55.0,59.0,58.0,53.0,37.0,51.0
2022-10-04 14:40:00,1,6.4,100.1,-9.0,28.0,0.1766341463414634,12.5,1414.9,-1.8,109.2,55.0,58.0,58.0,53.0,37.0,51.0
2022-10-04 14:50:00,1,7.1,86.1,-4.6,28.0,0.2600975609756097,13.2,1492.4,-2.0,90.6,55.0,60.0,59.0,53.0,37.0,52.0
2022-10-04 15:00:00,1,6.7,93.7,0.6000000000000001,28.0,0.2096585365853658,12.8,1444.3,-2.0,93.0,56.0,60.0,59.0,53.0,37.0,52.0
2022-10-04 15:10:00,1,7.0,89.9,-1.4,28.0,0.2399512195121951,13.1,1480.6,-2.0,91.3,56.0,61.0,60.0,54.0,37.0,52.0
2022-10-04 15:20:00,1,6.5,92.8,-2.4,28.0,0.1985365853658536,12.4,1410.3,-1.9,95.2,56.0,60.0,60.0,54.0,37.0,52.0
2022-10-04 15:30:00,1,6.7,105.0,11.2,28.0,0.2221951219512195,12.7,1443.1,-1.9,93.8,56.0,60.0,60.0,54.0,37.0,52.0
2022-10-04 15:40:00,1,7.2,121.3,27.6,28.0,0.2793170731707317,13.4,1515.3,-2.1,93.8,56.0,61.0,60.0,54.0,37.0,52.0
2022-10-04 15:50:00,1,7.5,86.2,-7.5,28.0,0.31,13.5,1534.8,-2.0,93.8,55.0,62.0,61.0,54.0,38.0,52.0
2022-10-04 16:00:00,1,8.0,98.8,-3.4,28.0,0.3293658536585366,14.0,1582.3,-2.1,102.2,52.0,62.0,62.0,55.0,38.0,53.0
2022-10-04 16:10:00,1,7.1,101.1,6.6,29.0,0.2548780487804878,13.2,1496.7,-2.0,94.4,51.0,60.0,62.0,55.0,38.0,53.0
2022-10-04 16:20:00,1,7.9,86.5,-3.4,29.0,0.3480487804878048,14.0,1586.9,-2.2,89.9,51.0,60.0,62.0,56.0,38.0,53.0
2022-10-04 16:30:00,1,8.4,122.2,24.6,28.0,0.4258048780487805,14.4,1627.6,-2.2,97.6,50.0,61.0,63.0,56.0,38.0,49.0
2022-10-04 16:40:00,1,8.2,101.9,11.2,28.0,0.4013658536585365,14.3,1616.6,-2.2,90.6,50.0,61.0,64.0,57.0,38.0,44.0
2022-10-04 16:50:00,1,8.3,102.3,11.6,28.0,0.4091219512195122,14.4,1629.5,-2.2,90.6,51.0,61.0,64.0,57.0,38.0,45.0
2022-10-04 17:00:00,1,8.4,84.8,-12.1,28.0,0.4369268292682927,14.2,1609.7,-2.0,96.9,54.0,62.0,65.0,58.0,38.0,46.0
2022-10-04 17:10:00,1,8.6,101.9,4.6,28.0,0.4469268292682927,14.5,1637.4,-2.2,97.3,56.0,63.0,65.0,58.0,38.0,47.0
2022-10-04 17:20:00,1,9.1,101.3,4.0,28.0,0.534,14.7,1659.9,-2.0,97.3,56.0,64.0,66.0,58.0,38.0,48.0
2022-10-04 17:30:00,1,9.2,86.0,-11.3,28.0,0.5321463414634147,14.7,1660.5,-2.0,97.3,53.0,64.0,66.0,59.0,38.0,48.0
2022-10-04 17:40:00,1,8.4,104.2,-0.1,28.0,0.4475121951219512,14.3,1618.8,-2.1,104.3,52.0,63.0,66.0,60.0,38.0,49.0
2022-10-04 17:50:00,1,8.3,112.9,8.6,28.0,0.4216585365853658,14.1,1600.1,-2.1,104.3,51.0,62.0,66.0,60.0,38.0,49.0
2022-10-04 18:00:00,1,9.8,106.0,1.7000000000000002,28.0,0.5837560975609757,14.7,1664.4,-1.5,104.3,51.0,62.0,66.0,60.0,38.0,50.0
2022-10-04 18:10:00,1,8.9,92.2,-12.1,28.0,0.5003414634146341,14.5,1640.0,-2.0,104.3,51.0,62.0,67.0,61.0,38.0,50.0
2022-10-04 18:20:00,1,9.7,100.5,-3.8,27.0,0.5955121951219512,14.7,1663.3,-1.7000000000000002,104.3,51.0,62.0,67.0,61.0,38.0,51.0
2022-10-04 18:30:00,1,9.1,92.2,-12.1,27.0,0.5071219512195122,14.5,1646.5,-1.9,104.3,51.0,62.0,67.0,61.0,38.0,51.0
2022-10-04 18:40:00,1,9.5,99.9,-4.4,27.0,0.5579512195121951,14.6,1654.8,-1.7000000000000002,104.3,51.0,62.0,68.0,62.0,38.0,51.0
2022-10-04 18:50:00,1,9.0,110.0,5.7,27.0,0.5281951219512195,14.4,1634.5,-1.9,104.3,50.0,62.0,68.0,62.0,38.0,51.0
2022-10-04 19:00:00,1,9.7,104.8,7.9,26.0,0.640390243902439,14.6,1654.4,-1.4,96.9,51.0,63.0,68.0,62.0,38.0,51.0
2022-10-04 19:10:00,1,9.3,97.2,0.3,26.0,0.5677560975609757,14.4,1633.3,-1.7000000000000002,96.9,51.0,62.0,68.0,63.0,38.0,52.0
2022-10-04 19:20:00,1,9.1,99.6,2.7,26.0,0.5364390243902439,14.4,1633.0,-1.8,96.9,50.0,62.0,68.0,63.0,38.0,52.0
2022-10-04 19:30:00,1,9.0,80.4,-16.5,26.0,0.5273170731707317,14.2,1612.1,-1.6,96.9,54.0,62.0,68.0,63.0,38.0,52.0
2022-10-04 19:40:00,1,11.0,85.9,-11.1,26.0,0.7763902439024389,14.8,1676.6,-0.4,96.9,56.0,64.0,68.0,63.0,38.0,52.0
2022-10-04 19:50:00,1,9.4,120.7,23.7,25.0,0.5908292682926829,14.6,1658.4,-1.8,96.9,53.0,64.0,68.0,64.0,37.0,52.0
2022-10-04 20:00:00,1,9.6,99.4,-4.9,25.0,0.5917073170731707,14.6,1651.2,-1.5,104.3,52.0,63.0,68.0,64.0,38.0,52.0
2022-10-04 20:10:00,1,10.4,118.8,14.5,24.0,0.6943414634146342,14.7,1663.9,-0.9,104.3,52.0,63.0,69.0,64.0,38.0,52.0
2022-10-04 20:20:00,1,11.8,113.1,16.5,24.0,0.9139024390243904,14.8,1676.8,1.3,96.6,52.0,64.0,69.0,65.0,37.0,52.0
2022-10-04 20:30:00,1,11.9,109.0,4.3,24.0,0.9350243902439024,14.8,1671.7,1.6,104.6,53.0,65.0,69.0,66.0,36.0,52.0
2022-10-04 20:40:00,1,10.9,84.8,-19.9,24.0,0.8187317073170732,14.8,1671.1,-0.2,104.6,53.0,65.0,70.0,69.0,37.0,52.0
2022-10-04 20:50:00,1,8.3,104.6,5.9,24.0,0.4486829268292682,14.1,1595.2,-2.0,98.7,51.0,63.0,70.0,71.0,37.0,52.0
2022-10-04 21:00:00,1,7.1,118.9,7.6,23.0,0.2613658536585365,13.2,1491.9,-2.0,111.3,53.0,60.0,69.0,70.0,37.0,52.0
2022-10-04 21:10:00,1,6.7,118.7,7.4,23.0,0.2031219512195121,12.8,1445.0,-2.0,111.3,54.0,59.0,68.0,68.0,37.0,52.0
2022-10-04 21:20:00,1,6.2,117.8,6.4,23.0,0.1628292682926829,12.1,1368.9,-1.8,111.3,54.0,58.0,67.0,66.0,36.0,52.0
2022-10-04 21:30:00,1,5.9,114.2,-3.4,23.0,0.1181951219512195,11.8,1337.1,-1.7000000000000002,117.6,53.0,57.0,65.0,63.0,36.0,52.0
2022-10-04 21:40:00,1,6.0,118.2,7.6,23.0,0.1296097560975609,11.9,1352.1,-1.7000000000000002,110.6,53.0,56.0,63.0,61.0,36.0,52.0
2022-10-04 21:50:00,1,5.8,111.5,0.9,23.0,0.1166829268292682,11.5,1307.4,-1.7000000000000002,110.6,53.0,56.0,63.0,59.0,35.0,52.0
2022-10-04 22:00:00,1,5.9,109.8,7.2,23.0,0.120390243902439,11.7,1325.7,-1.8,102.5,52.0,56.0,62.0,57.0,35.0,52.0
2022-10-04 22:10:00,1,5.5,84.6,-17.9,23.0,0.0959024390243902,11.4,1289.2,-1.5,102.5,52.0,55.0,61.0,56.0,35.0,52.0
2022-10-04 22:20:00,1,7.7,108.0,5.5,23.0,0.3201463414634146,13.7,1552.8,-2.1,102.5,53.0,57.0,61.0,55.0,35.0,51.0
2022-10-04 22:30:00,1,9.1,94.7,-0.4,23.0,0.535219512195122,14.4,1635.6,-1.8,95.2,55.0,60.0,61.0,55.0,35.0,51.0
2022-10-04 22:40:00,1,9.7,124.8,29.6,23.0,0.5865365853658537,14.7,1662.7,-1.6,95.2,56.0,62.0,62.0,55.0,35.0,51.0
2022-10-04 22:50:00,1,9.1,86.1,-9.1,23.0,0.5585365853658537,14.6,1650.2,-2.0,95.1,54.0,63.0,62.0,56.0,36.0,51.0
2022-10-04 23:00:00,1,8.2,76.7,-11.1,23.0,0.4258536585365853,13.9,1572.3,-1.9,87.8,51.0,61.0,62.0,57.0,36.0,51.0
2022-10-04 23:10:00,1,7.3,94.4,6.6,23.0,0.2816585365853658,13.5,1528.8,-2.1,87.8,54.0,59.0,62.0,56.0,36.0,51.0
2022-10-04 23:20:00,1,7.4,96.3,8.5,23.0,0.2870731707317073,13.6,1543.6,-2.1,87.8,54.0,59.0,61.0,56.0,35.0,51.0
2022-10-04 23:30:00,1,7.5,73.4,-14.4,23.0,0.2856097560975609,13.6,1541.6,-2.1,87.8,55.0,59.0,61.0,55.0,35.0,51.0
2022-10-04 23:40:00,1,8.2,86.6,-1.2,23.0,0.3813658536585365,14.2,1611.0,-2.2,87.8,55.0,61.0,61.0,55.0,35.0,50.0
2022-10-04 23:50:00,1,8.6,87.7,-0.1,23.0,0.4446341463414634,14.5,1639.9,-2.2,87.8,56.0,62.0,61.0,55.0,35.0,50.0
2022-10-05 00:00:00,1,7.5,89.9,2.0,22.0,0.3118536585365853,13.6,1544.4,-2.1,87.8,56.0,61.0,61.0,55.0,35.0,50.0
2022-10-05 00:10:00,1,7.9,90.4,2.6,22.0,0.3352682926829268,14.0,1590.8,-2.2,87.8,56.0,61.0,61.0,54.0,35.0,50.0
2022-10-05 00:20:00,1,8.2,77.6,-10.2,22.0,0.392390243902439,14.3,1620.7,-2.2,87.8,56.0,62.0,61.0,54.0,35.0,50.0
2022-10-05 00:30:00,1,8.7,80.6,-7.2,23.0,0.4638536585365853,14.5,1641.1,-2.1,87.8,52.0,62.0,61.0,54.0,35.0,50.0
2022-10-05 00:40:00,1,7.6,69.2,-18.6,22.0,0.3277560975609756,13.8,1562.2,-2.1,87.8,51.0,60.0,61.0,54.0,35.0,50.0
2022-10-05 00:50:00,1,6.7,88.4,0.6000000000000001,22.0,0.2320487804878048,12.7,1444.1,-2.0,87.8,54.0,59.0,60.0,54.0,35.0,50.0
2022-10-05 01:00:00,1,7.9,89.1,1.3,22.0,0.4012682926829268,13.7,1556.8,-2.1,87.8,54.0,58.0,59.0,53.0,35.0,50.0
2022-10-05 01:10:00,1,8.8,101.4,5.5,22.0,0.4849268292682926,14.4,1629.1,-2.0,95.9,56.0,61.0,60.0,53.0,35.0,50.0
2022-10-05 01:20:00,1,8.7,97.7,1.8,22.0,0.463219512195122,14.5,1646.0,-2.2,95.9,57.0,62.0,61.0,53.0,35.0,50.0
2022-10-05 01:30:00,1,8.5,87.3,-8.5,22.0,0.4144878048780488,14.5,1640.9,-2.2,95.9,56.0,62.0,61.0,53.0,35.0,50.0
2022-10-05 01:40:00,1,9.1,93.1,-2.8,22.0,0.5381463414634147,14.6,1650.4,-2.0,95.9,52.0,62.0,61.0,54.0,36.0,50.0
2022-10-05 01:50:00,1,8.4,74.7,-21.2,22.0,0.392,14.4,1628.6,-2.2,95.9,51.0,61.0,61.0,54.0,36.0,49.0
2022-10-05 02:00:00,1,7.9,91.7,-4.2,22.0,0.3436585365853659,14.0,1585.1,-2.2,95.9,54.0,60.0,61.0,54.0,36.0,49.0
2022-10-05 02:10:00,1,8.1,112.7,16.8,22.0,0.3599512195121951,14.2,1610.4,-2.2,95.9,55.0,60.0,61.0,54.0,35.0,49.0
2022-10-05 02:20:00,1,8.0,93.7,-2.2,22.0,0.3448292682926829,14.1,1596.5,-2.2,95.9,55.0,61.0,61.0,54.0,35.0,49.0
2022-10-05 02:30:00,1,8.2,96.5,0.6000000000000001,22.0,0.3552682926829268,14.3,1621.7,-2.2,95.9,56.0,61.0,61.0,54.0,35.0,49.0
2022-10-05 02:40:00,1,7.9,88.6,-7.3,22.0,0.3320487804878049,14.0,1590.7,-2.2,95.9,56.0,61.0,61.0,53.0,35.0,49.0
2022-10-05 02:50:00,1,7.8,93.5,-2.4,22.0,0.3089756097560975,14.0,1586.7,-2.2,95.8,56.0,61.0,60.0,53.0,35.0,49.0
2022-10-05 03:00:00,1,7.0,95.5,6.6,22.0,0.2487317073170731,13.2,1490.9,-2.1,88.9,56.0,60.0,60.0,53.0,35.0,49.0
2022-10-05 03:10:00,1,7.4,89.4,0.6000000000000001,22.0,0.3117073170731707,13.6,1544.7,-2.1,88.9,56.0,60.0,59.0,52.0,35.0,49.0
2022-10-05 03:20:00,1,7.3,91.5,2.6,22.0,0.2890243902439024,13.5,1531.9,-2.1,88.9,56.0,60.0,59.0,52.0,35.0,49.0
2022-10-05 03:30:00,1,8.3,86.4,-2.4,22.0,0.3992682926829268,14.3,1624.3,-2.2,88.9,57.0,61.0,59.0,51.0,35.0,49.0
2022-10-05 03:40:00,1,8.9,88.3,-0.5,22.0,0.5497560975609757,14.6,1650.2,-2.0,88.9,53.0,62.0,60.0,51.0,35.0,49.0
2022-10-05 03:50:00,1,9.1,96.4,7.5,22.0,0.5805365853658536,14.6,1655.6,-2.0,88.9,51.0,61.0,60.0,52.0,35.0,49.0
2022-10-05 04:00:00,1,9.7,89.7,0.8,22.0,0.6209268292682927,14.7,1668.4,-1.7000000000000002,88.9,51.0,62.0,60.0,52.0,36.0,49.0
2022-10-05 04:10:00,1,9.7,83.5,-12.0,22.0,0.624,14.7,1664.6,-1.5,95.5,50.0,61.0,61.0,53.0,36.0,49.0
2022-10-05 04:20:00,1,9.2,92.3,-3.2,22.0,0.532390243902439,14.6,1657.9,-2.0,95.5,54.0,61.0,61.0,54.0,35.0,49.0
2022-10-05 04:30:00,1,8.2,103.2,7.7,22.0,0.414780487804878,14.2,1610.3,-2.2,95.5,55.0,61.0,61.0,54.0,35.0,49.0
2022-10-05 04:40:00,1,7.3,104.1,8.6,22.0,0.2808780487804878,13.6,1537.9,-2.1,95.5,55.0,60.0,61.0,54.0,34.0,49.0
2022-10-05 04:50:00,1,7.9,96.1,0.6000000000000001,22.0,0.3479512195121951,14.2,1604.4,-2.2,95.5,56.0,60.0,61.0,54.0,35.0,49.0
2022-10-05 05:00:00,1,8.0,108.2,12.6,22.0,0.3701951219512195,14.2,1613.5,-2.2,95.5,56.0,61.0,61.0,54.0,35.0,49.0
2022-10-05 05:10:00,1,6.4,95.1,-0.4,22.0,0.1935609756097561,12.4,1401.8,-1.9,95.5,56.0,60.0,60.0,53.0,35.0,49.0
2022-10-05 05:20:00,1,6.5,104.0,8.4,22.0,0.174390243902439,12.4,1406.0,-1.9,95.5,55.0,58.0,59.0,52.0,35.0,49.0
2022-10-05 05:30:00,1,7.0,93.4,-2.1,22.0,0.2249268292682927,13.2,1491.5,-2.1,95.5,55.0,58.0,59.0,52.0,35.0,49.0
2022-10-05 05:40:00,1,7.0,86.5,-9.0,22.0,0.2193170731707317,13.1,1488.0,-2.1,95.5,55.0,58.0,58.0,51.0,35.0,49.0
2022-10-05 05:50:00,1,7.3,90.1,-5.4,22.0,0.2457073170731707,13.5,1526.2,-2.1,95.5,55.0,59.0,58.0,51.0,35.0,49.0
2022-10-05 06:00:00,1,7.7,97.1,1.6,22.0,0.3149268292682927,14.0,1585.6,-2.2,95.5,56.0,60.0,58.0,50.0,35.0,49.0
2022-10-05 06:10:00,1,7.8,106.1,10.6,22.0,0.3116585365853658,14.1,1601.9,-2.2,95.5,56.0,60.0,59.0,50.0,35.0,49.0
2022-10-05 06:20:00,1,8.8,104.1,8.6,22.0,0.4509756097560976,14.7,1660.7,-2.2,95.5,56.0,61.0,59.0,50.0,35.0,49.0
2022-10-05 06:30:00,1,8.9,109.2,13.7,22.0,0.5180975609756097,14.7,1663.7,-2.2,95.5,53.0,62.0,59.0,51.0,35.0,49.0
2022-10-05 06:40:00,1,8.5,100.0,-3.6,22.0,0.4646829268292683,14.6,1650.5,-2.2,103.6,51.0,61.0,60.0,51.0,35.0,49.0
2022-10-05 06:50:00,1,8.9,117.6,14.0,22.0,0.5064390243902439,14.6,1653.9,-2.1,103.6,53.0,61.0,60.0,51.0,35.0,49.0
2022-10-05 07:00:00,1,9.0,114.1,2.8,22.0,0.5130243902439025,14.6,1651.0,-2.0,111.3,56.0,61.0,60.0,52.0,35.0,49.0
2022-10-05 07:10:00,1,8.4,105.1,-6.2,22.0,0.4270731707317073,14.2,1612.6,-2.1,111.3,56.0,62.0,60.0,52.0,35.0,49.0
2022-10-05 07:20:00,1,8.0,104.1,-7.1,22.0,0.3983414634146341,14.0,1584.7,-2.1,111.3,57.0,62.0,60.0,52.0,35.0,48.0
2022-10-05 07:30:00,1,7.6,85.1,-18.2,22.0,0.3281463414634146,13.7,1546.9,-2.1,103.2,57.0,61.0,59.0,52.0,35.0,48.0
2022-10-05 07:40:00,1,7.6,108.8,5.6,22.0,0.3394634146341463,13.8,1568.6,-2.2,103.2,57.0,61.0,59.0,52.0,35.0,48.0
2022-10-05 07:50:00,1,7.7,115.9,12.6,22.0,0.3512195121951219,13.9,1577.2,-2.2,103.2,55.0,61.0,59.0,52.0,35.0,48.0
2022-10-05 08:00:00,1,7.0,88.8,-14.4,22.0,0.2252195121951219,13.1,1488.4,-2.0,103.2,51.0,59.0,59.0,51.0,35.0,48.0
2022-10-05 08:10:00,1,8.2,92.9,-10.4,22.0,0.2848292682926829,14.4,1635.5,-2.3,103.2,54.0,59.0,59.0,51.0,35.0,48.0
2022-10-05 08:20:00,1,8.5,120.3,17.0,22.0,0.3912195121951219,14.5,1643.5,-2.3,103.2,55.0,60.0,59.0,51.0,35.0,48.0
2022-10-05 08:30:00,1,8.1,95.5,-7.7,23.0,0.3550731707317073,14.4,1625.7,-2.3,103.2,56.0,61.0,59.0,51.0,35.0,49.0
2022-10-05 08:40:00,1,8.4,91.3,-12.0,23.0,0.3701951219512195,14.5,1642.0,-2.3,103.2,56.0,61.0,60.0,51.0,35.0,49.0
2022-10-05 08:50:00,1,8.4,104.2,1.0,23.0,0.3898536585365854,14.5,1641.3,-2.3,103.2,57.0,62.0,60.0,51.0,35.0,49.0
2022-10-05 09:00:00,1,8.4,110.4,7.2,23.0,0.3994146341463414,14.4,1631.3,-2.2,103.2,52.0,61.0,60.0,51.0,35.0,49.0
2022-10-05 09:10:00,1,8.0,94.0,-9.2,23.0,0.3834146341463414,14.2,1605.3,-2.2,103.2,51.0,60.0,60.0,51.0,35.0,49.0
2022-10-05 09:20:00,1,7.1,103.8,0.6000000000000001,23.0,0.2487317073170731,13.3,1507.3,-2.1,103.2,54.0,59.0,59.0,51.0,35.0,49.0
2022-10-05 09:30:00,1,6.6,107.8,4.6,23.0,0.1994146341463414,12.6,1424.9,-2.0,103.2,54.0,58.0,58.0,51.0,35.0,49.0
2022-10-05 09:40:00,1,6.1,104.1,0.9,23.0,0.1814634146341463,12.1,1371.1,-1.8,103.2,54.0,57.0,57.0,51.0,35.0,48.0
2022-10-05 09:50:00,1,6.4,111.8,8.6,23.0,0.1911219512195122,12.5,1411.5,-1.9,103.2,53.0,57.0,56.0,50.0,35.0,48.0
2022-10-05 10:00:00,1,6.1,133.3,30.0,24.0,0.1486829268292682,12.0,1357.9,-1.8,103.2,53.0,57.0,55.0,49.0,35.0,48.0
2022-10-05 10:10:00,1,6.8,85.7,-17.5,24.0,0.2486341463414634,12.9,1457.2,-1.8,103.2,53.0,56.0,55.0,48.0,35.0,48.0
2022-10-05 10:20:00,1,6.7,108.9,-1.3,24.0,0.2294146341463414,12.8,1447.6,-1.9,110.3,54.0,58.0,55.0,48.0,35.0,48.0
2022-10-05 10:30:00,1,7.3,115.5,5.2,25.0,0.3175121951219512,13.1,1488.0,-1.8,110.3,54.0,58.0,55.0,48.0,35.0,48.0
2022-10-05 10:40:00,1,9.3,102.9,-7.4,25.0,0.579219512195122,14.6,1648.6,-1.8,110.3,56.0,61.0,56.0,48.0,35.0,48.0
2022-10-05 10:50:00,1,7.4,120.0,9.7,25.0,0.3209756097560975,13.4,1521.0,-2.0,110.3,56.0,61.0,57.0,49.0,35.0,48.0
2022-10-05 11:00:00,1,7.9,122.9,12.6,25.0,0.4021463414634146,13.7,1550.7,-2.0,110.3,56.0,61.0,57.0,49.0,35.0,48.0
2022-10-05 11:10:00,1,10.6,125.7,8.4,25.0,0.7409756097560976,14.7,1660.6,-0.2,117.2,55.0,63.0,58.0,50.0,36.0,48.0
2022-10-05 11:20:00,1,10.1,149.6,40.8,25.0,0.675609756097561,14.6,1656.9,-1.0,108.8,53.0,63.0,62.0,51.0,36.0,48.0
2022-10-05 11:30:00,1,11.5,87.1,-21.7,25.0,0.8668780487804878,14.8,1672.1,0.8,108.8,53.0,64.0,65.0,52.0,36.0,48.0
2022-10-05 11:40:00,1,11.7,113.4,4.5,25.0,0.8943414634146342,14.8,1674.3,1.2,108.9,53.0,64.0,67.0,54.0,35.0,49.0
2022-10-05 11:50:00,1,13.1,108.9,-7.3,25.0,0.9558048780487806,14.8,1680.0,4.6,116.2,53.0,65.0,69.0,56.0,35.0,49.0
2022-10-05 12:00:00,1,13.6,113.4,-2.7,25.0,0.9711219512195122,14.8,1681.1,5.7,116.2,53.0,65.0,71.0,58.0,36.0,49.0
2022-10-05 12:10:00,1,12.4,102.8,-13.4,25.0,0.9506829268292684,14.8,1678.8,3.0,116.2,54.0,65.0,73.0,61.0,36.0,50.0
2022-10-05 12:20:00,1,11.2,100.5,-19.1,26.0,0.8452682926829268,14.7,1663.5,0.4,119.7,53.0,65.0,75.0,63.0,37.0,51.0
2022-10-05 12:30:00,1,12.0,96.0,-14.6,26.0,0.891219512195122,14.8,1671.1,2.1,110.6,53.0,65.0,76.0,64.0,36.0,51.0
2022-10-05 12:40:00,1,12.7,109.3,-6.9,26.0,0.9540487804878048,14.8,1678.7,3.2,116.2,54.0,65.0,77.0,66.0,37.0,52.0
2022-10-05 12:50:00,1,11.9,114.8,-1.4,26.0,0.8690731707317073,14.7,1670.2,1.7000000000000002,116.2,54.0,66.0,78.0,68.0,37.0,52.0
2022-10-05 13:00:00,1,12.0,113.2,0.5,26.0,0.879219512195122,14.8,1672.1,2.3,112.7,54.0,66.0,79.0,71.0,38.0,52.0
2022-10-05 13:10:00,1,12.0,117.9,10.5,26.0,0.913219512195122,14.8,1674.6,1.8,107.4,54.0,66.0,80.0,73.0,39.0,53.0
2022-10-05 13:20:00,1,12.0,132.9,33.2,26.0,0.9103414634146342,14.8,1673.0,1.9,99.7,54.0,66.0,80.0,77.0,39.0,51.0
2022-10-05 13:30:00,1,12.0,141.1,34.0,26.0,0.9209756097560976,14.8,1676.8,1.5,107.1,55.0,67.0,81.0,81.0,39.0,45.0
2022-10-05 13:40:00,1,11.9,118.2,18.1,26.0,0.8853658536585366,14.7,1670.8,1.7000000000000002,100.1,55.0,67.0,82.0,84.0,39.0,45.0
2022-10-05 13:50:00,1,12.1,100.4,-7.7,26.0,0.9064878048780488,14.8,1673.3,2.4,108.2,55.0,67.0,82.0,87.0,39.0,47.0
2022-10-05 14:00:00,1,11.5,143.6,32.3,27.0,0.8314146341463415,14.7,1665.2,1.3,111.3,55.0,67.0,83.0,88.0,39.0,48.0
2022-10-05 14:10:00,1,12.3,137.3,23.6,27.0,0.909560975609756,14.8,1675.6,2.4,113.8,55.0,67.0,83.0,90.0,40.0,50.0
2022-10-05 14:20:00,1,12.0,142.2,28.1,27.0,0.8941951219512194,14.8,1671.1,2.1,114.1,55.0,67.0,84.0,91.0,40.0,51.0
2022-10-05 14:30:00,1,11.2,105.0,-20.6,27.0,0.7700975609756098,14.7,1662.4,0.5,125.6,55.0,67.0,83.0,92.0,40.0,52.0
2022-10-05 14:40:00,1,11.5,112.4,-7.6,27.0,0.8277073170731707,14.7,1662.7,0.8,120.0,55.0,66.0,83.0,92.0,41.0,52.0
2022-10-05 14:50:00,1,10.2,103.8,6.8,27.0,0.7298536585365853,14.5,1638.7,-0.6000000000000001,97.0,55.0,67.0,82.0,92.0,40.0,53.0
2022-10-05 15:00:00,1,9.4,91.0,-25.2,28.0,0.5609268292682927,14.4,1635.8,-1.6,116.2,54.0,65.0,80.0,90.0,42.0,47.0
2022-10-05 15:10:00,1,11.5,108.1,1.7000000000000002,27.0,0.8373658536585366,14.8,1672.7,0.2,106.4,54.0,66.0,78.0,89.0,42.0,44.0
2022-10-05 15:20:00,1,11.3,107.5,9.5,27.0,0.884,14.7,1670.9,0.4,98.0,55.0,67.0,77.0,88.0,40.0,46.0
2022-10-05 15:30:00,1,11.4,100.8,2.8,27.0,0.8384390243902439,14.7,1668.7,0.8,98.0,55.0,67.0,76.0,87.0,40.0,47.0
2022-10-05 15:40:00,1,9.6,108.1,1.4,28.0,0.5965853658536585,14.5,1641.5,-1.5,106.7,54.0,66.0,76.0,86.0,41.0,48.0
2022-10-05 15:50:00,1,9.4,100.9,-6.1,28.0,0.5637560975609757,14.4,1626.4,-1.3,107.1,53.0,65.0,75.0,85.0,42.0,49.0
2022-10-05 16:00:00,1,11.1,86.6,-12.7,27.0,0.8351219512195122,14.8,1671.1,0.0,99.4,54.0,66.0,78.0,84.0,41.0,50.0
2022-10-05 16:10:00,1,10.5,140.1,26.4,27.0,0.7137073170731707,14.7,1663.7,-0.7000000000000001,113.8,54.0,66.0,79.0,84.0,40.0,51.0
2022-10-05 16:20:00,1,10.6,130.4,16.6,27.0,0.754780487804878,14.7,1662.7,-0.5,113.7,54.0,66.0,78.0,83.0,41.0,51.0
2022-10-05 16:30:00,1,10.3,113.8,6.7,27.0,0.7089268292682926,14.7,1659.2,-0.9,107.1,54.0,66.0,77.0,83.0,40.0,52.0
2022-10-05 16:40:00,1,10.3,99.1,-8.1,27.0,0.7010731707317074,14.6,1658.9,-1.0,107.1,54.0,65.0,76.0,82.0,41.0,52.0
2022-10-05 16:50:00,1,9.7,134.6,12.8,27.0,0.6329268292682927,14.4,1628.6,-1.1,121.8,53.0,65.0,75.0,81.0,41.0,52.0
2022-10-05 17:00:00,1,8.6,121.0,-0.8,28.0,0.4687317073170731,14.1,1593.8,-1.8,121.8,53.0,64.0,75.0,80.0,40.0,53.0
2022-10-05 17:10:00,1,8.7,115.3,-10.7,28.0,0.4857560975609756,14.2,1607.8,-1.8,126.0,52.0,63.0,74.0,79.0,42.0,51.0
2022-10-05 17:20:00,1,9.6,128.9,9.6,27.0,0.5870731707317073,14.4,1628.0,-1.3,119.3,52.0,63.0,73.0,77.0,42.0,45.0
2022-10-05 17:30:00,1,10.5,108.9,-3.1,27.0,0.7132195121951219,14.7,1660.6,-0.7000000000000001,112.0,53.0,65.0,73.0,77.0,40.0,44.0
2022-10-05 17:40:00,1,9.7,97.8,-21.2,27.0,0.6538536585365854,14.6,1657.0,-1.3,119.0,52.0,64.0,73.0,76.0,40.0,46.0
2022-10-05 17:50:00,1,10.7,124.9,-1.1,27.0,0.7419024390243902,14.7,1661.6,-0.6000000000000001,126.0,53.0,64.0,75.0,75.0,40.0,47.0
2022-10-05 18:00:00,1,11.1,112.7,-6.7,26.0,0.8273658536585365,14.8,1672.0,-0.1,119.3,53.0,65.0,76.0,75.0,39.0,48.0
2022-10-05 18:10:00,1,11.1,112.8,-6.5,26.0,0.8070243902439025,14.7,1668.6,-0.2,119.3,54.0,65.0,76.0,76.0,39.0,49.0
2022-10-05 18:20:00,1,8.8,114.3,2.6,26.0,0.5210731707317073,14.3,1617.3,-1.8,111.7,53.0,65.0,76.0,76.0,40.0,49.0
2022-10-05 18:30:00,1,10.0,120.3,8.6,26.0,0.6831219512195122,14.7,1659.5,-1.3,111.7,52.0,64.0,75.0,75.0,40.0,50.0
2022-10-05 18:40:00,1,9.6,130.8,10.7,26.0,0.5836585365853658,14.5,1645.1,-1.5,120.0,52.0,64.0,75.0,74.0,40.0,50.0
2022-10-05 18:50:00,1,11.0,105.8,-11.4,26.0,0.7728780487804878,14.6,1655.9,-0.2,117.2,52.0,64.0,74.0,73.0,40.0,51.0
2022-10-05 19:00:00,1,9.9,111.1,-6.2,26.0,0.6810243902439024,14.5,1648.2,-1.1,117.2,53.0,64.0,74.0,73.0,39.0,51.0
2022-10-05 19:10:00,1,9.6,126.6,9.4,25.0,0.6220975609756098,14.5,1646.6,-1.5,117.2,52.0,63.0,73.0,72.0,39.0,51.0
2022-10-05 19:20:00,1,9.9,125.0,7.7,25.0,0.666829268292683,14.7,1660.2,-1.3,117.2,52.0,63.0,73.0,71.0,39.0,52.0
2022-10-05 19:30:00,1,9.0,129.9,12.6,25.0,0.5359512195121952,14.4,1635.8,-1.8,117.2,51.0,63.0,73.0,70.0,39.0,52.0
2022-10-05 19:40:00,1,7.8,120.7,3.4,25.0,0.3585365853658536,13.9,1575.9,-2.2,117.2,51.0,61.0,72.0,69.0,39.0,52.0
2022-10-05 19:50:00,1,7.2,120.9,3.6,25.0,0.2634634146341463,13.3,1507.3,-2.1,117.2,53.0,60.0,71.0,67.0,38.0,52.0
2022-10-05 20:00:00,1,7.6,108.1,-0.4,25.0,0.3000975609756098,13.6,1539.4,-2.1,108.5,54.0,61.0,70.0,66.0,38.0,52.0
2022-10-05 20:10:00,1,6.5,94.1,-5.6,24.0,0.2143414634146341,12.6,1426.4,-1.8,99.7,54.0,60.0,69.0,64.0,37.0,52.0
2022-10-05 20:20:00,1,7.4,96.4,-3.3,24.0,0.2632682926829268,13.6,1538.6,-2.1,99.7,55.0,60.0,67.0,63.0,37.0,52.0
2022-10-05 20:30:00,1,6.9,111.1,11.4,24.0,0.1946341463414634,12.9,1467.3,-2.0,99.7,55.0,60.0,67.0,61.0,37.0,52.0
2022-10-05 20:40:00,1,7.7,96.2,-3.5,24.0,0.2899024390243902,13.8,1565.7,-2.2,99.7,55.0,60.0,66.0,60.0,36.0,52.0
2022-10-05 20:50:00,1,8.2,106.3,6.6,24.0,0.3650731707317073,14.3,1614.8,-2.2,99.7,56.0,61.0,65.0,59.0,36.0,52.0
2022-10-05 21:00:00,1,8.2,88.8,-10.9,24.0,0.3888292682926829,14.2,1613.9,-2.2,99.7,57.0,62.0,65.0,58.0,36.0,52.0
2022-10-05 21:10:00,1,9.5,104.4,4.7,23.0,0.576390243902439,14.7,1660.0,-1.7000000000000002,99.7,54.0,63.0,65.0,58.0,36.0,52.0
2022-10-05 21:20:00,1,8.8,104.5,4.8,23.0,0.4952195121951219,14.5,1647.8,-2.1,99.7,52.0,62.0,65.0,58.0,36.0,52.0
2022-10-05 21:30:00,1,7.1,99.4,-0.3,23.0,0.2769268292682927,13.2,1495.9,-2.0,99.7,51.0,60.0,64.0,57.0,36.0,52.0
2022-10-05 21:40:00,1,6.1,106.3,6.5,23.0,0.1474146341463414,12.0,1355.6,-1.8,99.7,53.0,57.0,62.0,56.0,37.0,51.0
2022-10-05 21:50:00,1,6.9,128.8,21.0,23.0,0.2234146341463414,12.9,1466.5,-2.0,107.8,53.0,58.0,61.0,56.0,36.0,51.0
2022-10-05 22:00:00,1,7.4,116.9,16.4,23.0,0.2963414634146341,13.5,1531.6,-2.1,100.4,54.0,59.0,61.0,55.0,36.0,51.0
2022-10-05 22:10:00,1,6.5,125.1,15.6,23.0,0.1958536585365853,12.5,1417.9,-1.9,109.5,54.0,58.0,60.0,54.0,35.0,51.0
2022-10-05 22:20:00,1,8.0,93.4,-1.4,23.0,0.3041463414634146,14.3,1620.6,-2.2,94.8,55.0,59.0,61.0,53.0,35.0,51.0
2022-10-05 22:30:00,1,8.4,89.7,-5.1,23.0,0.3648780487804878,14.4,1635.4,-2.2,94.8,55.0,61.0,61.0,60.0,35.0,51.0
2022-10-05 22:40:00,1,9.1,80.6,-14.2,23.0,0.4740975609756097,14.7,1659.7,-2.0,94.8,57.0,62.0,61.0,70.0,35.0,51.0
2022-10-05 22:50:00,1,9.3,91.6,-3.2,23.0,0.5327804878048781,14.6,1655.0,-1.8,94.8,54.0,63.0,61.0,74.0,35.0,51.0
2022-10-05 23:00:00,1,10.7,106.7,11.9,23.0,0.7726341463414634,14.8,1672.6,-0.8,94.8,52.0,63.0,61.0,77.0,36.0,51.0
2022-10-05 23:10:00,1,10.7,85.4,-2.1,23.0,0.809170731707317,14.8,1671.6,-0.6000000000000001,87.5,52.0,63.0,62.0,78.0,36.0,50.0
2022-10-05 23:20:00,1,10.0,87.4,0.0,23.0,0.7080000000000001,14.7,1669.1,-1.4,87.5,52.0,63.0,62.0,80.0,36.0,50.0
2022-10-05 23:30:00,1,10.0,94.3,6.9,23.0,0.7000487804878048,14.7,1670.2,-1.3,87.5,51.0,63.0,63.0,81.0,36.0,50.0
2022-10-05 23:40:00,1,10.4,103.6,16.1,23.0,0.7636585365853659,14.7,1665.2,-0.7000000000000001,87.5,51.0,63.0,63.0,81.0,36.0,50.0
2022-10-05 23:50:00,1,10.1,97.2,9.8,23.0,0.7155609756097562,14.7,1669.2,-1.3,87.5,51.0,63.0,64.0,82.0,36.0,50.0
2022-10-06 00:00:00,1,10.2,98.4,10.9,23.0,0.7233170731707317,14.7,1666.8,-1.1,87.5,51.0,62.0,64.0,83.0,36.0,50.0
2022-10-06 00:10:00,1,11.9,83.9,-10.6,23.0,0.9421463414634148,14.8,1679.5,1.1,94.5,51.0,64.0,65.0,83.0,36.0,50.0
2022-10-06 00:20:00,1,11.6,101.9,7.4,23.0,0.9209268292682928,14.8,1675.9,0.5,94.5,52.0,64.0,65.0,84.0,36.0,50.0
2022-10-06 00:30:00,1,11.7,88.5,-5.9,23.0,0.9302439024390244,14.8,1676.3,1.1,94.5,52.0,64.0,66.0,85.0,36.0,50.0
2022-10-06 00:40:00,1,13.1,100.2,5.7,23.0,0.9686829268292684,14.8,1680.6,5.0,94.5,52.0,64.0,67.0,86.0,36.0,51.0
2022-10-06 00:50:00,1,12.2,85.2,-9.2,23.0,0.9538048780487804,14.8,1680.3,2.2,94.5,52.0,65.0,68.0,88.0,36.0,51.0
2022-10-06 01:00:00,1,12.4,83.3,-11.1,23.0,0.936439024390244,14.8,1679.0,2.0,94.5,52.0,65.0,68.0,89.0,37.0,51.0
2022-10-06 01:10:00,1,12.0,92.0,-0.7000000000000001,23.0,0.9397073170731708,14.8,1677.3,2.0,92.7,53.0,65.0,69.0,89.0,37.0,52.0
2022-10-06 01:20:00,1,10.8,85.7,-1.4,23.0,0.8340487804878048,14.7,1668.8,-0.4,87.1,52.0,64.0,74.0,90.0,37.0,52.0
2022-10-06 01:30:00,1,9.6,96.1,9.0,23.0,0.6444390243902438,14.6,1659.4,-1.7000000000000002,87.1,52.0,63.0,77.0,90.0,38.0,52.0
2022-10-06 01:40:00,1,9.6,89.9,2.8,23.0,0.6715609756097561,14.5,1646.6,-1.4,87.1,51.0,63.0,79.0,89.0,38.0,52.0
2022-10-06 01:50:00,1,9.8,90.8,3.6,23.0,0.6909756097560975,14.6,1650.9,-1.3,87.1,51.0,62.0,79.0,89.0,38.0,52.0
2022-10-06 02:00:00,1,11.3,102.4,5.8,23.0,0.8898536585365854,14.8,1673.6,0.3,96.6,51.0,63.0,79.0,88.0,37.0,52.0
2022-10-06 02:10:00,1,13.4,88.5,-8.0,23.0,0.9690731707317072,14.8,1680.3,6.0,96.6,52.0,64.0,79.0,89.0,37.0,52.0
2022-10-06 02:20:00,1,13.2,98.6,2.0,23.0,0.9714146341463415,14.8,1680.2,5.2,96.6,52.0,65.0,79.0,90.0,37.0,52.0
2022-10-06 02:30:00,1,11.9,99.0,2.4,23.0,0.9053170731707316,14.8,1676.7,1.7000000000000002,96.6,52.0,65.0,78.0,91.0,37.0,52.0
2022-10-06 02:40:00,1,11.1,87.3,-9.3,23.0,0.8526341463414635,14.8,1671.0,-0.1,96.6,52.0,64.0,77.0,91.0,38.0,53.0
2022-10-06 02:50:00,1,12.1,92.1,-4.4,23.0,0.9516097560975608,14.8,1680.6,1.4,96.6,52.0,65.0,77.0,91.0,37.0,53.0
2022-10-06 03:00:00,1,11.6,119.7,23.2,23.0,0.9189756097560976,14.8,1678.3,0.7000000000000001,96.6,53.0,65.0,79.0,92.0,37.0,53.0
2022-10-06 03:10:00,1,9.5,91.8,-4.8,23.0,0.6228292682926829,14.4,1636.0,-1.4,96.6,52.0,64.0,80.0,92.0,38.0,52.0
2022-10-06 03:20:00,1,7.0,95.1,-1.4,22.0,0.2650731707317073,13.0,1474.0,-1.9,96.6,51.0,61.0,78.0,90.0,38.0,44.0
2022-10-06 03:30:00,1,5.5,90.3,-6.2,22.0,0.1044878048780487,11.5,1297.2,-1.5,96.5,52.0,57.0,74.0,87.0,37.0,43.0
2022-10-06 03:40:00,1,5.5,92.0,4.1,22.0,0.1086341463414634,11.4,1296.5,-1.5,87.8,52.0,56.0,72.0,83.0,36.0,45.0
2022-10-06 03:50:00,1,6.6,113.3,16.7,22.0,0.1811219512195122,12.6,1423.3,-2.0,96.6,52.0,56.0,71.0,81.0,36.0,46.0
2022-10-06 04:00:00,1,7.5,116.9,11.6,22.0,0.2685853658536585,13.8,1567.3,-2.2,105.3,53.0,58.0,71.0,81.0,36.0,46.0
2022-10-06 04:10:00,1,7.5,105.9,0.6000000000000001,22.0,0.2501463414634146,13.8,1558.2,-2.2,105.3,54.0,59.0,70.0,81.0,36.0,47.0
2022-10-06 04:20:00,1,7.3,113.9,8.6,22.0,0.2658536585365854,13.6,1544.9,-2.1,105.3,54.0,59.0,69.0,79.0,35.0,47.0
2022-10-06 04:30:00,1,7.4,101.9,-3.4,22.0,0.2519512195121951,13.7,1551.1,-2.1,105.3,54.0,59.0,67.0,78.0,35.0,47.0
2022-10-06 04:40:00,1,6.7,91.9,-13.4,22.0,0.1562926829268292,12.6,1431.4,-2.1,105.3,54.0,58.0,66.0,76.0,35.0,48.0
2022-10-06 04:50:00,1,6.7,106.3,1.0,22.0,0.1656097560975609,12.8,1445.2,-2.1,105.3,54.0,57.0,65.0,74.0,35.0,48.0
2022-10-06 05:00:00,1,7.2,86.9,-18.4,22.0,0.2103414634146341,13.5,1524.9,-2.1,105.3,54.0,58.0,64.0,73.0,35.0,48.0
2022-10-06 05:10:00,1,7.2,98.9,0.6000000000000001,22.0,0.2156585365853658,13.5,1525.0,-2.1,98.3,54.0,59.0,63.0,72.0,35.0,48.0
2022-10-06 05:20:00,1,7.1,95.0,-3.4,22.0,0.2063414634146341,13.3,1502.6,-2.1,98.3,54.0,58.0,62.0,70.0,35.0,48.0
2022-10-06 05:30:00,1,7.7,87.9,-10.4,22.0,0.2975121951219512,14.0,1582.6,-2.2,98.3,55.0,59.0,62.0,70.0,35.0,48.0
2022-10-06 05:40:00,1,8.6,93.5,-4.8,22.0,0.4237560975609756,14.5,1647.9,-2.2,98.3,56.0,61.0,62.0,70.0,35.0,48.0
2022-10-06 05:50:00,1,8.5,100.7,2.4,22.0,0.4028292682926829,14.5,1637.3,-2.2,98.3,56.0,62.0,62.0,70.0,35.0,48.0
2022-10-06 06:00:00,1,7.9,89.1,-9.2,22.0,0.2759999999999999,14.2,1608.5,-2.2,98.3,56.0,61.0,62.0,69.0,35.0,48.0
2022-10-06 06:10:00,1,7.8,85.9,-12.4,22.0,0.2782926829268293,14.2,1604.8,-2.2,98.3,56.0,61.0,62.0,68.0,35.0,48.0
2022-10-06 06:20:00,1,7.3,92.9,-5.4,22.0,0.2518048780487805,13.6,1544.7,-2.1,98.3,56.0,60.0,61.0,67.0,35.0,48.0
2022-10-06 06:30:00,1,7.3,108.9,10.6,22.0,0.232390243902439,13.6,1545.6,-2.1,98.3,56.0,60.0,61.0,65.0,35.0,48.0
2022-10-06 06:40:00,1,7.1,89.9,-8.4,22.0,0.1925853658536585,13.3,1504.5,-2.1,98.3,56.0,59.0,60.0,63.0,35.0,48.0
2022-10-06 06:50:00,1,7.4,96.9,-1.4,22.0,0.2206829268292683,13.8,1557.7,-2.2,98.3,56.0,59.0,60.0,61.0,35.0,49.0
2022-10-06 07:00:00,1,8.1,94.9,-3.4,22.0,0.3218048780487805,14.4,1629.3,-2.3,98.3,56.0,60.0,60.0,62.0,35.0,49.0
2022-10-06 07:10:00,1,8.3,104.1,5.7,22.0,0.3304390243902439,14.5,1644.0,-2.3,98.3,56.0,61.0,61.0,63.0,35.0,48.0
2022-10-06 07:20:00,1,8.5,95.1,-3.2,22.0,0.364780487804878,14.5,1646.4,-2.3,98.3,57.0,61.0,61.0,63.0,35.0,49.0
2022-10-06 07:30:00,1,8.6,88.6,-9.7,22.0,0.3755121951219512,14.6,1654.2,-2.3,98.3,52.0,61.0,61.0,63.0,35.0,49.0
2022-10-06 07:40:00,1,8.4,93.6,-4.7,22.0,0.358390243902439,14.5,1642.6,-2.3,98.3,52.0,60.0,61.0,63.0,35.0,48.0
2022-10-06 07:50:00,1,7.8,88.1,-10.2,21.0,0.2826341463414634,14.2,1605.6,-2.2,98.3,54.0,59.0,61.0,62.0,35.0,48.0
2022-10-06 08:00:00,1,7.9,105.9,7.6,21.0,0.264390243902439,14.3,1621.1,-2.2,98.3,55.0,59.0,61.0,61.0,35.0,48.0
2022-10-06 08:10:00,1,7.8,100.9,2.6,21.0,0.2849268292682927,14.1,1599.8,-2.2,98.3,55.0,60.0,60.0,60.0,35.0,48.0
2022-10-06 08:20:00,1,7.2,86.9,-11.4,21.0,0.2020975609756097,13.5,1529.9,-2.1,98.3,55.0,59.0,60.0,57.0,34.0,48.0
2022-10-06 08:30:00,1,6.6,85.0,-13.3,21.0,0.1593658536585366,12.6,1429.5,-2.0,98.3,54.0,58.0,59.0,55.0,34.0,48.0
2022-10-06 08:40:00,1,6.3,92.6,2.0,21.0,0.1375609756097561,12.1,1369.0,-2.0,90.6,54.0,57.0,58.0,53.0,34.0,48.0
2022-10-06 08:50:00,1,6.2,90.4,-0.2,21.0,0.1281463414634146,12.0,1360.0,-2.0,90.6,53.0,56.0,58.0,52.0,34.0,48.0
2022-10-06 09:00:00,1,6.1,90.5,-0.1,21.0,0.1099024390243902,11.8,1339.1,-2.0,90.6,53.0,55.0,57.0,50.0,34.0,48.0
2022-10-06 09:10:00,1,6.4,77.6,-13.0,22.0,0.130390243902439,12.2,1379.8,-2.0,90.6,53.0,55.0,57.0,50.0,34.0,48.0
2022-10-06 09:20:00,1,5.8,88.0,4.7,22.0,0.1139999999999999,11.8,1339.4,-1.6,83.2,52.0,55.0,56.0,49.0,34.0,48.0
2022-10-06 09:30:00,1,4.9,67.1,-7.4,22.0,0.070780487804878,11.1,1258.0,-1.1,74.5,51.0,53.0,54.0,48.0,33.0,48.0
2022-10-06 09:40:00,1,5.5,67.8,-13.3,22.0,0.0935609756097561,11.5,1301.9,-1.5,81.2,51.0,53.0,52.0,47.0,33.0,48.0
2022-10-06 09:50:00,1,5.3,83.8,2.6,22.0,0.0894634146341463,11.3,1280.1,-1.3,81.2,51.0,53.0,52.0,47.0,33.0,48.0
2022-10-06 10:00:00,1,5.3,80.5,-0.6000000000000001,22.0,0.0897073170731707,11.3,1281.1,-1.3,81.2,51.0,53.0,52.0,46.0,33.0,48.0
2022-10-06 10:10:00,1,4.9,83.5,2.3,23.0,0.0707317073170731,11.1,1259.9,-1.0,81.2,50.0,52.0,52.0,46.0,33.0,48.0
2022-10-06 10:20:00,1,5.5,89.9,-0.6000000000000001,23.0,0.0920975609756097,11.2,1272.8,-1.5,90.6,50.0,53.0,52.0,45.0,33.0,48.0
2022-10-06 10:30:00,1,5.2,89.5,-1.1,23.0,0.0706341463414634,11.1,1259.3,-1.3,90.6,49.0,52.0,51.0,45.0,33.0,48.0
2022-10-06 10:40:00,1,4.5,95.4,4.8,24.0,0.0428292682926829,11.0,1250.1,-0.7000000000000001,90.6,49.0,51.0,49.0,45.0,33.0,48.0
2022-10-06 10:50:00,1,4.2,106.1,15.4,24.0,0.0309268292682926,11.0,1249.7,-0.4,90.6,48.0,50.0,49.0,45.0,33.0,48.0
2022-10-06 11:00:00,1,3.4,88.2,-2.1,24.0,0.0050731707317073,11.0,1244.4,0.6000000000000001,90.3,48.0,50.0,49.0,45.0,33.0,48.0
2022-10-06 11:10:00,1,4.0,98.1,6.4,25.0,0.0198048780487804,11.0,1247.9,-0.2,91.7,48.0,49.0,50.0,45.0,33.0,48.0
2022-10-06 11:20:00,1,3.0,96.9,-5.6,25.0,-0.013560975609756,2.9,337.2,39.5,102.5,47.0,48.0,49.0,45.0,34.0,48.0
2022-10-06 11:30:00,1,2.9,110.1,17.7,25.0,-0.0128292682926829,2.0,224.2,24.0,92.4,46.0,45.0,46.0,45.0,34.0,48.0
2022-10-06 11:40:00,1,2.7,137.0,34.8,26.0,-0.0088292682926829,5.2,608.8,14.3,102.2,46.0,44.0,44.0,44.0,34.0,48.0
2022-10-06 11:50:00,1,2.7,143.5,34.3,26.0,-0.0082439024390243,0.0,14.8,81.4,109.2,45.0,43.0,42.0,44.0,34.0,48.0
2022-10-06 15:40:00,1,2.1,213.9,120.1,31.0,-0.000390243902439,0.0,0.6000000000000001,89.7,93.8,41.0,40.0,38.0,38.0,37.0,42.0
2022-10-06 15:50:00,1,1.7000000000000002,181.4,87.6,32.0,-0.0011219512195121,0.0,6.8,89.9,93.8,41.0,40.0,38.0,38.0,37.0,42.0
2022-10-06 16:00:00,1,3.1,186.8,92.9,31.0,-0.002,0.0,6.7,89.5,93.9,41.0,40.0,38.0,38.0,37.0,42.0
2022-10-06 16:10:00,1,4.8,245.7,36.2,29.0,0.005170731707317,1.5,179.7,72.9,209.5,41.0,40.0,38.0,38.0,38.0,42.0
2022-10-06 16:20:00,1,5.1,228.9,-14.9,28.0,0.0977073170731707,11.3,1284.2,-1.2,243.8,45.0,47.0,39.0,40.0,37.0,43.0
2022-10-06 16:30:00,1,5.1,228.4,-16.8,28.0,0.0884390243902439,11.4,1290.0,-1.1,245.2,46.0,51.0,43.0,42.0,36.0,44.0
2022-10-06 16:40:00,1,5.0,221.9,-23.3,28.0,0.0843414634146341,11.2,1272.6,-1.1,245.2,46.0,52.0,45.0,43.0,36.0,45.0
2022-10-06 16:50:00,1,4.8,262.4,17.2,28.0,0.0634634146341463,11.1,1258.5,-1.0,245.2,47.0,52.0,47.0,44.0,35.0,46.0
2022-10-06 17:00:00,1,3.6,235.1,-10.0,28.0,0.0123414634146341,11.0,1248.7,0.5,245.2,46.0,50.0,48.0,45.0,35.0,47.0
2022-10-06 17:10:00,1,3.3,257.2,12.7,28.0,0.0009756097560975,8.1,928.0,10.9,244.5,46.0,49.0,48.0,45.0,36.0,47.0
2022-10-06 17:20:00,1,3.3,273.9,22.0,28.0,-0.0044390243902439,6.1,686.3,13.9,251.8,45.0,47.0,47.0,45.0,36.0,48.0
2022-10-06 17:30:00,1,3.1,213.1,-15.6,28.0,-0.0064390243902439,7.8,882.2,8.3,228.8,45.0,47.0,47.0,45.0,36.0,48.0
2022-10-06 17:40:00,1,3.3,277.4,31.5,27.0,-0.000390243902439,7.9,896.8,9.3,245.9,45.0,47.0,47.0,45.0,36.0,48.0
2022-10-06 17:50:00,1,2.9,251.4,11.8,27.0,-0.0061951219512195,2.1,241.4,24.0,239.6,44.0,45.0,46.0,44.0,35.0,49.0
2022-10-06 18:00:00,1,2.3,214.9,-23.2,27.0,-0.0060975609756097,0.9,170.5,24.0,238.2,44.0,43.0,44.0,44.0,35.0,49.0
2022-10-06 18:10:00,1,2.7,283.8,45.6,27.0,-0.0063414634146341,1.8,202.7,24.0,238.2,43.0,42.0,42.0,43.0,35.0,50.0
2022-10-06 18:20:00,1,3.1,257.8,-13.7,26.0,-0.0063414634146341,2.2,252.0,24.0,271.5,43.0,42.0,41.0,42.0,35.0,50.0
2022-10-06 18:30:00,1,2.9,259.7,-15.2,26.0,-0.0062926829268292,2.2,248.1,24.0,275.0,43.0,42.0,40.0,41.0,34.0,51.0
2022-10-06 18:40:00,1,2.7,246.7,1.9,26.0,-0.0061463414634146,1.9,218.7,24.0,244.8,43.0,42.0,39.0,40.0,34.0,51.0
2022-10-06 18:50:00,1,2.1,266.6,21.8,26.0,-0.0060975609756097,0.5,146.3,24.0,244.8,43.0,41.0,38.0,39.0,34.0,51.0
2022-10-06 19:00:00,1,2.0,297.4,52.5,25.0,-0.006,0.1,109.7,24.0,244.8,42.0,41.0,37.0,38.0,34.0,51.0
2022-10-06 19:10:00,1,2.2,274.6,29.8,25.0,-0.0061951219512195,0.4,161.0,24.0,244.8,42.0,41.0,36.0,38.0,33.0,52.0
2022-10-06 19:20:00,1,2.4,277.2,32.4,25.0,-0.0060975609756097,1.1,173.2,24.0,244.8,42.0,41.0,35.0,37.0,33.0,52.0
2022-10-06 19:30:00,1,2.5,274.9,30.0,25.0,-0.0060975609756097,1.4,180.1,24.0,244.8,42.0,41.0,35.0,36.0,33.0,52.0
2022-10-06 19:40:00,1,2.9,225.0,-19.8,24.0,-0.006390243902439,1.9,219.8,24.0,244.8,42.0,40.0,34.0,36.0,32.0,52.0
2022-10-06 19:50:00,1,3.1,257.7,17.0,23.0,-0.0061951219512195,2.4,269.5,24.0,240.7,42.0,41.0,34.0,35.0,32.0,52.0
2022-10-06 20:00:00,1,3.2,260.4,10.7,23.0,-0.0062439024390243,2.4,271.8,24.0,249.7,42.0,41.0,33.0,34.0,32.0,52.0
2022-10-06 20:10:00,1,2.8,257.6,8.2,22.0,-0.0061463414634146,2.0,224.2,24.0,249.4,42.0,41.0,33.0,34.0,31.0,52.0
2022-10-06 20:20:00,1,3.4,247.4,-13.2,22.0,-0.0063414634146341,2.6,290.8,24.0,260.6,41.0,41.0,32.0,33.0,31.0,52.0
2022-10-06 20:30:00,1,3.2,273.2,6.2,21.0,-0.0058048780487804,2.3,264.6,24.0,266.9,41.0,41.0,32.0,33.0,30.0,52.0
2022-10-06 20:40:00,1,3.0,258.1,-1.1,21.0,-0.0049756097560975,2.2,246.2,24.0,259.2,41.0,40.0,32.0,32.0,30.0,52.0
2022-10-06 20:50:00,1,2.6,268.1,8.9,21.0,-0.0049268292682926,2.0,222.3,24.0,259.2,41.0,40.0,32.0,32.0,30.0,52.0
2022-10-06 21:00:00,1,1.7000000000000002,249.5,-9.7,21.0,-0.0042926829268292,0.1,125.0,24.0,259.2,41.0,40.0,31.0,32.0,30.0,52.0
2022-10-06 21:10:00,1,1.2,233.5,-25.7,21.0,-0.0040487804878048,0.0,48.8,24.0,259.2,40.0,40.0,31.0,31.0,30.0,52.0
2022-10-06 21:20:00,1,1.3,293.5,34.3,21.0,-0.004,0.0,0.0,24.0,259.2,40.0,39.0,31.0,31.0,30.0,52.0
2022-10-06 21:30:00,1,1.4,291.7,32.5,21.0,-0.004,0.0,0.0,24.0,259.2,40.0,38.0,31.0,31.0,30.0,52.0
2022-10-06 21:40:00,1,1.3,268.5,9.3,21.0,-0.004,0.0,0.0,24.0,259.2,39.0,38.0,31.0,31.0,30.0,52.0
2022-10-06 21:50:00,1,1.3,236.9,-22.3,21.0,-0.0037073170731707,0.0,0.0,24.0,259.2,38.0,37.0,31.0,30.0,29.0,52.0
2022-10-06 22:00:00,1,1.9,313.6,54.3,21.0,-0.0039512195121951,0.0,3.9,24.0,259.2,38.0,37.0,30.0,30.0,29.0,52.0
2022-10-06 22:10:00,1,1.8,330.4,71.2,21.0,-0.0038048780487804,0.0,21.3,24.0,259.2,37.0,37.0,30.0,30.0,29.0,52.0
2022-10-06 22:20:00,1,1.5,303.3,44.1,20.0,-0.0037560975609756,0.0,65.4,24.0,259.2,38.0,36.0,30.0,30.0,29.0,53.0
2022-10-06 22:30:00,1,1.7000000000000002,273.9,14.6,20.0,-0.0038048780487804,0.0,93.3,24.0,259.2,39.0,36.0,30.0,30.0,29.0,53.0
2022-10-06 22:40:00,1,1.4,287.0,27.8,20.0,-0.0038048780487804,0.0,53.4,24.0,259.2,39.0,37.0,30.0,29.0,28.0,53.0
2022-10-06 22:50:00,1,0.7000000000000001,209.5,-49.7,20.0,-0.0037073170731707,0.0,0.0,24.0,259.2,39.0,36.0,30.0,29.0,28.0,53.0
2022-10-06 23:00:00,1,1.6,16.3,117.0,20.0,-0.0037560975609756,0.0,30.4,24.0,259.2,38.0,36.0,30.0,29.0,28.0,53.0
2022-10-06 23:10:00,1,2.4,303.7,44.5,20.0,-0.0038536585365853,0.3,147.5,24.0,259.2,39.0,36.0,29.0,29.0,28.0,53.0
2022-10-06 23:20:00,1,2.5,302.6,43.4,19.0,-0.0039024390243902,0.9,170.3,24.0,259.2,39.0,37.0,29.0,29.0,28.0,53.0
2022-10-06 23:30:00,1,2.9,289.4,30.1,19.0,-0.0042439024390243,2.0,223.7,24.0,259.3,39.0,37.0,29.0,29.0,28.0,53.0
2022-10-06 23:40:00,1,2.9,280.6,-10.2,19.0,-0.0039512195121951,2.0,232.4,24.0,290.8,39.0,37.0,29.0,29.0,28.0,53.0
2022-10-06 23:50:00,1,2.8,306.1,-3.9,19.0,-0.0038536585365853,2.0,231.2,24.0,310.0,39.0,38.0,29.0,29.0,28.0,52.0
2022-10-07 00:00:00,1,2.6,294.4,-15.6,19.0,-0.0038536585365853,1.8,202.8,24.0,310.0,39.0,38.0,29.0,29.0,28.0,52.0
2022-10-07 00:10:00,1,2.0,300.5,-9.6,19.0,-0.0038048780487804,0.2,148.8,24.0,310.0,39.0,37.0,29.0,29.0,28.0,52.0
2022-10-07 00:20:00,1,1.7000000000000002,255.3,-54.7,19.0,-0.0037073170731707,0.0,101.0,24.0,310.0,38.0,37.0,29.0,28.0,27.0,52.0
2022-10-07 00:30:00,1,1.9,336.5,26.4,19.0,-0.0038048780487804,0.1,130.3,24.0,310.0,38.0,37.0,29.0,28.0,27.0,52.0
2022-10-07 00:40:00,1,1.9,354.3,44.2,19.0,-0.0037560975609756,0.0,112.2,24.0,310.0,38.0,37.0,29.0,28.0,27.0,52.0
2022-10-07 00:50:00,1,2.4,3.6,53.6,19.0,-0.0038048780487804,0.7000000000000001,164.7,24.0,310.0,38.0,37.0,28.0,28.0,27.0,52.0
2022-10-07 01:00:00,1,2.2,344.2,34.2,19.0,-0.0038536585365853,0.7000000000000001,157.6,24.0,310.0,38.0,37.0,28.0,28.0,26.0,52.0
2022-10-07 01:10:00,1,1.8,4.9,54.8,19.0,-0.0036585365853658,0.0,118.1,24.0,310.0,38.0,36.0,28.0,28.0,26.0,52.0
2022-10-07 01:20:00,1,1.9,345.3,35.2,19.0,-0.0037073170731707,0.0,134.0,24.0,310.0,38.0,36.0,28.0,28.0,27.0,52.0
2022-10-07 01:30:00,1,2.1,315.0,5.0,19.0,-0.0038048780487804,0.3,147.3,24.0,310.0,37.0,36.0,28.0,27.0,27.0,52.0
2022-10-07 01:40:00,1,2.0,346.4,36.4,19.0,-0.0038536585365853,0.3,150.6,24.0,310.0,37.0,36.0,28.0,27.0,26.0,52.0
2022-10-07 01:50:00,1,1.8,303.4,-6.6,19.0,-0.0038048780487804,0.0,120.4,24.0,310.0,37.0,36.0,28.0,27.0,27.0,51.0
2022-10-07 02:00:00,1,1.9,307.4,-2.6,19.0,-0.0037073170731707,0.0,119.4,24.0,310.0,37.0,36.0,28.0,27.0,26.0,51.0
2022-10-07 02:10:00,1,1.8,315.2,5.1,19.0,-0.0037073170731707,0.0,116.6,24.0,310.0,37.0,36.0,27.0,27.0,26.0,51.0
2022-10-07 02:20:00,1,1.4,250.9,-59.1,19.0,-0.0037073170731707,0.0,66.5,24.0,310.0,36.0,36.0,27.0,27.0,26.0,51.0
2022-10-07 02:30:00,1,1.6,258.1,-51.9,19.0,-0.0037560975609756,0.0,60.5,24.0,310.0,36.0,35.0,27.0,27.0,26.0,51.0
2022-10-07 02:40:00,1,1.7000000000000002,276.3,-33.8,19.0,-0.0037560975609756,0.0,17.6,24.0,310.0,36.0,35.0,27.0,26.0,26.0,51.0
2022-10-07 02:50:00,1,1.4,222.2,-87.8,19.0,-0.0037073170731707,0.0,18.8,24.0,310.0,36.0,35.0,27.0,26.0,26.0,51.0
2022-10-07 03:00:00,1,1.4,6.1,56.0,19.0,-0.0037073170731707,0.0,59.8,24.0,310.0,36.0,34.0,27.0,26.0,26.0,51.0
2022-10-07 03:10:00,1,1.4,350.7,40.7,18.0,-0.0037073170731707,0.0,36.0,24.0,310.0,36.0,34.0,27.0,26.0,26.0,51.0
2022-10-07 03:20:00,1,1.6,4.7,54.6,18.0,-0.0037073170731707,0.0,51.4,24.0,310.0,35.0,34.0,27.0,26.0,26.0,51.0
2022-10-07 03:30:00,1,1.5,328.8,18.7,18.0,-0.0037073170731707,0.0,70.2,24.0,310.0,36.0,34.0,27.0,26.0,26.0,51.0
2022-10-07 03:40:00,1,1.1,315.2,5.1,18.0,-0.0037073170731707,0.0,35.4,24.0,310.0,36.0,34.0,26.0,26.0,26.0,51.0
2022-10-07 03:50:00,1,1.2,266.4,-43.6,18.0,-0.0037073170731707,0.0,0.0,24.0,310.0,35.0,33.0,26.0,26.0,26.0,51.0
2022-10-07 04:00:00,1,1.8,159.9,-150.1,18.0,-0.0036585365853658,0.0,9.3,24.0,310.0,35.0,33.0,26.0,25.0,26.0,51.0
2022-10-07 04:10:00,1,1.7000000000000002,236.8,-73.3,18.0,-0.0037073170731707,0.0,10.6,24.0,310.0,34.0,33.0,26.0,25.0,25.0,51.0
2022-10-07 04:20:00,1,1.8,38.2,88.2,18.0,-0.0037073170731707,0.0,18.3,24.0,310.0,34.0,32.0,26.0,25.0,25.0,50.0
2022-10-07 04:30:00,1,2.0,146.9,-163.2,18.0,-0.0036585365853658,0.0,64.6,24.0,310.0,34.0,32.0,26.0,25.0,25.0,50.0
2022-10-07 04:40:00,1,1.9,134.8,-175.2,18.0,-0.0037560975609756,0.0,68.0,24.0,310.0,35.0,32.0,26.0,25.0,25.0,50.0
2022-10-07 04:50:00,1,1.8,74.4,124.3,18.0,-0.0037073170731707,0.0,77.6,24.0,310.0,35.0,32.0,26.0,25.0,25.0,50.0
2022-10-07 05:00:00,1,1.6,235.0,-75.0,18.0,-0.0033658536585365,0.0,50.9,24.0,310.0,35.0,32.0,26.0,25.0,25.0,50.0
2022-10-07 05:10:00,1,1.4,110.6,160.5,18.0,-0.0029756097560975,0.0,2.1,24.0,310.0,34.0,32.0,26.0,25.0,26.0,50.0
2022-10-07 05:20:00,1,1.5,120.6,170.6,18.0,-0.0029268292682926,0.0,1.2,24.0,310.0,34.0,32.0,26.0,24.0,26.0,50.0
2022-10-07 05:30:00,1,1.8,153.1,-156.9,18.0,-0.0029268292682926,0.0,34.9,24.0,310.0,33.0,32.0,26.0,24.0,26.0,50.0
2022-10-07 05:40:00,1,2.0,129.6,179.6,18.0,-0.0029756097560975,0.0,79.4,24.0,310.0,34.0,32.0,26.0,24.0,26.0,51.0
2022-10-07 05:50:00,1,2.8,105.1,155.2,18.0,-0.0036585365853658,0.0,97.8,24.0,309.9,34.0,32.0,26.0,24.0,26.0,51.0
2022-10-07 06:00:00,1,2.6,59.5,-142.8,18.0,-0.0036097560975609,1.4,169.1,24.0,202.3,34.0,32.0,26.0,24.0,26.0,51.0
2022-10-07 06:10:00,1,2.4,113.2,-12.4,18.0,-0.0032195121951219,1.0,177.4,24.0,125.7,34.0,33.0,26.0,25.0,26.0,51.0
2022-10-07 06:20:00,1,2.4,194.7,53.9,18.0,-0.0031219512195121,1.3,183.1,24.0,140.7,34.0,33.0,26.0,25.0,26.0,51.0
2022-10-07 06:30:00,1,1.9,165.7,24.9,18.0,-0.0030731707317073,0.1,142.3,24.0,140.7,34.0,33.0,26.0,25.0,26.0,51.0
2022-10-07 06:40:00,1,1.6,106.6,-34.1,18.0,-0.0029268292682926,0.0,104.7,24.0,140.7,34.0,33.0,26.0,25.0,26.0,51.0
2022-10-07 06:50:00,1,1.5,195.9,55.1,18.0,-0.0029268292682926,0.0,72.6,24.0,140.7,34.0,33.0,26.0,25.0,26.0,51.0
2022-10-07 07:00:00,1,1.2,188.0,47.2,18.0,-0.0029268292682926,0.0,51.8,24.0,140.7,34.0,33.0,26.0,25.0,26.0,51.0
2022-10-07 07:10:00,1,0.8,169.5,28.8,18.0,-0.0028780487804878,0.0,12.0,24.0,140.7,33.0,32.0,26.0,25.0,26.0,51.0
2022-10-07 07:20:00,1,0.9,155.4,14.6,18.0,-0.0029268292682926,0.0,0.0,24.0,140.7,33.0,32.0,26.0,24.0,26.0,51.0
2022-10-07 07:30:00,1,1.0,163.2,22.5,18.0,-0.0029268292682926,0.0,0.0,24.0,140.7,33.0,31.0,26.0,24.0,26.0,51.0
2022-10-07 07:40:00,1,1.2,131.5,-9.2,18.0,-0.0029268292682926,0.0,0.0,24.0,140.7,32.0,31.0,25.0,24.0,26.0,51.0
2022-10-07 07:50:00,1,1.8,106.3,-34.5,18.0,-0.0029756097560975,0.0,45.7,24.0,140.7,32.0,31.0,25.0,24.0,26.0,51.0
2022-10-07 08:00:00,1,1.6,127.5,-13.2,18.0,-0.0029268292682926,0.0,56.2,24.0,140.7,33.0,31.0,25.0,24.0,26.0,51.0
2022-10-07 08:10:00,1,1.6,60.1,-80.6,18.0,-0.0029756097560975,0.0,8.4,24.0,140.7,33.0,31.0,25.0,24.0,26.0,51.0
2022-10-07 08:20:00,1,1.4,62.8,-77.9,17.0,-0.0029268292682926,0.0,0.0,24.0,140.7,32.0,30.0,25.0,24.0,26.0,51.0
2022-10-07 08:30:00,1,1.6,198.7,57.9,18.0,-0.0029268292682926,0.0,17.4,24.0,140.7,32.0,30.0,25.0,24.0,26.0,51.0
2022-10-07 08:40:00,1,2.9,185.5,44.6,18.0,-0.0036097560975609,0.9,158.1,24.0,140.9,32.0,30.0,25.0,24.0,26.0,51.0
2022-10-07 08:50:00,1,3.1,181.2,-24.0,18.0,-0.0033170731707317,2.0,240.1,24.0,205.2,33.0,32.0,25.0,24.0,26.0,51.0
2022-10-07 09:00:00,1,2.3,220.7,12.3,18.0,-0.0030731707317073,0.9,171.2,24.0,208.4,33.0,32.0,25.0,24.0,26.0,51.0
2022-10-07 09:10:00,1,2.5,210.3,1.9,18.0,-0.0031219512195121,1.4,184.7,24.0,208.4,33.0,32.0,25.0,24.0,26.0,51.0
2022-10-07 09:20:00,1,1.9,205.7,-2.7,18.0,-0.0031219512195121,0.2,141.4,24.0,208.4,33.0,33.0,25.0,24.0,26.0,51.0
2022-10-07 09:30:00,1,1.6,218.6,10.2,18.0,-0.0030243902439024,0.0,98.9,24.0,208.4,33.0,32.0,25.0,24.0,26.0,51.0
2022-10-07 09:40:00,1,1.5,250.0,41.6,19.0,-0.0029756097560975,0.0,35.8,24.0,208.4,32.0,32.0,25.0,24.0,26.0,51.0
2022-10-07 09:50:00,1,0.9,279.0,70.6,19.0,-0.0029756097560975,0.0,2.9,24.0,208.4,32.0,32.0,25.0,24.0,26.0,51.0
2022-10-07 10:00:00,1,1.2,297.3,88.9,19.0,-0.0029268292682926,0.0,0.8,24.0,208.4,32.0,31.0,25.0,24.0,26.0,52.0
2022-10-07 10:10:00,1,1.1,210.4,2.0,19.0,-0.0030243902439024,0.0,0.0,24.0,208.4,32.0,31.0,25.0,24.0,26.0,52.0
2022-10-07 10:20:00,1,1.3,68.5,-139.9,19.0,-0.0029268292682926,0.0,0.8,24.0,208.4,31.0,30.0,25.0,24.0,26.0,52.0
2022-10-07 10:30:00,1,1.6,219.9,11.5,19.0,-0.0029756097560975,0.0,4.9,24.0,208.4,31.0,30.0,25.0,23.0,26.0,52.0
2022-10-07 10:40:00,1,1.5,285.7,77.3,19.0,-0.0029268292682926,0.0,0.0,24.0,208.4,31.0,30.0,25.0,23.0,26.0,52.0
2022-10-07 10:50:00,1,1.3,357.0,148.6,19.0,-0.0029756097560975,0.0,0.0,24.0,208.4,31.0,30.0,25.0,23.0,26.0,52.0
2022-10-07 11:00:00,1,1.3,89.6,-118.8,20.0,-0.0025365853658536,0.0,0.0,24.0,208.4,30.0,30.0,25.0,23.0,27.0,52.0
2022-10-07 11:10:00,1,1.2,352.1,143.7,21.0,-0.0021951219512195,0.0,0.0,24.0,208.4,30.0,30.0,25.0,23.0,28.0,52.0
2022-10-07 11:20:00,1,1.6,84.5,-123.9,21.0,-0.0021463414634146,0.0,6.5,24.0,208.4,30.0,30.0,25.0,23.0,28.0,52.0
2022-10-07 11:30:00,1,2.0,18.2,169.8,21.0,-0.0021951219512195,0.0,20.9,24.0,208.4,31.0,30.0,25.0,23.0,28.0,53.0
2022-10-07 11:40:00,1,1.9,147.4,-61.0,22.0,-0.0024390243902439,0.0,0.0,24.0,208.4,31.0,30.0,25.0,23.0,29.0,52.0
2022-10-07 11:50:00,1,1.8,89.7,-118.7,22.0,-0.0026341463414634,0.0,0.9,24.0,208.4,31.0,30.0,25.0,23.0,30.0,44.0
2022-10-07 12:00:00,1,2.0,100.0,-108.3,22.0,-0.0021463414634146,0.0,0.0,24.0,208.4,30.0,30.0,25.0,23.0,30.0,42.0
2022-10-07 12:10:00,1,2.0,71.9,-136.4,22.0,-0.0021951219512195,0.0,3.1,24.0,208.4,30.0,30.0,25.0,23.0,30.0,44.0
2022-10-07 12:20:00,1,1.8,124.8,-83.5,23.0,-0.0021951219512195,0.0,12.3,24.0,208.4,30.0,30.0,25.0,23.0,31.0,46.0
2022-10-07 12:30:00,1,2.1,81.7,-126.6,24.0,-0.0021951219512195,0.0,6.5,24.0,208.4,31.0,30.0,25.0,23.0,31.0,47.0
2022-10-07 12:40:00,1,1.7000000000000002,176.9,-31.5,24.0,-0.0021951219512195,0.0,26.3,24.0,208.4,31.0,30.0,25.0,24.0,31.0,48.0
2022-10-07 12:50:00,1,1.9,144.5,-63.9,24.0,-0.0022439024390243,0.0,19.9,24.0,208.4,31.0,30.0,25.0,24.0,32.0,48.0
2022-10-07 13:00:00,1,1.6,209.1,0.7000000000000001,25.0,-0.0022926829268292,0.0,31.7,24.0,208.4,31.0,30.0,26.0,24.0,32.0,49.0
2022-10-07 13:10:00,1,1.5,222.6,14.2,26.0,-0.0021951219512195,0.0,47.1,24.0,208.4,32.0,30.0,26.0,24.0,32.0,50.0
2022-10-07 13:20:00,1,1.4,183.1,-25.3,26.0,-0.0023414634146341,0.0,0.0,24.0,208.4,32.0,31.0,26.0,24.0,32.0,51.0
2022-10-07 13:30:00,1,1.8,112.5,-95.8,26.0,-0.002390243902439,0.0,6.0,24.0,208.4,31.0,31.0,26.0,24.0,33.0,52.0
2022-10-07 13:40:00,1,2.0,113.1,-95.3,26.0,-0.0024878048780487,0.0,26.5,24.0,208.4,31.0,31.0,26.0,24.0,33.0,52.0
2022-10-07 13:50:00,1,1.9,266.1,57.7,26.0,-0.0029756097560975,0.2,104.1,24.0,208.4,32.0,31.0,26.0,24.0,33.0,50.0
2022-10-07 14:00:00,1,1.7000000000000002,214.4,6.0,27.0,-0.0028780487804878,0.1,75.0,24.0,208.4,32.0,32.0,26.0,25.0,34.0,44.0
2022-10-07 14:10:00,1,2.2,80.8,-127.6,27.0,-0.0027317073170731,0.4,79.2,24.0,208.4,32.0,32.0,27.0,25.0,34.0,44.0
2022-10-07 14:20:00,1,4.7,271.6,39.7,26.0,0.0585853658536585,9.9,1126.2,2.9,232.0,34.0,37.0,27.0,30.0,33.0,46.0
2022-10-07 14:30:00,1,4.0,262.5,-10.0,26.0,0.0321951219512195,11.0,1251.6,0.1,272.5,36.0,43.0,32.0,44.0,33.0,47.0
2022-10-07 14:40:00,1,3.8,232.9,-41.0,26.0,0.0129756097560975,10.2,1156.2,3.6,273.9,37.0,45.0,37.0,49.0,34.0,48.0
2022-10-07 14:50:00,1,3.2,258.4,-13.0,26.0,-0.0029268292682926,2.3,260.6,24.0,271.5,37.0,44.0,38.0,48.0,35.0,48.0
2022-10-07 15:00:00,1,2.9,253.9,-16.2,26.0,-0.0029268292682926,2.2,251.5,24.0,270.1,36.0,41.0,37.0,44.0,35.0,49.0
2022-10-07 15:10:00,1,3.7,333.8,47.3,26.0,0.0141951219512195,9.6,1090.3,3.4,286.5,37.0,42.0,38.0,42.0,35.0,50.0
2022-10-07 15:20:00,1,3.2,294.5,16.0,26.0,0.0009756097560975,6.3,706.7,14.0,278.5,38.0,45.0,41.0,44.0,36.0,51.0
2022-10-07 15:30:00,1,3.4,294.2,17.1,26.0,0.0026829268292682,7.0,796.4,10.5,277.1,38.0,44.0,40.0,44.0,36.0,51.0
2022-10-07 15:40:00,1,3.0,291.2,14.4,26.0,-0.0005853658536585,7.3,823.3,10.7,276.7,39.0,45.0,42.0,50.0,35.0,51.0
2022-10-07 15:50:00,1,2.9,295.7,22.7,26.0,-0.0052682926829268,2.1,235.0,24.0,272.9,38.0,43.0,42.0,48.0,34.0,52.0
2022-10-07 16:00:00,1,2.9,275.1,-11.1,27.0,-0.005170731707317,2.3,259.5,22.8,286.2,38.0,42.0,41.0,45.0,34.0,52.0
2022-10-07 16:10:00,1,3.7,293.2,1.1,26.0,0.015170731707317,10.0,1137.0,2.8,292.2,39.0,43.0,40.0,44.0,34.0,52.0
2022-10-07 16:20:00,1,4.2,293.6,12.6,26.0,0.0366829268292683,11.1,1253.3,-0.4,281.0,40.0,47.0,43.0,50.0,34.0,52.0
2022-10-07 16:30:00,1,4.9,288.7,7.8,26.0,0.0770243902439024,11.3,1274.8,-1.0,280.9,41.0,49.0,46.0,56.0,34.0,52.0
2022-10-07 16:40:00,1,4.6,234.9,-17.6,26.0,0.0637073170731707,11.1,1254.7,-0.7000000000000001,252.6,42.0,50.0,47.0,58.0,34.0,52.0
2022-10-07 16:50:00,1,4.4,268.2,5.1,26.0,0.0536585365853658,11.1,1253.1,-0.5,263.1,42.0,50.0,48.0,60.0,34.0,52.0
2022-10-07 17:00:00,1,4.1,255.7,-16.8,26.0,0.0355121951219512,11.0,1250.8,-0.3,272.5,42.0,49.0,49.0,61.0,34.0,52.0
2022-10-07 17:10:00,1,3.8,274.7,7.0,26.0,0.0311219512195121,11.0,1250.4,0.1,267.7,43.0,49.0,49.0,62.0,34.0,52.0
2022-10-07 17:20:00,1,3.5,244.6,-30.7,26.0,0.0024878048780487,6.6,758.8,30.2,275.3,42.0,47.0,49.0,61.0,34.0,51.0
2022-10-07 17:30:00,1,3.1,244.4,-25.3,26.0,-0.0066341463414634,3.4,378.4,21.8,269.7,42.0,46.0,48.0,59.0,34.0,51.0
2022-10-07 17:40:00,1,3.5,263.2,-5.1,26.0,0.003170731707317,7.7,879.6,8.7,268.3,42.0,45.0,46.0,55.0,34.0,51.0
2022-10-07 17:50:00,1,3.3,277.9,8.9,26.0,0.0005365853658536,7.7,871.9,9.7,269.0,42.0,45.0,46.0,56.0,34.0,51.0
2022-10-07 18:00:00,1,2.9,248.6,-15.9,26.0,-0.0064878048780487,4.6,513.4,18.2,264.5,42.0,45.0,46.0,57.0,34.0,51.0
2022-10-07 18:10:00,1,3.3,272.8,3.7,25.0,0.0009268292682926,8.8,1000.0,6.6,269.0,42.0,45.0,44.0,55.0,34.0,51.0
2022-10-07 18:20:00,1,3.4,303.6,16.3,25.0,-0.0005853658536585,8.5,967.5,8.8,287.3,42.0,46.0,45.0,57.0,34.0,51.0
2022-10-07 18:30:00,1,3.3,283.4,-9.1,25.0,-0.0044390243902439,5.1,580.8,16.2,292.5,42.0,45.0,44.0,54.0,34.0,51.0
2022-10-07 18:40:00,1,3.1,285.6,0.4,25.0,-0.0062926829268292,3.5,396.5,22.1,285.2,42.0,44.0,43.0,53.0,33.0,51.0
2022-10-07 18:50:00,1,3.0,280.0,-5.1,25.0,-0.0062439024390243,2.2,247.0,24.0,285.1,41.0,43.0,41.0,49.0,33.0,51.0
2022-10-07 19:00:00,1,2.5,275.4,-1.3,25.0,-0.0061463414634146,1.6,192.6,24.0,276.7,41.0,42.0,40.0,46.0,33.0,51.0
2022-10-07 19:10:00,1,3.2,269.9,-6.8,25.0,-0.0061463414634146,2.3,264.1,24.0,276.7,41.0,41.0,38.0,44.0,33.0,51.0
2022-10-07 19:20:00,1,3.6,245.0,-21.2,24.0,0.0083414634146341,8.1,920.2,7.8,266.2,41.0,42.0,37.0,44.0,33.0,51.0
2022-10-07 19:30:00,1,3.5,259.2,-5.3,24.0,0.0049756097560975,9.6,1088.8,4.8,264.5,42.0,45.0,39.0,51.0,32.0,51.0
2022-10-07 19:40:00,1,3.6,259.7,2.6,23.0,0.0014634146341463,8.9,1012.1,6.9,257.1,42.0,46.0,41.0,52.0,32.0,51.0
2022-10-07 19:50:00,1,2.9,239.3,-10.2,23.0,-0.0066341463414634,3.2,363.6,22.0,249.4,41.0,45.0,41.0,52.0,32.0,51.0
2022-10-07 20:00:00,1,3.4,267.1,4.3,22.0,-0.0060487804878048,6.1,696.4,13.8,262.8,41.0,44.0,39.0,48.0,32.0,51.0
2022-10-07 20:10:00,1,4.3,268.2,-11.4,22.0,0.0401951219512195,11.1,1251.6,-0.5,279.5,42.0,46.0,39.0,51.0,32.0,50.0
2022-10-07 20:20:00,1,4.3,284.1,4.6,22.0,0.0269756097560975,11.0,1249.1,-0.4,279.5,42.0,47.0,42.0,55.0,31.0,50.0
2022-10-07 20:30:00,1,4.2,274.3,-5.2,22.0,0.0290243902439024,11.0,1248.8,-0.4,279.5,42.0,48.0,43.0,57.0,31.0,50.0
2022-10-07 20:40:00,1,3.8,286.3,6.7,22.0,0.0187317073170731,11.0,1248.7,0.0,279.5,42.0,47.0,44.0,58.0,31.0,50.0
2022-10-07 20:50:00,1,3.4,275.5,-4.0,22.0,-0.0004878048780487,9.2,1035.8,6.8,279.5,42.0,47.0,45.0,58.0,31.0,50.0
2022-10-07 21:00:00,1,3.6,292.1,12.5,22.0,-0.0063414634146341,2.9,335.5,22.3,279.5,42.0,45.0,43.0,54.0,32.0,50.0
2022-10-07 21:10:00,1,3.4,285.8,3.7,21.0,-0.0008292682926829,8.0,907.6,9.5,282.0,42.0,44.0,43.0,52.0,31.0,50.0
2022-10-07 21:20:00,1,2.7,311.8,17.9,21.0,-0.0061951219512195,2.0,222.7,24.0,293.9,41.0,43.0,41.0,50.0,31.0,49.0
2022-10-07 21:30:00,1,1.9,295.2,9.3,21.0,-0.0060975609756097,0.3,146.1,24.0,285.9,41.0,42.0,39.0,47.0,31.0,50.0
2022-10-07 21:40:00,1,1.6,298.7,12.8,21.0,-0.006,0.0,79.0,24.0,285.9,41.0,41.0,38.0,44.0,31.0,50.0
2022-10-07 21:50:00,1,1.8,225.9,-60.0,21.0,-0.0059512195121951,0.0,7.3,24.0,285.9,40.0,40.0,36.0,42.0,30.0,50.0
2022-10-07 22:00:00,1,1.7000000000000002,211.4,-74.5,21.0,-0.0053170731707317,0.0,0.0,24.0,285.9,40.0,40.0,35.0,40.0,30.0,50.0
2022-10-07 22:10:00,1,1.7000000000000002,228.1,-57.7,21.0,-0.005170731707317,0.0,0.0,24.0,285.9,39.0,39.0,34.0,39.0,29.0,50.0
2022-10-07 22:20:00,1,1.4,196.3,-89.6,21.0,-0.0052195121951219,0.0,0.0,24.0,285.9,39.0,38.0,33.0,37.0,29.0,50.0
2022-10-07 22:30:00,1,1.1,217.7,-68.1,21.0,-0.005170731707317,0.0,0.0,24.0,285.9,38.0,38.0,32.0,36.0,29.0,50.0
2022-10-07 22:40:00,1,1.0,343.0,57.2,21.0,-0.0052195121951219,0.0,0.0,24.0,285.9,37.0,37.0,31.0,35.0,28.0,50.0
2022-10-07 22:50:00,1,1.2,127.5,-158.3,21.0,-0.0052195121951219,0.0,0.0,24.0,285.9,37.0,37.0,31.0,34.0,28.0,50.0
2022-10-07 23:00:00,1,0.9,42.6,116.8,22.0,-0.0048292682926829,0.0,0.0,24.0,285.9,37.0,36.0,30.0,33.0,28.0,50.0
2022-10-07 23:10:00,1,1.0,3.8,77.9,21.0,-0.004,0.0,0.0,24.0,285.9,36.0,36.0,30.0,33.0,29.0,50.0
2022-10-07 23:20:00,1,1.1,318.8,33.0,21.0,-0.004,0.0,0.0,24.0,285.9,36.0,36.0,30.0,32.0,29.0,50.0
2022-10-07 23:30:00,1,0.9,318.8,33.0,21.0,-0.0039512195121951,0.0,0.0,24.0,285.9,35.0,35.0,30.0,32.0,29.0,50.0
2022-10-07 23:40:00,1,1.3,308.9,23.1,21.0,-0.0039024390243902,0.0,0.0,24.0,285.9,35.0,35.0,30.0,32.0,29.0,51.0
2022-10-07 23:50:00,1,1.0,6.4,80.5,21.0,-0.0038048780487804,0.0,0.0,24.0,285.9,35.0,35.0,30.0,31.0,29.0,51.0
2022-10-08 00:00:00,1,1.6,313.4,27.5,21.0,-0.0037560975609756,0.0,17.5,24.0,285.9,35.0,35.0,30.0,31.0,29.0,51.0
2022-10-08 00:10:00,1,1.6,287.9,2.0,21.0,-0.0037560975609756,0.0,46.5,24.0,285.9,35.0,35.0,30.0,31.0,28.0,51.0
2022-10-08 00:20:00,1,1.5,354.7,68.8,21.0,-0.0037560975609756,0.0,2.5,24.0,285.9,37.0,35.0,29.0,30.0,28.0,51.0
2022-10-08 00:30:00,1,1.5,16.6,90.8,21.0,-0.0036585365853658,0.0,0.0,24.0,285.9,36.0,34.0,29.0,30.0,28.0,51.0
2022-10-08 00:40:00,1,1.6,13.4,87.5,21.0,-0.0037560975609756,0.0,0.0,24.0,285.9,35.0,34.0,29.0,30.0,28.0,51.0
2022-10-08 00:50:00,1,1.3,347.9,62.0,21.0,-0.0037073170731707,0.0,0.0,24.0,285.9,35.0,34.0,29.0,30.0,28.0,51.0
2022-10-08 01:00:00,1,1.3,36.3,110.4,21.0,-0.0037073170731707,0.0,0.0,24.0,285.9,34.0,34.0,29.0,29.0,28.0,52.0
2022-10-08 01:10:00,1,0.9,78.6,152.7,21.0,-0.0037560975609756,0.0,0.0,24.0,285.9,34.0,33.0,29.0,29.0,28.0,52.0
2022-10-08 01:20:00,1,1.2,25.9,100.0,21.0,-0.0036585365853658,0.0,0.0,24.0,285.9,34.0,33.0,29.0,29.0,28.0,52.0
2022-10-08 01:30:00,1,1.3,52.3,126.5,21.0,-0.0037073170731707,0.0,0.0,24.0,285.9,34.0,33.0,29.0,29.0,28.0,52.0
2022-10-08 01:40:00,1,0.9,9.1,83.2,21.0,-0.0037073170731707,0.0,0.0,24.0,285.9,33.0,33.0,29.0,29.0,28.0,52.0
2022-10-08 01:50:00,1,0.8,61.5,135.7,21.0,-0.0037560975609756,0.0,0.0,24.0,285.9,33.0,33.0,28.0,28.0,28.0,52.0
2022-10-08 02:00:00,1,0.8,235.5,-50.3,21.0,-0.0037073170731707,0.0,0.0,24.0,285.9,33.0,33.0,28.0,28.0,28.0,52.0
2022-10-08 02:10:00,1,1.1,270.4,-15.4,20.0,-0.0037073170731707,0.0,0.0,24.0,285.9,33.0,32.0,28.0,28.0,27.0,52.0
2022-10-08 02:20:00,1,0.9,285.8,-0.1,21.0,-0.0037073170731707,0.0,0.0,24.0,285.9,33.0,32.0,28.0,28.0,27.0,52.0
2022-10-08 02:30:00,1,1.1,257.4,-28.5,20.0,-0.0037073170731707,0.0,0.0,24.0,285.9,32.0,32.0,28.0,28.0,27.0,52.0
2022-10-08 02:40:00,1,1.1,291.5,5.6,20.0,-0.0037073170731707,0.0,1.2,24.0,285.9,32.0,32.0,28.0,27.0,27.0,52.0
2022-10-08 02:50:00,1,1.7000000000000002,313.1,27.2,20.0,-0.0037073170731707,0.0,62.0,24.0,285.9,34.0,32.0,28.0,27.0,27.0,51.0
2022-10-08 03:00:00,1,1.6,312.9,27.0,20.0,-0.0037073170731707,0.0,55.2,24.0,285.9,35.0,32.0,28.0,27.0,27.0,52.0
2022-10-08 03:10:00,1,1.3,331.0,45.2,20.0,-0.0037560975609756,0.0,8.6,24.0,285.9,36.0,32.0,28.0,27.0,27.0,52.0
2022-10-08 03:20:00,1,1.3,357.1,71.2,20.0,-0.0037073170731707,0.0,0.0,24.0,285.9,35.0,32.0,28.0,27.0,27.0,52.0
2022-10-08 03:30:00,1,1.8,353.8,68.0,21.0,-0.0029756097560975,0.0,0.0,24.0,285.9,33.0,32.0,28.0,27.0,27.0,52.0
2022-10-08 03:40:00,1,1.6,345.3,59.4,20.0,-0.0021463414634146,0.0,0.0,24.0,285.9,33.0,32.0,28.0,27.0,28.0,52.0
2022-10-08 03:50:00,1,1.6,91.1,165.2,19.0,-0.0023414634146341,0.0,6.3,24.0,285.9,33.0,32.0,28.0,26.0,29.0,52.0
2022-10-08 04:00:00,1,1.3,100.5,174.6,19.0,-0.0029268292682926,0.0,8.8,24.0,285.9,34.0,32.0,28.0,26.0,28.0,52.0
2022-10-08 04:10:00,1,1.5,83.8,157.9,19.0,-0.0029756097560975,0.0,1.9,24.0,285.9,33.0,32.0,28.0,26.0,28.0,52.0
2022-10-08 04:20:00,1,2.1,60.0,134.1,19.0,-0.0029268292682926,0.0,40.0,24.0,285.9,33.0,32.0,28.0,26.0,28.0,53.0
2022-10-08 04:30:00,1,2.4,103.9,177.8,19.0,-0.0041463414634146,0.0,95.7,24.0,286.1,35.0,32.0,28.0,26.0,28.0,53.0
2022-10-08 04:40:00,1,1.8,64.6,-26.7,19.0,-0.0030731707317073,0.0,114.6,24.0,91.3,35.0,32.0,28.0,26.0,28.0,53.0
2022-10-08 04:50:00,1,1.6,60.9,-30.4,19.0,-0.0030243902439024,0.0,100.6,24.0,91.3,35.0,33.0,28.0,26.0,28.0,53.0
2022-10-08 05:00:00,1,1.6,82.1,-9.2,19.0,-0.0029756097560975,0.0,86.1,24.0,91.3,35.0,33.0,28.0,26.0,28.0,53.0
2022-10-08 05:10:00,1,0.9,75.9,-15.4,20.0,-0.0030243902439024,0.0,9.1,24.0,91.3,35.0,33.0,28.0,26.0,28.0,53.0
2022-10-08 05:20:00,1,1.0,2.1,-89.2,20.0,-0.0029756097560975,0.0,0.0,24.0,91.3,35.0,33.0,28.0,26.0,28.0,53.0
2022-10-08 05:30:00,1,0.8,111.7,20.4,20.0,-0.0029268292682926,0.0,0.0,24.0,91.3,34.0,32.0,27.0,26.0,28.0,53.0
2022-10-08 05:40:00,1,0.8,55.4,-35.9,19.0,-0.0030243902439024,0.0,0.0,24.0,91.3,33.0,32.0,27.0,26.0,28.0,53.0
2022-10-08 05:50:00,1,0.8,107.3,16.0,19.0,-0.0034146341463414,0.0,0.0,24.0,91.3,33.0,32.0,27.0,26.0,28.0,49.0
2022-10-08 06:00:00,1,0.8,227.6,136.2,20.0,-0.0032195121951219,0.0,0.0,24.0,91.3,33.0,32.0,27.0,26.0,28.0,40.0
2022-10-08 06:10:00,1,1.0,96.7,5.4,20.0,-0.0029268292682926,0.0,0.0,24.0,91.3,33.0,31.0,27.0,26.0,28.0,40.0
2022-10-08 06:20:00,1,1.1,340.5,-110.8,20.0,-0.0029268292682926,0.0,0.0,24.0,91.3,32.0,31.0,27.0,26.0,28.0,41.0
2022-10-08 06:30:00,1,0.7000000000000001,298.6,-152.8,19.0,-0.0029268292682926,0.0,0.0,24.0,91.3,32.0,31.0,27.0,26.0,28.0,43.0
2022-10-08 06:40:00,1,1.1,200.9,109.6,19.0,-0.0029268292682926,0.0,0.0,24.0,91.3,32.0,31.0,27.0,25.0,27.0,44.0
2022-10-08 06:50:00,1,1.3,332.9,-118.3,20.0,-0.0029268292682926,0.0,0.0,24.0,91.3,32.0,31.0,27.0,25.0,27.0,45.0
2022-10-08 07:00:00,1,1.2,314.8,-136.6,20.0,-0.0029268292682926,0.0,0.0,24.0,91.3,32.0,31.0,27.0,25.0,27.0,45.0
2022-10-08 07:10:00,1,1.5,33.9,-57.4,20.0,-0.0029268292682926,0.0,0.0,24.0,91.3,32.0,31.0,27.0,25.0,27.0,46.0
2022-10-08 07:20:00,1,1.5,92.9,1.6,20.0,-0.0029756097560975,0.0,0.0,24.0,91.3,31.0,30.0,27.0,25.0,27.0,47.0
2022-10-08 07:30:00,1,1.5,4.6,-86.7,20.0,-0.0029268292682926,0.0,0.0,24.0,91.3,31.0,30.0,27.0,25.0,27.0,47.0
2022-10-08 07:40:00,1,1.5,40.0,-51.3,20.0,-0.0029268292682926,0.0,0.0,24.0,91.3,31.0,30.0,27.0,25.0,27.0,48.0
2022-10-08 07:50:00,1,1.5,40.0,-51.3,19.0,-0.0029268292682926,0.0,0.0,24.0,91.3,31.0,30.0,26.0,25.0,27.0,48.0
2022-10-08 08:00:00,1,1.4,298.9,-152.4,19.0,-0.0029268292682926,0.0,0.0,24.0,91.3,31.0,30.0,26.0,25.0,27.0,48.0
2022-10-08 08:10:00,1,1.5,263.1,171.8,19.0,-0.0029268292682926,0.0,0.0,24.0,91.3,31.0,30.0,26.0,25.0,27.0,48.0
2022-10-08 08:20:00,1,1.4,302.9,-148.4,19.0,-0.0029268292682926,0.0,0.0,24.0,91.3,31.0,30.0,26.0,25.0,27.0,49.0
2022-10-08 08:30:00,1,1.6,14.8,-76.5,19.0,-0.0028780487804878,0.0,1.3,24.0,91.3,30.0,30.0,26.0,25.0,27.0,49.0
2022-10-08 08:40:00,1,1.5,1.0,-90.3,19.0,-0.0029268292682926,0.0,0.0,24.0,91.3,30.0,29.0,26.0,24.0,27.0,49.0
2022-10-08 08:50:00,1,1.7000000000000002,339.1,-112.2,19.0,-0.0029268292682926,0.0,5.2,24.0,91.3,30.0,29.0,26.0,24.0,27.0,50.0
2022-10-08 09:00:00,1,1.9,326.4,-124.9,19.0,-0.0029268292682926,0.0,32.8,24.0,91.3,31.0,29.0,26.0,24.0,27.0,50.0
2022-10-08 09:10:00,1,1.8,342.0,-109.3,20.0,-0.0029756097560975,0.0,19.5,24.0,91.3,32.0,29.0,26.0,24.0,27.0,50.0
2022-10-08 09:20:00,1,1.8,353.6,-97.7,20.0,-0.0029268292682926,0.0,22.5,24.0,91.3,32.0,29.0,26.0,24.0,27.0,50.0
2022-10-08 09:30:00,1,1.5,230.1,138.7,20.0,-0.0029268292682926,0.0,0.0,24.0,91.3,32.0,29.0,26.0,24.0,27.0,50.0
2022-10-08 09:40:00,1,1.4,348.0,-103.3,21.0,-0.0027317073170731,0.0,0.0,24.0,91.3,31.0,29.0,26.0,24.0,27.0,51.0
2022-10-08 09:50:00,1,1.0,316.4,-134.9,21.0,-0.0021463414634146,0.0,0.0,24.0,91.3,30.0,29.0,26.0,24.0,28.0,51.0
2022-10-08 10:00:00,1,0.6000000000000001,11.9,-79.4,21.0,-0.0021463414634146,0.0,0.0,24.0,91.3,30.0,29.0,26.0,24.0,28.0,51.0
2022-10-08 10:10:00,1,0.6000000000000001,342.9,-108.4,22.0,-0.0022439024390243,0.0,0.0,24.0,91.3,30.0,29.0,26.0,24.0,29.0,51.0
2022-10-08 10:20:00,1,0.9,141.3,50.0,21.0,-0.0021463414634146,0.0,0.0,24.0,91.3,30.0,29.0,26.0,24.0,29.0,52.0
2022-10-08 10:30:00,1,1.8,350.8,-100.5,21.0,-0.0021463414634146,0.0,0.0,24.0,91.3,30.0,29.0,26.0,24.0,29.0,52.0
2022-10-08 10:40:00,1,1.6,351.2,-100.1,21.0,-0.0021951219512195,0.0,0.0,24.0,91.3,30.0,29.0,26.0,24.0,30.0,53.0
2022-10-08 10:50:00,1,2.0,340.4,-110.9,22.0,-0.0025853658536585,0.0,23.6,24.0,91.3,30.0,29.0,26.0,24.0,30.0,49.0
2022-10-08 11:00:00,1,1.6,331.7,-119.6,23.0,-0.0024878048780487,0.0,13.7,24.0,91.3,31.0,30.0,26.0,24.0,31.0,43.0
2022-10-08 11:10:00,1,2.0,332.8,-118.5,23.0,-0.0022439024390243,0.0,16.9,24.0,91.3,31.0,30.0,26.0,24.0,31.0,43.0
2022-10-08 11:20:00,1,2.1,332.5,-118.8,23.0,-0.0021463414634146,0.0,25.8,24.0,91.3,32.0,30.0,26.0,25.0,31.0,45.0
2022-10-08 11:30:00,1,1.8,338.5,-112.7,24.0,-0.0021951219512195,0.0,20.4,24.0,91.3,32.0,30.0,27.0,25.0,31.0,46.0
2022-10-08 11:40:00,1,1.9,281.4,-169.8,24.0,-0.0022439024390243,0.0,12.8,24.0,91.3,32.0,30.0,27.0,25.0,31.0,47.0
2022-10-08 11:50:00,1,1.9,25.6,-65.7,25.0,-0.0022439024390243,0.0,16.5,24.0,91.3,32.0,31.0,27.0,25.0,32.0,48.0
2022-10-08 12:00:00,1,1.9,297.5,-153.8,26.0,-0.0022926829268292,0.0,39.3,24.0,91.3,32.0,31.0,27.0,25.0,32.0,49.0
2022-10-08 12:10:00,1,1.9,308.7,-142.6,26.0,-0.0022439024390243,0.0,48.8,24.0,91.3,32.0,31.0,27.0,25.0,32.0,50.0
2022-10-08 12:20:00,1,2.1,354.6,-96.7,27.0,-0.0023414634146341,0.0,66.8,24.0,91.3,33.0,31.0,27.0,25.0,32.0,51.0
2022-10-08 12:30:00,1,2.2,14.4,-76.9,27.0,-0.0024878048780487,0.0,71.9,24.0,91.3,33.0,32.0,27.0,26.0,33.0,52.0
2022-10-08 12:40:00,1,2.0,290.6,-160.4,26.0,-0.0036097560975609,0.0,78.7,24.0,91.0,33.0,32.0,27.0,26.0,33.0,52.0
2022-10-08 12:50:00,1,2.5,203.2,-88.6,26.0,-0.003170731707317,1.2,185.2,24.0,291.8,33.0,33.0,28.0,26.0,33.0,50.0
2022-10-08 13:00:00,1,2.7,203.8,-70.4,27.0,-0.0030243902439024,1.7000000000000002,209.7,24.0,274.3,33.0,34.0,28.0,27.0,34.0,44.0
2022-10-08 13:10:00,1,2.9,275.0,16.4,26.0,0.0011219512195121,5.1,605.5,14.5,258.6,34.0,35.0,29.0,27.0,34.0,45.0
2022-10-08 13:20:00,1,3.4,272.8,-8.5,26.0,0.0059512195121951,8.6,974.8,6.7,281.3,35.0,40.0,31.0,30.0,34.0,47.0
2022-10-08 13:30:00,1,3.0,322.4,18.4,27.0,-0.0022439024390243,6.8,767.9,11.0,304.0,36.0,42.0,33.0,31.0,35.0,47.0
2022-10-08 13:40:00,1,3.5,260.2,-20.1,27.0,0.0034146341463414,7.2,816.6,10.5,280.2,36.0,42.0,34.0,33.0,35.0,48.0
2022-10-08 13:50:00,1,2.9,264.2,-7.9,27.0,-0.0037073170731707,4.6,520.7,17.8,272.2,37.0,43.0,36.0,37.0,35.0,49.0
2022-10-08 14:00:00,1,3.7,262.0,-9.5,27.0,0.0160975609756097,10.8,1223.6,0.1,271.5,37.0,44.0,37.0,40.0,36.0,50.0
2022-10-08 14:10:00,1,3.5,296.2,31.3,27.0,0.0021463414634146,6.9,785.4,11.6,264.8,38.0,45.0,39.0,47.0,36.0,50.0
2022-10-08 14:20:00,1,3.7,281.1,11.0,27.0,0.0150731707317073,11.0,1245.3,0.3,270.1,39.0,46.0,41.0,48.0,36.0,51.0
2022-10-08 14:30:00,1,3.6,294.9,19.9,27.0,0.0105365853658536,11.0,1248.9,0.5,275.0,40.0,47.0,43.0,52.0,35.0,51.0
2022-10-08 14:40:00,1,3.1,307.8,28.6,28.0,-0.0040487804878048,5.5,628.5,14.7,279.2,40.0,46.0,44.0,52.0,35.0,52.0
2022-10-08 14:50:00,1,3.9,307.4,26.1,28.0,0.0232195121951219,11.0,1250.4,0.2,281.3,40.0,47.0,45.0,53.0,35.0,52.0
2022-10-08 15:00:00,1,4.1,268.5,-6.5,27.0,0.0310731707317073,11.1,1251.6,-0.2,275.0,41.0,48.0,46.0,56.0,35.0,52.0
2022-10-08 15:10:00,1,3.7,284.8,-0.4,27.0,0.0157073170731707,11.0,1244.7,0.4,285.2,42.0,48.0,48.0,58.0,35.0,52.0
2022-10-08 15:20:00,1,4.1,266.9,-18.2,27.0,0.0356585365853658,11.0,1250.2,-0.2,285.1,42.0,48.0,48.0,59.0,35.0,52.0
2022-10-08 15:30:00,1,3.9,271.8,-3.1,27.0,0.0197073170731707,10.4,1175.6,2.4,275.0,42.0,48.0,49.0,60.0,35.0,52.0
2022-10-08 15:40:00,1,4.6,268.7,-7.6,26.0,0.0555121951219512,11.1,1259.0,-0.8,276.4,43.0,49.0,49.0,60.0,35.0,52.0
2022-10-08 15:50:00,1,4.2,261.6,4.1,26.0,0.0512195121951219,11.1,1251.8,-0.3,257.5,43.0,49.0,49.0,61.0,35.0,52.0
2022-10-08 16:00:00,1,4.9,278.5,7.7,26.0,0.0780975609756097,11.2,1266.3,-1.0,270.8,44.0,50.0,50.0,62.0,35.0,52.0
2022-10-08 16:10:00,1,4.6,264.8,-13.0,26.0,0.0649268292682926,11.1,1258.0,-0.7000000000000001,277.8,44.0,50.0,51.0,62.0,35.0,52.0
2022-10-08 16:20:00,1,4.7,281.4,3.6,26.0,0.0600975609756097,11.1,1252.2,-0.8,277.8,44.0,50.0,51.0,63.0,35.0,52.0
2022-10-08 16:30:00,1,4.3,278.1,-0.7000000000000001,26.0,0.0478048780487804,11.1,1252.0,-0.5,278.8,44.0,50.0,51.0,63.0,35.0,52.0
2022-10-08 16:40:00,1,4.9,290.4,18.5,26.0,0.0766341463414634,11.1,1262.0,-1.0,271.8,45.0,50.0,51.0,63.0,35.0,52.0
2022-10-08 16:50:00,1,4.8,272.1,-8.1,26.0,0.0743414634146341,11.1,1261.7,-0.9,280.2,45.0,51.0,51.0,64.0,35.0,52.0
2022-10-08 17:00:00,1,4.5,281.0,6.7,26.0,0.0659024390243902,11.2,1273.6,-0.5,274.3,45.0,51.0,51.0,64.0,35.0,51.0
2022-10-08 17:10:00,1,4.5,304.7,18.8,26.0,0.0618536585365853,11.2,1263.8,-0.6000000000000001,285.9,45.0,50.0,51.0,64.0,35.0,51.0
2022-10-08 17:20:00,1,4.4,281.0,-4.8,26.0,0.0590243902439024,11.1,1254.1,-0.6000000000000001,285.9,45.0,50.0,51.0,64.0,35.0,51.0
2022-10-08 17:30:00,1,4.7,270.7,-12.7,26.0,0.072780487804878,11.2,1264.7,-0.7000000000000001,283.4,46.0,51.0,51.0,64.0,35.0,51.0
2022-10-08 17:40:00,1,5.0,302.5,18.4,26.0,0.0795121951219512,11.1,1261.9,-1.1,284.1,46.0,51.0,51.0,64.0,35.0,51.0
2022-10-08 17:50:00,1,5.0,268.0,-8.0,26.0,0.0813658536585365,11.2,1265.7,-1.1,276.0,46.0,51.0,51.0,64.0,35.0,51.0
2022-10-08 18:00:00,1,4.8,273.6,-9.4,26.0,0.0761463414634146,11.1,1256.4,-1.0,283.0,46.0,51.0,52.0,64.0,35.0,51.0
2022-10-08 18:10:00,1,4.1,273.7,-0.9,26.0,0.0433658536585365,11.1,1254.5,-0.1,274.7,46.0,50.0,52.0,64.0,35.0,51.0
2022-10-08 18:20:00,1,4.9,288.7,-6.6,26.0,0.0733658536585366,11.1,1257.5,-1.0,295.3,46.0,51.0,52.0,64.0,35.0,51.0
2022-10-08 18:30:00,1,4.9,277.3,-18.0,26.0,0.0674146341463414,11.1,1261.1,-1.1,295.3,46.0,51.0,51.0,64.0,35.0,51.0
2022-10-08 18:40:00,1,4.0,286.2,-0.4,26.0,0.0337560975609756,11.0,1249.2,-0.2,286.6,46.0,50.0,51.0,64.0,35.0,51.0
2022-10-08 18:50:00,1,4.4,289.9,4.3,26.0,0.0522439024390243,11.0,1251.3,-0.6000000000000001,285.5,46.0,50.0,51.0,63.0,35.0,51.0
2022-10-08 19:00:00,1,4.1,274.8,-19.5,26.0,0.0293658536585365,11.0,1249.0,-0.3,294.3,46.0,49.0,50.0,63.0,35.0,51.0
2022-10-08 19:10:00,1,3.1,308.5,12.5,26.0,-0.0048780487804878,5.2,592.4,33.3,296.0,45.0,48.0,49.0,62.0,35.0,51.0
2022-10-08 19:20:00,1,2.9,291.3,11.4,25.0,-0.008390243902439,2.2,247.3,24.0,279.9,45.0,46.0,46.0,58.0,35.0,50.0
2022-10-08 19:30:00,1,2.8,270.2,-6.5,25.0,-0.0082926829268292,2.1,238.3,24.0,276.7,44.0,43.0,44.0,54.0,35.0,51.0
2022-10-08 19:40:00,1,3.1,276.2,-0.4,24.0,-0.0083414634146341,2.3,256.3,24.0,276.7,44.0,42.0,42.0,51.0,34.0,51.0
2022-10-08 19:50:00,1,3.2,260.7,0.4,24.0,-0.0084390243902439,2.4,276.7,24.0,260.3,43.0,41.0,40.0,49.0,34.0,51.0
2022-10-08 20:00:00,1,3.1,254.3,-13.7,23.0,-0.0070731707317073,2.4,266.7,24.0,268.0,43.0,41.0,39.0,46.0,33.0,51.0
2022-10-08 20:10:00,1,2.9,272.0,4.0,23.0,-0.0061951219512195,2.1,233.9,24.0,268.0,43.0,41.0,38.0,44.0,33.0,51.0
2022-10-08 20:20:00,1,3.3,285.1,-2.9,22.0,-0.0061951219512195,2.3,262.1,24.0,287.9,42.0,41.0,37.0,42.0,33.0,51.0
2022-10-08 20:30:00,1,4.1,294.6,19.9,22.0,0.0190243902439024,7.3,828.8,9.6,274.6,43.0,42.0,36.0,43.0,32.0,51.0
2022-10-08 20:40:00,1,3.4,272.7,-9.3,22.0,0.0040975609756097,9.0,1016.7,7.1,282.0,43.0,45.0,37.0,51.0,32.0,50.0
2022-10-08 20:50:00,1,3.4,268.4,-12.9,22.0,-0.0061951219512195,2.4,273.9,24.0,281.3,42.0,44.0,37.0,49.0,32.0,50.0
2022-10-08 21:00:00,1,2.7,272.5,-10.9,21.0,-0.0061463414634146,1.9,213.5,24.0,283.4,42.0,42.0,36.0,46.0,31.0,50.0
2022-10-08 21:10:00,1,2.3,260.8,-15.6,21.0,-0.0060975609756097,1.2,174.9,24.0,276.4,41.0,41.0,35.0,43.0,31.0,50.0
2022-10-08 21:20:00,1,2.0,263.1,-13.2,21.0,-0.0060975609756097,0.4,148.7,24.0,276.4,41.0,41.0,34.0,41.0,31.0,50.0
2022-10-08 21:30:00,1,2.3,301.9,25.5,21.0,-0.0060975609756097,0.9,169.6,24.0,276.4,41.0,40.0,34.0,39.0,31.0,50.0
2022-10-08 21:40:00,1,2.4,286.6,10.2,21.0,-0.0061463414634146,1.6,190.9,24.0,276.4,41.0,40.0,33.0,37.0,30.0,50.0
2022-10-08 21:50:00,1,3.0,281.4,5.0,21.0,-0.0061951219512195,2.1,244.0,24.0,276.4,41.0,40.0,32.0,36.0,30.0,50.0
2022-10-08 22:00:00,1,3.1,307.0,13.8,22.0,-0.0053170731707317,2.3,264.8,24.0,293.2,40.0,40.0,32.0,35.0,30.0,50.0
2022-10-08 22:10:00,1,3.0,298.6,5.4,21.0,-0.0054146341463414,2.2,249.1,24.0,293.2,41.0,40.0,31.0,34.0,29.0,50.0
2022-10-08 22:20:00,1,3.1,277.7,-9.2,21.0,-0.004780487804878,2.3,259.6,24.0,286.9,40.0,40.0,31.0,33.0,29.0,50.0
2022-10-08 22:30:00,1,3.0,280.8,-6.1,21.0,-0.0041463414634146,2.3,259.1,24.0,286.9,40.0,40.0,31.0,32.0,30.0,50.0
2022-10-08 22:40:00,1,3.2,285.5,-1.4,21.0,-0.0041463414634146,2.5,280.1,24.0,286.9,40.0,40.0,31.0,32.0,30.0,50.0
2022-10-08 22:50:00,1,3.1,266.0,-20.9,21.0,-0.0041951219512195,2.3,258.8,24.0,286.9,40.0,40.0,31.0,31.0,30.0,50.0
2022-10-08 23:00:00,1,2.7,271.4,-1.1,21.0,-0.0041951219512195,2.0,221.3,24.0,272.5,40.0,40.0,31.0,31.0,30.0,51.0
2022-10-08 23:10:00,1,2.6,287.7,23.2,21.0,-0.0041951219512195,1.8,207.2,24.0,264.5,40.0,39.0,31.0,31.0,30.0,51.0
2022-10-08 23:20:00,1,2.4,255.0,-9.4,21.0,-0.004,1.2,180.3,24.0,264.5,40.0,39.0,30.0,31.0,30.0,51.0
2022-10-08 23:30:00,1,2.1,256.6,-7.9,21.0,-0.0039512195121951,0.7000000000000001,166.6,24.0,264.5,40.0,39.0,30.0,31.0,30.0,51.0
2022-10-08 23:40:00,1,1.8,277.8,13.3,21.0,-0.0039512195121951,0.0,125.1,24.0,264.5,40.0,39.0,30.0,30.0,29.0,51.0
2022-10-08 23:50:00,1,2.1,245.7,-18.7,21.0,-0.004,0.0,134.2,24.0,264.5,39.0,39.0,30.0,30.0,29.0,51.0
2022-10-09 00:00:00,1,1.8,236.4,-28.0,21.0,-0.0038536585365853,0.0,139.9,24.0,264.5,39.0,38.0,30.0,30.0,29.0,51.0
2022-10-09 00:10:00,1,1.7000000000000002,263.3,-1.2,21.0,-0.0038536585365853,0.0,96.2,24.0,264.5,39.0,38.0,30.0,30.0,29.0,51.0
2022-10-09 00:20:00,1,2.7,208.9,-55.5,21.0,-0.0042439024390243,0.6000000000000001,152.0,24.0,264.4,39.0,38.0,30.0,30.0,29.0,51.0
2022-10-09 00:30:00,1,2.9,217.0,-8.2,21.0,-0.0039512195121951,2.2,244.6,24.0,225.2,39.0,38.0,30.0,30.0,29.0,51.0
2022-10-09 00:40:00,1,3.1,233.1,15.6,21.0,-0.0040487804878048,2.3,255.3,24.0,217.5,39.0,38.0,30.0,29.0,29.0,52.0
2022-10-09 00:50:00,1,2.9,214.1,-4.8,20.0,-0.0038048780487804,2.3,262.9,24.0,218.9,39.0,38.0,29.0,29.0,28.0,52.0
2022-10-09 01:00:00,1,2.8,231.0,12.1,20.0,-0.004,2.3,265.4,24.0,218.9,39.0,38.0,29.0,29.0,28.0,52.0
2022-10-09 01:10:00,1,2.6,207.9,-5.0,20.0,-0.0038536585365853,1.9,213.6,24.0,213.0,39.0,38.0,29.0,29.0,28.0,52.0
2022-10-09 01:20:00,1,2.4,206.6,-9.2,20.0,-0.0038536585365853,1.3,174.3,24.0,215.8,38.0,38.0,29.0,29.0,28.0,52.0
2022-10-09 01:30:00,1,2.6,184.6,-31.1,20.0,-0.0038536585365853,0.8,168.0,24.0,215.8,38.0,38.0,29.0,29.0,28.0,52.0
2022-10-09 01:40:00,1,2.6,193.6,-22.2,20.0,-0.0039024390243902,0.9,170.4,24.0,215.8,38.0,38.0,29.0,29.0,28.0,52.0
2022-10-09 01:50:00,1,2.6,189.3,-26.4,20.0,-0.004,1.1,174.8,24.0,215.7,38.0,37.0,29.0,29.0,28.0,51.0
2022-10-09 02:00:00,1,3.0,196.9,-4.8,20.0,-0.0040487804878048,2.2,254.9,24.0,201.7,38.0,37.0,29.0,28.0,28.0,51.0
2022-10-09 02:10:00,1,3.6,189.2,-12.8,20.0,-0.0015121951219512,5.0,565.6,16.5,202.1,38.0,38.0,29.0,29.0,28.0,51.0
2022-10-09 02:20:00,1,3.6,196.3,-5.8,20.0,-0.0018536585365853,8.0,901.7,9.0,202.1,39.0,42.0,29.0,39.0,28.0,51.0
2022-10-09 02:30:00,1,3.5,197.8,-4.3,20.0,0.0053170731707317,11.0,1239.9,1.3,202.1,40.0,44.0,30.0,45.0,28.0,50.0
2022-10-09 02:40:00,1,3.3,207.3,4.9,20.0,-0.0022926829268292,6.6,747.2,13.1,202.4,40.0,44.0,32.0,48.0,28.0,50.0
2022-10-09 02:50:00,1,3.1,211.3,8.8,20.0,-0.0038536585365853,2.4,266.9,24.0,202.4,39.0,43.0,33.0,46.0,29.0,50.0
2022-10-09 03:00:00,1,2.5,200.0,-2.5,20.0,-0.0038536585365853,1.6,206.2,24.0,202.4,39.0,41.0,33.0,42.0,28.0,50.0
2022-10-09 03:10:00,1,2.3,166.4,-36.0,19.0,-0.0038536585365853,1.3,190.5,24.0,202.4,39.0,40.0,32.0,40.0,28.0,50.0
2022-10-09 03:20:00,1,2.8,219.8,17.3,20.0,-0.004,2.1,242.2,24.0,202.5,38.0,39.0,32.0,38.0,28.0,50.0
2022-10-09 03:30:00,1,3.3,215.2,-9.3,20.0,-0.0025365853658536,5.3,601.4,15.6,224.5,38.0,40.0,32.0,37.0,28.0,50.0
2022-10-09 03:40:00,1,3.2,221.1,3.9,20.0,-0.0041463414634146,4.9,554.4,18.4,217.2,39.0,42.0,32.0,42.0,28.0,50.0
2022-10-09 03:50:00,1,3.6,206.6,-10.5,20.0,0.0051219512195121,9.7,1098.6,3.6,217.2,40.0,43.0,33.0,44.0,28.0,49.0
2022-10-09 04:00:00,1,4.3,210.8,-4.6,20.0,0.036390243902439,11.1,1251.9,-0.5,215.4,41.0,46.0,36.0,51.0,28.0,49.0
2022-10-09 04:10:00,1,4.6,239.6,24.2,20.0,0.0614146341463414,11.1,1254.0,-0.8,215.4,42.0,48.0,38.0,55.0,29.0,49.0
2022-10-09 04:20:00,1,4.4,221.8,6.4,20.0,0.0628780487804878,11.1,1252.7,-0.6000000000000001,215.4,42.0,49.0,39.0,57.0,29.0,49.0
2022-10-09 04:30:00,1,3.3,207.7,-7.7,20.0,0.0089268292682926,9.5,1076.3,5.6,215.4,42.0,47.0,40.0,58.0,29.0,49.0
2022-10-09 04:40:00,1,2.8,218.6,3.2,20.0,-0.0054146341463414,2.1,238.3,24.0,215.4,41.0,44.0,39.0,54.0,28.0,49.0
2022-10-09 04:50:00,1,2.4,254.3,48.4,20.0,-0.0053658536585365,1.7000000000000002,195.1,24.0,205.9,41.0,42.0,37.0,49.0,28.0,49.0
2022-10-09 05:00:00,1,2.9,182.2,-23.8,20.0,-0.0053170731707317,2.1,235.0,24.0,205.9,40.0,41.0,36.0,46.0,28.0,49.0
2022-10-09 05:10:00,1,3.0,201.1,-4.8,20.0,-0.0053658536585365,2.2,254.6,23.3,205.9,40.0,41.0,35.0,43.0,28.0,49.0
2022-10-09 05:20:00,1,3.2,199.1,-6.8,20.0,-0.0055121951219512,8.0,908.5,9.8,205.9,41.0,42.0,34.0,45.0,28.0,49.0
2022-10-09 05:30:00,1,3.3,198.6,-7.4,20.0,-0.005170731707317,2.5,282.8,24.0,205.9,40.0,42.0,34.0,43.0,28.0,49.0
2022-10-09 05:40:00,1,3.5,187.3,-18.6,20.0,0.0150731707317073,10.5,1190.0,1.2,205.9,41.0,43.0,33.0,45.0,28.0,49.0
2022-10-09 05:50:00,1,3.2,210.2,4.2,20.0,0.0024878048780487,7.6,861.3,10.8,205.9,41.0,45.0,34.0,51.0,28.0,48.0
2022-10-09 06:00:00,1,3.3,215.4,9.4,20.0,-0.0054146341463414,2.5,278.9,24.0,205.9,40.0,43.0,34.0,47.0,28.0,48.0
2022-10-09 06:10:00,1,3.4,202.3,-2.2,20.0,0.001170731707317,5.8,655.6,13.9,204.6,40.0,42.0,33.0,44.0,28.0,48.0
2022-10-09 06:20:00,1,3.4,221.2,6.8,20.0,0.0024878048780487,8.2,931.1,9.6,214.4,41.0,44.0,33.0,48.0,28.0,48.0
2022-10-09 06:30:00,1,3.6,208.1,-9.8,20.0,0.0077073170731707,10.0,1138.1,3.5,217.9,41.0,45.0,33.0,51.0,28.0,48.0
2022-10-09 06:40:00,1,3.6,228.3,11.8,20.0,0.0150731707317073,11.0,1248.6,0.2,216.5,41.0,46.0,35.0,53.0,28.0,48.0
2022-10-09 06:50:00,1,3.3,186.3,-28.7,20.0,0.0095121951219512,11.0,1248.8,0.5,215.1,41.0,46.0,37.0,55.0,29.0,48.0
2022-10-09 07:00:00,1,2.9,200.3,-13.0,20.0,-0.0054634146341463,4.9,555.1,17.7,213.3,41.0,45.0,37.0,55.0,28.0,48.0
2022-10-09 07:10:00,1,2.9,207.2,-17.7,20.0,-0.0053658536585365,2.1,240.4,24.0,224.9,41.0,43.0,36.0,49.0,28.0,48.0
2022-10-09 07:20:00,1,3.2,232.3,7.4,20.0,-0.0053170731707317,2.3,265.9,24.0,224.9,40.0,42.0,35.0,46.0,28.0,48.0
2022-10-09 07:30:00,1,3.4,253.0,28.1,20.0,-0.0029268292682926,6.6,750.5,15.1,224.9,41.0,42.0,34.0,43.0,28.0,48.0
2022-10-09 07:40:00,1,3.0,231.3,3.0,20.0,-0.0054634146341463,2.2,249.4,24.0,228.3,40.0,42.0,34.0,41.0,28.0,48.0
2022-10-09 07:50:00,1,2.8,211.0,-0.9,20.0,-0.0054146341463414,2.1,242.5,24.0,211.9,40.0,41.0,33.0,39.0,28.0,48.0
2022-10-09 08:00:00,1,2.8,189.7,-30.3,20.0,-0.0054634146341463,2.1,240.7,24.0,220.0,40.0,40.0,32.0,37.0,28.0,48.0
2022-10-09 08:10:00,1,3.1,220.7,1.7000000000000002,20.0,-0.0055121951219512,2.2,250.4,24.0,218.9,40.0,40.0,32.0,36.0,28.0,48.0
2022-10-09 08:20:00,1,3.1,243.5,16.1,20.0,-0.0050731707317073,2.2,250.7,24.0,227.3,39.0,40.0,31.0,34.0,28.0,49.0
2022-10-09 08:30:00,1,2.7,224.5,-2.9,20.0,-0.004780487804878,1.8,209.0,24.0,227.4,39.0,39.0,30.0,33.0,28.0,49.0
2022-10-09 08:40:00,1,2.6,265.7,19.4,20.0,-0.004,1.8,203.7,24.0,246.3,39.0,39.0,30.0,32.0,29.0,49.0
2022-10-09 08:50:00,1,2.6,244.9,-11.8,20.0,-0.0038536585365853,1.8,200.2,24.0,256.8,39.0,39.0,30.0,32.0,29.0,49.0
2022-10-09 09:00:00,1,2.5,299.5,42.7,20.0,-0.004,1.6,202.8,24.0,256.8,39.0,38.0,30.0,31.0,28.0,49.0
2022-10-09 09:10:00,1,2.5,280.2,23.5,20.0,-0.0038536585365853,1.7000000000000002,198.3,24.0,256.8,39.0,38.0,30.0,31.0,28.0,49.0
2022-10-09 09:20:00,1,2.7,281.1,24.3,20.0,-0.0038536585365853,1.9,217.4,24.0,256.8,39.0,38.0,30.0,31.0,28.0,49.0
2022-10-09 09:30:00,1,3.0,251.5,-5.2,20.0,-0.004,2.2,245.4,24.0,256.8,39.0,38.0,30.0,30.0,28.0,50.0
2022-10-09 09:40:00,1,2.9,246.2,-25.6,20.0,-0.0040487804878048,2.1,243.0,24.0,271.8,39.0,38.0,30.0,30.0,28.0,50.0
2022-10-09 09:50:00,1,2.5,294.0,9.2,21.0,-0.0039024390243902,1.9,211.7,24.0,284.8,38.0,38.0,30.0,30.0,28.0,50.0
2022-10-09 10:00:00,1,2.4,301.6,16.8,20.0,-0.0039024390243902,1.8,201.5,24.0,284.8,38.0,38.0,29.0,30.0,28.0,50.0
2022-10-09 10:10:00,1,2.2,285.7,0.8,21.0,-0.0039024390243902,1.6,181.5,24.0,284.8,38.0,38.0,29.0,30.0,28.0,50.0
2022-10-09 10:20:00,1,2.4,264.3,-20.5,21.0,-0.0038536585365853,1.7000000000000002,205.2,24.0,284.8,38.0,37.0,29.0,29.0,28.0,50.0
2022-10-09 10:30:00,1,3.4,307.3,22.5,21.0,-0.000780487804878,7.7,874.8,9.1,284.8,38.0,39.0,29.0,30.0,28.0,50.0
2022-10-09 10:40:00,1,3.1,276.3,-11.3,21.0,-0.004,2.3,255.9,24.0,287.6,39.0,41.0,30.0,30.0,28.0,49.0
2022-10-09 10:50:00,1,2.8,273.9,-7.4,21.0,-0.004,1.9,219.7,24.0,281.3,38.0,40.0,30.0,30.0,28.0,50.0
2022-10-09 11:00:00,1,2.2,242.4,-24.9,22.0,-0.0023414634146341,0.7000000000000001,167.6,24.0,267.3,38.0,39.0,30.0,30.0,29.0,50.0
2022-10-09 11:10:00,1,3.2,215.8,-51.5,22.0,-0.002390243902439,4.6,547.6,15.7,267.2,38.0,39.0,30.0,30.0,30.0,50.0
2022-10-09 11:20:00,1,3.4,213.5,-24.6,22.0,0.0040975609756097,9.0,1019.0,7.2,238.2,40.0,43.0,31.0,36.0,31.0,50.0
2022-10-09 11:30:00,1,4.0,232.4,-4.4,23.0,0.0319512195121951,10.9,1235.8,-0.1,236.8,41.0,46.0,33.0,44.0,31.0,50.0
2022-10-09 11:40:00,1,4.5,233.7,13.4,22.0,0.0561463414634146,11.1,1253.0,-0.6000000000000001,220.3,42.0,48.0,36.0,51.0,31.0,50.0
2022-10-09 11:50:00,1,3.9,246.6,5.6,23.0,0.0265365853658536,11.0,1251.4,0.3,241.0,42.0,48.0,38.0,54.0,30.0,50.0
2022-10-09 12:00:00,1,3.9,236.4,-2.5,23.0,0.0176097560975609,11.0,1248.8,0.2,238.9,42.0,47.0,40.0,56.0,31.0,50.0
2022-10-09 12:10:00,1,4.6,230.1,-0.7000000000000001,23.0,0.0656585365853658,11.1,1259.1,-0.8,230.8,42.0,48.0,41.0,57.0,31.0,50.0
2022-10-09 12:20:00,1,5.4,220.3,-11.9,23.0,0.1154146341463414,11.5,1299.8,-1.3,232.2,43.0,50.0,42.0,58.0,31.0,50.0
2022-10-09 12:30:00,1,6.0,221.3,-18.3,22.0,0.1514634146341463,11.8,1341.8,-1.8,239.6,44.0,51.0,44.0,60.0,31.0,50.0
2022-10-09 12:40:00,1,6.2,236.4,4.9,22.0,0.1906341463414634,12.2,1384.0,-1.8,231.5,45.0,52.0,45.0,62.0,32.0,50.0
2022-10-09 12:50:00,1,6.1,241.9,10.3,22.0,0.1620487804878048,11.9,1350.5,-1.8,231.6,46.0,53.0,47.0,63.0,32.0,50.0
2022-10-09 13:00:00,1,5.8,244.8,-3.2,22.0,0.1440975609756097,11.8,1334.4,-1.6,248.0,46.0,52.0,48.0,64.0,32.0,50.0
2022-10-09 13:10:00,1,5.5,236.6,-13.2,23.0,0.120390243902439,11.5,1308.1,-1.4,249.7,46.0,52.0,48.0,64.0,32.0,50.0
2022-10-09 13:20:00,1,6.3,221.5,-24.4,23.0,0.1814634146341463,12.3,1398.5,-1.8,245.9,47.0,53.0,48.0,65.0,32.0,50.0
2022-10-09 13:30:00,1,5.7,217.5,-18.9,23.0,0.1445853658536585,11.8,1338.4,-1.5,236.4,47.0,53.0,48.0,65.0,32.0,50.0
2022-10-09 13:40:00,1,5.4,253.0,16.8,23.0,0.1163414634146341,11.4,1295.8,-1.4,236.1,47.0,53.0,48.0,65.0,32.0,50.0
2022-10-09 13:50:00,1,4.8,242.0,-3.2,23.0,0.074390243902439,11.3,1281.2,-0.7000000000000001,245.2,47.0,51.0,48.0,65.0,32.0,50.0
2022-10-09 14:00:00,1,5.6,272.8,16.4,23.0,0.1200975609756097,11.6,1318.4,-1.4,256.4,47.0,51.0,48.0,65.0,32.0,50.0
2022-10-09 14:10:00,1,5.4,251.3,-5.1,23.0,0.1160487804878048,11.6,1313.8,-1.3,256.4,47.0,52.0,48.0,65.0,33.0,50.0
2022-10-09 14:20:00,1,5.3,250.3,-10.7,23.0,0.1079024390243902,11.4,1293.0,-1.3,261.0,47.0,52.0,49.0,65.0,32.0,49.0
2022-10-09 14:30:00,1,5.4,295.5,38.7,23.0,0.1143414634146341,11.5,1304.0,-1.3,256.8,47.0,52.0,49.0,65.0,33.0,49.0
2022-10-09 14:40:00,1,4.7,265.1,-1.1,23.0,0.0616097560975609,11.3,1276.9,-0.6000000000000001,266.2,47.0,51.0,49.0,65.0,33.0,49.0
2022-10-09 14:50:00,1,4.8,283.2,21.8,23.0,0.0644390243902439,11.3,1285.8,-0.8,261.3,46.0,50.0,49.0,65.0,33.0,49.0
2022-10-09 15:00:00,1,4.6,252.8,-11.2,23.0,0.056780487804878,11.2,1271.3,-0.7000000000000001,264.1,46.0,50.0,48.0,64.0,33.0,49.0
2022-10-09 15:10:00,1,4.8,252.5,11.5,23.0,0.0762439024390244,11.2,1269.1,-0.9,241.0,46.0,50.0,48.0,64.0,33.0,49.0
2022-10-09 15:20:00,1,5.6,254.4,7.5,23.0,0.119170731707317,11.7,1324.5,-1.4,246.9,47.0,52.0,48.0,64.0,33.0,49.0
2022-10-09 15:30:00,1,5.0,235.0,-1.1,23.0,0.0979024390243902,11.4,1289.0,-1.0,236.1,47.0,52.0,49.0,65.0,33.0,49.0
2022-10-09 15:40:00,1,4.6,226.0,-29.7,23.0,0.0626341463414634,11.2,1272.3,-0.7000000000000001,255.7,47.0,51.0,49.0,64.0,33.0,49.0
2022-10-09 15:50:00,1,5.0,264.3,0.9,23.0,0.0706341463414634,11.2,1269.7,-1.1,263.4,46.0,50.0,49.0,64.0,33.0,49.0
2022-10-09 16:00:00,1,5.0,251.8,-3.6,23.0,0.0862926829268292,11.2,1272.7,-1.0,255.4,47.0,51.0,49.0,64.0,33.0,49.0
2022-10-09 16:10:00,1,4.8,261.7,5.3,23.0,0.086390243902439,11.3,1278.1,-0.9,256.4,47.0,51.0,49.0,64.0,33.0,49.0
2022-10-09 16:20:00,1,4.9,258.3,-9.0,23.0,0.0782439024390243,11.4,1287.5,-0.9,267.3,47.0,51.0,49.0,64.0,33.0,49.0
2022-10-09 16:30:00,1,5.3,241.0,-9.1,23.0,0.1122439024390243,11.4,1296.8,-1.3,250.1,47.0,51.0,48.0,64.0,33.0,49.0
2022-10-09 16:40:00,1,5.4,264.2,6.0,23.0,0.1131219512195122,11.5,1305.4,-1.3,258.2,47.0,52.0,48.0,64.0,33.0,49.0
2022-10-09 16:50:00,1,5.2,267.7,7.8,23.0,0.1000487804878048,11.4,1288.0,-1.2,259.9,47.0,52.0,48.0,64.0,33.0,49.0
2022-10-09 17:00:00,1,5.1,272.4,10.7,23.0,0.0865365853658536,11.3,1277.3,-1.1,261.7,47.0,51.0,48.0,64.0,33.0,49.0
2022-10-09 17:10:00,1,5.0,254.3,-5.0,22.0,0.0926341463414634,11.3,1280.7,-1.1,259.3,47.0,51.0,48.0,64.0,33.0,49.0
2022-10-09 17:20:00,1,5.2,306.6,27.7,22.0,0.1024390243902439,11.8,1336.2,-1.0,278.8,47.0,52.0,49.0,64.0,33.0,49.0
2022-10-09 17:30:00,1,5.7,304.7,29.7,22.0,0.1384390243902439,11.7,1320.3,-1.6,275.0,47.0,52.0,48.0,64.0,33.0,49.0
2022-10-09 17:40:00,1,4.9,284.4,9.8,22.0,0.0764390243902439,11.4,1286.5,-0.7000000000000001,274.6,47.0,51.0,49.0,64.0,33.0,49.0
2022-10-09 17:50:00,1,5.2,268.8,-4.4,22.0,0.0986341463414634,11.4,1289.9,-1.2,273.2,47.0,51.0,49.0,64.0,33.0,49.0
2022-10-09 18:00:00,1,4.6,271.2,3.2,22.0,0.0728780487804878,11.3,1277.0,-0.7000000000000001,268.0,47.0,51.0,49.0,64.0,33.0,49.0
2022-10-09 18:10:00,1,5.0,226.0,-50.4,22.0,0.082780487804878,11.3,1277.9,-1.0,276.4,47.0,51.0,50.0,63.0,33.0,49.0
2022-10-09 18:20:00,1,5.5,270.0,-22.8,22.0,0.1104878048780487,11.6,1318.1,-1.4,292.9,47.0,51.0,49.0,64.0,33.0,49.0
2022-10-09 18:30:00,1,5.2,262.1,-22.0,22.0,0.099170731707317,11.2,1274.0,-1.3,284.1,47.0,51.0,49.0,64.0,33.0,49.0
2022-10-09 18:40:00,1,4.8,290.8,10.5,21.0,0.0672682926829268,11.1,1256.8,-0.9,280.3,47.0,50.0,48.0,63.0,32.0,49.0
2022-10-09 18:50:00,1,4.4,303.3,5.2,21.0,0.0476585365853658,11.1,1255.7,-0.6000000000000001,298.1,46.0,50.0,48.0,63.0,32.0,49.0
2022-10-09 19:00:00,1,4.5,290.5,-1.7000000000000002,21.0,0.058390243902439,11.1,1261.8,-0.6000000000000001,292.2,46.0,49.0,48.0,62.0,32.0,49.0
2022-10-09 19:10:00,1,3.7,287.5,-10.3,21.0,0.0172682926829268,11.0,1248.5,0.4,297.8,45.0,48.0,47.0,62.0,32.0,49.0
2022-10-09 19:20:00,1,3.9,283.3,-21.5,21.0,0.0236097560975609,11.0,1250.0,0.3,304.8,45.0,48.0,47.0,61.0,32.0,49.0
2022-10-09 19:30:00,1,3.6,284.1,-4.2,21.0,0.0162926829268292,11.0,1248.7,0.6000000000000001,288.3,45.0,48.0,47.0,60.0,32.0,49.0
2022-10-09 19:40:00,1,3.2,304.2,16.5,21.0,-0.0062439024390243,3.9,454.3,39.6,287.7,44.0,46.0,45.0,58.0,32.0,49.0
2022-10-09 19:50:00,1,3.6,316.1,8.5,20.0,0.0040487804878048,9.8,1109.2,4.4,307.6,44.0,46.0,43.0,57.0,31.0,48.0
2022-10-09 20:00:00,1,4.0,283.5,-20.2,20.0,0.0328292682926829,11.0,1250.2,-0.1,303.7,44.0,46.0,43.0,57.0,31.0,48.0
2022-10-09 20:10:00,1,3.4,299.2,-4.5,20.0,0.0022439024390243,9.4,1064.7,5.3,303.7,43.0,46.0,42.0,58.0,31.0,48.0
2022-10-09 20:20:00,1,2.5,296.6,-7.2,20.0,-0.0070243902439024,4.2,491.1,22.3,303.7,43.0,44.0,42.0,57.0,31.0,48.0
2022-10-09 20:30:00,1,2.1,315.6,11.9,20.0,-0.007560975609756,0.2,153.6,24.0,303.7,42.0,43.0,39.0,53.0,30.0,48.0
2022-10-09 20:40:00,1,1.9,339.5,35.7,20.0,-0.0061463414634146,0.0,136.7,24.0,303.7,42.0,42.0,37.0,49.0,30.0,48.0
2022-10-09 20:50:00,1,1.6,319.9,16.2,20.0,-0.0052682926829268,0.0,99.3,24.0,303.7,41.0,41.0,36.0,46.0,30.0,48.0
2022-10-09 21:00:00,1,1.2,317.8,14.0,20.0,-0.005170731707317,0.0,55.6,24.0,303.7,41.0,40.0,35.0,44.0,29.0,48.0
2022-10-09 21:10:00,1,1.0,336.0,32.3,20.0,-0.005170731707317,0.0,4.5,24.0,303.7,40.0,40.0,34.0,41.0,29.0,49.0
2022-10-09 21:20:00,1,0.8,355.1,51.3,20.0,-0.0052195121951219,0.0,0.0,24.0,303.7,40.0,39.0,33.0,40.0,29.0,49.0
2022-10-09 21:30:00,1,1.3,336.1,32.3,20.0,-0.005170731707317,0.0,0.0,24.0,303.7,40.0,38.0,32.0,38.0,29.0,49.0
2022-10-09 21:40:00,1,1.1,334.1,30.4,20.0,-0.005170731707317,0.0,0.0,24.0,303.7,39.0,38.0,31.0,37.0,29.0,49.0
2022-10-09 21:50:00,1,1.3,270.9,-32.8,20.0,-0.0052195121951219,0.0,0.0,24.0,303.7,38.0,37.0,30.0,36.0,28.0,49.0
2022-10-09 22:00:00,1,1.2,278.3,-25.4,20.0,-0.005170731707317,0.0,0.0,24.0,303.7,38.0,37.0,30.0,35.0,28.0,49.0
2022-10-09 22:10:00,1,1.8,234.3,-69.4,20.0,-0.004780487804878,0.0,0.0,24.0,303.7,37.0,36.0,29.0,34.0,28.0,49.0
2022-10-09 22:20:00,1,2.5,232.4,-71.3,19.0,-0.0039024390243902,0.0,15.9,24.0,303.7,37.0,36.0,29.0,33.0,29.0,49.0
2022-10-09 22:30:00,1,2.6,229.0,-74.7,19.0,-0.004,0.1,106.1,24.0,303.7,38.0,36.0,29.0,32.0,29.0,49.0
2022-10-09 22:40:00,1,2.7,268.0,-3.8,19.0,-0.0041463414634146,1.9,218.6,24.0,271.8,40.0,36.0,29.0,32.0,29.0,49.0
2022-10-09 22:50:00,1,1.9,267.5,-7.5,19.0,-0.004,0.2,143.6,24.0,275.0,40.0,37.0,29.0,31.0,29.0,49.0
2022-10-09 23:00:00,1,1.7000000000000002,251.9,-23.1,19.0,-0.0037560975609756,0.0,96.2,24.0,275.0,40.0,37.0,29.0,31.0,28.0,50.0
2022-10-09 23:10:00,1,1.5,264.6,-10.4,19.0,-0.0037073170731707,0.0,91.8,24.0,275.0,40.0,37.0,29.0,31.0,28.0,50.0
2022-10-09 23:20:00,1,1.4,341.3,66.2,19.0,-0.0037560975609756,0.0,74.2,24.0,275.0,39.0,37.0,29.0,30.0,28.0,50.0
2022-10-09 23:30:00,1,1.8,318.3,43.3,19.0,-0.0037560975609756,0.0,106.7,24.0,275.0,39.0,37.0,29.0,30.0,28.0,50.0
2022-10-09 23:40:00,1,1.9,283.7,8.7,19.0,-0.0038048780487804,0.1,136.0,24.0,275.0,39.0,37.0,29.0,30.0,28.0,50.0
2022-10-09 23:50:00,1,1.7000000000000002,297.1,22.0,19.0,-0.0037073170731707,0.0,124.3,24.0,275.0,39.0,37.0,29.0,30.0,28.0,50.0
2022-10-10 00:00:00,1,1.8,287.3,12.3,19.0,-0.0037073170731707,0.0,129.5,24.0,275.0,39.0,37.0,29.0,30.0,27.0,50.0
2022-10-10 00:10:00,1,1.7000000000000002,323.0,48.0,19.0,-0.0036585365853658,0.0,66.8,24.0,275.0,38.0,36.0,29.0,29.0,27.0,50.0
2022-10-10 00:20:00,1,1.7000000000000002,311.9,36.8,19.0,-0.0037073170731707,0.0,51.0,24.0,275.0,38.0,36.0,29.0,29.0,27.0,50.0
2022-10-10 00:30:00,1,1.5,339.1,64.1,19.0,-0.0036585365853658,0.0,24.9,24.0,275.0,38.0,36.0,28.0,29.0,27.0,50.0
2022-10-10 00:40:00,1,1.3,318.6,43.6,19.0,-0.0037073170731707,0.0,33.5,24.0,275.0,38.0,36.0,28.0,29.0,27.0,51.0
2022-10-10 00:50:00,1,0.8,259.2,-15.8,19.0,-0.0037560975609756,0.0,14.3,24.0,275.0,37.0,35.0,28.0,28.0,27.0,51.0
2022-10-10 01:00:00,1,1.2,343.0,68.0,19.0,-0.0037073170731707,0.0,0.0,24.0,275.0,36.0,35.0,28.0,28.0,27.0,50.0
2022-10-10 01:10:00,1,0.8,348.0,73.0,19.0,-0.0037073170731707,0.0,0.0,24.0,275.0,36.0,35.0,28.0,28.0,26.0,51.0
2022-10-10 01:20:00,1,1.2,222.8,-52.2,19.0,-0.0037560975609756,0.0,0.0,24.0,275.0,35.0,34.0,28.0,28.0,26.0,50.0
2022-10-10 01:30:00,1,2.2,165.0,-110.0,19.0,-0.0037073170731707,0.0,0.0,24.0,275.0,35.0,34.0,28.0,27.0,26.0,50.0
2022-10-10 01:40:00,1,1.7000000000000002,155.5,-119.5,19.0,-0.0037073170731707,0.0,0.0,24.0,275.0,35.0,34.0,28.0,27.0,26.0,50.0
2022-10-10 01:50:00,1,1.4,158.6,-116.4,19.0,-0.0037073170731707,0.0,0.0,24.0,275.0,34.0,33.0,27.0,27.0,26.0,50.0
2022-10-10 02:00:00,1,1.4,126.0,-149.0,19.0,-0.0037073170731707,0.0,0.0,24.0,275.0,34.0,33.0,27.0,27.0,26.0,50.0
2022-10-10 02:10:00,1,2.1,180.1,-94.9,19.0,-0.0037073170731707,0.0,0.0,24.0,275.0,33.0,33.0,27.0,26.0,26.0,50.0
2022-10-10 02:20:00,1,2.1,116.0,-158.9,19.0,-0.0037073170731707,0.0,0.0,24.0,275.0,33.0,32.0,27.0,26.0,26.0,50.0
2022-10-10 02:30:00,1,1.7000000000000002,255.4,-19.6,19.0,-0.0037560975609756,0.0,0.0,24.0,275.0,33.0,32.0,27.0,26.0,26.0,50.0
2022-10-10 02:40:00,1,1.3,235.9,-39.1,19.0,-0.0037073170731707,0.0,0.0,24.0,275.0,33.0,32.0,27.0,26.0,26.0,50.0
2022-10-10 02:50:00,1,2.2,218.2,-56.8,18.0,-0.0037073170731707,0.0,0.0,24.0,275.0,32.0,32.0,27.0,26.0,26.0,50.0
2022-10-10 03:00:00,1,2.5,159.6,-115.4,19.0,-0.0037073170731707,0.0,0.0,24.0,275.0,32.0,31.0,27.0,26.0,26.0,50.0
2022-10-10 03:10:00,1,2.3,266.6,-8.4,19.0,-0.0037073170731707,0.0,0.0,24.0,275.0,32.0,31.0,27.0,25.0,26.0,50.0
2022-10-10 03:20:00,1,2.3,234.2,-40.8,18.0,-0.0037560975609756,0.0,36.3,24.0,275.0,33.0,31.0,27.0,25.0,26.0,50.0
2022-10-10 03:30:00,1,2.1,128.7,-146.3,18.0,-0.0036585365853658,0.0,38.0,24.0,275.0,34.0,31.0,26.0,25.0,25.0,50.0
2022-10-10 03:40:00,1,1.9,336.5,61.5,18.0,-0.0037073170731707,0.0,34.2,24.0,275.0,35.0,31.0,26.0,25.0,25.0,50.0
2022-10-10 03:50:00,1,2.3,41.0,126.0,17.0,-0.0037073170731707,0.0,27.5,24.0,275.0,34.0,31.0,26.0,25.0,25.0,50.0
2022-10-10 04:00:00,1,2.4,301.8,27.0,17.0,-0.0044390243902439,0.0,28.3,24.0,274.8,34.0,31.0,26.0,25.0,25.0,49.0
2022-10-10 04:10:00,1,2.0,149.5,-14.7,17.0,-0.0038536585365853,0.8,162.2,24.0,164.2,35.0,31.0,26.0,25.0,25.0,49.0
2022-10-10 04:20:00,1,2.7,156.9,-4.2,18.0,-0.0038048780487804,1.8,200.5,24.0,161.1,35.0,32.0,26.0,25.0,25.0,49.0
2022-10-10 04:30:00,1,2.9,171.0,9.9,18.0,-0.0039512195121951,2.0,231.2,24.0,161.1,35.0,33.0,26.0,25.0,25.0,49.0
2022-10-10 04:40:00,1,3.3,177.7,1.2,19.0,-0.0039512195121951,2.3,257.2,24.0,176.5,35.0,34.0,26.0,25.0,25.0,49.0
2022-10-10 04:50:00,1,3.1,166.5,5.0,19.0,-0.004,2.1,243.4,24.0,161.4,35.0,34.0,26.0,25.0,25.0,49.0
2022-10-10 05:00:00,1,3.1,152.8,-8.2,19.0,-0.0039024390243902,2.3,256.6,24.0,161.1,35.0,35.0,26.0,25.0,25.0,49.0
2022-10-10 05:10:00,1,3.1,163.0,2.6,19.0,-0.0038048780487804,2.1,240.4,24.0,160.4,35.0,35.0,26.0,25.0,25.0,49.0
2022-10-10 05:20:00,1,3.0,165.8,5.4,19.0,-0.0039024390243902,2.0,231.6,24.0,160.4,35.0,35.0,26.0,26.0,25.0,49.0
2022-10-10 05:30:00,1,2.9,140.9,-12.0,18.0,-0.0038536585365853,1.9,210.7,24.0,153.0,35.0,35.0,26.0,26.0,25.0,49.0
2022-10-10 05:40:00,1,2.2,149.0,3.7,18.0,-0.0032195121951219,0.6000000000000001,153.2,24.0,145.3,35.0,35.0,26.0,26.0,25.0,49.0
2022-10-10 05:50:00,1,1.7000000000000002,133.8,-11.5,17.0,-0.0031219512195121,0.0,120.6,24.0,145.3,35.0,34.0,26.0,26.0,25.0,49.0
2022-10-10 06:00:00,1,2.0,125.7,-19.6,17.0,-0.0031219512195121,1.1,168.8,24.0,145.3,35.0,34.0,26.0,25.0,25.0,49.0
2022-10-10 06:10:00,1,2.0,107.7,-37.6,17.0,-0.0031219512195121,1.5,185.2,24.0,145.3,35.0,34.0,26.0,25.0,25.0,49.0
2022-10-10 06:20:00,1,1.7000000000000002,146.8,1.5,17.0,-0.0030243902439024,1.5,174.3,24.0,145.3,35.0,34.0,26.0,25.0,25.0,49.0
2022-10-10 06:30:00,1,1.8,165.3,19.9,17.0,-0.0030243902439024,1.1,176.0,24.0,145.3,35.0,34.0,26.0,25.0,25.0,49.0
2022-10-10 06:40:00,1,2.3,125.5,-19.8,17.0,-0.0030731707317073,1.9,210.7,24.0,145.3,35.0,34.0,26.0,25.0,25.0,50.0
2022-10-10 06:50:00,1,2.2,166.4,21.1,18.0,-0.0031219512195121,1.6,195.2,24.0,145.3,34.0,34.0,26.0,25.0,25.0,50.0
2022-10-10 07:00:00,1,2.0,134.5,-10.8,17.0,-0.0030731707317073,0.0,141.5,24.0,145.3,34.0,34.0,26.0,25.0,25.0,50.0
2022-10-10 07:10:00,1,2.8,132.8,-12.4,17.0,-0.003560975609756,1.1,187.6,24.0,145.2,34.0,34.0,26.0,25.0,25.0,50.0
2022-10-10 07:20:00,1,2.4,99.2,-1.5,17.0,-0.0030731707317073,2.0,222.2,24.0,100.8,34.0,34.0,26.0,25.0,25.0,50.0
2022-10-10 07:30:00,1,2.4,131.6,30.8,17.0,-0.0028780487804878,0.5,70.5,64.7,100.8,34.0,34.0,26.0,25.0,26.0,50.0
2022-10-10 07:40:00,1,2.7,136.3,35.5,17.0,-0.0023414634146341,0.0,1.9,86.5,100.8,34.0,33.0,26.0,25.0,26.0,50.0
2022-10-10 07:50:00,1,2.5,153.2,52.4,17.0,-0.0010243902439024,0.0,10.3,89.5,100.8,33.0,33.0,26.0,25.0,26.0,50.0
2022-10-10 08:00:00,1,2.8,129.2,28.4,18.0,-0.0012682926829268,0.0,8.2,89.5,100.8,33.0,33.0,25.0,24.0,26.0,49.0
2022-10-10 08:10:00,1,3.3,172.4,71.6,18.0,-0.0010731707317073,0.0,0.0,89.5,100.8,33.0,32.0,25.0,24.0,26.0,49.0
2022-10-10 08:20:00,1,3.3,165.6,64.8,19.0,-0.0017560975609756,0.0,2.1,88.2,100.8,33.0,32.0,25.0,24.0,26.0,48.0
2022-10-10 08:30:00,1,3.4,175.7,74.9,18.0,-0.0026341463414634,0.0,23.1,63.8,100.8,33.0,32.0,25.0,24.0,25.0,47.0
2022-10-10 08:40:00,1,3.0,180.8,79.8,18.0,-0.0033658536585365,0.4,72.5,36.7,100.9,33.0,31.0,25.0,24.0,25.0,47.0
2022-10-10 08:50:00,1,3.1,191.5,5.9,19.0,-0.0028292682926829,1.5,191.9,45.4,185.6,33.0,32.0,25.0,24.0,26.0,47.0
2022-10-10 09:00:00,1,2.7,212.5,17.0,19.0,-0.0040975609756097,0.0,3.3,73.2,195.4,33.0,32.0,25.0,24.0,26.0,47.0
2022-10-10 09:10:00,1,2.6,204.7,9.3,20.0,-0.0042926829268292,0.0,0.0,71.7,195.4,33.0,32.0,25.0,24.0,26.0,47.0
2022-10-10 09:20:00,1,2.4,266.6,71.2,20.0,-0.0040975609756097,0.0,0.6000000000000001,72.4,195.4,33.0,32.0,25.0,24.0,26.0,48.0
2022-10-10 09:30:00,1,3.0,223.5,28.0,19.0,-0.0040975609756097,0.0,3.1,73.6,195.4,33.0,31.0,25.0,24.0,26.0,50.0
2022-10-10 09:40:00,1,2.9,228.3,32.8,19.0,-0.0042926829268292,0.0,0.0,71.4,195.4,32.0,31.0,25.0,24.0,27.0,51.0
2022-10-10 09:50:00,1,2.4,239.4,43.9,20.0,-0.0043414634146341,0.0,0.0,70.7,195.4,32.0,31.0,25.0,24.0,27.0,52.0
2022-10-10 10:00:00,1,2.5,230.5,35.0,20.0,-0.0042439024390243,0.0,0.0,73.8,195.4,32.0,31.0,25.0,24.0,28.0,50.0
2022-10-10 10:10:00,1,3.1,234.8,39.6,20.0,-0.0047317073170731,0.0,3.7,75.5,195.2,32.0,31.0,25.0,24.0,28.0,48.0
2022-10-10 10:20:00,1,3.0,216.5,153.4,21.0,-0.0052195121951219,0.0,0.0,71.7,63.0,32.0,31.0,25.0,24.0,28.0,51.0
2022-10-10 10:30:00,1,3.2,30.1,105.4,21.0,-0.0034146341463414,0.0,0.0,79.9,284.7,32.0,31.0,25.0,24.0,28.0,52.0
2022-10-10 10:40:00,1,2.6,226.4,20.8,21.0,-0.0010731707317073,0.0,0.0,89.5,205.6,32.0,30.0,25.0,24.0,29.0,46.0
2022-10-10 10:50:00,1,3.4,215.2,9.6,21.0,-0.0009268292682926,0.0,0.0,89.5,205.6,32.0,30.0,25.0,24.0,28.0,44.0
2022-10-10 11:00:00,1,3.8,247.4,41.8,21.0,-0.0009268292682926,0.0,0.0,89.5,205.6,31.0,30.0,25.0,24.0,28.0,44.0
2022-10-10 11:10:00,1,3.9,247.2,41.6,21.0,-0.0009268292682926,0.0,0.0,89.5,205.6,31.0,30.0,25.0,24.0,28.0,43.0
2022-10-10 11:20:00,1,4.3,248.4,42.8,21.0,-0.0009268292682926,0.0,0.0,89.5,205.6,31.0,30.0,25.0,24.0,27.0,43.0
2022-10-10 11:30:00,1,4.1,236.8,31.2,21.0,-0.0009268292682926,0.0,0.0,89.5,205.6,31.0,30.0,25.0,24.0,27.0,43.0
2022-10-10 11:40:00,1,4.2,256.7,51.1,21.0,-0.0009268292682926,0.0,0.0,89.5,205.6,31.0,30.0,25.0,24.0,27.0,42.0
2022-10-10 11:50:00,1,4.1,255.1,49.5,21.0,-0.0009268292682926,0.0,0.0,89.5,205.6,31.0,30.0,25.0,24.0,27.0,42.0
2022-10-10 12:00:00,1,4.2,260.7,55.1,21.0,-0.0009268292682926,0.0,0.0,89.5,205.6,31.0,30.0,25.0,24.0,27.0,41.0
2022-10-10 12:10:00,1,4.6,253.5,47.9,21.0,-0.0009268292682926,0.0,0.0,89.5,205.6,31.0,30.0,25.0,24.0,27.0,41.0
2022-10-10 12:20:00,1,4.2,242.7,37.1,21.0,-0.0009268292682926,0.0,0.0,89.5,205.6,31.0,30.0,25.0,24.0,27.0,41.0
2022-10-10 12:30:00,1,4.8,272.9,67.3,21.0,-0.0008780487804878,0.0,0.0,89.5,205.6,31.0,29.0,25.0,24.0,27.0,40.0
2022-10-10 12:40:00,1,4.5,253.9,48.3,22.0,-0.0008780487804878,0.0,0.0,89.5,205.6,30.0,29.0,25.0,24.0,27.0,40.0
2022-10-10 12:50:00,1,4.7,236.4,30.8,21.0,-0.0008780487804878,0.0,0.0,89.5,205.6,30.0,29.0,25.0,24.0,27.0,39.0
2022-10-10 13:00:00,1,4.6,263.8,58.2,21.0,-0.0008780487804878,0.0,0.0,89.5,205.6,30.0,29.0,25.0,24.0,26.0,39.0
2022-10-10 13:10:00,1,4.6,247.4,41.8,21.0,-0.0009268292682926,0.0,0.0,89.5,205.6,30.0,29.0,25.0,24.0,27.0,39.0
2022-10-10 13:20:00,1,4.8,249.4,43.8,22.0,-0.0009268292682926,0.0,0.0,89.5,205.6,30.0,29.0,25.0,24.0,27.0,38.0
2022-10-10 13:30:00,1,5.5,257.2,51.6,22.0,-0.0009268292682926,0.0,0.0,89.5,205.6,30.0,29.0,25.0,24.0,27.0,38.0
2022-10-10 13:40:00,1,5.0,267.4,61.8,22.0,-0.0009268292682926,0.0,0.0,89.5,205.6,30.0,29.0,25.0,24.0,27.0,38.0
2022-10-10 13:50:00,1,4.4,257.6,52.0,22.0,-0.0008780487804878,0.0,0.0,89.5,205.6,30.0,29.0,25.0,24.0,27.0,37.0
2022-10-10 14:00:00,1,4.8,245.8,40.2,22.0,-0.0016585365853658,0.0,0.1,89.3,205.6,30.0,29.0,25.0,24.0,27.0,37.0
2022-10-10 14:20:00,1,3.8,226.7,22.4,23.0,-0.0020487804878048,0.0,5.8,88.8,204.3,30.0,29.0,25.0,24.0,27.0,37.0
2022-10-10 14:30:00,1,4.1,267.4,4.7,23.0,-0.0009756097560975,0.0,6.7,89.5,262.7,30.0,29.0,25.0,24.0,27.0,38.0
2022-10-10 14:40:00,1,4.4,309.5,46.8,23.0,-0.0009756097560975,0.0,9.4,89.5,262.7,30.0,29.0,25.0,24.0,28.0,37.0
2022-10-10 14:50:00,1,4.4,239.5,-23.2,23.0,-0.0009756097560975,0.0,7.7,89.5,262.7,30.0,29.0,25.0,24.0,28.0,37.0
2022-10-10 15:00:00,1,4.5,229.1,-33.6,23.0,-0.0009268292682926,0.0,8.5,89.5,262.7,30.0,29.0,25.0,24.0,28.0,37.0
2022-10-10 15:10:00,1,4.4,256.0,-6.7,23.0,-0.0009268292682926,0.0,11.3,89.5,262.7,30.0,29.0,25.0,24.0,28.0,36.0
2022-10-10 15:20:00,1,4.6,228.7,-34.0,22.0,-0.0009268292682926,0.0,7.8,89.5,262.7,30.0,29.0,25.0,24.0,28.0,36.0
2022-10-10 15:30:00,1,4.9,227.1,-35.6,22.0,-0.0009268292682926,0.0,8.8,89.5,262.7,30.0,29.0,25.0,24.0,28.0,36.0
2022-10-10 15:40:00,1,5.0,229.5,-33.2,22.0,-0.0009268292682926,0.0,9.0,89.5,262.7,30.0,29.0,25.0,24.0,28.0,36.0
2022-10-10 15:50:00,1,4.4,293.7,31.0,22.0,-0.0009268292682926,0.0,5.0,89.5,262.7,30.0,29.0,25.0,24.0,28.0,35.0
2022-10-10 16:00:00,1,4.4,217.2,-45.5,22.0,-0.0009756097560975,0.0,7.2,89.5,262.7,29.0,29.0,25.0,24.0,29.0,35.0
2022-10-10 16:10:00,1,4.7,266.6,3.9,22.0,-0.0011219512195121,0.0,9.5,89.5,262.7,30.0,29.0,25.0,24.0,29.0,35.0
2022-10-10 16:20:00,1,4.2,230.1,-32.7,22.0,-0.002390243902439,0.0,10.8,86.0,262.8,30.0,29.0,25.0,24.0,29.0,35.0
2022-10-10 16:30:00,1,5.0,259.8,-25.4,22.0,-0.0019024390243902,0.0,11.3,86.0,285.1,30.0,29.0,25.0,24.0,29.0,35.0
2022-10-10 16:40:00,1,4.7,265.6,-11.8,22.0,-0.0018536585365853,0.0,16.0,86.0,277.4,30.0,29.0,25.0,24.0,29.0,35.0
2022-10-10 16:50:00,1,4.1,280.3,19.0,22.0,-0.0017560975609756,0.0,12.1,86.0,261.3,30.0,29.0,25.0,25.0,29.0,35.0
2022-10-10 17:00:00,1,4.9,245.9,-15.4,22.0,0.0388780487804878,6.0,689.4,37.1,261.4,31.0,31.0,26.0,25.0,29.0,35.0
2022-10-10 17:10:00,1,5.4,275.4,-0.9,22.0,0.1120975609756097,11.4,1293.0,-1.4,276.4,35.0,43.0,32.0,30.0,29.0,37.0
2022-10-10 17:20:00,1,4.7,290.4,21.7,22.0,0.0701951219512195,11.2,1266.9,-0.8,268.7,37.0,47.0,36.0,41.0,30.0,38.0
2022-10-10 17:30:00,1,5.4,283.0,12.5,22.0,0.100780487804878,11.6,1313.5,-1.3,270.4,39.0,49.0,39.0,48.0,30.0,39.0
2022-10-10 17:40:00,1,4.6,250.3,-10.2,21.0,0.0659512195121951,11.1,1256.6,-0.7000000000000001,260.6,40.0,49.0,40.0,51.0,30.0,39.0
2022-10-10 17:50:00,1,4.5,254.2,6.6,21.0,0.0586829268292682,11.0,1251.4,-0.7000000000000001,247.6,40.0,49.0,40.0,53.0,30.0,39.0
2022-10-10 18:00:00,1,4.5,255.1,5.3,21.0,0.0560487804878048,11.1,1256.7,-0.6000000000000001,249.8,41.0,49.0,41.0,54.0,30.0,38.0
2022-10-10 18:10:00,1,4.5,272.8,8.0,21.0,0.0505365853658536,11.1,1252.0,-0.7000000000000001,264.8,41.0,49.0,42.0,56.0,30.0,38.0
2022-10-10 18:20:00,1,4.1,247.1,-19.5,21.0,0.0350731707317073,11.0,1250.8,-0.2,266.6,41.0,48.0,43.0,57.0,30.0,38.0
2022-10-10 18:30:00,1,4.2,248.8,-21.0,21.0,0.036,11.1,1254.2,-0.4,269.7,41.0,48.0,45.0,57.0,30.0,38.0
2022-10-10 18:40:00,1,4.2,254.8,-9.7,21.0,0.0398536585365853,11.0,1250.6,-0.3,264.5,42.0,48.0,46.0,58.0,30.0,38.0
2022-10-10 18:50:00,1,4.2,300.2,42.7,21.0,0.038390243902439,11.0,1251.3,-0.4,257.5,42.0,48.0,47.0,58.0,30.0,38.0
2022-10-10 19:00:00,1,3.7,246.2,-10.9,21.0,0.0185853658536585,11.0,1249.1,0.4,257.1,42.0,47.0,47.0,59.0,30.0,37.0
2022-10-10 19:10:00,1,3.7,264.0,4.4,21.0,0.0181463414634146,11.0,1248.8,0.6000000000000001,259.6,42.0,47.0,48.0,59.0,31.0,37.0
2022-10-10 19:20:00,1,3.1,240.0,-17.5,20.0,0.0002439024390243,6.8,777.1,14.2,257.5,42.0,46.0,48.0,59.0,31.0,37.0
2022-10-10 19:30:00,1,3.5,259.5,-5.0,20.0,0.0011219512195121,4.3,486.8,18.1,264.5,41.0,44.0,46.0,55.0,31.0,38.0
2022-10-10 19:40:00,1,3.1,272.7,8.2,20.0,0.0017073170731707,9.3,1053.5,6.7,264.5,41.0,45.0,45.0,54.0,31.0,39.0
2022-10-10 19:50:00,1,3.0,253.6,-13.7,20.0,-0.0052682926829268,2.2,247.9,24.0,267.3,41.0,44.0,43.0,52.0,30.0,40.0
2022-10-10 20:00:00,1,2.7,280.8,19.5,20.0,-0.0053170731707317,2.0,224.3,24.0,261.3,40.0,42.0,41.0,49.0,30.0,41.0
2022-10-10 20:10:00,1,3.3,274.7,8.1,20.0,-0.0052195121951219,2.4,272.8,24.0,266.6,40.0,41.0,39.0,46.0,30.0,42.0
2022-10-10 20:20:00,1,2.8,247.6,-19.0,19.0,-0.0052682926829268,2.1,235.2,24.0,266.6,40.0,41.0,37.0,43.0,29.0,42.0
2022-10-10 20:30:00,1,2.9,279.1,12.5,19.0,-0.0055121951219512,2.0,230.3,24.0,266.6,40.0,40.0,36.0,41.0,29.0,43.0
2022-10-10 20:40:00,1,2.5,271.0,2.6,19.0,-0.0052682926829268,1.8,206.1,24.0,268.3,39.0,40.0,35.0,39.0,28.0,44.0
2022-10-10 20:50:00,1,2.6,269.2,0.8,19.0,-0.0053658536585365,1.8,207.0,24.0,268.3,39.0,39.0,34.0,37.0,28.0,44.0
2022-10-10 21:00:00,1,2.7,250.6,-7.2,19.0,-0.0053170731707317,1.9,219.6,24.0,257.8,39.0,39.0,33.0,36.0,28.0,44.0
2022-10-10 21:10:00,1,2.8,282.4,24.5,19.0,-0.0053658536585365,2.0,229.9,24.0,257.8,39.0,39.0,32.0,35.0,28.0,45.0
2022-10-10 21:20:00,1,3.0,254.4,-9.7,19.0,-0.0050731707317073,2.2,245.7,24.0,264.1,39.0,38.0,31.0,34.0,28.0,45.0
2022-10-10 21:30:00,1,2.7,247.8,-17.3,19.0,-0.005170731707317,1.9,217.5,24.0,265.2,39.0,38.0,31.0,33.0,27.0,45.0
2022-10-10 21:40:00,1,2.4,268.2,3.0,19.0,-0.0042926829268292,1.6,182.9,24.0,265.2,39.0,38.0,30.0,32.0,27.0,46.0
2022-10-10 21:50:00,1,2.4,234.7,-30.5,19.0,-0.0038048780487804,1.0,167.6,24.0,265.2,38.0,38.0,30.0,31.0,28.0,46.0
2022-10-10 22:00:00,1,2.6,256.1,-9.1,19.0,-0.0038048780487804,0.6000000000000001,163.2,24.0,265.2,38.0,38.0,30.0,31.0,28.0,46.0
2022-10-10 22:10:00,1,2.7,233.0,-32.1,19.0,-0.0040487804878048,0.3,158.9,24.0,265.1,38.0,37.0,30.0,30.0,28.0,46.0
2022-10-10 22:20:00,1,2.7,183.7,-50.3,19.0,-0.0039024390243902,1.9,218.8,24.0,234.0,38.0,37.0,30.0,30.0,28.0,47.0
2022-10-10 22:30:00,1,3.0,231.3,-2.3,19.0,-0.0038536585365853,2.2,246.1,24.0,233.6,38.0,37.0,29.0,30.0,27.0,47.0
2022-10-10 22:40:00,1,3.0,202.9,-23.3,19.0,-0.0039512195121951,2.2,249.0,24.0,226.3,38.0,37.0,29.0,30.0,27.0,47.0
2022-10-10 22:50:00,1,2.8,249.2,23.2,19.0,-0.0038536585365853,2.1,241.2,24.0,225.9,38.0,37.0,29.0,29.0,27.0,47.0
2022-10-10 23:00:00,1,3.0,217.5,-8.4,19.0,-0.0039024390243902,2.2,250.4,24.0,225.9,38.0,37.0,29.0,29.0,27.0,48.0
2022-10-10 23:10:00,1,2.8,220.3,-6.0,19.0,-0.0038536585365853,2.0,230.7,24.0,226.3,37.0,37.0,29.0,29.0,27.0,48.0
2022-10-10 23:20:00,1,2.9,228.6,2.4,19.0,-0.0038536585365853,2.0,230.9,24.0,226.2,37.0,37.0,28.0,29.0,27.0,48.0
2022-10-10 23:30:00,1,2.8,218.1,0.2,19.0,-0.0039024390243902,1.9,219.7,24.0,217.9,37.0,37.0,28.0,29.0,26.0,48.0
2022-10-10 23:40:00,1,2.3,229.9,3.7,18.0,-0.0038048780487804,1.2,177.9,24.0,226.3,37.0,37.0,28.0,29.0,26.0,48.0
2022-10-10 23:50:00,1,2.1,207.9,-18.3,18.0,-0.0038536585365853,1.0,170.8,24.0,226.3,37.0,36.0,28.0,28.0,26.0,48.0
2022-10-11 00:00:00,1,2.4,223.8,-2.5,19.0,-0.0038536585365853,1.1,172.0,24.0,226.3,37.0,36.0,28.0,28.0,26.0,48.0
2022-10-11 00:10:00,1,2.4,214.2,-12.1,19.0,-0.0038048780487804,1.4,176.6,24.0,226.3,37.0,36.0,28.0,28.0,26.0,48.0
2022-10-11 00:20:00,1,2.1,227.5,1.2,18.0,-0.0038048780487804,0.4,157.9,24.0,226.3,36.0,36.0,28.0,28.0,26.0,48.0
2022-10-11 00:30:00,1,2.9,237.0,10.7,19.0,-0.0039024390243902,2.0,224.4,24.0,226.2,36.0,36.0,28.0,28.0,26.0,48.0
2022-10-11 00:40:00,1,3.0,193.1,-17.4,19.0,-0.0041951219512195,2.1,232.7,24.0,210.6,36.0,36.0,28.0,28.0,26.0,48.0
2022-10-11 00:50:00,1,2.5,221.9,-19.1,19.0,-0.0039512195121951,1.6,202.3,24.0,241.0,36.0,36.0,27.0,27.0,26.0,48.0
2022-10-11 01:00:00,1,2.6,193.1,-30.4,19.0,-0.0039512195121951,1.8,203.8,24.0,223.5,36.0,36.0,27.0,27.0,26.0,48.0
2022-10-11 01:10:00,1,2.4,223.0,-6.4,19.0,-0.0038536585365853,0.7000000000000001,161.2,24.0,229.4,36.0,36.0,27.0,27.0,26.0,48.0
2022-10-11 01:20:00,1,2.3,173.8,-55.6,19.0,-0.0038048780487804,0.6000000000000001,159.9,24.0,229.4,36.0,35.0,27.0,27.0,26.0,48.0
2022-10-11 01:30:00,1,2.6,214.6,-14.8,19.0,-0.004,1.1,181.5,24.0,229.4,36.0,35.0,27.0,27.0,26.0,48.0
2022-10-11 01:40:00,1,2.0,256.0,49.7,19.0,-0.0038048780487804,0.4,135.5,24.0,206.3,36.0,35.0,27.0,27.0,26.0,48.0
2022-10-11 01:50:00,1,1.7000000000000002,194.4,-11.9,19.0,-0.0037073170731707,0.0,107.8,24.0,206.3,35.0,35.0,27.0,27.0,26.0,48.0
2022-10-11 02:00:00,1,2.1,180.4,-25.9,18.0,-0.0038048780487804,0.8,155.2,24.0,206.3,35.0,35.0,27.0,26.0,25.0,48.0
2022-10-11 02:10:00,1,1.8,260.1,53.8,19.0,-0.0038536585365853,0.0,132.2,24.0,206.3,35.0,35.0,26.0,26.0,25.0,49.0
2022-10-11 02:20:00,1,1.7000000000000002,191.6,-14.7,18.0,-0.0038048780487804,0.0,108.5,24.0,206.3,35.0,34.0,26.0,26.0,25.0,49.0
2022-10-11 02:30:00,1,1.4,202.2,-4.1,18.0,-0.0036585365853658,0.0,78.2,24.0,206.3,35.0,34.0,26.0,26.0,25.0,49.0
2022-10-11 02:40:00,1,1.5,245.9,39.6,18.0,-0.0037073170731707,0.0,74.6,24.0,206.3,34.0,34.0,26.0,26.0,25.0,49.0
2022-10-11 02:50:00,1,1.7000000000000002,230.7,24.4,18.0,-0.0035121951219512,0.0,106.4,24.0,206.3,35.0,34.0,26.0,26.0,25.0,49.0
2022-10-11 03:00:00,1,1.7000000000000002,221.6,15.3,18.0,-0.0029756097560975,0.0,111.7,24.0,206.3,35.0,33.0,26.0,26.0,25.0,49.0
2022-10-11 03:10:00,1,1.8,229.2,22.9,19.0,-0.0029756097560975,0.1,113.1,24.0,206.3,35.0,33.0,26.0,26.0,26.0,49.0
2022-10-11 03:20:00,1,2.3,223.5,17.2,19.0,-0.0030731707317073,0.9,171.3,24.0,206.3,34.0,33.0,26.0,26.0,26.0,49.0
2022-10-11 03:30:00,1,2.1,243.6,37.3,19.0,-0.0030731707317073,0.6000000000000001,160.4,24.0,206.3,34.0,34.0,26.0,26.0,26.0,49.0
2022-10-11 03:40:00,1,2.4,209.9,3.6,19.0,-0.0031219512195121,1.5,187.1,24.0,206.3,34.0,34.0,26.0,26.0,26.0,49.0
2022-10-11 03:50:00,1,2.2,240.2,33.9,18.0,-0.0031219512195121,0.7000000000000001,162.4,24.0,206.3,34.0,34.0,26.0,26.0,26.0,49.0
2022-10-11 04:00:00,1,2.3,247.6,41.3,19.0,-0.0031219512195121,1.1,172.4,24.0,206.3,34.0,34.0,26.0,26.0,26.0,49.0
2022-10-11 04:10:00,1,2.2,242.3,36.0,18.0,-0.0031219512195121,0.7000000000000001,171.3,24.0,206.3,34.0,34.0,26.0,25.0,26.0,50.0
2022-10-11 04:20:00,1,3.0,235.4,29.1,18.0,-0.0034146341463414,2.2,249.1,24.0,206.3,34.0,34.0,26.0,25.0,26.0,50.0
2022-10-11 04:30:00,1,3.0,230.2,13.7,18.0,-0.0032195121951219,2.2,253.7,24.0,216.5,34.0,34.0,26.0,25.0,26.0,50.0
2022-10-11 04:40:00,1,3.7,211.6,-10.1,19.0,0.0099024390243902,7.1,801.4,10.6,221.7,35.0,36.0,26.0,26.0,26.0,50.0
2022-10-11 04:50:00,1,3.0,194.8,-26.9,18.0,-0.0017560975609756,6.2,702.4,14.0,221.7,36.0,40.0,27.0,27.0,26.0,49.0
2022-10-11 05:00:00,1,3.6,187.7,-24.5,19.0,0.0079024390243902,8.5,961.3,6.7,212.3,36.0,40.0,28.0,28.0,26.0,49.0
2022-10-11 05:10:00,1,3.1,229.8,8.1,18.0,-0.0020975609756097,5.8,658.0,17.5,221.7,37.0,42.0,31.0,30.0,26.0,48.0
2022-10-11 05:20:00,1,3.3,213.5,9.3,19.0,-0.0033658536585365,6.8,780.1,12.3,204.2,37.0,42.0,32.0,31.0,27.0,48.0
2022-10-11 05:30:00,1,3.6,213.7,-0.3,19.0,-0.001170731707317,5.4,612.7,39.4,214.0,37.0,42.0,34.0,34.0,27.0,48.0
2022-10-11 05:40:00,1,3.4,196.2,-18.5,18.0,0.0055121951219512,9.2,1042.6,4.9,214.7,37.0,43.0,36.0,35.0,27.0,47.0
2022-10-11 05:50:00,1,3.0,217.6,5.7,18.0,-0.0033170731707317,2.1,242.5,24.0,211.9,37.0,42.0,36.0,36.0,28.0,48.0
2022-10-11 06:00:00,1,2.6,206.6,-14.1,18.0,-0.0030731707317073,1.9,212.2,24.0,220.7,36.0,40.0,35.0,35.0,28.0,48.0
2022-10-11 06:10:00,1,2.7,210.4,-10.2,18.0,-0.0031219512195121,1.9,218.0,24.0,220.7,36.0,39.0,35.0,34.0,27.0,48.0
2022-10-11 06:20:00,1,3.3,204.8,-7.4,19.0,-0.0032195121951219,2.4,278.6,23.8,212.3,36.0,38.0,34.0,33.0,27.0,49.0
2022-10-11 06:30:00,1,3.1,221.1,1.9,18.0,-0.0035121951219512,6.1,687.0,13.0,219.3,37.0,39.0,34.0,33.0,27.0,48.0
2022-10-11 06:40:00,1,2.9,184.6,-27.6,18.0,-0.0032682926829268,2.1,232.0,24.0,212.2,36.0,39.0,34.0,33.0,27.0,48.0
2022-10-11 06:50:00,1,2.8,183.0,-13.8,18.0,-0.0030731707317073,2.0,222.2,24.0,196.8,36.0,38.0,33.0,33.0,27.0,49.0
2022-10-11 07:00:00,1,3.1,198.7,1.9,18.0,-0.0031219512195121,2.4,275.1,24.0,196.8,36.0,37.0,33.0,32.0,27.0,49.0
2022-10-11 07:10:00,1,3.2,191.0,-3.7,18.0,-0.0031219512195121,2.4,267.8,24.0,194.7,36.0,37.0,33.0,32.0,27.0,49.0
2022-10-11 07:20:00,1,3.0,194.9,-1.3,18.0,-0.0030243902439024,2.2,245.0,24.0,196.1,36.0,37.0,32.0,31.0,27.0,49.0
2022-10-11 07:30:00,1,2.6,188.2,-7.9,18.0,-0.0032682926829268,2.0,221.7,24.0,196.1,36.0,36.0,32.0,31.0,27.0,49.0
2022-10-11 07:40:00,1,2.7,203.4,8.7,18.0,-0.0031219512195121,2.0,231.2,24.0,194.7,35.0,36.0,32.0,31.0,27.0,49.0
2022-10-11 07:50:00,1,2.7,161.4,-33.3,18.0,-0.0030731707317073,2.0,224.3,24.0,194.7,35.0,36.0,32.0,31.0,27.0,50.0
2022-10-11 08:00:00,1,2.5,195.3,0.6000000000000001,18.0,-0.0030731707317073,1.9,209.5,24.0,194.7,35.0,36.0,31.0,30.0,27.0,50.0
2022-10-11 08:10:00,1,2.6,191.7,-3.0,18.0,-0.0034146341463414,1.5,184.1,39.4,194.7,35.0,36.0,31.0,30.0,27.0,50.0
2022-10-11 08:20:00,1,3.0,230.0,42.2,18.0,-0.0033170731707317,0.3,66.9,70.1,187.7,35.0,35.0,31.0,30.0,27.0,49.0
2022-10-11 08:30:00,1,3.0,195.1,0.7000000000000001,18.0,-0.0027317073170731,0.0,12.0,86.0,194.4,35.0,35.0,31.0,30.0,28.0,49.0
2022-10-11 08:40:00,1,3.3,199.6,2.1,18.0,-0.0026341463414634,0.0,11.6,86.0,197.5,34.0,35.0,30.0,29.0,28.0,50.0
2022-10-11 08:50:00,1,3.7,200.0,-5.9,18.0,-0.0026341463414634,0.0,11.3,86.0,205.9,34.0,34.0,30.0,29.0,28.0,50.0
2022-10-11 09:00:00,1,3.3,207.7,10.2,19.0,-0.0026829268292682,0.0,6.3,86.0,197.5,34.0,34.0,30.0,29.0,28.0,50.0
2022-10-11 09:10:00,1,3.1,202.5,13.0,19.0,-0.0027317073170731,0.0,12.8,86.0,189.5,34.0,34.0,30.0,29.0,28.0,51.0
2022-10-11 09:20:00,1,3.1,215.3,18.8,19.0,-0.0020487804878048,0.0,9.1,86.0,196.5,34.0,33.0,30.0,29.0,29.0,51.0
2022-10-11 09:30:00,1,3.5,205.2,1.7000000000000002,19.0,-0.0020487804878048,0.0,13.0,86.0,203.5,34.0,33.0,30.0,28.0,29.0,50.0
2022-10-11 09:40:00,1,3.7,213.6,16.1,19.0,-0.0022439024390243,0.0,0.0,86.0,197.5,34.0,33.0,29.0,28.0,28.0,49.0
2022-10-11 09:50:00,1,3.7,196.7,-1.6,20.0,-0.0022439024390243,0.0,2.1,80.9,198.2,33.0,33.0,29.0,28.0,28.0,49.0
2022-10-11 10:00:00,1,4.1,210.2,-3.1,20.0,-0.0021951219512195,0.0,4.7,80.0,213.3,33.0,32.0,29.0,28.0,28.0,49.0
2022-10-11 10:10:00,1,4.1,206.6,-10.9,20.0,-0.0023414634146341,0.0,2.2,80.0,217.5,33.0,32.0,29.0,28.0,28.0,48.0
2022-10-11 10:20:00,1,3.8,235.1,14.1,21.0,-0.002390243902439,0.0,0.9,80.0,221.0,33.0,32.0,29.0,28.0,28.0,48.0
2022-10-11 10:30:00,1,3.6,227.4,9.2,21.0,-0.0027317073170731,0.0,1.0,82.2,218.2,33.0,32.0,29.0,28.0,28.0,48.0
2022-10-11 10:40:00,1,3.2,252.9,43.4,21.0,-0.0026341463414634,0.0,1.6,86.2,209.5,33.0,32.0,29.0,28.0,29.0,48.0
2022-10-11 10:50:00,1,4.1,241.5,6.1,21.0,-0.0020487804878048,0.0,0.0,86.0,235.4,33.0,32.0,29.0,27.0,29.0,48.0
2022-10-11 11:00:00,1,4.1,225.0,-18.1,21.0,-0.0022439024390243,0.0,0.0,86.0,243.1,33.0,31.0,29.0,27.0,29.0,48.0
2022-10-11 11:10:00,1,5.1,245.3,8.1,20.0,-0.0021463414634146,0.0,6.4,86.0,237.2,32.0,31.0,29.0,27.0,29.0,48.0
2022-10-11 11:20:00,1,4.4,239.2,-9.5,21.0,-0.0024390243902439,0.0,0.0,86.0,248.7,32.0,31.0,29.0,27.0,28.0,48.0
2022-10-11 11:30:00,1,4.8,216.3,5.0,21.0,-0.0031219512195121,0.4,62.5,74.9,211.3,33.0,31.0,29.0,27.0,28.0,48.0
2022-10-11 11:40:00,1,5.0,255.7,1.0,21.0,-0.0030731707317073,0.0,0.0,86.0,254.6,33.0,31.0,29.0,27.0,28.0,48.0
2022-10-11 11:50:00,1,5.4,264.1,16.1,21.0,-0.0022439024390243,0.0,0.3,86.0,248.0,33.0,31.0,29.0,27.0,29.0,48.0
2022-10-11 12:00:00,1,4.8,223.4,-28.8,21.0,-0.0021951219512195,0.0,0.0,86.0,252.2,33.0,31.0,29.0,27.0,29.0,48.0
2022-10-11 12:10:00,1,4.1,257.0,-5.0,22.0,-0.0023414634146341,0.0,0.0,86.0,262.0,33.0,31.0,28.0,27.0,28.0,48.0
2022-10-11 12:20:00,1,5.5,262.6,32.1,21.0,-0.0020975609756097,0.0,12.8,86.0,230.5,32.0,31.0,28.0,27.0,29.0,48.0
2022-10-11 12:30:00,1,4.5,250.3,-19.1,21.0,-0.0020975609756097,0.0,13.4,86.0,269.4,32.0,31.0,28.0,27.0,29.0,48.0
2022-10-11 12:40:00,1,5.5,253.4,3.3,21.0,-0.0022439024390243,0.0,16.0,86.0,250.1,32.0,31.0,28.0,27.0,29.0,47.0
2022-10-11 12:50:00,1,4.4,248.0,-8.3,21.0,-0.0020975609756097,0.0,15.6,86.0,256.4,32.0,31.0,28.0,27.0,29.0,47.0
2022-10-11 13:00:00,1,4.7,234.4,-19.6,22.0,-0.0020487804878048,0.0,10.5,86.0,254.0,32.0,31.0,28.0,27.0,30.0,47.0
2022-10-11 13:10:00,1,5.2,242.4,-27.3,22.0,-0.0021951219512195,0.0,19.4,86.0,269.7,32.0,31.0,28.0,27.0,29.0,47.0
2022-10-11 13:20:00,1,5.6,254.5,10.7,22.0,0.088390243902439,7.3,835.5,29.0,243.8,34.0,35.0,30.0,30.0,30.0,46.0
2022-10-11 13:30:00,1,5.3,245.9,1.7000000000000002,22.0,0.1217073170731707,11.8,1333.7,-1.1,244.2,38.0,45.0,35.0,41.0,30.0,46.0
2022-10-11 13:40:00,1,5.8,256.0,7.6,22.0,0.1608780487804878,12.0,1359.1,-1.5,248.4,40.0,50.0,39.0,48.0,30.0,47.0
2022-10-11 13:50:00,1,6.0,258.7,-6.4,22.0,0.1492195121951219,12.1,1374.8,-1.5,265.2,41.0,51.0,42.0,51.0,30.0,47.0
2022-10-11 14:00:00,1,6.5,241.6,-19.3,22.0,0.196,12.6,1425.6,-1.9,260.9,43.0,52.0,46.0,55.0,30.0,47.0
2022-10-11 14:10:00,1,6.0,221.2,-22.3,22.0,0.1703414634146341,12.1,1374.2,-1.6,243.5,43.0,52.0,47.0,56.0,30.0,48.0
2022-10-11 14:20:00,1,6.0,231.3,-30.7,22.0,0.1564878048780487,12.0,1364.8,-1.7000000000000002,262.0,44.0,52.0,48.0,57.0,31.0,48.0
2022-10-11 14:30:00,1,7.1,246.1,0.6000000000000001,22.0,0.2826341463414634,13.2,1498.0,-2.0,245.5,45.0,53.0,49.0,59.0,31.0,48.0
2022-10-11 14:40:00,1,6.9,247.4,9.5,22.0,0.0390243902439024,1.9,217.8,77.2,237.8,45.0,52.0,48.0,59.0,31.0,47.0
2022-10-11 14:50:00,1,7.3,226.8,-11.4,21.0,-0.0050731707317073,0.0,10.9,89.5,238.2,43.0,49.0,45.0,55.0,31.0,48.0
2022-10-11 15:00:00,1,6.1,248.9,1.9,21.0,-0.0052195121951219,0.0,10.3,89.5,246.9,44.0,47.0,42.0,52.0,31.0,48.0
2022-10-11 15:10:00,1,6.1,246.9,-6.0,22.0,-0.005170731707317,0.0,14.4,89.5,252.9,43.0,45.0,40.0,49.0,31.0,48.0
2022-10-11 15:20:00,1,7.0,253.6,-0.7000000000000001,22.0,-0.0050243902439024,0.0,16.7,89.5,254.3,42.0,44.0,38.0,47.0,31.0,48.0
2022-10-11 15:30:00,1,6.0,257.6,2.6,21.0,-0.0051219512195121,0.0,8.8,89.5,255.0,42.0,43.0,37.0,45.0,31.0,49.0
2022-10-11 15:40:00,1,5.8,244.5,0.7000000000000001,22.0,-0.0049756097560975,0.0,9.7,89.5,243.8,41.0,42.0,36.0,43.0,30.0,49.0
2022-10-11 15:50:00,1,5.6,265.4,12.2,22.0,-0.0049756097560975,0.0,11.1,89.5,253.2,41.0,41.0,35.0,41.0,30.0,49.0
2022-10-11 16:00:00,1,5.4,228.8,-18.9,22.0,-0.005170731707317,0.1,15.0,86.3,247.6,40.0,40.0,34.0,40.0,30.0,49.0
2022-10-11 16:10:00,1,4.9,256.6,9.0,22.0,0.0812195121951219,10.7,1219.1,0.4,247.6,42.0,44.0,34.0,43.0,30.0,49.0
2022-10-11 16:20:00,1,6.5,241.1,6.3,22.0,0.2351219512195121,12.6,1422.1,-1.8,234.8,44.0,51.0,35.0,52.0,30.0,48.0
2022-10-11 16:30:00,1,6.7,275.1,-1.2,21.0,0.2364390243902439,12.8,1446.8,-1.9,276.4,45.0,53.0,39.0,57.0,31.0,48.0
2022-10-11 16:40:00,1,6.7,272.4,-4.0,22.0,0.231609756097561,12.8,1444.6,-1.9,276.4,46.0,54.0,44.0,61.0,31.0,48.0
2022-10-11 16:50:00,1,7.0,284.7,1.0,22.0,0.2462439024390244,13.1,1484.5,-2.0,283.8,47.0,54.0,47.0,63.0,31.0,48.0
2022-10-11 17:00:00,1,6.4,279.1,-4.6,22.0,0.200780487804878,12.4,1407.8,-1.9,283.8,47.0,54.0,48.0,65.0,32.0,48.0
2022-10-11 17:10:00,1,6.0,256.0,-27.7,22.0,0.1648780487804878,12.2,1376.5,-1.6,283.8,47.0,53.0,49.0,64.0,32.0,48.0
2022-10-11 17:20:00,1,6.6,277.4,-6.3,22.0,0.2245365853658536,12.8,1445.3,-1.8,283.7,48.0,54.0,49.0,65.0,32.0,48.0
2022-10-11 17:30:00,1,6.5,299.5,16.1,22.0,0.1978048780487805,12.6,1425.2,-1.8,283.4,48.0,54.0,50.0,67.0,32.0,48.0
2022-10-11 17:40:00,1,6.6,306.5,24.4,22.0,0.1876097560975609,12.7,1432.9,-1.9,282.0,48.0,54.0,51.0,67.0,32.0,48.0
2022-10-11 17:50:00,1,7.0,271.3,-10.7,21.0,0.2553170731707317,13.2,1492.1,-2.0,282.0,49.0,55.0,52.0,68.0,32.0,48.0
2022-10-11 18:00:00,1,5.3,293.6,11.6,21.0,0.1153170731707317,11.5,1303.4,-1.3,282.0,48.0,53.0,52.0,68.0,32.0,48.0
2022-10-11 18:10:00,1,5.0,306.5,21.7,21.0,0.0858048780487805,11.3,1279.1,-1.0,284.8,48.0,52.0,51.0,66.0,32.0,48.0
2022-10-11 18:20:00,1,5.6,291.5,15.8,21.0,0.1383414634146341,11.8,1332.8,-1.4,275.7,48.0,52.0,50.0,66.0,32.0,48.0
2022-10-11 18:30:00,1,6.5,277.1,-5.3,21.0,0.202390243902439,12.5,1416.9,-1.9,282.4,48.0,53.0,50.0,67.0,32.0,48.0
2022-10-11 18:40:00,1,6.1,292.8,10.4,20.0,0.170780487804878,12.1,1366.7,-1.8,282.3,48.0,53.0,51.0,67.0,32.0,48.0
2022-10-11 18:50:00,1,6.0,293.5,13.3,20.0,0.1559024390243902,11.9,1348.0,-1.7000000000000002,280.2,48.0,53.0,51.0,67.0,32.0,48.0
2022-10-11 19:00:00,1,6.4,261.2,-19.0,20.0,0.1977073170731707,12.5,1415.6,-1.9,280.2,48.0,53.0,51.0,67.0,32.0,48.0
2022-10-11 19:10:00,1,6.7,281.7,1.4,20.0,0.2181951219512195,12.8,1453.4,-2.0,280.2,49.0,54.0,52.0,68.0,31.0,48.0
2022-10-11 19:20:00,1,6.3,272.7,-1.9,20.0,0.1823414634146341,12.3,1393.2,-1.8,274.6,49.0,54.0,52.0,68.0,32.0,47.0
2022-10-11 19:30:00,1,6.9,262.9,-19.0,20.0,0.219170731707317,13.0,1468.1,-2.0,282.0,49.0,54.0,52.0,68.0,32.0,47.0
2022-10-11 19:40:00,1,6.3,252.0,-11.8,20.0,0.2000975609756097,12.4,1399.5,-1.8,263.8,49.0,54.0,52.0,68.0,31.0,47.0
2022-10-11 19:50:00,1,5.6,268.7,-1.4,20.0,0.1315609756097561,11.7,1325.5,-1.4,270.1,49.0,53.0,51.0,68.0,32.0,47.0
2022-10-11 20:00:00,1,5.6,254.6,-17.9,20.0,0.1325853658536585,11.7,1327.1,-1.4,272.5,48.0,52.0,50.0,66.0,31.0,47.0
2022-10-11 20:10:00,1,5.9,256.2,-15.2,20.0,0.142,11.9,1347.9,-1.6,271.5,48.0,52.0,50.0,66.0,31.0,47.0
2022-10-11 20:20:00,1,5.2,257.6,4.0,20.0,0.104,11.4,1288.0,-1.2,253.6,48.0,52.0,50.0,66.0,31.0,47.0
2022-10-11 20:30:00,1,4.8,258.6,8.1,20.0,0.0771219512195122,11.3,1275.8,-0.8,250.4,47.0,51.0,47.0,65.0,31.0,47.0
2022-10-11 20:40:00,1,5.9,256.5,2.2,20.0,0.1364878048780488,12.0,1364.2,-1.5,254.3,47.0,51.0,46.0,64.0,31.0,47.0
2022-10-11 20:50:00,1,5.6,246.4,-7.9,20.0,0.1293170731707317,11.6,1313.8,-1.5,254.3,48.0,52.0,48.0,65.0,31.0,47.0
2022-10-11 21:00:00,1,5.0,239.2,-8.8,20.0,0.0865853658536585,11.2,1269.9,-1.0,248.0,47.0,51.0,48.0,64.0,31.0,47.0
2022-10-11 21:10:00,1,4.6,262.6,7.5,19.0,0.0688780487804878,11.1,1257.5,-0.8,255.0,46.0,50.0,48.0,63.0,31.0,47.0
2022-10-11 21:20:00,1,4.4,253.0,-11.8,19.0,0.0432682926829268,11.1,1254.2,-0.5,264.8,46.0,49.0,48.0,63.0,31.0,47.0
2022-10-11 21:30:00,1,4.0,237.2,-14.3,19.0,0.0287317073170731,11.0,1249.3,-0.1,251.5,45.0,48.0,48.0,62.0,31.0,47.0
2022-10-11 21:40:00,1,3.9,217.5,-25.6,19.0,0.0346829268292682,11.0,1251.6,0.2,243.1,45.0,48.0,48.0,61.0,31.0,47.0
2022-10-11 21:50:00,1,3.6,247.3,-11.2,19.0,0.0088780487804878,11.0,1248.5,0.7000000000000001,258.5,44.0,47.0,48.0,61.0,30.0,46.0
2022-10-11 22:00:00,1,4.1,254.3,2.4,20.0,0.033170731707317,11.1,1251.9,0.1,251.8,44.0,47.0,48.0,60.0,30.0,46.0
2022-10-11 22:10:00,1,3.5,265.6,18.9,20.0,0.0093658536585365,11.0,1246.9,0.6000000000000001,246.6,43.0,46.0,48.0,60.0,30.0,46.0
2022-10-11 22:20:00,1,3.8,243.8,-10.8,20.0,0.0163414634146341,8.6,985.4,7.5,254.6,43.0,45.0,47.0,58.0,30.0,46.0
2022-10-11 22:30:00,1,5.3,223.3,-22.6,20.0,0.1130243902439024,11.5,1307.4,-1.2,245.9,44.0,48.0,46.0,59.0,30.0,46.0
2022-10-11 22:40:00,1,4.0,279.5,29.0,20.0,0.0279024390243902,11.0,1249.9,-0.1,250.4,43.0,47.0,44.0,59.0,30.0,46.0
2022-10-11 22:50:00,1,3.6,262.5,11.0,20.0,0.0052682926829268,10.2,1160.1,3.3,251.5,43.0,46.0,43.0,58.0,30.0,46.0
2022-10-11 23:00:00,1,5.0,241.8,1.8,20.0,0.1002926829268292,11.4,1296.6,-1.0,240.0,43.0,46.0,45.0,58.0,30.0,46.0
2022-10-11 23:10:00,1,6.0,262.8,10.9,20.0,0.1676097560975609,12.0,1362.1,-1.7000000000000002,251.9,45.0,50.0,46.0,60.0,30.0,46.0
2022-10-11 23:20:00,1,5.1,287.2,26.9,20.0,0.0968780487804878,11.4,1291.2,-1.1,260.3,44.0,50.0,45.0,59.0,30.0,46.0
2022-10-11 23:30:00,1,5.6,248.1,-18.8,20.0,0.1223414634146341,11.7,1321.2,-1.4,266.9,44.0,49.0,44.0,58.0,30.0,46.0
2022-10-11 23:40:00,1,6.3,252.8,-2.2,20.0,0.1750731707317073,12.2,1380.9,-1.8,255.0,45.0,51.0,45.0,60.0,31.0,46.0
2022-10-11 23:50:00,1,6.5,254.0,-1.0,20.0,0.1979024390243902,12.6,1428.3,-1.8,255.0,46.0,52.0,46.0,61.0,31.0,46.0
2022-10-12 00:00:00,1,5.3,256.7,-0.7000000000000001,20.0,0.1096585365853658,11.5,1307.6,-1.3,257.5,46.0,51.0,46.0,60.0,31.0,46.0
2022-10-12 00:10:00,1,4.7,264.4,14.3,20.0,0.0736097560975609,11.1,1260.1,-0.8,250.1,45.0,50.0,45.0,59.0,31.0,46.0
2022-10-12 00:20:00,1,4.7,257.2,7.1,20.0,0.0866829268292682,11.4,1295.7,-0.5,250.1,45.0,49.0,45.0,59.0,31.0,46.0
2022-10-12 00:30:00,1,6.6,260.5,5.5,20.0,0.2086341463414634,12.7,1438.9,-1.9,255.0,46.0,52.0,47.0,61.0,31.0,46.0
2022-10-12 00:40:00,1,6.1,267.8,18.7,20.0,0.1723414634146341,12.1,1373.0,-1.7000000000000002,249.0,47.0,52.0,48.0,61.0,31.0,46.0
2022-10-12 00:50:00,1,5.9,235.4,-13.6,20.0,0.1442439024390243,11.9,1353.2,-1.5,249.0,47.0,52.0,48.0,61.0,31.0,46.0
2022-10-12 01:00:00,1,6.4,249.2,0.2,20.0,0.1865365853658536,12.4,1404.3,-1.9,249.0,47.0,53.0,48.0,62.0,31.0,46.0
2022-10-12 01:10:00,1,6.3,242.8,10.2,20.0,0.1946829268292683,12.4,1402.6,-1.7000000000000002,232.6,47.0,53.0,49.0,62.0,31.0,46.0
2022-10-12 01:20:00,1,6.2,261.2,19.6,20.0,0.1796585365853658,12.3,1388.9,-1.7000000000000002,241.7,47.0,53.0,48.0,62.0,31.0,46.0
2022-10-12 01:30:00,1,6.6,239.1,5.8,20.0,0.2104390243902439,12.7,1438.8,-1.9,233.3,48.0,54.0,49.0,63.0,31.0,46.0
2022-10-12 01:40:00,1,5.9,222.7,-7.4,20.0,0.1596585365853658,11.8,1338.5,-1.7000000000000002,230.1,48.0,53.0,48.0,61.0,31.0,46.0
2022-10-12 01:50:00,1,6.3,223.4,-9.8,20.0,0.1875121951219512,12.4,1405.7,-1.8,233.3,48.0,53.0,48.0,61.0,31.0,46.0
2022-10-12 02:00:00,1,5.9,231.6,6.4,20.0,0.1553658536585365,11.8,1337.1,-1.7000000000000002,225.2,48.0,53.0,49.0,62.0,31.0,46.0
2022-10-12 02:10:00,1,5.6,230.0,4.7,20.0,0.1588780487804878,12.0,1364.4,-1.2,225.2,47.0,52.0,49.0,62.0,31.0,46.0
2022-10-12 02:20:00,1,6.5,214.4,-17.5,20.0,0.1992682926829268,12.5,1412.1,-1.9,231.9,48.0,53.0,50.0,63.0,31.0,46.0
2022-10-12 02:30:00,1,6.2,251.5,19.6,20.0,0.1910731707317073,12.3,1388.4,-1.7000000000000002,231.9,48.0,54.0,50.0,63.0,31.0,46.0
2022-10-12 02:40:00,1,6.9,237.0,5.1,20.0,0.2468780487804878,13.0,1474.5,-2.0,231.9,49.0,54.0,50.0,63.0,31.0,46.0
2022-10-12 02:50:00,1,6.5,243.2,17.6,20.0,0.2165365853658536,12.7,1437.9,-1.8,225.6,49.0,54.0,51.0,63.0,31.0,46.0
2022-10-12 03:00:00,1,6.2,241.0,15.7,20.0,0.1800975609756097,12.2,1377.7,-1.7000000000000002,225.2,49.0,54.0,50.0,62.0,31.0,46.0
2022-10-12 03:10:00,1,5.9,241.7,10.2,20.0,0.1594146341463414,11.9,1345.7,-1.6,231.5,48.0,53.0,49.0,61.0,31.0,46.0
2022-10-12 03:20:00,1,7.0,250.1,10.5,20.0,0.2599024390243902,13.1,1478.9,-2.0,239.6,49.0,54.0,50.0,62.0,31.0,46.0
2022-10-12 03:30:00,1,7.7,220.5,-12.4,20.0,0.3402926829268293,13.7,1556.4,-2.1,232.9,50.0,56.0,52.0,64.0,31.0,46.0
2022-10-12 03:40:00,1,6.0,227.5,-5.4,20.0,0.1599512195121951,12.1,1366.2,-1.6,232.9,50.0,55.0,52.0,64.0,31.0,46.0
2022-10-12 03:50:00,1,5.6,221.2,-4.4,20.0,0.1366341463414634,11.6,1314.4,-1.5,225.6,49.0,53.0,51.0,60.0,32.0,46.0
2022-10-12 04:00:00,1,7.5,220.5,-5.4,20.0,0.324780487804878,13.6,1537.7,-2.1,225.9,50.0,55.0,52.0,62.0,31.0,46.0
2022-10-12 04:10:00,1,7.8,212.2,-6.4,20.0,0.3937560975609756,13.8,1560.4,-2.1,218.6,51.0,57.0,53.0,64.0,31.0,46.0
2022-10-12 04:20:00,1,7.1,235.5,9.6,20.0,0.2762926829268292,13.1,1485.6,-2.0,225.9,51.0,57.0,54.0,65.0,32.0,46.0
2022-10-12 04:30:00,1,9.0,231.6,10.5,20.0,0.5589268292682926,14.3,1620.4,-1.7000000000000002,221.0,52.0,58.0,55.0,65.0,32.0,46.0
2022-10-12 04:40:00,1,8.3,205.4,-22.6,20.0,0.4299512195121951,13.9,1570.7,-1.9,228.0,53.0,59.0,56.0,67.0,32.0,46.0
2022-10-12 04:50:00,1,9.1,216.6,-4.4,20.0,0.5570731707317074,14.3,1624.4,-1.6,221.0,54.0,59.0,57.0,67.0,32.0,46.0
2022-10-12 05:00:00,1,10.0,202.6,-18.4,20.0,0.6985365853658536,14.6,1650.9,-1.1,221.0,55.0,61.0,58.0,69.0,32.0,46.0
2022-10-12 05:10:00,1,8.8,202.7,-18.3,20.0,0.5024390243902439,14.4,1632.9,-2.0,221.0,56.0,61.0,59.0,70.0,32.0,46.0
2022-10-12 05:20:00,1,8.7,218.9,5.6,20.0,0.5049756097560976,14.4,1628.2,-2.0,213.3,56.0,61.0,60.0,70.0,32.0,46.0
2022-10-12 05:30:00,1,8.6,216.7,3.4,20.0,0.4854146341463414,14.3,1619.4,-2.0,213.3,56.0,61.0,62.0,71.0,33.0,46.0
2022-10-12 05:40:00,1,8.9,229.9,16.6,20.0,0.4874634146341463,14.3,1621.2,-1.8,213.3,57.0,61.0,63.0,72.0,33.0,46.0
2022-10-12 05:50:00,1,7.8,205.1,-8.2,20.0,0.3645365853658536,13.9,1574.7,-2.1,213.3,56.0,60.0,64.0,72.0,33.0,46.0
2022-10-12 06:00:00,1,9.2,216.9,3.6,20.0,0.5824878048780487,14.4,1628.1,-1.7000000000000002,213.3,56.0,61.0,64.0,72.0,33.0,46.0
2022-10-12 06:10:00,1,10.1,214.2,0.8,20.0,0.7129268292682926,14.5,1641.0,-0.9,213.3,54.0,62.0,65.0,73.0,33.0,46.0
2022-10-12 06:20:00,1,9.9,240.4,19.4,19.0,0.6915121951219512,14.5,1647.5,-1.2,221.0,54.0,62.0,65.0,74.0,33.0,46.0
2022-10-12 06:30:00,1,9.9,214.6,-0.1,19.0,0.6718536585365853,14.5,1644.9,-1.0,214.7,53.0,62.0,65.0,74.0,33.0,46.0
2022-10-12 06:40:00,1,10.8,212.0,5.7,19.0,0.8034146341463415,14.7,1664.4,0.0,206.3,54.0,62.0,66.0,75.0,32.0,46.0
2022-10-12 06:50:00,1,10.2,192.2,-14.1,19.0,0.7335609756097561,14.6,1651.5,-0.7000000000000001,206.3,53.0,62.0,66.0,76.0,33.0,46.0
2022-10-12 07:00:00,1,8.7,200.0,-6.3,19.0,0.5511219512195121,13.9,1573.5,-1.4,206.3,53.0,61.0,65.0,76.0,33.0,46.0
2022-10-12 07:10:00,1,10.5,192.1,-14.2,19.0,0.771219512195122,14.6,1656.7,0.0,206.3,53.0,61.0,66.0,77.0,33.0,47.0
2022-10-12 07:20:00,1,11.2,210.0,3.7,19.0,0.8782926829268293,14.7,1670.0,0.6000000000000001,206.3,53.0,62.0,67.0,78.0,32.0,47.0
2022-10-12 07:30:00,1,10.5,205.3,-1.0,19.0,0.7815121951219511,14.6,1657.2,-0.6000000000000001,206.3,53.0,63.0,68.0,79.0,33.0,47.0
2022-10-12 07:40:00,1,10.9,199.1,-7.2,19.0,0.7973658536585365,14.6,1655.6,0.5,206.3,54.0,63.0,68.0,80.0,32.0,47.0
2022-10-12 07:50:00,1,10.3,197.4,-8.9,19.0,0.7408780487804878,14.5,1647.8,-0.3,206.3,53.0,63.0,68.0,81.0,33.0,47.0
2022-10-12 08:00:00,1,10.2,212.3,6.0,19.0,0.7514634146341463,14.6,1655.1,-0.9,206.3,53.0,62.0,69.0,82.0,32.0,48.0
2022-10-12 08:10:00,1,10.7,210.8,5.2,19.0,0.7983902439024391,14.7,1664.1,-0.2,205.6,54.0,63.0,69.0,83.0,32.0,48.0
2022-10-12 08:20:00,1,10.3,202.5,-3.1,19.0,0.793609756097561,14.6,1656.3,-0.5,205.6,54.0,63.0,69.0,83.0,32.0,48.0
2022-10-12 08:30:00,1,11.4,184.7,-20.1,19.0,0.8737560975609756,14.7,1664.9,1.3,204.9,54.0,63.0,69.0,84.0,33.0,48.0
2022-10-12 08:40:00,1,11.8,181.7,-23.2,19.0,0.900829268292683,14.7,1671.0,1.9,204.9,54.0,64.0,70.0,85.0,33.0,48.0
2022-10-12 08:50:00,1,10.7,212.3,14.4,19.0,0.8179512195121951,14.7,1662.5,0.0,197.9,54.0,64.0,70.0,85.0,33.0,48.0
2022-10-12 09:00:00,1,11.9,206.7,9.5,19.0,0.9114634146341464,14.8,1675.3,2.4,197.2,55.0,64.0,70.0,86.0,33.0,49.0
2022-10-12 09:10:00,1,12.7,203.9,-1.3,18.0,0.9069756097560976,14.8,1671.2,4.3,205.2,55.0,64.0,70.0,86.0,33.0,49.0
2022-10-12 09:20:00,1,13.8,198.4,-6.8,18.0,0.9621463414634148,14.8,1677.4,7.8,205.2,55.0,64.0,71.0,87.0,34.0,49.0
2022-10-12 09:30:00,1,12.8,189.7,-15.5,17.0,0.9477560975609756,14.8,1675.5,5.1,205.2,55.0,65.0,71.0,88.0,34.0,50.0
2022-10-12 09:40:00,1,13.2,212.8,7.5,17.0,0.9665365853658536,14.8,1680.7,6.2,205.2,55.0,64.0,72.0,88.0,34.0,50.0
2022-10-12 09:50:00,1,13.6,215.6,17.0,17.0,0.9700487804878049,14.8,1678.6,6.7,198.6,56.0,65.0,74.0,89.0,34.0,51.0
2022-10-12 10:00:00,1,14.1,207.9,-0.5,18.0,0.9726341463414636,14.8,1680.5,8.1,208.4,56.0,65.0,76.0,90.0,34.0,51.0
2022-10-12 10:10:00,1,13.5,199.8,-0.9,17.0,0.971609756097561,14.8,1680.3,6.5,200.7,56.0,65.0,77.0,90.0,34.0,52.0
2022-10-12 10:20:00,1,12.9,199.9,-0.7000000000000001,17.0,0.9650243902439024,14.8,1680.9,5.5,200.7,56.0,65.0,76.0,91.0,34.0,52.0
2022-10-12 10:30:00,1,13.2,211.5,10.8,17.0,0.9689756097560976,14.8,1679.7,6.2,200.7,56.0,65.0,77.0,91.0,34.0,53.0
2022-10-12 10:40:00,1,12.1,215.8,14.8,17.0,0.9641951219512196,14.8,1678.5,4.4,201.0,56.0,65.0,76.0,92.0,34.0,53.0
2022-10-12 10:50:00,1,12.5,201.3,0.6000000000000001,18.0,0.9657073170731708,14.8,1677.8,4.6,200.7,57.0,65.0,76.0,92.0,34.0,48.0
2022-10-12 11:00:00,1,12.0,214.9,14.2,18.0,0.938878048780488,14.8,1673.1,3.4,200.7,57.0,65.0,76.0,92.0,34.0,42.0
2022-10-12 11:10:00,1,10.9,210.1,9.4,18.0,0.8652195121951219,14.7,1661.5,1.3,200.7,56.0,65.0,75.0,92.0,33.0,45.0
2022-10-12 11:20:00,1,11.9,185.0,-15.7,18.0,0.8908780487804878,14.6,1659.3,3.3,200.7,56.0,64.0,75.0,92.0,33.0,46.0
2022-10-12 11:30:00,1,12.1,201.9,1.2,17.0,0.9393658536585366,14.8,1672.4,3.9,200.7,56.0,65.0,75.0,92.0,33.0,47.0
2022-10-12 11:40:00,1,12.2,238.7,38.0,17.0,0.9665365853658536,14.8,1677.2,4.4,200.7,56.0,65.0,75.0,92.0,34.0,48.0
2022-10-12 11:50:00,1,11.6,194.2,-6.5,17.0,0.9122439024390244,14.8,1671.7,2.0,200.7,56.0,65.0,75.0,92.0,33.0,49.0
2022-10-12 12:00:00,1,12.7,183.9,-16.8,18.0,0.9421951219512196,14.8,1676.2,4.7,200.7,56.0,65.0,75.0,91.0,33.0,50.0
2022-10-12 12:10:00,1,13.6,201.1,0.4,17.0,0.9670243902439024,14.8,1680.6,6.8,200.7,56.0,65.0,75.0,91.0,34.0,50.0
2022-10-12 12:20:00,1,13.0,202.8,2.1,17.0,0.9735121951219512,14.8,1680.2,5.5,200.7,57.0,65.0,75.0,92.0,34.0,51.0
2022-10-12 12:30:00,1,13.3,187.8,-12.9,17.0,0.9641463414634146,14.8,1676.9,6.4,200.7,57.0,65.0,75.0,92.0,34.0,52.0
2022-10-12 12:40:00,1,12.7,195.4,-5.3,17.0,0.956780487804878,14.8,1675.5,5.5,200.7,57.0,65.0,75.0,92.0,34.0,52.0
2022-10-12 12:50:00,1,10.4,200.3,-8.8,17.0,0.8608292682926829,14.6,1656.2,1.0,209.1,56.0,65.0,75.0,92.0,33.0,52.0
2022-10-12 13:00:00,1,12.3,220.9,11.8,17.0,0.910780487804878,14.8,1672.7,4.5,209.1,56.0,64.0,75.0,91.0,34.0,53.0
2022-10-12 13:10:00,1,13.0,204.8,3.7,17.0,0.9611219512195122,14.8,1678.9,5.1,201.0,56.0,65.0,75.0,91.0,33.0,53.0
2022-10-12 13:20:00,1,12.5,210.2,9.2,17.0,0.9365853658536586,14.8,1673.4,3.7,201.0,56.0,65.0,75.0,91.0,33.0,53.0
2022-10-12 13:30:00,1,13.5,209.8,8.8,18.0,0.9733658536585368,14.8,1680.3,6.9,201.0,57.0,65.0,75.0,91.0,34.0,48.0
2022-10-12 13:40:00,1,15.3,201.2,0.1,18.0,0.9755609756097562,14.8,1681.5,10.5,201.0,55.0,65.0,75.0,91.0,36.0,42.0
2022-10-12 13:50:00,1,14.6,187.9,-13.5,18.0,0.9745853658536586,14.8,1681.2,9.0,201.4,53.0,65.0,75.0,92.0,36.0,45.0
2022-10-12 14:00:00,1,15.3,220.7,19.3,18.0,0.9753170731707318,14.8,1680.7,10.3,201.4,53.0,64.0,75.0,92.0,36.0,47.0
2022-10-12 14:10:00,1,14.1,195.8,-5.6,18.0,0.974829268292683,14.8,1681.5,8.4,201.4,52.0,64.0,75.0,92.0,36.0,48.0
2022-10-12 14:20:00,1,12.7,210.4,15.7,18.0,0.958,14.8,1679.4,5.0,194.7,52.0,64.0,75.0,92.0,36.0,49.0
2022-10-12 14:30:00,1,12.2,204.8,3.4,18.0,0.9334634146341464,14.8,1671.9,4.2,201.4,51.0,64.0,75.0,92.0,36.0,49.0
2022-10-12 14:40:00,1,8.8,188.3,-13.0,18.0,0.5589756097560976,13.9,1577.7,-1.3,201.4,52.0,61.0,74.0,91.0,36.0,49.0
2022-10-12 14:50:00,1,10.9,201.0,-0.4,19.0,0.790829268292683,14.6,1656.4,1.0,201.4,56.0,62.0,74.0,90.0,36.0,49.0
2022-10-12 15:00:00,1,12.3,198.2,-11.5,19.0,0.9154146341463414,14.8,1677.0,3.1,209.8,53.0,64.0,74.0,90.0,36.0,49.0
2022-10-12 15:10:00,1,12.5,209.4,7.6,19.0,0.928878048780488,14.8,1678.4,3.4,201.7,52.0,63.0,74.0,90.0,36.0,50.0
2022-10-12 15:20:00,1,13.1,206.6,-3.1,19.0,0.9090243902439024,14.8,1673.6,5.4,209.8,51.0,63.0,74.0,90.0,36.0,50.0
2022-10-12 15:30:00,1,13.2,202.2,-11.4,19.0,0.9594634146341464,14.8,1679.3,6.0,213.6,51.0,63.0,74.0,90.0,36.0,50.0
2022-10-12 15:40:00,1,10.9,207.9,2.3,19.0,0.8242439024390245,14.7,1670.6,0.1,205.6,51.0,63.0,74.0,90.0,36.0,51.0
2022-10-12 15:50:00,1,10.7,209.6,-6.5,19.0,0.8141463414634146,14.7,1666.2,-0.1,216.1,55.0,62.0,74.0,89.0,36.0,51.0
2022-10-12 16:00:00,1,10.2,235.3,19.2,19.0,0.7177560975609757,14.7,1659.8,-1.0,216.1,56.0,63.0,75.0,89.0,36.0,51.0
2022-10-12 16:10:00,1,10.0,202.4,-5.6,19.0,0.7237073170731707,14.6,1655.5,-1.1,208.0,52.0,63.0,75.0,88.0,36.0,51.0
2022-10-12 16:20:00,1,10.2,200.7,-7.4,19.0,0.7567317073170732,14.6,1653.4,-0.8,208.0,51.0,62.0,75.0,88.0,36.0,50.0
2022-10-12 16:30:00,1,7.7,218.7,10.7,19.0,0.399170731707317,13.5,1533.3,-1.8,208.0,53.0,60.0,74.0,87.0,36.0,50.0
2022-10-12 16:40:00,1,8.7,210.6,2.6,19.0,0.4912195121951219,14.4,1625.6,-2.0,208.0,55.0,60.0,73.0,85.0,36.0,50.0
2022-10-12 16:50:00,1,9.3,204.6,-3.4,19.0,0.6320487804878049,14.5,1644.9,-1.8,208.0,56.0,61.0,72.0,84.0,35.0,50.0
2022-10-12 17:00:00,1,7.9,209.7,1.6,20.0,0.3794146341463414,13.6,1545.8,-1.9,208.1,56.0,61.0,71.0,82.0,35.0,49.0
2022-10-12 17:10:00,1,9.1,201.3,-11.3,20.0,0.5515121951219512,14.4,1630.6,-1.7000000000000002,212.6,55.0,62.0,70.0,81.0,35.0,49.0
2022-10-12 17:20:00,1,6.7,213.5,0.6000000000000001,20.0,0.2428292682926829,12.7,1441.0,-1.9,213.0,52.0,59.0,68.0,78.0,35.0,49.0
2022-10-12 17:30:00,1,8.3,230.4,-0.4,20.0,0.4700975609756098,14.1,1598.6,-2.1,230.8,55.0,59.0,67.0,76.0,35.0,49.0
2022-10-12 17:40:00,1,8.0,243.1,12.2,21.0,0.4151707317073171,13.9,1569.2,-2.0,230.8,56.0,60.0,67.0,75.0,35.0,49.0
2022-10-12 17:50:00,1,7.3,242.8,2.2,21.0,0.2988292682926829,13.4,1522.4,-2.1,240.7,56.0,60.0,66.0,73.0,35.0,49.0
2022-10-12 18:00:00,1,5.6,239.3,-1.4,21.0,0.14,11.8,1332.8,-1.4,240.7,55.0,58.0,64.0,68.0,35.0,48.0
2022-10-12 18:10:00,1,5.3,227.5,-13.1,20.0,0.1044390243902439,11.5,1301.1,-1.3,240.7,54.0,55.0,60.0,63.0,35.0,48.0
2022-10-12 18:20:00,1,7.0,265.2,9.8,20.0,0.3206829268292683,12.5,1419.7,-1.3,255.3,53.0,55.0,57.0,59.0,34.0,48.0
2022-10-12 18:30:00,1,7.3,250.2,16.4,19.0,0.306,13.2,1499.7,-1.8,233.7,55.0,59.0,59.0,60.0,34.0,48.0
2022-10-12 18:40:00,1,5.3,270.3,-13.1,19.0,0.0838536585365853,11.5,1299.9,-1.3,283.4,53.0,55.0,58.0,58.0,33.0,48.0
2022-10-12 18:50:00,1,6.1,270.6,2.6,19.0,0.1594634146341463,12.3,1394.2,-1.6,268.0,52.0,54.0,57.0,55.0,33.0,48.0
2022-10-12 19:00:00,1,7.4,228.7,-19.0,19.0,0.3224390243902439,13.5,1523.6,-2.0,247.6,53.0,57.0,58.0,54.0,33.0,47.0
2022-10-12 19:10:00,1,7.2,232.8,1.3,20.0,0.2970731707317073,13.4,1519.9,-2.1,231.5,54.0,58.0,58.0,53.0,33.0,47.0
2022-10-12 19:20:00,1,7.1,216.1,-15.4,20.0,0.259170731707317,13.3,1504.2,-2.1,231.5,54.0,57.0,58.0,52.0,33.0,47.0
2022-10-12 19:30:00,1,5.2,233.1,8.6,20.0,0.1028780487804878,11.4,1291.8,-1.2,224.5,53.0,55.0,57.0,58.0,33.0,47.0
2022-10-12 19:40:00,1,7.0,222.1,6.3,20.0,0.3108292682926829,13.0,1476.0,-1.9,215.8,53.0,56.0,55.0,64.0,33.0,47.0
2022-10-12 19:50:00,1,8.0,226.7,-3.0,20.0,0.4363414634146341,14.1,1599.3,-2.2,229.8,54.0,59.0,56.0,69.0,33.0,47.0
2022-10-12 20:00:00,1,8.0,240.3,10.5,20.0,0.4195121951219512,14.1,1596.5,-2.2,229.8,55.0,59.0,57.0,72.0,33.0,47.0
2022-10-12 20:10:00,1,7.7,233.4,-3.4,20.0,0.352390243902439,13.9,1571.1,-2.2,236.8,55.0,59.0,57.0,73.0,33.0,47.0
2022-10-12 20:20:00,1,7.7,233.4,-3.4,20.0,0.354,13.9,1570.0,-2.2,236.8,55.0,59.0,57.0,73.0,33.0,47.0
2022-10-12 20:30:00,1,7.1,247.4,10.5,20.0,0.3091219512195122,13.3,1502.7,-2.1,236.8,55.0,59.0,57.0,73.0,33.0,47.0
2022-10-12 20:40:00,1,7.1,245.2,1.4,20.0,0.2640975609756097,13.1,1485.4,-2.0,243.8,55.0,58.0,57.0,72.0,33.0,47.0
2022-10-12 20:50:00,1,7.7,226.3,-8.4,20.0,0.3341951219512195,13.9,1574.7,-2.2,234.7,55.0,59.0,57.0,73.0,33.0,46.0
2022-10-12 21:00:00,1,7.3,241.6,14.6,20.0,0.3185853658536585,13.4,1512.9,-2.1,227.0,55.0,59.0,57.0,73.0,33.0,46.0
2022-10-12 21:10:00,1,7.3,223.0,-12.4,20.0,0.3154146341463414,13.5,1523.5,-2.1,235.4,55.0,59.0,57.0,73.0,33.0,46.0
2022-10-12 21:20:00,1,6.5,262.9,27.5,20.0,0.2319024390243902,12.5,1411.4,-1.9,235.4,55.0,58.0,56.0,72.0,33.0,46.0
2022-10-12 21:30:00,1,6.8,235.6,-10.3,20.0,0.2485853658536585,12.8,1455.1,-2.0,245.9,54.0,57.0,55.0,71.0,33.0,46.0
2022-10-12 21:40:00,1,7.0,250.4,4.5,21.0,0.2869756097560975,13.1,1484.1,-2.0,245.9,55.0,58.0,55.0,71.0,33.0,46.0
2022-10-12 21:50:00,1,6.1,231.3,-14.6,21.0,0.1771219512195122,12.1,1365.3,-1.7000000000000002,245.9,54.0,57.0,55.0,70.0,33.0,46.0
2022-10-12 22:00:00,1,6.9,229.5,-16.4,20.0,0.2375609756097561,13.0,1471.3,-2.0,245.9,54.0,57.0,54.0,70.0,33.0,46.0
2022-10-12 22:10:00,1,6.5,237.3,1.1,20.0,0.2128780487804878,12.5,1414.4,-1.9,236.1,54.0,57.0,55.0,70.0,33.0,46.0
2022-10-12 22:20:00,1,6.3,252.0,6.5,21.0,0.2202926829268292,12.5,1415.4,-1.7000000000000002,245.5,54.0,57.0,55.0,70.0,33.0,46.0
2022-10-12 22:30:00,1,7.2,228.4,-17.2,21.0,0.288390243902439,13.2,1497.9,-2.0,245.5,54.0,57.0,55.0,69.0,33.0,46.0
2022-10-12 22:40:00,1,5.1,272.2,19.6,20.0,0.1056097560975609,11.5,1297.5,-1.0,252.6,53.0,56.0,53.0,69.0,33.0,46.0
2022-10-12 22:50:00,1,4.9,268.0,14.7,20.0,0.0853658536585365,11.3,1275.5,-1.0,253.2,52.0,54.0,51.0,67.0,33.0,46.0
2022-10-12 23:00:00,1,4.9,250.2,8.2,20.0,0.0939512195121951,11.2,1268.5,-1.0,242.1,51.0,53.0,49.0,65.0,33.0,46.0
2022-10-12 23:10:00,1,6.4,248.7,6.7,20.0,0.194,12.4,1402.0,-1.8,242.1,51.0,54.0,48.0,65.0,32.0,46.0
2022-10-12 23:20:00,1,7.7,224.7,-17.4,20.0,0.3276585365853658,13.8,1558.1,-2.1,242.1,52.0,56.0,51.0,67.0,32.0,46.0
2022-10-12 23:30:00,1,7.2,251.6,9.6,20.0,0.3059024390243902,13.3,1503.1,-2.0,242.1,53.0,58.0,53.0,69.0,32.0,46.0
2022-10-12 23:40:00,1,5.9,251.8,9.7,19.0,0.1699024390243902,12.1,1368.3,-1.5,242.1,52.0,56.0,52.0,68.0,32.0,46.0
2022-10-12 23:50:00,1,5.9,257.0,-9.3,19.0,0.1668780487804878,11.8,1333.5,-1.6,266.3,51.0,54.0,50.0,65.0,32.0,46.0
2022-10-13 00:00:00,1,7.2,295.9,12.5,18.0,0.2558048780487805,13.3,1507.0,-2.0,283.4,52.0,56.0,51.0,66.0,31.0,46.0
2022-10-13 00:10:00,1,7.3,282.3,7.0,18.0,0.2824390243902439,13.3,1509.6,-2.1,275.3,52.0,56.0,53.0,67.0,31.0,46.0
2022-10-13 00:20:00,1,7.9,279.6,4.6,18.0,0.4011219512195121,14.0,1582.8,-2.2,275.0,53.0,57.0,54.0,68.0,31.0,45.0
2022-10-13 00:30:00,1,7.4,258.8,-22.8,18.0,0.3015609756097561,13.5,1526.8,-2.1,281.6,53.0,58.0,55.0,69.0,30.0,45.0
2022-10-13 00:40:00,1,6.9,282.5,8.2,17.0,0.2843414634146341,13.0,1473.8,-2.0,274.3,53.0,57.0,54.0,68.0,30.0,45.0
2022-10-13 00:50:00,1,7.3,278.6,-3.4,17.0,0.3053170731707317,13.5,1533.9,-2.1,282.0,53.0,57.0,54.0,68.0,30.0,45.0
2022-10-13 01:00:00,1,7.1,296.5,14.5,18.0,0.248780487804878,13.3,1502.3,-2.0,282.0,53.0,56.0,54.0,68.0,30.0,45.0
2022-10-13 01:10:00,1,5.9,251.5,-14.4,18.0,0.1541463414634146,11.9,1352.0,-1.6,265.9,52.0,55.0,53.0,67.0,30.0,45.0
2022-10-13 01:20:00,1,7.3,257.7,-0.1,17.0,0.3301463414634146,13.3,1505.4,-1.9,257.8,52.0,55.0,53.0,66.0,30.0,45.0
2022-10-13 01:30:00,1,7.4,288.4,24.6,17.0,0.3381463414634146,13.4,1515.3,-2.1,263.8,53.0,57.0,54.0,67.0,30.0,45.0
2022-10-13 01:40:00,1,5.6,282.5,9.2,17.0,0.1268292682926829,11.7,1327.1,-1.4,273.3,52.0,55.0,54.0,66.0,30.0,45.0
2022-10-13 01:50:00,1,3.1,280.8,-7.2,17.0,-0.0124390243902439,3.7,420.8,41.0,288.0,50.0,49.0,51.0,62.0,29.0,45.0
2022-10-13 02:00:00,1,3.2,263.3,-17.5,17.0,-0.0121951219512195,2.3,256.3,24.0,280.9,49.0,46.0,47.0,56.0,29.0,44.0
2022-10-13 02:10:00,1,2.4,238.0,-14.2,17.0,-0.0081951219512195,1.6,198.5,24.0,252.2,48.0,43.0,43.0,52.0,28.0,45.0
2022-10-13 02:20:00,1,2.0,287.8,35.6,17.0,-0.0074146341463414,0.6000000000000001,137.8,24.0,252.2,47.0,41.0,40.0,48.0,28.0,45.0
2022-10-13 02:30:00,1,2.2,242.3,-9.9,17.0,-0.005170731707317,0.0,27.5,24.0,252.2,46.0,40.0,38.0,46.0,28.0,45.0
2022-10-13 02:40:00,1,2.5,156.7,-95.5,17.0,-0.0050731707317073,0.0,13.2,24.0,252.2,45.0,39.0,36.0,43.0,28.0,45.0
2022-10-13 02:50:00,1,2.7,181.0,-71.2,17.0,-0.0054634146341463,0.2,91.2,24.0,252.2,44.0,39.0,35.0,41.0,28.0,45.0
2022-10-13 03:00:00,1,2.7,198.1,-12.0,17.0,-0.0054146341463414,1.9,210.7,24.0,210.1,45.0,40.0,33.0,39.0,27.0,45.0
2022-10-13 03:10:00,1,2.5,179.4,-11.1,17.0,-0.0050243902439024,1.7000000000000002,198.3,24.0,190.5,46.0,40.0,32.0,37.0,27.0,45.0
2022-10-13 03:20:00,1,2.5,209.2,18.7,17.0,-0.005170731707317,1.4,184.4,24.0,190.5,46.0,39.0,31.0,36.0,27.0,46.0
2022-10-13 03:30:00,1,2.8,231.7,41.1,17.0,-0.0052682926829268,1.5,218.1,24.0,190.6,45.0,39.0,31.0,34.0,27.0,46.0
2022-10-13 03:40:00,1,3.1,214.9,-12.8,17.0,-0.005170731707317,2.3,259.7,24.0,227.6,45.0,39.0,30.0,33.0,27.0,46.0
2022-10-13 03:50:00,1,3.8,189.1,-11.9,17.0,0.018390243902439,9.3,1056.3,4.3,201.0,44.0,41.0,30.0,36.0,27.0,46.0
2022-10-13 04:00:00,1,3.0,209.9,9.2,17.0,-0.0051219512195121,8.4,955.0,8.4,200.6,43.0,42.0,30.0,44.0,27.0,45.0
2022-10-13 04:10:00,1,3.2,205.8,22.3,17.0,-0.0040975609756097,6.8,763.7,13.3,183.5,43.0,42.0,30.0,46.0,27.0,45.0
2022-10-13 04:20:00,1,2.9,136.1,-27.1,17.0,-0.0052195121951219,5.8,657.0,14.6,163.2,43.0,42.0,32.0,47.0,27.0,44.0
2022-10-13 04:30:00,1,2.9,230.2,51.3,17.0,-0.0045365853658536,4.3,487.5,17.4,178.9,42.0,41.0,32.0,44.0,27.0,44.0
2022-10-13 04:40:00,1,2.9,164.0,4.3,17.0,-0.0042439024390243,3.5,392.0,21.1,159.7,42.0,42.0,33.0,44.0,27.0,44.0
2022-10-13 04:50:00,1,2.9,162.2,2.4,17.0,-0.0041951219512195,2.3,261.0,24.0,159.7,42.0,41.0,32.0,40.0,27.0,45.0
2022-10-13 05:00:00,1,4.1,184.8,-4.4,17.0,0.0345365853658536,6.9,784.6,10.7,189.1,42.0,42.0,32.0,39.0,27.0,45.0
2022-10-13 05:10:00,1,4.3,216.0,2.0,18.0,0.0530243902439024,11.1,1251.8,-0.5,214.0,43.0,45.0,36.0,47.0,28.0,45.0
2022-10-13 05:20:00,1,3.7,224.6,-1.1,18.0,0.0228780487804878,10.9,1230.1,0.1,225.7,43.0,45.0,38.0,52.0,28.0,45.0
2022-10-13 05:30:00,1,4.3,312.0,10.7,18.0,0.0444878048780487,8.5,963.0,6.6,301.3,42.0,45.0,39.0,52.0,28.0,45.0
2022-10-13 05:40:00,1,4.2,353.1,15.7,17.0,0.0405365853658536,11.0,1247.5,-0.4,337.4,43.0,46.0,42.0,55.0,28.0,45.0
2022-10-13 05:50:00,1,2.5,41.8,37.4,17.0,-0.0056585365853658,1.9,263.2,22.5,4.3,42.0,44.0,41.0,54.0,28.0,45.0
2022-10-13 06:00:00,1,1.4,91.9,110.3,17.0,-0.0049268292682926,0.0,38.1,24.0,341.6,41.0,43.0,38.0,49.0,27.0,46.0
2022-10-13 06:10:00,1,1.5,337.2,-4.4,17.0,-0.0048292682926829,0.0,32.1,24.0,341.6,41.0,41.0,36.0,46.0,27.0,46.0
2022-10-13 06:20:00,1,1.7000000000000002,11.4,29.8,17.0,-0.0048780487804878,0.0,81.3,24.0,341.6,40.0,40.0,34.0,43.0,26.0,46.0
2022-10-13 06:30:00,1,2.4,269.9,-71.7,17.0,-0.0049268292682926,0.0,101.9,24.0,341.6,40.0,39.0,33.0,40.0,26.0,46.0
2022-10-13 06:40:00,1,2.1,278.4,-63.2,17.0,-0.0048780487804878,0.0,77.1,24.0,341.6,39.0,39.0,31.0,38.0,26.0,46.0
2022-10-13 06:50:00,1,1.6,295.5,-46.0,17.0,-0.0048292682926829,0.0,77.8,24.0,341.6,39.0,38.0,30.0,36.0,26.0,46.0
2022-10-13 07:00:00,1,1.1,283.4,-58.2,17.0,-0.0048780487804878,0.0,24.7,24.0,341.6,39.0,38.0,29.0,35.0,26.0,46.0
2022-10-13 07:10:00,1,1.0,293.9,-47.7,17.0,-0.0039024390243902,0.0,0.0,24.0,341.6,38.0,37.0,28.0,34.0,26.0,46.0
2022-10-13 07:20:00,1,1.1,300.9,-40.6,17.0,-0.0036585365853658,0.0,0.0,24.0,341.6,38.0,36.0,28.0,33.0,26.0,46.0
2022-10-13 07:30:00,1,1.5,65.7,84.1,17.0,-0.0036097560975609,0.0,4.3,24.0,341.6,38.0,36.0,28.0,32.0,26.0,46.0
2022-10-13 07:40:00,1,1.8,346.9,5.2,18.0,-0.0036585365853658,0.0,6.1,24.0,341.6,37.0,36.0,28.0,31.0,26.0,46.0
2022-10-13 07:50:00,1,1.8,307.2,-34.4,18.0,-0.0037073170731707,0.0,1.1,24.0,341.6,36.0,35.0,28.0,31.0,26.0,46.0
2022-10-13 08:00:00,1,2.2,264.6,-77.0,18.0,-0.0038048780487804,0.0,5.3,37.9,341.6,36.0,35.0,28.0,30.0,26.0,47.0
2022-10-13 08:10:00,1,1.6,303.7,-37.9,18.0,-0.0028292682926829,0.0,0.0,89.6,341.6,36.0,34.0,28.0,30.0,26.0,46.0
2022-10-13 08:20:00,1,1.4,267.8,-73.7,18.0,-0.0027317073170731,0.0,0.2,89.6,341.6,35.0,34.0,27.0,29.0,26.0,46.0
2022-10-13 08:30:00,1,0.9,310.5,-31.1,18.0,-0.003560975609756,0.0,0.0,50.1,341.6,35.0,34.0,27.0,29.0,25.0,45.0
2022-10-13 08:40:00,1,0.8,325.9,-15.6,18.0,-0.0036097560975609,0.0,0.0,24.0,341.6,35.0,33.0,27.0,29.0,25.0,44.0
2022-10-13 08:50:00,1,1.1,299.6,-41.9,18.0,-0.0036097560975609,0.0,1.0,24.0,341.6,34.0,33.0,27.0,28.0,25.0,45.0
2022-10-13 09:00:00,1,0.9,282.6,-59.0,17.0,-0.0036097560975609,0.0,0.0,24.0,341.6,34.0,33.0,27.0,28.0,25.0,45.0
2022-10-13 09:10:00,1,0.8,258.9,-82.7,17.0,-0.0029268292682926,0.0,0.0,24.0,341.6,34.0,32.0,27.0,27.0,26.0,45.0
2022-10-13 09:20:00,1,0.8,61.9,80.3,18.0,-0.0028780487804878,0.0,0.0,24.0,341.6,33.0,32.0,27.0,27.0,26.0,46.0
2022-10-13 09:30:00,1,0.9,191.1,-150.5,18.0,-0.0029756097560975,0.0,0.0,24.0,341.6,33.0,32.0,26.0,27.0,26.0,46.0
2022-10-13 09:40:00,1,1.2,149.6,167.9,18.0,-0.0028780487804878,0.0,0.0,24.0,341.6,33.0,31.0,26.0,27.0,26.0,46.0
2022-10-13 09:50:00,1,1.3,221.9,-119.7,19.0,-0.0028780487804878,0.0,0.0,24.0,341.6,33.0,31.0,26.0,26.0,26.0,47.0
2022-10-13 10:00:00,1,1.6,148.3,166.7,18.0,-0.0028780487804878,0.0,16.0,24.0,341.6,33.0,31.0,26.0,26.0,26.0,47.0
2022-10-13 10:10:00,1,1.6,125.1,143.5,19.0,-0.0028780487804878,0.0,27.2,24.0,341.6,34.0,31.0,26.0,26.0,26.0,47.0
2022-10-13 10:20:00,1,1.7000000000000002,287.6,-54.0,18.0,-0.0028780487804878,0.0,0.7000000000000001,24.0,341.6,33.0,31.0,26.0,26.0,26.0,47.0
2022-10-13 10:30:00,1,1.5,159.5,177.9,18.0,-0.0029268292682926,0.0,21.6,24.0,341.6,32.0,31.0,26.0,26.0,26.0,48.0
2022-10-13 10:40:00,1,1.6,292.0,-49.5,18.0,-0.0028780487804878,0.0,16.1,24.0,341.6,34.0,31.0,26.0,26.0,26.0,48.0
2022-10-13 10:50:00,1,1.0,306.5,-35.1,19.0,-0.0028780487804878,0.0,0.0,24.0,341.6,34.0,31.0,26.0,26.0,26.0,48.0
2022-10-13 11:00:00,1,1.0,98.2,116.6,19.0,-0.0029268292682926,0.0,0.0,24.0,341.6,33.0,31.0,26.0,25.0,26.0,48.0
2022-10-13 11:10:00,1,1.5,110.0,128.4,19.0,-0.0028292682926829,0.0,5.4,24.0,341.6,33.0,31.0,26.0,25.0,26.0,48.0
2022-10-13 11:20:00,1,2.7,171.8,-169.6,19.0,-0.0034634146341463,0.0,61.2,24.0,341.5,34.0,31.0,26.0,25.0,26.0,48.0
2022-10-13 11:30:00,1,3.3,178.1,-77.9,18.0,-0.0036585365853658,2.1,250.7,24.0,256.0,36.0,32.0,26.0,25.0,26.0,49.0
2022-10-13 11:40:00,1,2.3,209.7,6.9,18.0,-0.0030731707317073,1.3,192.0,24.0,202.8,36.0,33.0,26.0,26.0,26.0,49.0
2022-10-13 11:50:00,1,1.6,236.6,33.4,19.0,-0.0029268292682926,0.0,39.8,24.0,203.1,36.0,34.0,26.0,26.0,26.0,49.0
2022-10-13 12:00:00,1,2.1,260.5,57.4,20.0,-0.002390243902439,0.0,3.7,24.0,203.1,35.0,33.0,26.0,26.0,26.0,49.0
2022-10-13 12:10:00,1,2.9,291.0,87.7,19.0,-0.003170731707317,1.1,140.6,24.0,203.3,35.0,33.0,26.0,26.0,27.0,49.0
2022-10-13 12:20:00,1,3.1,284.0,-11.6,20.0,-0.0007317073170731,5.8,661.8,13.7,295.7,36.0,35.0,27.0,26.0,28.0,50.0
2022-10-13 12:30:00,1,3.3,267.6,-35.1,19.0,-0.003170731707317,5.6,634.7,13.7,302.7,37.0,39.0,28.0,27.0,28.0,49.0
2022-10-13 12:40:00,1,2.3,1.9,36.4,19.0,-0.0024878048780487,0.4,135.6,27.4,325.5,37.0,39.0,28.0,28.0,29.0,49.0
2022-10-13 12:50:00,1,3.8,253.1,-74.0,19.0,0.0162926829268292,7.4,864.2,8.4,327.1,37.0,40.0,29.0,28.0,28.0,49.0
2022-10-13 13:00:00,1,4.1,262.4,4.9,20.0,0.0408292682926829,11.0,1250.4,-0.3,257.5,39.0,45.0,33.0,32.0,28.0,49.0
2022-10-13 13:10:00,1,4.0,253.0,-11.8,20.0,0.0356585365853658,11.0,1250.3,-0.1,264.8,40.0,47.0,37.0,44.0,29.0,49.0
2022-10-13 13:20:00,1,4.5,287.7,24.2,20.0,0.0648292682926829,11.1,1261.4,-0.6000000000000001,263.5,41.0,48.0,39.0,50.0,29.0,49.0
2022-10-13 13:30:00,1,5.4,288.2,13.2,20.0,0.1316097560975609,11.6,1310.3,-1.3,275.0,42.0,50.0,42.0,54.0,30.0,49.0
2022-10-13 13:40:00,1,5.4,286.6,2.8,20.0,0.1130731707317073,11.4,1291.5,-1.3,283.7,42.0,50.0,43.0,56.0,29.0,49.0
2022-10-13 13:50:00,1,6.0,247.7,-34.3,20.0,0.1530243902439024,12.0,1360.1,-1.8,282.0,43.0,50.0,44.0,59.0,29.0,49.0
2022-10-13 14:00:00,1,6.1,246.1,-14.2,20.0,0.1828292682926829,12.1,1370.8,-1.7000000000000002,260.3,44.0,51.0,45.0,61.0,29.0,49.0
2022-10-13 14:10:00,1,5.7,272.4,6.1,20.0,0.1612682926829268,11.9,1352.4,-1.5,266.2,45.0,52.0,47.0,62.0,30.0,48.0
2022-10-13 14:20:00,1,6.2,243.1,-23.2,20.0,0.1957560975609756,12.3,1392.0,-1.7000000000000002,266.2,45.0,51.0,47.0,63.0,30.0,48.0
2022-10-13 14:30:00,1,6.9,267.1,2.5,20.0,0.2505365853658536,13.0,1475.6,-2.0,264.5,46.0,54.0,49.0,65.0,30.0,48.0
2022-10-13 14:40:00,1,5.8,271.8,-0.7000000000000001,20.0,0.1444878048780487,11.8,1336.9,-1.6,272.5,46.0,52.0,49.0,65.0,30.0,48.0
2022-10-13 14:50:00,1,5.3,257.9,-22.0,20.0,0.121170731707317,11.5,1300.2,-1.3,279.9,46.0,51.0,48.0,65.0,31.0,48.0
2022-10-13 15:00:00,1,5.4,308.2,14.2,20.0,0.1232195121951219,11.6,1318.7,-1.3,293.9,46.0,51.0,48.0,64.0,31.0,48.0
2022-10-13 15:10:00,1,6.9,295.2,9.6,20.0,0.2474146341463414,13.0,1474.3,-2.0,285.5,47.0,53.0,49.0,66.0,31.0,48.0
2022-10-13 15:20:00,1,6.4,275.0,-16.1,20.0,0.1994634146341463,12.5,1415.8,-1.9,291.1,47.0,54.0,50.0,67.0,31.0,48.0
2022-10-13 15:30:00,1,6.1,319.1,28.0,21.0,0.1687317073170731,12.2,1377.8,-1.7000000000000002,291.1,47.0,53.0,49.0,67.0,31.0,48.0
2022-10-13 15:40:00,1,6.5,262.1,-7.2,20.0,0.2152682926829268,12.6,1423.0,-1.8,269.4,48.0,54.0,50.0,67.0,31.0,48.0
2022-10-13 15:50:00,1,6.5,248.3,-23.5,20.0,0.2104390243902439,12.6,1424.7,-1.9,271.9,48.0,54.0,50.0,67.0,31.0,47.0
2022-10-13 16:00:00,1,6.9,303.3,13.2,20.0,0.2750731707317073,13.0,1473.2,-2.0,290.1,48.0,54.0,50.0,68.0,31.0,47.0
2022-10-13 16:10:00,1,6.6,308.0,13.0,20.0,0.2468780487804878,12.8,1445.9,-1.7000000000000002,295.0,49.0,54.0,50.0,68.0,31.0,47.0
2022-10-13 16:20:00,1,8.3,248.1,-39.9,20.0,0.4263414634146341,14.1,1602.8,-2.1,288.0,50.0,57.0,51.0,70.0,31.0,47.0
2022-10-13 16:30:00,1,7.9,278.9,-9.0,20.0,0.3779024390243902,13.7,1557.0,-2.1,288.0,51.0,57.0,52.0,70.0,31.0,47.0
2022-10-13 16:40:00,1,7.1,265.7,-22.3,20.0,0.2985853658536585,13.1,1486.4,-1.9,288.0,51.0,57.0,54.0,71.0,31.0,47.0
2022-10-13 16:50:00,1,7.2,270.1,-33.9,20.0,0.3136585365853658,13.3,1504.1,-2.0,304.1,51.0,56.0,53.0,70.0,31.0,47.0
2022-10-13 17:00:00,1,8.2,319.1,26.5,20.0,0.4218048780487805,14.1,1596.4,-2.2,292.5,52.0,58.0,55.0,71.0,32.0,47.0
2022-10-13 17:10:00,1,8.3,288.8,2.6,20.0,0.4441463414634146,14.2,1603.2,-2.2,286.2,53.0,59.0,56.0,72.0,32.0,47.0
2022-10-13 17:20:00,1,7.9,307.5,19.6,20.0,0.3944390243902439,13.8,1564.1,-2.1,288.0,53.0,59.0,56.0,72.0,32.0,47.0
2022-10-13 17:30:00,1,8.1,291.7,3.8,20.0,0.4223414634146341,14.1,1600.0,-2.2,288.0,54.0,59.0,57.0,72.0,32.0,47.0
2022-10-13 17:40:00,1,6.8,264.9,-15.3,20.0,0.2729756097560976,13.0,1472.5,-1.9,280.3,53.0,58.0,57.0,72.0,32.0,47.0
2022-10-13 17:50:00,1,7.9,315.0,14.8,20.0,0.3388292682926829,13.9,1574.8,-2.1,300.2,53.0,57.0,56.0,71.0,32.0,47.0
2022-10-13 18:00:00,1,8.0,281.7,-9.4,19.0,0.4047317073170732,13.9,1576.2,-2.1,291.1,54.0,59.0,57.0,72.0,32.0,47.0
2022-10-13 18:10:00,1,6.7,279.0,-12.4,20.0,0.2448292682926829,12.9,1459.0,-1.9,291.5,53.0,57.0,57.0,72.0,32.0,47.0
2022-10-13 18:20:00,1,7.4,320.8,20.6,19.0,0.2974634146341463,13.4,1522.9,-2.1,300.2,54.0,57.0,56.0,72.0,32.0,46.0
2022-10-13 18:30:00,1,8.1,280.2,-11.6,19.0,0.4152682926829268,13.9,1572.6,-2.0,291.8,54.0,58.0,57.0,72.0,32.0,46.0
2022-10-13 18:40:00,1,8.1,273.4,-10.4,19.0,0.4159512195121951,14.1,1601.3,-2.2,283.7,54.0,59.0,57.0,72.0,32.0,46.0
2022-10-13 18:50:00,1,7.5,285.0,1.6,19.0,0.3188292682926829,13.6,1536.8,-2.1,283.4,54.0,58.0,57.0,72.0,32.0,46.0
2022-10-13 19:00:00,1,7.1,285.0,1.5,19.0,0.2730731707317073,13.1,1488.9,-2.0,283.4,54.0,58.0,57.0,72.0,32.0,46.0
2022-10-13 19:10:00,1,6.0,286.9,0.7000000000000001,19.0,0.186390243902439,12.0,1358.1,-1.7000000000000002,286.2,54.0,57.0,56.0,71.0,32.0,46.0
2022-10-13 19:20:00,1,6.4,263.0,-21.1,20.0,0.2096585365853658,12.4,1408.9,-1.8,284.1,53.0,55.0,55.0,69.0,32.0,46.0
2022-10-13 19:30:00,1,6.5,286.0,1.8,19.0,0.2285853658536585,12.6,1429.1,-1.8,284.1,53.0,56.0,55.0,69.0,32.0,46.0
2022-10-13 19:40:00,1,6.4,272.7,-11.4,19.0,0.195170731707317,12.4,1403.3,-1.9,284.1,52.0,55.0,55.0,69.0,32.0,46.0
2022-10-13 19:50:00,1,5.6,304.1,20.0,19.0,0.1300975609756097,11.6,1314.5,-1.5,284.1,52.0,55.0,54.0,68.0,32.0,46.0
2022-10-13 20:00:00,1,5.0,284.5,0.3,19.0,0.0769756097560975,11.2,1264.5,-1.1,284.1,51.0,52.0,52.0,66.0,31.0,46.0
2022-10-13 20:10:00,1,4.8,278.4,-5.7,19.0,0.0654634146341463,11.1,1259.7,-1.0,284.1,50.0,51.0,50.0,65.0,31.0,46.0
2022-10-13 20:20:00,1,5.2,278.0,-6.1,19.0,0.0873658536585365,11.2,1273.4,-1.2,284.1,49.0,51.0,49.0,64.0,31.0,46.0
2022-10-13 20:30:00,1,5.6,273.9,-2.5,19.0,0.1114634146341463,11.4,1296.9,-1.5,276.4,49.0,52.0,49.0,63.0,31.0,46.0
2022-10-13 20:40:00,1,4.9,260.9,-15.5,19.0,0.0699512195121951,11.2,1263.6,-1.0,276.4,48.0,51.0,50.0,63.0,31.0,46.0
2022-10-13 20:50:00,1,4.4,285.9,19.4,19.0,0.0596097560975609,11.2,1263.8,-0.5,266.6,48.0,50.0,50.0,62.0,31.0,46.0
2022-10-13 21:00:00,1,4.8,271.7,5.1,19.0,0.0772682926829268,11.2,1265.9,-0.9,266.6,48.0,50.0,49.0,61.0,30.0,46.0
2022-10-13 21:10:00,1,5.3,267.2,0.6000000000000001,19.0,0.1085853658536585,11.4,1286.9,-1.3,266.6,47.0,50.0,49.0,61.0,30.0,46.0
2022-10-13 21:20:00,1,5.3,281.3,14.7,19.0,0.1193170731707317,11.4,1295.3,-1.3,266.6,48.0,51.0,49.0,61.0,31.0,46.0
2022-10-13 21:30:00,1,5.0,271.9,-2.1,19.0,0.0769756097560975,11.2,1268.3,-1.1,273.9,47.0,50.0,49.0,60.0,30.0,46.0
2022-10-13 21:40:00,1,5.7,276.7,2.7,19.0,0.1179024390243902,11.6,1318.0,-1.5,273.9,47.0,51.0,49.0,61.0,30.0,46.0
2022-10-13 21:50:00,1,6.1,273.0,-0.9,19.0,0.1751707317073171,12.0,1362.4,-1.8,273.9,47.0,52.0,49.0,61.0,31.0,46.0
2022-10-13 22:00:00,1,5.8,283.1,16.5,19.0,0.1517560975609756,11.8,1331.9,-1.6,266.6,48.0,52.0,49.0,61.0,31.0,46.0
2022-10-13 22:10:00,1,6.2,273.2,6.7,19.0,0.1827317073170732,12.1,1372.8,-1.8,266.6,48.0,53.0,50.0,62.0,31.0,46.0
2022-10-13 22:20:00,1,5.5,278.9,12.3,19.0,0.137170731707317,11.7,1322.7,-1.4,266.6,48.0,52.0,50.0,62.0,31.0,46.0
2022-10-13 22:30:00,1,6.4,265.2,-1.4,19.0,0.2149756097560975,12.5,1416.1,-1.9,266.6,48.0,53.0,50.0,62.0,31.0,46.0
2022-10-13 22:40:00,1,6.1,276.0,9.3,19.0,0.1745853658536585,12.0,1356.2,-1.8,266.6,48.0,53.0,51.0,63.0,31.0,46.0
2022-10-13 22:50:00,1,5.6,270.8,-1.7000000000000002,19.0,0.1272682926829268,11.6,1315.8,-1.5,272.5,48.0,52.0,51.0,61.0,31.0,46.0
2022-10-13 23:00:00,1,6.7,255.5,-17.0,19.0,0.2173658536585365,12.8,1446.3,-2.0,272.5,48.0,53.0,51.0,62.0,31.0,46.0
2022-10-13 23:10:00,1,6.9,255.1,-17.4,19.0,0.2531219512195122,13.0,1467.5,-2.0,272.5,49.0,54.0,52.0,64.0,31.0,46.0
2022-10-13 23:20:00,1,6.5,271.9,-0.6000000000000001,19.0,0.2069756097560975,12.5,1417.8,-2.0,272.5,49.0,54.0,52.0,64.0,31.0,46.0
2022-10-13 23:30:00,1,6.9,272.8,0.2,19.0,0.2578536585365854,13.0,1473.7,-2.0,272.5,49.0,55.0,53.0,64.0,31.0,46.0
2022-10-13 23:40:00,1,6.7,279.5,7.0,19.0,0.2429756097560975,12.7,1438.9,-2.0,272.5,49.0,54.0,53.0,63.0,31.0,46.0
2022-10-13 23:50:00,1,7.1,272.0,-0.6000000000000001,19.0,0.2869756097560975,13.3,1506.7,-2.1,272.5,50.0,55.0,53.0,65.0,31.0,46.0
2022-10-14 00:00:00,1,7.2,284.1,4.6,19.0,0.284390243902439,13.4,1522.7,-2.1,279.5,50.0,56.0,54.0,66.0,31.0,46.0
2022-10-14 00:10:00,1,7.2,280.2,0.6000000000000001,19.0,0.2738536585365853,13.4,1513.2,-2.1,279.5,51.0,56.0,54.0,66.0,31.0,46.0
2022-10-14 00:20:00,1,6.9,275.1,-4.4,19.0,0.2478048780487804,13.0,1477.1,-2.0,279.5,51.0,56.0,54.0,66.0,31.0,46.0
2022-10-14 00:30:00,1,6.5,267.0,-12.6,19.0,0.195170731707317,12.4,1408.6,-1.9,279.5,50.0,55.0,54.0,65.0,31.0,46.0
2022-10-14 00:40:00,1,5.6,280.5,0.9,19.0,0.1116097560975609,11.5,1302.4,-1.6,279.5,50.0,53.0,53.0,62.0,31.0,46.0
2022-10-14 00:50:00,1,5.6,271.7,-4.6,20.0,0.1261951219512195,11.5,1301.2,-1.5,276.4,49.0,52.0,52.0,59.0,31.0,46.0
2022-10-14 01:00:00,1,5.2,268.6,-4.0,20.0,0.1025365853658536,11.3,1283.0,-1.3,272.5,49.0,52.0,52.0,56.0,31.0,46.0
2022-10-14 01:10:00,1,4.6,286.6,6.7,19.0,0.0796585365853658,11.1,1262.1,-0.8,279.9,48.0,51.0,51.0,53.0,31.0,46.0
2022-10-14 01:20:00,1,5.9,260.5,-27.5,19.0,0.1545365853658536,12.0,1356.9,-1.6,288.0,48.0,52.0,51.0,52.0,31.0,46.0
2022-10-14 01:30:00,1,4.7,273.6,-14.4,19.0,0.0880487804878048,11.2,1266.8,-0.8,288.0,48.0,52.0,51.0,54.0,31.0,45.0
2022-10-14 01:40:00,1,5.2,271.7,-16.3,19.0,0.0962926829268292,11.3,1283.5,-1.2,288.0,47.0,51.0,50.0,51.0,31.0,46.0
2022-10-14 01:50:00,1,4.9,288.5,6.8,19.0,0.0877073170731707,11.3,1284.8,-1.0,281.7,47.0,50.0,49.0,49.0,31.0,46.0
2022-10-14 02:00:00,1,5.6,286.3,4.7,19.0,0.1314634146341463,11.5,1305.7,-1.6,281.7,47.0,51.0,50.0,49.0,31.0,45.0
2022-10-14 02:10:00,1,5.7,269.4,-12.2,19.0,0.1344878048780487,11.5,1307.4,-1.6,281.7,47.0,51.0,50.0,49.0,31.0,45.0
2022-10-14 02:20:00,1,5.0,288.8,7.1,19.0,0.0889756097560975,11.2,1267.4,-1.1,281.7,47.0,51.0,50.0,48.0,31.0,45.0
2022-10-14 02:30:00,1,4.4,284.7,3.1,19.0,0.0606341463414634,11.1,1253.9,-0.6000000000000001,281.7,46.0,50.0,49.0,47.0,30.0,45.0
2022-10-14 02:40:00,1,4.7,298.7,17.0,19.0,0.0640487804878048,11.1,1261.6,-0.8,281.7,46.0,49.0,49.0,46.0,30.0,45.0
2022-10-14 02:50:00,1,5.3,287.3,5.7,19.0,0.1067317073170731,11.3,1279.5,-1.3,281.7,46.0,50.0,49.0,45.0,30.0,45.0
2022-10-14 03:00:00,1,4.9,276.3,-5.3,19.0,0.0841463414634146,11.2,1268.7,-1.0,281.7,46.0,50.0,49.0,45.0,30.0,45.0
2022-10-14 03:10:00,1,5.2,274.7,-6.9,19.0,0.0948292682926829,11.2,1273.7,-1.3,281.7,46.0,50.0,49.0,44.0,30.0,45.0
2022-10-14 03:20:00,1,4.7,296.6,14.9,19.0,0.0689756097560975,11.1,1257.5,-0.9,281.7,45.0,49.0,49.0,44.0,30.0,45.0
2022-10-14 03:30:00,1,4.5,284.4,2.8,19.0,0.0627317073170731,11.1,1254.8,-0.7000000000000001,281.7,45.0,49.0,49.0,44.0,30.0,45.0
2022-10-14 03:40:00,1,4.6,305.2,15.8,19.0,0.0701951219512195,11.1,1256.1,-0.8,289.4,45.0,48.0,47.0,44.0,30.0,45.0
2022-10-14 03:50:00,1,4.2,277.0,-13.0,19.0,0.0438536585365853,11.0,1250.9,-0.4,290.1,44.0,48.0,46.0,43.0,30.0,45.0
2022-10-14 04:00:00,1,4.1,308.8,18.0,19.0,0.044,11.1,1256.4,-0.3,290.8,44.0,47.0,47.0,43.0,30.0,45.0
2022-10-14 04:10:00,1,4.6,310.0,18.9,19.0,0.0633658536585365,11.2,1272.0,-0.7000000000000001,291.1,44.0,48.0,47.0,43.0,30.0,45.0
2022-10-14 04:20:00,1,4.4,282.6,-8.2,19.0,0.0366341463414634,11.0,1250.8,-0.6000000000000001,290.8,43.0,47.0,46.0,43.0,29.0,45.0
2022-10-14 04:30:00,1,4.9,280.6,-2.8,19.0,0.0555121951219512,11.1,1254.5,-1.1,283.4,43.0,48.0,46.0,42.0,30.0,45.0
2022-10-14 04:40:00,1,4.3,284.8,1.4,19.0,0.0291219512195121,11.0,1249.5,-0.5,283.4,43.0,47.0,46.0,42.0,29.0,45.0
2022-10-14 04:50:00,1,3.8,275.1,-0.9,19.0,0.012390243902439,11.0,1248.9,0.2,276.0,42.0,45.0,46.0,42.0,29.0,45.0
2022-10-14 05:00:00,1,4.2,284.8,15.7,19.0,0.0387317073170731,11.0,1251.2,-0.2,269.0,42.0,45.0,46.0,42.0,29.0,45.0
2022-10-14 05:10:00,1,4.7,280.6,3.2,19.0,0.0569268292682926,11.1,1254.9,-0.9,277.4,43.0,47.0,45.0,42.0,30.0,45.0
2022-10-14 05:20:00,1,4.6,283.3,-1.1,19.0,0.0385365853658536,11.0,1251.1,-0.8,284.5,42.0,46.0,45.0,41.0,29.0,45.0
2022-10-14 05:30:00,1,4.7,279.1,-5.3,19.0,0.0457073170731707,11.1,1252.0,-0.9,284.5,42.0,46.0,45.0,41.0,29.0,45.0
2022-10-14 05:40:00,1,4.8,291.5,7.0,19.0,0.0494146341463414,11.1,1253.3,-0.9,284.5,42.0,46.0,45.0,41.0,30.0,45.0
2022-10-14 05:50:00,1,4.4,289.3,4.8,19.0,0.0272195121951219,11.0,1249.4,-0.6000000000000001,284.4,42.0,46.0,45.0,41.0,30.0,45.0
2022-10-14 06:00:00,1,3.3,259.6,-17.5,19.0,-0.0097560975609756,5.5,631.0,18.4,277.1,42.0,44.0,45.0,41.0,29.0,45.0
2022-10-14 06:10:00,1,3.5,244.7,-15.9,19.0,0.0048780487804878,6.0,682.0,13.5,260.6,41.0,43.0,42.0,41.0,29.0,45.0
2022-10-14 06:20:00,1,4.0,273.7,10.2,19.0,0.0546341463414634,11.1,1259.4,-0.3,263.4,42.0,46.0,41.0,40.0,29.0,45.0
2022-10-14 06:30:00,1,5.1,269.2,4.1,19.0,0.1006829268292683,11.4,1287.6,-1.1,265.2,43.0,48.0,42.0,40.0,29.0,45.0
2022-10-14 06:40:00,1,4.9,266.8,1.6,19.0,0.088,11.2,1273.5,-1.0,265.2,43.0,48.0,42.0,39.0,29.0,45.0
2022-10-14 06:50:00,1,4.8,282.0,16.8,19.0,0.0793170731707317,11.2,1263.5,-0.9,265.2,43.0,48.0,42.0,39.0,29.0,45.0
2022-10-14 07:00:00,1,4.7,251.3,-19.9,19.0,0.0733658536585366,11.1,1258.5,-0.9,271.1,43.0,48.0,41.0,39.0,29.0,45.0
2022-10-14 07:10:00,1,5.1,297.7,18.4,18.0,0.096,11.4,1288.0,-1.1,279.3,43.0,48.0,41.0,40.0,29.0,45.0
2022-10-14 07:20:00,1,3.3,314.1,-13.1,17.0,0.0085365853658536,11.0,1248.2,0.7000000000000001,327.2,42.0,46.0,40.0,42.0,28.0,45.0
2022-10-14 07:30:00,1,3.3,286.1,-38.6,17.0,0.0017560975609756,6.3,718.6,32.7,324.7,42.0,44.0,39.0,42.0,28.0,44.0
2022-10-14 07:40:00,1,6.3,299.6,0.7000000000000001,17.0,0.087560975609756,12.2,1386.6,-1.4,298.8,43.0,46.0,38.0,43.0,28.0,44.0
2022-10-14 07:50:00,1,6.0,315.5,2.3,17.0,0.0213658536585365,2.6,303.4,70.8,313.2,43.0,47.0,40.0,47.0,29.0,44.0
2022-10-14 08:10:00,1,3.0,281.7,-15.0,18.0,-0.0008780487804878,0.0,0.1,89.8,296.7,40.0,44.0,38.0,45.0,31.0,43.0
2022-10-14 08:20:00,1,3.3,292.2,-4.6,18.0,-0.0009268292682926,0.0,1.6,90.0,296.7,41.0,43.0,37.0,44.0,32.0,43.0
2022-10-14 08:30:00,1,3.5,328.1,31.4,18.0,-0.0010731707317073,0.0,5.3,90.0,296.7,41.0,42.0,37.0,43.0,31.0,42.0
2022-10-14 10:30:00,1,5.1,336.8,40.0,18.0,-0.0014634146341463,0.0,3.3,89.6,296.7,36.0,36.0,34.0,36.0,29.0,38.0
2022-10-14 10:40:00,1,4.8,340.2,43.4,18.0,-0.0018048780487804,0.0,7.2,89.9,296.8,36.0,36.0,34.0,36.0,29.0,38.0
2022-10-14 11:00:00,1,4.9,315.3,-20.7,19.0,-0.002780487804878,0.0,8.2,89.2,336.0,36.0,35.0,33.0,35.0,29.0,37.0
2022-10-14 11:10:00,1,4.4,331.6,-2.2,19.0,0.0365365853658536,7.0,804.4,28.5,333.9,38.0,37.0,34.0,36.0,28.0,36.0
2022-10-14 11:20:00,1,3.9,328.1,0.6000000000000001,19.0,0.038780487804878,11.1,1255.8,-0.1,327.5,41.0,45.0,38.0,36.0,29.0,37.0
2022-10-14 11:30:00,1,3.8,309.6,-0.4,19.0,0.0345853658536585,11.0,1243.8,0.0,310.1,41.0,46.0,40.0,37.0,28.0,38.0
2022-10-14 11:40:00,1,4.3,288.8,-25.8,19.0,0.0494634146341463,11.1,1254.7,-0.4,314.6,42.0,47.0,42.0,38.0,28.0,37.0
2022-10-14 11:50:00,1,3.9,325.7,3.4,19.0,0.0336097560975609,11.0,1250.4,0.3,322.3,42.0,48.0,42.0,38.0,28.0,37.0
2022-10-14 12:00:00,1,4.2,283.4,-51.5,19.0,0.0400975609756097,11.1,1251.7,-0.4,334.9,42.0,47.0,43.0,39.0,28.0,36.0
2022-10-14 12:10:00,1,4.0,324.3,3.0,19.0,0.0374634146341463,11.0,1251.1,-0.1,321.3,42.0,47.0,44.0,41.0,28.0,36.0
2022-10-14 12:20:00,1,4.4,316.9,-13.4,19.0,0.0509756097560975,11.1,1259.3,-0.5,330.4,42.0,48.0,44.0,44.0,29.0,36.0
2022-10-14 12:30:00,1,4.8,330.3,4.1,20.0,0.0660487804878048,11.1,1261.8,-0.9,326.1,43.0,48.0,45.0,45.0,29.0,36.0
2022-10-14 12:40:00,1,4.0,311.4,-5.0,20.0,0.0358536585365853,11.1,1258.2,-0.1,316.3,43.0,48.0,44.0,45.0,29.0,36.0
2022-10-14 12:50:00,1,4.7,286.7,-20.5,20.0,0.0686341463414634,11.1,1262.2,-0.8,307.2,43.0,48.0,45.0,45.0,30.0,37.0
2022-10-14 13:00:00,1,4.3,260.5,-29.5,20.0,0.0597560975609756,11.1,1257.1,-0.4,290.1,43.0,48.0,46.0,45.0,30.0,37.0
2022-10-14 13:10:00,1,4.8,282.6,-7.4,20.0,0.0840487804878048,11.3,1274.4,-0.9,290.1,43.0,48.0,46.0,45.0,31.0,36.0
2022-10-14 13:20:00,1,4.9,283.2,-5.1,20.0,0.0954146341463414,11.3,1275.6,-0.9,288.3,43.0,49.0,46.0,45.0,31.0,36.0
2022-10-14 13:30:00,1,4.8,292.5,1.1,20.0,0.0857073170731707,11.2,1270.0,-1.0,291.5,44.0,49.0,47.0,46.0,31.0,36.0
2022-10-14 13:40:00,1,5.0,309.8,21.5,20.0,0.0927317073170731,11.2,1273.5,-1.1,288.3,44.0,49.0,47.0,46.0,31.0,36.0
2022-10-14 13:50:00,1,5.0,282.4,3.4,20.0,0.0949756097560975,11.3,1281.2,-1.0,278.9,44.0,49.0,47.0,46.0,31.0,36.0
2022-10-14 14:00:00,1,5.0,303.9,-3.0,21.0,0.0940487804878048,11.3,1281.3,-1.0,306.9,44.0,49.0,47.0,46.0,31.0,36.0
2022-10-14 14:10:00,1,5.3,300.6,3.8,21.0,0.1121463414634146,11.5,1298.4,-1.3,296.7,44.0,49.0,47.0,46.0,31.0,35.0
2022-10-14 14:20:00,1,5.8,273.6,-19.9,20.0,0.1348780487804878,11.8,1337.6,-1.6,293.6,45.0,50.0,47.0,48.0,31.0,35.0
2022-10-14 14:30:00,1,4.5,275.9,-2.6,20.0,0.064780487804878,11.2,1263.8,-0.6000000000000001,278.5,44.0,49.0,47.0,49.0,31.0,35.0
2022-10-14 14:40:00,1,5.2,291.1,-2.1,20.0,0.1084878048780487,11.4,1294.8,-1.2,293.2,44.0,49.0,45.0,48.0,31.0,35.0
2022-10-14 14:50:00,1,4.6,302.8,-0.3,20.0,0.0735609756097561,11.2,1272.2,-0.7000000000000001,303.0,44.0,49.0,45.0,48.0,31.0,35.0
2022-10-14 15:00:00,1,5.7,290.6,-14.9,20.0,0.1361951219512195,11.8,1341.7,-1.5,305.5,45.0,50.0,46.0,48.0,31.0,35.0
2022-10-14 15:10:00,1,5.1,309.1,10.9,20.0,0.098,11.4,1290.4,-1.1,298.1,45.0,50.0,45.0,49.0,31.0,35.0
2022-10-14 15:20:00,1,5.5,306.6,10.2,20.0,0.1096097560975609,11.5,1300.0,-1.4,296.4,45.0,50.0,45.0,49.0,31.0,35.0
2022-10-14 15:30:00,1,5.8,294.9,-1.5,20.0,0.1398048780487805,12.0,1355.6,-1.5,296.4,45.0,50.0,45.0,49.0,31.0,35.0
2022-10-14 15:40:00,1,5.3,282.3,-6.1,20.0,0.1133170731707317,11.4,1292.8,-1.3,288.3,45.0,50.0,45.0,49.0,31.0,34.0
2022-10-14 15:50:00,1,5.1,296.2,0.5,20.0,0.1045853658536585,11.3,1280.4,-1.1,295.7,45.0,50.0,43.0,48.0,31.0,34.0
2022-10-14 16:00:00,1,5.1,296.6,-7.1,20.0,0.0925853658536585,11.4,1287.3,-1.1,303.7,45.0,50.0,42.0,47.0,31.0,34.0
2022-10-14 16:10:00,1,5.0,287.9,-5.3,20.0,0.0926829268292682,11.3,1280.7,-1.0,293.2,45.0,49.0,42.0,46.0,31.0,34.0
2022-10-14 16:20:00,1,5.1,292.6,14.0,20.0,0.0900487804878048,11.3,1276.1,-1.1,278.5,45.0,49.0,41.0,46.0,31.0,34.0
2022-10-14 16:30:00,1,4.9,294.4,8.9,20.0,0.0777560975609756,11.3,1276.2,-1.0,285.5,45.0,49.0,41.0,45.0,31.0,34.0
2022-10-14 16:40:00,1,4.9,293.6,19.4,20.0,0.0789268292682926,11.2,1271.0,-1.0,274.3,45.0,49.0,41.0,45.0,31.0,34.0
2022-10-14 16:50:00,1,4.4,287.9,22.0,20.0,0.0567317073170731,11.2,1266.6,-0.5,265.9,44.0,48.0,41.0,45.0,31.0,34.0
2022-10-14 17:00:00,1,5.3,292.0,16.6,20.0,0.1094634146341463,11.4,1288.2,-1.3,275.3,45.0,49.0,40.0,44.0,31.0,34.0
2022-10-14 17:10:00,1,4.8,296.8,21.1,20.0,0.0794634146341463,11.2,1273.4,-0.9,275.7,45.0,49.0,40.0,44.0,31.0,34.0
2022-10-14 17:20:00,1,5.1,282.0,7.0,20.0,0.0925853658536585,11.2,1273.0,-1.1,275.0,44.0,49.0,40.0,44.0,31.0,34.0
2022-10-14 17:30:00,1,4.7,311.6,30.6,20.0,0.073170731707317,11.2,1269.1,-0.8,281.0,44.0,48.0,39.0,44.0,31.0,34.0
2022-10-14 17:40:00,1,5.2,275.3,-11.9,20.0,0.0982439024390244,11.2,1271.7,-1.2,287.3,45.0,49.0,39.0,44.0,31.0,34.0
2022-10-14 17:50:00,1,5.6,283.2,4.0,20.0,0.124390243902439,11.4,1295.9,-1.5,279.2,45.0,50.0,39.0,44.0,31.0,34.0
2022-10-14 18:00:00,1,5.2,266.6,-12.6,20.0,0.1016585365853658,11.4,1286.6,-1.2,279.2,45.0,50.0,39.0,44.0,31.0,34.0
2022-10-14 18:10:00,1,5.1,278.6,-0.6000000000000001,20.0,0.1020975609756097,11.3,1276.9,-1.1,279.2,45.0,50.0,38.0,43.0,30.0,34.0
2022-10-14 18:20:00,1,4.9,279.8,2.7,20.0,0.0865365853658536,11.2,1269.8,-1.0,277.1,45.0,49.0,38.0,43.0,30.0,34.0
2022-10-14 18:30:00,1,5.3,300.6,12.6,20.0,0.1046341463414634,11.3,1283.4,-1.4,287.9,45.0,49.0,38.0,43.0,31.0,34.0
2022-10-14 18:40:00,1,4.3,281.2,0.6000000000000001,20.0,0.0556585365853658,11.1,1255.0,-0.5,280.6,44.0,49.0,38.0,43.0,30.0,34.0
2022-10-14 18:50:00,1,4.1,278.3,3.6,19.0,0.0430731707317073,11.0,1250.7,-0.3,274.6,44.0,48.0,38.0,43.0,30.0,34.0
2022-10-14 19:00:00,1,4.3,233.1,-40.5,19.0,0.0452195121951219,11.1,1252.1,-0.4,273.6,43.0,47.0,38.0,43.0,30.0,34.0
2022-10-14 19:10:00,1,4.0,262.7,-9.1,19.0,0.0346829268292682,11.0,1249.3,-0.1,271.8,43.0,47.0,38.0,42.0,30.0,34.0
2022-10-14 19:20:00,1,3.8,267.4,8.9,19.0,0.032,11.0,1250.5,0.1,258.5,43.0,46.0,38.0,42.0,30.0,34.0
2022-10-14 19:30:00,1,3.6,280.2,16.0,19.0,0.0167317073170731,9.6,1088.8,5.0,264.1,43.0,46.0,38.0,42.0,29.0,33.0
2022-10-14 19:40:00,1,4.0,310.1,37.9,19.0,0.0200975609756097,6.6,750.8,11.7,272.2,42.0,44.0,37.0,42.0,29.0,34.0
2022-10-14 19:50:00,1,4.4,266.1,-12.4,19.0,0.042780487804878,11.0,1250.3,-0.6000000000000001,278.5,43.0,46.0,37.0,41.0,29.0,34.0
2022-10-14 20:00:00,1,4.6,281.0,2.5,19.0,0.0519024390243902,11.1,1251.8,-0.8,278.5,43.0,47.0,36.0,40.0,29.0,34.0
2022-10-14 20:10:00,1,4.4,268.3,-10.2,19.0,0.0341463414634146,11.0,1249.3,-0.6000000000000001,278.5,43.0,46.0,36.0,40.0,29.0,34.0
2022-10-14 20:20:00,1,3.8,281.6,3.1,18.0,0.013560975609756,11.0,1248.7,0.0,278.5,42.0,45.0,36.0,40.0,29.0,34.0
2022-10-14 20:30:00,1,3.3,287.8,9.3,18.0,-0.0052682926829268,6.0,676.5,15.2,278.5,42.0,44.0,36.0,40.0,28.0,34.0
2022-10-14 20:40:00,1,3.0,275.3,-3.2,18.0,-0.0067317073170731,2.1,243.3,24.0,278.5,41.0,42.0,35.0,40.0,28.0,34.0
2022-10-14 20:50:00,1,2.6,296.3,17.8,18.0,-0.0061951219512195,1.9,210.9,24.0,278.5,41.0,41.0,34.0,39.0,28.0,34.0
2022-10-14 21:00:00,1,2.6,281.4,-5.5,18.0,-0.0045853658536585,1.9,212.5,24.0,286.9,41.0,41.0,33.0,38.0,28.0,34.0
2022-10-14 21:10:00,1,2.7,265.9,-10.8,18.0,-0.0045365853658536,2.0,227.3,24.0,276.7,40.0,40.0,32.0,37.0,27.0,33.0
2022-10-14 21:20:00,1,3.0,279.9,3.2,18.0,-0.0044878048780487,2.3,257.9,24.0,276.7,40.0,40.0,31.0,36.0,27.0,33.0
2022-10-14 21:30:00,1,3.0,260.3,-23.7,18.0,-0.0046341463414634,2.2,246.4,24.0,284.1,40.0,39.0,31.0,35.0,27.0,33.0
2022-10-14 21:40:00,1,3.0,299.8,22.7,18.0,-0.0045853658536585,2.2,248.2,24.0,277.1,40.0,39.0,30.0,34.0,27.0,33.0
2022-10-14 21:50:00,1,2.8,271.7,-6.4,18.0,-0.0041463414634146,2.0,231.9,24.0,278.1,40.0,39.0,30.0,33.0,27.0,33.0
2022-10-14 22:00:00,1,2.5,255.7,-22.4,18.0,-0.0043414634146341,1.7000000000000002,187.1,24.0,278.1,40.0,39.0,29.0,32.0,26.0,33.0
2022-10-14 22:10:00,1,2.2,259.1,-19.0,18.0,-0.0038048780487804,0.3,156.0,24.0,278.1,39.0,38.0,28.0,31.0,26.0,33.0
2022-10-14 22:20:00,1,2.1,255.2,-22.9,18.0,-0.0031219512195121,0.0,144.5,24.0,278.1,39.0,38.0,28.0,30.0,27.0,33.0
2022-10-14 22:30:00,1,2.2,279.2,1.0,18.0,-0.0030731707317073,0.4,161.6,24.0,278.1,39.0,38.0,28.0,30.0,27.0,33.0
2022-10-14 22:40:00,1,1.8,283.9,5.8,18.0,-0.0030243902439024,0.0,128.8,24.0,278.1,39.0,37.0,28.0,30.0,27.0,33.0
2022-10-14 22:50:00,1,1.6,288.2,10.0,18.0,-0.0029756097560975,0.0,113.1,24.0,278.1,39.0,37.0,28.0,29.0,26.0,33.0
2022-10-14 23:00:00,1,1.7000000000000002,275.0,-3.1,18.0,-0.0030243902439024,0.0,119.1,24.0,278.1,39.0,37.0,28.0,29.0,26.0,33.0
2022-10-14 23:10:00,1,2.0,277.5,-0.6000000000000001,18.0,-0.0030243902439024,0.0,139.1,24.0,278.1,38.0,37.0,28.0,29.0,26.0,33.0
2022-10-14 23:20:00,1,1.7000000000000002,324.9,46.7,18.0,-0.0029756097560975,0.0,93.6,24.0,278.1,38.0,36.0,28.0,29.0,26.0,33.0
2022-10-14 23:30:00,1,1.3,343.9,65.7,17.0,-0.0028780487804878,0.0,0.4,24.0,278.1,37.0,36.0,27.0,28.0,26.0,33.0
2022-10-14 23:40:00,1,1.6,47.1,128.9,17.0,-0.0028780487804878,0.0,6.1,24.0,278.1,37.0,35.0,27.0,28.0,25.0,33.0
2022-10-14 23:50:00,1,1.8,359.0,81.1,17.0,-0.0028780487804878,0.0,59.0,24.0,278.1,37.0,35.0,27.0,28.0,25.0,33.0
2022-10-15 00:00:00,1,1.4,49.4,131.2,17.0,-0.0028780487804878,0.0,10.9,24.0,278.1,37.0,35.0,27.0,28.0,25.0,33.0
2022-10-15 00:10:00,1,1.4,60.1,142.0,17.0,-0.0025365853658536,0.0,0.0,24.0,278.1,36.0,34.0,27.0,27.0,25.0,33.0
2022-10-15 00:20:00,1,1.6,28.6,110.5,17.0,-0.0020975609756097,0.0,0.0,24.0,278.1,36.0,34.0,27.0,27.0,26.0,33.0
2022-10-15 00:30:00,1,1.5,64.1,146.0,17.0,-0.0021951219512195,0.0,0.0,24.0,278.1,35.0,33.0,26.0,27.0,26.0,33.0
2022-10-15 00:40:00,1,1.6,91.5,173.3,17.0,-0.0020487804878048,0.0,16.8,24.0,278.1,35.0,33.0,26.0,26.0,26.0,33.0
2022-10-15 00:50:00,1,1.3,77.9,159.7,17.0,-0.0021463414634146,0.0,4.3,24.0,278.1,35.0,33.0,26.0,26.0,26.0,33.0
2022-10-15 01:00:00,1,1.5,22.2,104.0,17.0,-0.0021463414634146,0.0,0.0,24.0,278.1,34.0,32.0,26.0,26.0,25.0,33.0
2022-10-15 01:10:00,1,1.6,49.6,131.5,17.0,-0.0021463414634146,0.0,0.0,24.0,278.1,34.0,32.0,26.0,26.0,25.0,34.0
2022-10-15 01:20:00,1,1.3,72.5,154.3,17.0,-0.0021951219512195,0.0,0.0,24.0,278.1,33.0,32.0,26.0,26.0,25.0,34.0
2022-10-15 01:30:00,1,1.3,87.5,169.3,16.0,-0.0020487804878048,0.0,0.0,24.0,278.1,33.0,31.0,26.0,26.0,25.0,34.0
2022-10-15 01:40:00,1,1.5,37.8,119.6,17.0,-0.0021463414634146,0.0,0.0,24.0,278.1,33.0,31.0,26.0,25.0,25.0,34.0
2022-10-15 01:50:00,1,1.2,46.9,128.7,17.0,-0.0021951219512195,0.0,0.0,24.0,278.1,32.0,31.0,26.0,25.0,25.0,34.0
2022-10-15 02:00:00,1,1.7000000000000002,54.0,135.8,16.0,-0.0021951219512195,0.0,0.0,24.0,278.1,32.0,31.0,26.0,25.0,25.0,34.0
2022-10-15 02:10:00,1,1.5,150.4,-127.7,17.0,-0.0020975609756097,0.0,0.0,24.0,278.1,32.0,30.0,26.0,25.0,25.0,34.0
2022-10-15 02:20:00,1,1.8,234.4,-43.8,16.0,-0.0021463414634146,0.0,0.0,24.0,278.1,32.0,30.0,26.0,25.0,25.0,34.0
2022-10-15 02:30:00,1,2.2,164.2,-113.9,17.0,-0.0021951219512195,0.0,9.8,24.0,278.1,32.0,30.0,25.0,24.0,25.0,34.0
2022-10-15 02:40:00,1,2.1,131.3,-146.8,17.0,-0.0021463414634146,0.0,13.0,24.0,278.1,32.0,30.0,25.0,24.0,25.0,34.0
2022-10-15 02:50:00,1,2.4,81.4,163.3,17.0,-0.002390243902439,0.0,19.5,24.0,278.1,32.0,30.0,25.0,24.0,24.0,34.0
2022-10-15 03:00:00,1,3.1,144.1,-92.9,16.0,-0.0030243902439024,1.4,181.0,24.0,237.0,34.0,30.0,25.0,24.0,24.0,34.0
2022-10-15 03:10:00,1,1.9,152.1,-13.2,16.0,-0.0021463414634146,0.0,109.3,24.0,165.3,35.0,31.0,25.0,24.0,24.0,34.0
2022-10-15 03:20:00,1,2.2,145.8,-19.4,16.0,-0.002,0.0,115.0,24.0,165.3,35.0,31.0,26.0,24.0,24.0,34.0
2022-10-15 03:30:00,1,1.5,136.5,-28.8,16.0,-0.0021463414634146,0.0,66.1,24.0,165.3,35.0,32.0,26.0,24.0,24.0,34.0
2022-10-15 03:40:00,1,1.6,106.3,-59.0,16.0,-0.0020487804878048,0.0,33.8,24.0,165.3,34.0,31.0,25.0,24.0,24.0,34.0
2022-10-15 03:50:00,1,1.4,124.2,-41.0,16.0,-0.0020487804878048,0.0,24.7,24.0,165.3,34.0,31.0,25.0,24.0,24.0,34.0
2022-10-15 04:00:00,1,1.8,162.7,-2.6,16.0,-0.0020975609756097,0.0,17.6,24.0,165.3,33.0,31.0,25.0,24.0,24.0,34.0
2022-10-15 04:10:00,1,1.8,98.2,-67.0,16.0,-0.0020487804878048,0.0,66.4,24.0,165.3,33.0,31.0,25.0,24.0,24.0,34.0
2022-10-15 04:20:00,1,1.6,134.4,-30.8,16.0,-0.0020487804878048,0.0,71.4,24.0,165.3,34.0,31.0,25.0,24.0,24.0,34.0
2022-10-15 04:30:00,1,1.9,106.6,-58.7,16.0,-0.0021463414634146,0.0,43.8,24.0,165.3,34.0,31.0,25.0,24.0,24.0,34.0
2022-10-15 04:40:00,1,1.6,105.1,-60.1,15.0,-0.0020487804878048,0.0,1.0,24.0,165.3,33.0,30.0,25.0,24.0,24.0,33.0
2022-10-15 04:50:00,1,1.3,91.5,-73.7,16.0,-0.0022926829268292,0.0,0.0,24.0,165.3,33.0,30.0,25.0,23.0,24.0,34.0
2022-10-15 05:00:00,1,1.6,253.3,88.0,15.0,-0.0021951219512195,0.0,10.6,24.0,165.3,32.0,30.0,25.0,23.0,24.0,33.0
2022-10-15 05:10:00,1,1.8,83.1,-82.1,16.0,-0.0020487804878048,0.0,0.3,24.0,165.3,32.0,30.0,25.0,23.0,24.0,33.0
2022-10-15 05:20:00,1,2.0,44.6,-120.7,15.0,-0.0020487804878048,0.0,0.0,24.0,165.3,31.0,29.0,24.0,23.0,24.0,33.0
2022-10-15 05:30:00,1,2.2,92.8,-72.5,15.0,-0.0021463414634146,0.0,5.0,24.0,165.3,31.0,29.0,24.0,23.0,24.0,33.0
2022-10-15 05:40:00,1,2.3,113.5,-51.8,15.0,-0.002,0.0,63.0,24.0,165.3,32.0,29.0,24.0,23.0,24.0,33.0
2022-10-15 05:50:00,1,2.2,87.3,-77.9,15.0,-0.0020975609756097,0.0,33.2,24.0,165.3,33.0,29.0,24.0,23.0,24.0,33.0
2022-10-15 06:00:00,1,2.7,109.0,-56.1,15.0,-0.0025365853658536,0.0,25.5,24.0,165.2,32.0,29.0,24.0,22.0,24.0,33.0
2022-10-15 06:10:00,1,2.6,94.1,-25.6,14.0,-0.0024878048780487,1.1,176.0,24.0,119.7,33.0,29.0,24.0,22.0,24.0,33.0
2022-10-15 06:20:00,1,2.7,119.0,21.3,14.0,-0.0024390243902439,1.3,189.5,24.0,97.6,33.0,30.0,24.0,23.0,23.0,33.0
2022-10-15 06:30:00,1,2.0,149.4,35.6,14.0,-0.0021951219512195,0.3,134.1,24.0,113.8,33.0,31.0,24.0,23.0,23.0,33.0
2022-10-15 06:40:00,1,3.1,77.9,-35.8,14.0,-0.002390243902439,1.9,220.3,24.0,113.7,33.0,31.0,24.0,23.0,23.0,33.0
2022-10-15 06:50:00,1,3.3,91.8,-10.0,15.0,-0.0022926829268292,2.2,248.1,24.0,101.8,33.0,32.0,24.0,23.0,23.0,33.0
2022-10-15 07:00:00,1,3.2,122.9,35.8,15.0,-0.002390243902439,2.1,241.0,24.0,87.1,33.0,32.0,24.0,23.0,23.0,33.0
2022-10-15 07:10:00,1,3.0,52.1,-32.9,14.0,-0.0024390243902439,2.0,232.2,24.0,85.0,33.0,32.0,24.0,23.0,23.0,33.0
2022-10-15 07:20:00,1,3.0,95.1,16.0,14.0,-0.0024390243902439,1.8,207.0,24.0,79.1,33.0,32.0,24.0,23.0,23.0,33.0
2022-10-15 07:30:00,1,3.0,106.4,24.5,14.0,-0.0024390243902439,1.8,205.7,24.0,81.9,33.0,32.0,24.0,23.0,23.0,33.0
2022-10-15 07:40:00,1,2.7,85.0,-8.8,14.0,-0.0025365853658536,1.6,183.6,24.0,93.8,32.0,32.0,24.0,23.0,23.0,33.0
2022-10-15 07:50:00,1,2.5,120.2,-7.5,15.0,-0.0021463414634146,1.2,175.9,24.0,127.8,32.0,32.0,24.0,23.0,23.0,33.0
2022-10-15 08:00:00,1,2.5,109.6,-18.1,15.0,-0.0022439024390243,0.5,152.1,24.0,127.8,32.0,32.0,24.0,23.0,23.0,33.0
2022-10-15 08:10:00,1,2.1,97.5,-30.2,15.0,-0.0022439024390243,0.0,149.5,24.0,127.8,32.0,32.0,24.0,23.0,23.0,32.0
2022-10-15 08:20:00,1,1.9,106.9,-20.9,15.0,-0.0021951219512195,0.0,131.6,24.0,127.8,32.0,31.0,24.0,23.0,23.0,32.0
2022-10-15 08:30:00,1,1.5,123.2,-4.5,15.0,-0.0020975609756097,0.0,100.4,24.0,127.8,32.0,31.0,24.0,23.0,23.0,32.0
2022-10-15 08:40:00,1,1.4,127.2,-0.6000000000000001,15.0,-0.0020487804878048,0.0,54.3,24.0,127.8,31.0,31.0,23.0,23.0,23.0,32.0
2022-10-15 08:50:00,1,1.4,88.6,-39.2,16.0,-0.0020975609756097,0.0,8.3,24.0,127.8,31.0,30.0,23.0,22.0,23.0,32.0
2022-10-15 09:00:00,1,1.5,65.2,-62.6,16.0,-0.0020487804878048,0.0,0.0,24.0,127.8,31.0,30.0,23.0,22.0,23.0,32.0
2022-10-15 09:10:00,1,1.7000000000000002,88.7,-39.1,16.0,-0.0020975609756097,0.0,0.0,24.0,127.8,31.0,29.0,23.0,22.0,23.0,32.0
2022-10-15 09:20:00,1,1.9,98.0,-29.8,17.0,-0.0020487804878048,0.0,0.0,24.0,127.8,30.0,29.0,23.0,22.0,23.0,32.0
2022-10-15 09:30:00,1,2.1,74.4,-53.4,17.0,-0.0020975609756097,0.0,40.7,24.0,127.8,30.0,29.0,23.0,22.0,23.0,32.0
2022-10-15 09:40:00,1,2.1,86.6,-41.2,17.0,-0.0014634146341463,0.0,112.5,24.0,127.8,31.0,29.0,23.0,22.0,24.0,32.0
2022-10-15 09:50:00,1,1.9,66.5,-61.3,16.0,-0.0013170731707317,0.0,117.1,24.0,127.8,31.0,29.0,23.0,22.0,25.0,32.0
2022-10-15 10:00:00,1,1.5,138.4,10.6,16.0,-0.0012682926829268,0.0,75.0,24.0,127.8,31.0,29.0,23.0,22.0,25.0,32.0
2022-10-15 10:10:00,1,1.3,276.7,148.9,17.0,-0.0013170731707317,0.0,13.3,24.0,127.8,31.0,29.0,23.0,22.0,25.0,32.0
2022-10-15 10:20:00,1,1.4,92.4,-35.4,17.0,-0.0013170731707317,0.0,0.0,24.0,127.8,30.0,29.0,23.0,22.0,26.0,33.0
2022-10-15 10:30:00,1,1.6,74.5,-53.2,17.0,-0.0012682926829268,0.0,0.0,24.0,127.8,30.0,29.0,23.0,22.0,26.0,33.0
2022-10-15 10:40:00,1,1.5,189.5,61.7,17.0,-0.0013170731707317,0.0,0.0,24.0,127.8,29.0,28.0,23.0,22.0,26.0,33.0
2022-10-15 10:50:00,1,1.7000000000000002,72.3,-55.4,17.0,-0.0012682926829268,0.0,22.6,24.0,127.8,29.0,28.0,23.0,22.0,26.0,33.0
2022-10-15 11:00:00,1,0.9,42.9,-84.8,18.0,-0.0013170731707317,0.0,0.7000000000000001,24.0,127.8,30.0,28.0,23.0,22.0,26.0,33.0
2022-10-15 11:10:00,1,0.7000000000000001,42.4,-85.4,19.0,-0.0013170731707317,0.0,0.0,24.0,127.8,29.0,28.0,23.0,21.0,26.0,34.0
2022-10-15 11:20:00,1,1.6,52.7,-75.1,18.0,-0.0012682926829268,0.0,60.6,24.0,127.8,29.0,28.0,23.0,21.0,27.0,34.0
2022-10-15 11:30:00,1,2.0,118.6,-9.2,18.0,-0.0012682926829268,0.0,108.3,24.0,127.8,30.0,29.0,23.0,22.0,27.0,34.0
2022-10-15 11:40:00,1,1.9,82.4,-45.4,19.0,-0.0013658536585365,0.0,90.4,24.0,127.8,30.0,29.0,23.0,22.0,27.0,34.0
2022-10-15 11:50:00,1,1.7000000000000002,69.3,-58.5,19.0,-0.0012682926829268,0.0,67.3,24.0,127.8,30.0,29.0,23.0,22.0,27.0,34.0
2022-10-15 12:00:00,1,1.7000000000000002,177.0,49.2,20.0,-0.0012682926829268,0.0,66.4,24.0,127.8,30.0,29.0,23.0,22.0,27.0,34.0
2022-10-15 12:10:00,1,1.8,112.5,-15.2,20.0,-0.0013658536585365,0.0,38.5,24.0,127.8,30.0,29.0,23.0,22.0,28.0,35.0
2022-10-15 12:20:00,1,2.0,79.9,-47.8,20.0,-0.0013170731707317,0.0,36.2,24.0,127.8,30.0,29.0,23.0,22.0,28.0,35.0
2022-10-15 12:30:00,1,2.0,95.8,-31.9,20.0,-0.0013170731707317,0.0,91.6,24.0,127.8,30.0,29.0,23.0,22.0,28.0,35.0
2022-10-15 12:40:00,1,1.9,186.7,59.0,20.0,-0.0014146341463414,0.0,96.1,24.0,127.8,30.0,29.0,23.0,23.0,28.0,35.0
2022-10-15 12:50:00,1,1.6,171.7,43.9,21.0,-0.0013170731707317,0.0,80.3,24.0,127.8,30.0,30.0,24.0,23.0,29.0,35.0
2022-10-15 13:00:00,1,2.2,169.0,41.2,21.0,-0.0012682926829268,0.0,2.0,24.0,127.8,30.0,30.0,24.0,23.0,29.0,35.0
2022-10-15 13:10:00,1,2.0,296.0,168.3,22.0,-0.0013658536585365,0.0,2.2,24.0,127.8,30.0,29.0,24.0,23.0,29.0,36.0
2022-10-15 13:20:00,1,2.1,228.1,100.3,22.0,-0.0013170731707317,0.0,2.8,24.0,127.8,29.0,29.0,24.0,23.0,30.0,36.0
2022-10-15 13:30:00,1,2.4,184.8,57.0,22.0,-0.0013658536585365,0.0,15.6,24.0,127.8,29.0,29.0,24.0,23.0,29.0,36.0
2022-10-15 13:40:00,1,1.7000000000000002,205.3,77.5,23.0,-0.0013658536585365,0.0,1.5,24.0,127.8,30.0,29.0,24.0,23.0,29.0,36.0
2022-10-15 13:50:00,1,2.5,183.5,55.7,22.0,-0.0014146341463414,0.0,66.1,24.0,127.8,30.0,29.0,24.0,23.0,29.0,36.0
2022-10-15 14:00:00,1,2.8,206.0,69.7,22.0,-0.0022926829268292,1.2,178.9,24.0,136.3,30.0,30.0,24.0,23.0,29.0,37.0
2022-10-15 14:10:00,1,2.3,228.6,36.3,22.0,-0.001560975609756,0.9,147.8,24.0,192.3,30.0,30.0,24.0,24.0,30.0,37.0
2022-10-15 14:20:00,1,2.8,347.6,165.1,22.0,-0.0018536585365853,1.1,193.7,24.0,182.4,30.0,31.0,25.0,24.0,30.0,37.0
2022-10-15 14:30:00,1,3.7,169.5,5.2,22.0,0.0101463414634146,7.7,888.0,13.6,164.3,32.0,35.0,26.0,31.0,30.0,38.0
2022-10-15 14:40:00,1,2.9,168.2,-20.2,23.0,-0.0032195121951219,5.0,573.7,35.6,188.4,32.0,37.0,27.0,37.0,30.0,39.0
2022-10-15 14:50:00,1,3.0,175.4,-5.3,23.0,-0.0027317073170731,1.6,208.2,24.3,180.7,32.0,37.0,27.0,36.0,30.0,40.0
2022-10-15 15:00:00,1,2.3,136.7,-42.6,23.0,-0.0022926829268292,0.7000000000000001,146.4,24.0,179.3,32.0,36.0,27.0,34.0,30.0,41.0
2022-10-15 15:10:00,1,2.9,249.8,60.3,23.0,-0.000780487804878,2.7,344.7,19.8,189.5,32.0,35.0,28.0,33.0,30.0,43.0
2022-10-15 15:20:00,1,2.7,170.2,-38.9,23.0,-0.002780487804878,4.3,501.0,20.0,209.1,33.0,37.0,28.0,36.0,31.0,43.0
2022-10-15 15:30:00,1,2.9,203.7,3.4,23.0,-0.002780487804878,4.6,561.0,13.5,200.3,33.0,37.0,29.0,35.0,31.0,44.0
2022-10-15 15:40:00,1,2.6,201.3,41.9,23.0,-0.002780487804878,1.4,209.9,29.3,159.4,33.0,38.0,29.0,36.0,31.0,45.0
2022-10-15 15:50:00,1,1.7000000000000002,239.9,43.1,24.0,-0.0023414634146341,0.3,89.6,24.0,196.8,33.0,36.0,29.0,35.0,31.0,46.0
2022-10-15 16:00:00,1,3.2,244.2,47.3,24.0,-0.001170731707317,5.3,632.5,13.5,196.8,33.0,37.0,29.0,35.0,31.0,47.0
2022-10-15 16:10:00,1,3.5,213.2,13.2,23.0,0.0075121951219512,6.3,713.4,12.4,199.9,34.0,39.0,30.0,38.0,32.0,47.0
2022-10-15 16:20:00,1,3.2,143.2,-28.5,23.0,0.0087317073170731,9.0,1020.1,6.3,171.6,35.0,42.0,31.0,45.0,32.0,48.0
2022-10-15 16:30:00,1,2.8,173.8,-29.7,23.0,-0.0027317073170731,1.7000000000000002,211.4,24.0,203.4,35.0,41.0,32.0,44.0,32.0,48.0
2022-10-15 16:40:00,1,3.4,157.0,-26.5,23.0,-0.0024390243902439,3.7,416.4,19.8,183.5,34.0,39.0,32.0,41.0,33.0,49.0
2022-10-15 16:50:00,1,3.3,192.5,-4.6,23.0,-0.0016097560975609,7.9,899.4,8.8,197.2,35.0,41.0,33.0,44.0,32.0,49.0
2022-10-15 17:00:00,1,3.1,199.8,19.1,23.0,-0.0044878048780487,6.0,675.7,13.7,180.7,36.0,41.0,33.0,45.0,31.0,49.0
2022-10-15 17:10:00,1,3.0,167.1,-21.0,23.0,-0.0046341463414634,3.7,425.9,21.3,188.1,36.0,41.0,34.0,45.0,31.0,49.0
2022-10-15 17:20:00,1,3.3,191.5,5.9,23.0,0.0008292682926829,9.4,1071.8,3.7,185.6,36.0,41.0,34.0,45.0,31.0,49.0
2022-10-15 17:30:00,1,3.2,179.4,-0.9,23.0,-0.0025365853658536,6.1,691.5,13.9,180.4,37.0,42.0,34.0,48.0,31.0,49.0
2022-10-15 17:40:00,1,3.6,163.1,-23.6,23.0,0.0170731707317073,11.0,1248.7,0.4,186.6,37.0,44.0,35.0,51.0,31.0,49.0
2022-10-15 17:50:00,1,3.4,182.7,9.0,23.0,0.0027317073170731,10.2,1153.5,3.6,173.7,38.0,46.0,36.0,54.0,31.0,49.0
2022-10-15 18:00:00,1,3.2,176.4,3.8,23.0,0.0002439024390243,6.8,766.8,12.5,172.6,39.0,45.0,38.0,54.0,31.0,49.0
2022-10-15 18:10:00,1,2.7,178.7,5.3,23.0,-0.0041951219512195,1.9,222.4,24.0,173.4,38.0,43.0,38.0,50.0,31.0,50.0
2022-10-15 18:20:00,1,3.3,169.3,-26.4,23.0,-0.0042926829268292,2.3,256.9,24.0,195.8,37.0,41.0,37.0,47.0,32.0,50.0
2022-10-15 18:30:00,1,3.2,178.0,-5.1,23.0,-0.0017560975609756,8.3,943.6,9.6,183.1,38.0,42.0,38.0,45.0,31.0,50.0
2022-10-15 18:40:00,1,2.5,205.3,50.9,23.0,-0.004390243902439,1.3,171.0,30.2,154.4,38.0,42.0,38.0,45.0,31.0,50.0
2022-10-15 18:50:00,1,2.7,166.7,-4.9,22.0,-0.0041463414634146,1.6,212.8,24.0,171.6,38.0,41.0,38.0,43.0,31.0,50.0
2022-10-15 19:00:00,1,2.8,148.3,-13.4,22.0,-0.0043414634146341,1.6,216.0,24.0,161.7,37.0,40.0,37.0,42.0,31.0,50.0
2022-10-15 19:10:00,1,3.7,184.6,57.2,22.0,0.0231219512195121,5.4,636.0,13.4,127.4,37.0,40.0,37.0,41.0,31.0,51.0
2022-10-15 19:20:00,1,5.2,131.5,-1.1,22.0,0.0901463414634146,11.2,1266.0,-1.3,132.7,40.0,46.0,40.0,47.0,31.0,50.0
2022-10-15 19:30:00,1,6.1,119.9,-11.0,22.0,0.1724390243902439,12.0,1361.9,-1.7000000000000002,130.9,42.0,50.0,43.0,54.0,30.0,50.0
2022-10-15 19:40:00,1,6.8,124.7,0.7000000000000001,21.0,0.227170731707317,12.8,1452.6,-2.0,123.9,43.0,52.0,45.0,59.0,31.0,50.0
2022-10-15 19:50:00,1,7.2,121.4,-2.5,21.0,0.2693658536585366,13.4,1522.0,-2.1,123.9,45.0,54.0,48.0,63.0,31.0,50.0
2022-10-15 20:00:00,1,7.4,124.5,0.6000000000000001,21.0,0.2817560975609756,13.6,1544.7,-2.1,123.9,46.0,55.0,50.0,66.0,31.0,50.0
2022-10-15 20:10:00,1,7.2,108.5,-15.4,21.0,0.2638536585365854,13.4,1520.4,-2.1,123.9,46.0,55.0,51.0,67.0,31.0,50.0
2022-10-15 20:20:00,1,6.6,121.4,-2.5,21.0,0.2008780487804878,12.6,1424.8,-2.0,123.9,47.0,54.0,51.0,68.0,31.0,50.0
2022-10-15 20:30:00,1,6.6,119.5,-4.4,21.0,0.1915121951219512,12.7,1438.7,-2.0,123.9,47.0,54.0,52.0,68.0,31.0,50.0
2022-10-15 20:40:00,1,6.7,123.0,-0.9,20.0,0.182,12.7,1435.3,-2.0,123.9,47.0,53.0,52.0,68.0,31.0,49.0
2022-10-15 20:50:00,1,6.0,127.4,3.5,20.0,0.1336097560975609,11.8,1335.9,-1.8,123.9,47.0,53.0,52.0,68.0,31.0,49.0
2022-10-15 21:00:00,1,5.8,116.8,-0.4,20.0,0.1345365853658536,11.5,1298.0,-1.7000000000000002,117.2,47.0,52.0,51.0,66.0,31.0,49.0
2022-10-15 21:10:00,1,5.6,109.9,-7.3,20.0,0.111560975609756,11.4,1293.6,-1.6,117.2,46.0,51.0,51.0,66.0,31.0,49.0
2022-10-15 21:20:00,1,5.9,114.0,-2.9,20.0,0.1228780487804878,11.7,1324.0,-1.8,116.9,46.0,51.0,51.0,65.0,31.0,49.0
2022-10-15 21:30:00,1,6.6,92.5,-24.4,20.0,0.1772682926829268,12.6,1427.0,-2.0,116.9,47.0,52.0,51.0,66.0,31.0,48.0
2022-10-15 21:40:00,1,6.7,123.2,6.2,20.0,0.1888780487804878,12.6,1432.8,-2.1,116.9,47.0,53.0,52.0,67.0,31.0,48.0
2022-10-15 21:50:00,1,6.8,120.4,3.5,20.0,0.188780487804878,12.9,1464.1,-2.1,116.9,48.0,54.0,52.0,68.0,31.0,48.0
2022-10-15 22:00:00,1,5.9,120.8,3.9,20.0,0.1114146341463414,11.6,1318.0,-1.8,116.9,47.0,52.0,52.0,67.0,31.0,48.0
2022-10-15 22:10:00,1,5.1,117.2,0.3,20.0,0.0642926829268292,11.1,1259.6,-1.2,116.9,46.0,50.0,51.0,65.0,31.0,48.0
2022-10-15 22:20:00,1,5.4,114.6,-2.3,20.0,0.0785853658536585,11.2,1270.7,-1.5,116.9,46.0,50.0,50.0,64.0,30.0,48.0
2022-10-15 22:30:00,1,4.4,107.3,-9.6,19.0,0.0364878048780487,11.0,1249.3,-0.6000000000000001,116.9,45.0,48.0,49.0,64.0,30.0,48.0
2022-10-15 22:40:00,1,3.9,99.8,-9.3,19.0,0.012,11.0,1248.5,-0.1,109.2,45.0,47.0,49.0,63.0,30.0,47.0
2022-10-15 22:50:00,1,3.4,106.3,5.5,19.0,-0.0061463414634146,5.7,646.4,16.4,100.8,44.0,45.0,47.0,61.0,30.0,47.0
2022-10-15 23:00:00,1,2.6,81.8,-12.3,19.0,-0.0076585365853658,1.6,213.0,24.0,94.1,43.0,43.0,43.0,56.0,29.0,47.0
2022-10-15 23:10:00,1,1.9,80.9,-15.0,19.0,-0.0074634146341463,0.0,114.9,24.0,95.9,43.0,42.0,40.0,52.0,29.0,47.0
2022-10-15 23:20:00,1,1.7000000000000002,75.1,-20.8,19.0,-0.0073658536585365,0.0,94.7,24.0,95.9,42.0,41.0,38.0,49.0,28.0,47.0
2022-10-15 23:30:00,1,2.1,88.0,-7.8,19.0,-0.0052682926829268,0.5,155.1,24.0,95.9,41.0,41.0,36.0,46.0,28.0,47.0
2022-10-15 23:40:00,1,1.7000000000000002,100.3,4.4,19.0,-0.0052682926829268,0.0,109.8,24.0,95.9,41.0,40.0,35.0,43.0,28.0,47.0
2022-10-15 23:50:00,1,1.9,55.2,-40.7,19.0,-0.005170731707317,0.0,86.5,24.0,95.9,41.0,40.0,34.0,41.0,28.0,47.0
2022-10-16 00:00:00,1,2.4,55.3,-40.6,19.0,-0.005170731707317,0.0,93.3,24.0,95.9,40.0,40.0,33.0,39.0,27.0,47.0
2022-10-16 00:10:00,1,2.7,44.1,-51.7,19.0,-0.0052195121951219,0.1,117.8,24.0,95.9,40.0,39.0,32.0,38.0,27.0,47.0
2022-10-16 00:20:00,1,2.9,59.7,-36.1,19.0,-0.0056585365853658,2.1,233.7,24.0,95.8,41.0,39.0,31.0,36.0,27.0,47.0
2022-10-16 00:30:00,1,2.5,70.1,-8.9,19.0,-0.0052195121951219,1.8,217.0,24.0,79.0,41.0,39.0,31.0,35.0,27.0,48.0
2022-10-16 00:40:00,1,1.8,30.0,-49.0,19.0,-0.0051219512195121,0.0,116.4,24.0,79.0,41.0,39.0,30.0,34.0,27.0,48.0
2022-10-16 00:50:00,1,1.7000000000000002,59.2,-19.9,18.0,-0.0048292682926829,0.0,109.7,24.0,79.0,41.0,39.0,29.0,33.0,27.0,48.0
2022-10-16 01:00:00,1,1.8,22.3,-56.8,18.0,-0.0037560975609756,0.0,112.3,24.0,79.0,40.0,38.0,29.0,32.0,27.0,48.0
2022-10-16 01:10:00,1,2.1,66.1,-13.0,18.0,-0.0038536585365853,0.4,146.1,24.0,79.0,41.0,38.0,29.0,31.0,28.0,48.0
2022-10-16 01:20:00,1,1.9,64.5,-14.6,18.0,-0.0038536585365853,0.4,156.8,24.0,79.0,40.0,38.0,29.0,31.0,27.0,48.0
2022-10-16 01:30:00,1,1.9,71.4,-7.6,18.0,-0.0038048780487804,0.3,156.3,24.0,79.0,40.0,38.0,29.0,30.0,27.0,48.0
2022-10-16 01:40:00,1,2.3,89.5,10.5,18.0,-0.0038536585365853,1.4,179.7,24.0,79.0,40.0,38.0,29.0,30.0,27.0,48.0
2022-10-16 01:50:00,1,2.3,123.3,44.3,18.0,-0.0038536585365853,1.3,185.2,24.0,79.0,40.0,38.0,29.0,30.0,27.0,48.0
2022-10-16 02:00:00,1,2.5,106.4,27.4,18.0,-0.0038048780487804,1.5,182.1,24.0,79.0,40.0,38.0,29.0,29.0,27.0,48.0
2022-10-16 02:10:00,1,3.0,122.3,43.1,19.0,-0.0041951219512195,2.0,227.0,24.0,79.1,40.0,38.0,28.0,29.0,26.0,48.0
2022-10-16 02:20:00,1,3.3,110.7,3.6,19.0,-0.0038536585365853,2.4,271.3,24.0,107.1,39.0,38.0,28.0,29.0,26.0,48.0
2022-10-16 02:30:00,1,2.9,110.1,3.0,19.0,-0.0039024390243902,2.2,253.1,24.0,107.1,39.0,38.0,28.0,29.0,26.0,48.0
2022-10-16 02:40:00,1,2.7,100.5,9.5,18.0,-0.0039024390243902,2.0,228.7,24.0,91.0,39.0,38.0,28.0,28.0,26.0,48.0
2022-10-16 02:50:00,1,3.2,96.6,-2.1,18.0,-0.0039512195121951,2.5,281.9,24.0,98.7,39.0,38.0,28.0,28.0,26.0,48.0
2022-10-16 03:00:00,1,3.5,118.3,-1.0,18.0,0.0021463414634146,6.3,715.5,13.0,119.3,39.0,39.0,28.0,28.0,26.0,48.0
2022-10-16 03:10:00,1,4.8,108.1,-4.2,19.0,0.0725853658536585,11.1,1260.6,-0.9,112.4,41.0,44.0,29.0,30.0,27.0,48.0
2022-10-16 03:20:00,1,5.3,106.2,-6.1,18.0,0.099170731707317,11.4,1286.2,-1.3,112.4,42.0,48.0,34.0,36.0,27.0,48.0
2022-10-16 03:30:00,1,5.6,112.9,0.5,19.0,0.0986341463414634,11.6,1308.9,-1.5,112.4,42.0,49.0,39.0,46.0,27.0,48.0
2022-10-16 03:40:00,1,5.3,96.8,-15.5,18.0,0.0858536585365853,11.2,1273.1,-1.4,112.3,42.0,48.0,42.0,50.0,28.0,48.0
2022-10-16 03:50:00,1,4.7,89.1,-7.5,18.0,0.064780487804878,11.1,1253.6,-0.9,96.6,42.0,47.0,43.0,52.0,28.0,48.0
2022-10-16 04:00:00,1,5.2,99.1,2.5,18.0,0.0844390243902439,11.2,1265.0,-1.3,96.6,43.0,48.0,43.0,53.0,28.0,48.0
2022-10-16 04:10:00,1,5.1,97.5,-6.4,18.0,0.1016097560975609,11.2,1266.9,-1.2,103.9,43.0,48.0,44.0,55.0,28.0,47.0
2022-10-16 04:20:00,1,4.5,119.8,8.4,18.0,0.056390243902439,11.1,1253.5,-0.7000000000000001,111.3,43.0,47.0,45.0,55.0,28.0,47.0
2022-10-16 04:30:00,1,4.0,114.3,3.0,18.0,0.0346829268292682,11.0,1249.5,-0.2,111.3,42.0,46.0,45.0,56.0,28.0,47.0
2022-10-16 04:40:00,1,4.4,123.2,11.9,18.0,0.0536585365853658,11.1,1251.9,-0.5,111.3,42.0,46.0,45.0,56.0,28.0,47.0
2022-10-16 04:50:00,1,4.7,113.8,-4.2,18.0,0.0659024390243902,11.1,1256.4,-0.9,117.9,42.0,47.0,45.0,56.0,28.0,47.0
2022-10-16 05:00:00,1,4.6,124.8,6.8,18.0,0.0702439024390244,11.1,1253.5,-0.7000000000000001,117.9,43.0,47.0,46.0,57.0,28.0,47.0
2022-10-16 05:10:00,1,4.6,110.7,-7.2,18.0,0.059170731707317,11.1,1255.3,-0.8,117.9,43.0,47.0,46.0,57.0,29.0,46.0
2022-10-16 05:20:00,1,5.1,114.1,-3.9,19.0,0.0854146341463414,11.2,1264.9,-1.2,117.9,43.0,47.0,47.0,57.0,29.0,46.0
2022-10-16 05:30:00,1,4.0,120.6,2.6,18.0,0.023170731707317,11.0,1249.2,-0.2,117.9,43.0,46.0,47.0,57.0,29.0,46.0
2022-10-16 05:40:00,1,3.1,123.7,5.8,18.0,-0.000390243902439,7.5,848.0,10.4,117.9,42.0,44.0,47.0,56.0,29.0,46.0
2022-10-16 05:50:00,1,2.8,104.6,2.5,18.0,-0.0054634146341463,2.1,234.5,24.0,102.2,41.0,43.0,44.0,53.0,29.0,46.0
2022-10-16 06:00:00,1,2.9,94.1,-0.4,18.0,-0.0053658536585365,2.2,253.1,24.0,94.5,41.0,42.0,41.0,49.0,28.0,46.0
2022-10-16 06:10:00,1,2.9,88.3,-5.8,18.0,-0.0052682926829268,2.3,261.7,24.0,94.1,41.0,41.0,39.0,46.0,28.0,46.0
2022-10-16 06:20:00,1,3.1,82.4,-11.7,18.0,-0.0055121951219512,2.5,285.7,24.0,94.1,40.0,41.0,37.0,44.0,28.0,46.0
2022-10-16 06:30:00,1,3.0,76.0,-19.9,18.0,-0.0053658536585365,2.5,283.9,24.0,95.9,40.0,40.0,36.0,41.0,28.0,47.0
2022-10-16 06:40:00,1,3.4,95.7,-5.4,18.0,-0.0046341463414634,4.3,488.7,18.6,101.1,40.0,40.0,35.0,39.0,27.0,47.0
2022-10-16 06:50:00,1,3.3,20.1,-85.2,18.0,-0.0042926829268292,5.1,580.3,17.1,105.3,41.0,42.0,35.0,42.0,27.0,46.0
2022-10-16 07:00:00,1,3.8,113.4,6.6,18.0,0.0148292682926829,11.0,1248.7,0.0,106.8,41.0,44.0,37.0,46.0,27.0,46.0
2022-10-16 07:10:00,1,3.9,113.4,0.7000000000000001,18.0,0.0197073170731707,11.0,1248.9,-0.1,112.7,41.0,45.0,40.0,51.0,28.0,46.0
2022-10-16 07:20:00,1,3.7,107.7,-6.0,18.0,0.0105853658536585,11.0,1248.5,0.1,113.7,41.0,46.0,41.0,53.0,28.0,46.0
2022-10-16 07:30:00,1,2.9,108.5,2.1,18.0,-0.0045853658536585,5.6,636.8,19.2,106.4,41.0,45.0,42.0,53.0,28.0,46.0
2022-10-16 07:40:00,1,2.5,108.5,3.4,18.0,-0.0053170731707317,2.0,222.1,24.0,105.0,41.0,43.0,39.0,49.0,27.0,46.0
2022-10-16 07:50:00,1,3.1,106.4,1.4,18.0,-0.0053658536585365,2.3,257.9,24.0,105.0,40.0,41.0,37.0,45.0,27.0,46.0
2022-10-16 08:00:00,1,3.1,110.8,3.0,18.0,-0.0052195121951219,2.3,260.4,24.0,107.8,40.0,40.0,35.0,42.0,27.0,46.0
2022-10-16 08:10:00,1,2.7,111.9,-2.9,18.0,-0.005170731707317,2.0,230.9,24.0,114.8,40.0,40.0,34.0,39.0,27.0,46.0
2022-10-16 08:20:00,1,2.8,114.0,-2.9,18.0,-0.005170731707317,2.1,232.9,24.0,116.9,40.0,39.0,33.0,37.0,27.0,46.0
2022-10-16 08:30:00,1,2.8,71.9,-28.1,18.0,-0.0052195121951219,2.0,232.1,24.0,100.1,39.0,39.0,31.0,35.0,26.0,46.0
2022-10-16 08:40:00,1,3.0,93.5,4.3,18.0,-0.0051219512195121,2.2,249.2,24.0,89.2,39.0,39.0,31.0,34.0,26.0,46.0
2022-10-16 08:50:00,1,3.1,118.6,21.3,18.0,-0.0042439024390243,2.3,266.2,24.0,97.3,39.0,38.0,30.0,32.0,26.0,46.0
2022-10-16 09:00:00,1,4.1,41.3,-56.0,18.0,0.0143414634146341,7.3,832.2,9.7,97.3,39.0,40.0,30.0,32.0,27.0,46.0
2022-10-16 09:10:00,1,3.3,95.4,-0.8,18.0,0.0137560975609756,11.0,1248.8,0.5,96.2,41.0,44.0,31.0,32.0,27.0,46.0
2022-10-16 09:20:00,1,3.0,81.4,-14.8,19.0,-0.0001463414634146,7.1,801.5,12.0,96.2,41.0,45.0,33.0,34.0,28.0,46.0
2022-10-16 09:30:00,1,2.9,105.7,-0.4,19.0,-0.0039024390243902,2.1,235.3,24.0,106.1,40.0,43.0,34.0,35.0,28.0,46.0
2022-10-16 09:40:00,1,2.3,112.5,-3.7,18.0,-0.0038048780487804,1.7000000000000002,193.0,24.0,116.2,40.0,41.0,34.0,34.0,28.0,46.0
2022-10-16 09:50:00,1,2.8,128.3,12.1,18.0,-0.0038536585365853,2.1,233.6,24.0,116.2,39.0,40.0,33.0,34.0,28.0,47.0
2022-10-16 10:00:00,1,3.8,136.7,11.0,19.0,0.0233170731707317,8.0,907.6,7.8,125.7,40.0,41.0,34.0,34.0,28.0,47.0
2022-10-16 10:10:00,1,5.4,116.3,-7.3,19.0,0.1282439024390243,11.7,1320.5,-1.3,123.6,42.0,47.0,38.0,41.0,28.0,46.0
2022-10-16 10:20:00,1,6.4,132.7,9.1,19.0,0.1899024390243902,12.4,1402.9,-1.8,123.6,43.0,51.0,43.0,50.0,28.0,46.0
2022-10-16 10:30:00,1,6.8,115.7,-7.9,19.0,0.2434634146341463,13.0,1469.9,-2.0,123.6,44.0,52.0,45.0,56.0,28.0,46.0
2022-10-16 10:40:00,1,6.6,127.9,4.3,20.0,0.2250243902439024,12.7,1433.0,-1.9,123.6,45.0,53.0,47.0,59.0,28.0,46.0
2022-10-16 10:50:00,1,6.5,124.0,0.4,20.0,0.2002926829268292,12.6,1424.6,-1.8,123.6,45.0,52.0,48.0,60.0,28.0,46.0
2022-10-16 11:00:00,1,5.6,114.6,-9.0,20.0,0.1485853658536585,11.7,1328.7,-1.4,123.6,45.0,51.0,48.0,60.0,29.0,46.0
2022-10-16 11:10:00,1,5.1,124.4,-0.6000000000000001,21.0,0.103170731707317,11.4,1287.3,-1.1,125.0,45.0,50.0,47.0,59.0,29.0,46.0
2022-10-16 11:20:00,1,5.3,108.5,-27.9,21.0,0.1142439024390243,11.5,1304.8,-1.2,136.5,45.0,50.0,46.0,59.0,30.0,46.0
2022-10-16 11:30:00,1,6.5,153.9,25.7,21.0,0.2145853658536585,12.5,1412.2,-1.9,128.1,46.0,52.0,47.0,60.0,30.0,46.0
2022-10-16 11:40:00,1,7.4,124.7,-13.9,22.0,0.2848780487804878,13.5,1528.5,-2.1,138.6,47.0,54.0,49.0,63.0,30.0,46.0
2022-10-16 11:50:00,1,6.6,136.7,14.5,22.0,0.2277073170731707,12.7,1436.8,-1.8,122.2,48.0,54.0,50.0,63.0,31.0,46.0
2022-10-16 12:00:00,1,5.9,105.5,-23.3,22.0,0.1589268292682926,12.0,1356.0,-1.6,128.8,48.0,54.0,50.0,62.0,31.0,46.0
2022-10-16 12:10:00,1,5.5,151.9,29.7,22.0,0.1358048780487804,11.7,1322.0,-1.4,122.2,47.0,52.0,48.0,61.0,31.0,46.0
2022-10-16 12:20:00,1,6.1,154.6,26.8,22.0,0.1863414634146341,12.1,1375.4,-1.7000000000000002,127.8,47.0,52.0,48.0,61.0,31.0,46.0
2022-10-16 12:30:00,1,5.3,136.9,0.0,23.0,0.1039024390243902,11.4,1288.7,-1.3,136.9,47.0,52.0,49.0,61.0,31.0,46.0
2022-10-16 12:40:00,1,5.2,133.1,-6.6,23.0,0.1071219512195122,11.6,1316.1,-1.1,139.7,47.0,51.0,49.0,60.0,31.0,46.0
2022-10-16 12:50:00,1,5.0,102.2,-26.9,23.0,0.0949268292682926,11.3,1274.9,-1.1,129.2,47.0,51.0,49.0,59.0,32.0,47.0
2022-10-16 13:00:00,1,4.8,117.8,-5.1,23.0,0.0839512195121951,11.2,1269.6,-0.9,122.9,46.0,50.0,49.0,58.0,32.0,47.0
2022-10-16 13:10:00,1,4.0,144.3,15.1,24.0,0.0206341463414634,10.1,1146.9,3.7,129.2,46.0,49.0,49.0,57.0,32.0,47.0
2022-10-16 13:20:00,1,5.0,128.6,-26.5,24.0,0.0738048780487805,11.2,1271.4,-1.0,155.0,46.0,49.0,49.0,57.0,32.0,46.0
2022-10-16 13:30:00,1,4.0,119.3,6.2,24.0,0.0382926829268292,10.2,1159.1,2.2,113.1,46.0,49.0,49.0,56.0,32.0,47.0
2022-10-16 13:40:00,1,4.3,140.2,15.9,24.0,0.0444390243902439,11.1,1255.5,-0.3,124.3,45.0,48.0,49.0,54.0,33.0,46.0
2022-10-16 13:50:00,1,4.1,159.9,-2.2,24.0,0.0290243902439024,11.1,1254.9,-0.2,162.1,45.0,48.0,49.0,53.0,33.0,47.0
2022-10-16 14:00:00,1,3.7,75.0,-69.6,25.0,0.0208292682926829,10.3,1162.0,2.2,144.6,44.0,47.0,49.0,51.0,33.0,47.0
2022-10-16 14:10:00,1,3.9,115.8,-30.2,24.0,0.0070731707317073,6.4,740.3,21.7,146.1,44.0,47.0,49.0,49.0,33.0,47.0
2022-10-16 14:20:00,1,4.4,199.4,18.4,25.0,0.048780487804878,7.2,838.0,9.1,181.0,44.0,46.0,46.0,48.0,33.0,47.0
2022-10-16 14:30:00,1,5.0,115.1,-3.9,25.0,0.0915609756097561,11.2,1270.4,-1.1,119.0,45.0,49.0,47.0,49.0,33.0,47.0
2022-10-16 14:40:00,1,4.5,127.4,-0.4,25.0,0.054780487804878,11.1,1257.3,-0.6000000000000001,127.8,45.0,49.0,48.0,50.0,33.0,47.0
2022-10-16 14:50:00,1,4.0,124.8,-27.9,25.0,0.0306341463414634,11.1,1259.7,0.1,152.7,45.0,48.0,48.0,50.0,33.0,47.0
2022-10-16 15:00:00,1,4.5,163.1,-2.9,25.0,0.0477560975609756,9.5,1085.2,7.1,166.0,45.0,48.0,48.0,49.0,33.0,48.0
2022-10-16 15:10:00,1,4.9,140.8,-8.7,25.0,0.0772195121951219,11.3,1284.8,-0.8,149.5,45.0,49.0,48.0,48.0,33.0,47.0
2022-10-16 15:20:00,1,5.0,142.3,-17.3,25.0,0.08,11.4,1290.9,-1.0,159.7,45.0,50.0,48.0,50.0,34.0,48.0
2022-10-16 15:30:00,1,4.7,145.3,-6.4,25.0,0.0808780487804878,11.3,1274.2,-0.8,151.6,45.0,50.0,48.0,49.0,34.0,48.0
2022-10-16 15:40:00,1,5.2,155.4,-14.0,25.0,0.0878536585365853,11.4,1293.0,-1.2,169.4,45.0,50.0,49.0,49.0,34.0,48.0
2022-10-16 15:50:00,1,5.0,118.9,-6.5,25.0,0.104390243902439,11.4,1288.8,-1.1,125.4,46.0,51.0,48.0,50.0,34.0,48.0
2022-10-16 16:00:00,1,5.2,154.0,-16.5,25.0,0.1020975609756097,11.5,1306.1,-1.0,170.5,46.0,50.0,48.0,53.0,34.0,48.0
2022-10-16 16:10:00,1,4.9,159.8,7.5,25.0,0.0835609756097561,11.2,1274.2,-1.0,152.3,46.0,51.0,49.0,54.0,34.0,48.0
2022-10-16 16:20:00,1,5.4,153.9,11.4,25.0,0.1166829268292682,11.5,1305.4,-1.3,142.5,46.0,52.0,49.0,55.0,34.0,49.0
2022-10-16 16:30:00,1,6.1,128.8,-3.9,25.0,0.1798536585365853,12.2,1382.5,-1.6,132.7,47.0,53.0,49.0,57.0,34.0,49.0
2022-10-16 16:40:00,1,4.9,137.8,-0.5,25.0,0.0771219512195122,11.3,1280.5,-0.9,138.3,47.0,51.0,50.0,56.0,34.0,49.0
2022-10-16 16:50:00,1,5.1,134.2,6.5,25.0,0.0844878048780487,11.3,1283.8,-1.1,127.8,47.0,52.0,49.0,55.0,35.0,49.0
2022-10-16 17:00:00,1,5.1,140.4,12.3,25.0,0.0929268292682926,11.3,1277.2,-1.1,128.2,47.0,52.0,50.0,54.0,35.0,49.0
2022-10-16 17:10:00,1,4.8,146.2,-9.5,25.0,0.0876585365853658,11.5,1298.0,-0.7000000000000001,155.8,47.0,51.0,50.0,53.0,35.0,49.0
2022-10-16 17:20:00,1,4.9,135.7,-4.3,25.0,0.0784390243902439,11.2,1270.5,-1.0,140.1,47.0,51.0,51.0,52.0,35.0,49.0
2022-10-16 17:30:00,1,4.6,152.0,4.2,25.0,0.0539512195121951,11.1,1256.2,-0.8,147.7,47.0,51.0,51.0,52.0,35.0,49.0
2022-10-16 17:40:00,1,4.5,139.5,-6.2,25.0,0.0583414634146341,11.1,1255.8,-0.7000000000000001,145.7,46.0,50.0,51.0,51.0,35.0,49.0
2022-10-16 17:50:00,1,4.1,155.8,-6.0,25.0,0.0323414634146341,11.0,1246.2,-0.3,161.8,46.0,50.0,51.0,51.0,35.0,50.0
2022-10-16 18:00:00,1,3.3,139.1,-25.8,25.0,-0.005170731707317,3.9,449.6,38.0,164.9,45.0,48.0,49.0,50.0,34.0,50.0
2022-10-16 18:10:00,1,3.8,159.4,7.8,25.0,0.0208292682926829,11.0,1249.8,0.0,151.6,45.0,48.0,48.0,49.0,35.0,49.0
2022-10-16 18:20:00,1,4.4,153.3,-2.2,25.0,0.0505365853658536,11.1,1254.6,-0.5,155.4,45.0,49.0,49.0,49.0,35.0,49.0
2022-10-16 18:30:00,1,4.8,134.6,-13.8,25.0,0.0679024390243902,11.1,1262.1,-0.9,148.4,46.0,50.0,50.0,49.0,34.0,50.0
2022-10-16 18:40:00,1,5.8,170.3,23.6,25.0,0.1189268292682926,11.6,1318.7,-1.7000000000000002,146.7,46.0,51.0,50.0,49.0,35.0,50.0
2022-10-16 18:50:00,1,5.8,133.8,2.8,24.0,0.1282439024390243,11.7,1324.3,-1.6,130.9,47.0,52.0,51.0,49.0,34.0,50.0
2022-10-16 19:00:00,1,6.9,125.8,-5.1,24.0,0.2218536585365853,13.0,1474.8,-2.0,130.9,48.0,54.0,52.0,53.0,34.0,50.0
2022-10-16 19:10:00,1,5.9,117.5,-13.4,24.0,0.149170731707317,11.9,1347.2,-1.6,130.9,48.0,54.0,52.0,57.0,34.0,50.0
2022-10-16 19:20:00,1,5.6,119.1,-11.8,24.0,0.1253170731707317,11.5,1305.2,-1.6,130.9,48.0,53.0,51.0,56.0,34.0,50.0
2022-10-16 19:30:00,1,5.4,122.6,-8.3,23.0,0.1096585365853658,11.5,1299.0,-1.4,130.9,48.0,53.0,51.0,56.0,34.0,50.0
2022-10-16 19:40:00,1,5.9,143.8,12.9,23.0,0.1384878048780487,11.8,1335.2,-1.7000000000000002,130.9,48.0,53.0,51.0,56.0,34.0,50.0
2022-10-16 19:50:00,1,6.2,122.3,-8.6,23.0,0.1634634146341463,12.2,1382.9,-1.8,130.9,48.0,53.0,51.0,57.0,34.0,50.0
2022-10-16 20:00:00,1,6.1,128.9,-2.0,22.0,0.1622926829268292,12.2,1381.0,-1.7000000000000002,130.9,48.0,54.0,52.0,58.0,34.0,50.0
2022-10-16 20:10:00,1,7.2,125.1,-5.8,22.0,0.2555121951219512,13.4,1517.1,-2.1,130.9,49.0,55.0,53.0,60.0,33.0,49.0
2022-10-16 20:20:00,1,7.0,122.5,-8.4,22.0,0.250390243902439,13.0,1468.8,-2.0,130.9,49.0,55.0,53.0,61.0,33.0,49.0
2022-10-16 20:30:00,1,7.9,128.9,-1.9,22.0,0.3418536585365853,14.0,1584.3,-2.2,130.9,51.0,57.0,54.0,63.0,33.0,49.0
2022-10-16 20:40:00,1,8.0,112.9,-10.4,22.0,0.3470731707317073,14.2,1606.7,-2.2,123.2,51.0,58.0,56.0,64.0,33.0,49.0
2022-10-16 20:50:00,1,7.5,115.8,-7.4,22.0,0.2854634146341464,13.8,1567.2,-2.2,123.2,52.0,58.0,57.0,65.0,34.0,49.0
2022-10-16 21:00:00,1,6.8,114.8,-8.4,22.0,0.2162926829268292,13.0,1469.1,-2.0,123.2,52.0,57.0,57.0,65.0,34.0,49.0
2022-10-16 21:10:00,1,7.3,121.6,-1.6,22.0,0.2843414634146341,13.5,1527.3,-2.1,123.2,52.0,57.0,57.0,66.0,34.0,49.0
2022-10-16 21:20:00,1,7.3,118.8,-4.4,22.0,0.2731707317073171,13.6,1542.0,-2.1,123.2,52.0,58.0,58.0,68.0,34.0,49.0
2022-10-16 21:30:00,1,6.2,112.6,-10.5,22.0,0.1542439024390244,12.0,1363.3,-1.9,123.2,52.0,56.0,57.0,68.0,34.0,49.0
2022-10-16 21:40:00,1,5.6,132.6,9.4,21.0,0.1057560975609756,11.4,1287.1,-1.6,123.2,51.0,54.0,56.0,65.0,33.0,49.0
2022-10-16 21:50:00,1,5.2,117.1,-6.0,21.0,0.0744390243902439,11.1,1260.0,-1.3,123.2,50.0,52.0,55.0,63.0,33.0,49.0
2022-10-16 22:00:00,1,5.2,112.2,-3.2,21.0,0.0748780487804878,11.1,1259.6,-1.3,115.5,49.0,52.0,54.0,61.0,33.0,49.0
2022-10-16 22:10:00,1,5.1,114.1,7.7,21.0,0.0491219512195122,11.1,1255.1,-1.2,106.4,49.0,51.0,53.0,60.0,33.0,49.0
2022-10-16 22:20:00,1,4.7,102.1,-4.2,21.0,0.0402439024390243,11.0,1250.1,-0.9,106.4,48.0,50.0,53.0,59.0,33.0,49.0
2022-10-16 22:30:00,1,4.5,108.1,9.4,21.0,0.0265365853658536,11.0,1249.0,-0.7000000000000001,98.7,47.0,49.0,52.0,58.0,32.0,48.0
2022-10-16 22:40:00,1,4.4,91.7,-14.4,21.0,0.0264390243902439,11.0,1249.4,-0.6000000000000001,106.0,47.0,49.0,52.0,57.0,32.0,48.0
2022-10-16 22:50:00,1,4.8,125.7,19.7,20.0,0.0460487804878048,11.1,1252.6,-1.0,106.0,46.0,49.0,52.0,56.0,32.0,48.0
2022-10-16 23:00:00,1,3.4,108.7,2.6,20.0,0.0039512195121951,9.4,1062.6,5.9,106.1,46.0,48.0,51.0,54.0,32.0,48.0
2022-10-16 23:10:00,1,3.9,111.2,-2.9,20.0,0.0181951219512195,9.8,1115.4,2.5,114.1,45.0,46.0,50.0,52.0,31.0,48.0
2022-10-16 23:20:00,1,3.9,140.0,11.8,20.0,0.0213658536585365,11.0,1249.0,-0.1,128.1,45.0,47.0,50.0,50.0,31.0,48.0
2022-10-16 23:30:00,1,2.6,123.1,2.0,20.0,-0.0113170731707317,6.1,690.0,14.2,121.1,44.0,46.0,49.0,49.0,31.0,48.0
2022-10-16 23:40:00,1,2.5,89.7,-34.5,20.0,-0.0104878048780487,1.3,192.2,24.0,124.2,43.0,43.0,46.0,47.0,30.0,48.0
2022-10-16 23:50:00,1,3.3,72.9,-33.8,20.0,0.0013170731707317,5.0,565.3,16.4,106.7,43.0,42.0,43.0,46.0,30.0,48.0
2022-10-17 00:00:00,1,3.9,119.7,9.8,20.0,0.0201463414634146,11.0,1248.6,-0.1,109.9,43.0,44.0,41.0,46.0,30.0,47.0
2022-10-17 00:10:00,1,2.5,127.1,10.2,20.0,-0.006780487804878,5.1,584.6,16.9,116.9,43.0,44.0,41.0,46.0,29.0,47.0
2022-10-17 00:20:00,1,2.4,114.1,6.2,20.0,-0.0069756097560975,2.0,225.2,24.0,107.8,42.0,42.0,39.0,44.0,29.0,47.0
2022-10-17 00:30:00,1,2.7,74.4,-33.3,20.0,-0.0053658536585365,2.0,231.2,24.0,107.8,42.0,42.0,37.0,42.0,29.0,47.0
2022-10-17 00:40:00,1,2.7,109.4,4.1,20.0,-0.0053658536585365,2.1,233.2,24.0,105.3,42.0,41.0,36.0,40.0,29.0,48.0
2022-10-17 00:50:00,1,2.6,101.6,4.3,20.0,-0.0053170731707317,2.1,242.4,24.0,97.3,42.0,41.0,35.0,39.0,29.0,48.0
2022-10-17 01:00:00,1,2.4,112.5,15.2,20.0,-0.0052682926829268,2.1,232.8,24.0,97.3,42.0,40.0,34.0,37.0,29.0,48.0
2022-10-17 01:10:00,1,3.8,91.5,-5.8,20.0,0.0162439024390243,7.0,797.2,10.6,97.3,42.0,41.0,33.0,36.0,29.0,48.0
2022-10-17 01:20:00,1,4.2,115.7,4.7,20.0,0.0347317073170731,11.0,1249.2,-0.4,111.0,42.0,45.0,33.0,36.0,29.0,48.0
2022-10-17 01:30:00,1,5.1,95.0,-16.0,20.0,0.0961951219512195,11.3,1276.4,-1.1,111.0,43.0,47.0,35.0,37.0,29.0,47.0
2022-10-17 01:40:00,1,5.2,125.7,7.0,20.0,0.1074634146341463,11.2,1271.9,-1.3,118.6,44.0,49.0,38.0,39.0,29.0,47.0
2022-10-17 01:50:00,1,4.7,125.3,6.7,20.0,0.0795609756097561,11.1,1258.5,-0.8,118.6,44.0,48.0,39.0,41.0,30.0,47.0
2022-10-17 02:00:00,1,3.8,106.8,-11.9,19.0,0.0337073170731707,11.0,1249.5,0.0,118.6,43.0,47.0,40.0,43.0,30.0,47.0
2022-10-17 02:10:00,1,2.8,143.2,24.5,19.0,-0.0057560975609756,3.8,430.7,21.0,118.6,42.0,45.0,40.0,44.0,29.0,47.0
2022-10-17 02:20:00,1,2.9,127.3,17.0,19.0,-0.0052682926829268,2.3,262.3,24.0,110.3,42.0,43.0,38.0,42.0,29.0,47.0
2022-10-17 02:30:00,1,3.0,99.1,-11.2,19.0,-0.005560975609756,2.4,272.0,24.0,110.3,42.0,42.0,37.0,41.0,29.0,48.0
2022-10-17 02:40:00,1,2.5,99.7,-24.1,19.0,-0.0054146341463414,1.6,214.0,24.0,123.9,41.0,41.0,35.0,39.0,29.0,48.0
2022-10-17 02:50:00,1,2.4,99.4,-11.2,19.0,-0.0053170731707317,1.6,202.4,24.0,110.6,41.0,41.0,34.0,38.0,28.0,48.0
2022-10-17 03:00:00,1,2.5,119.2,8.6,19.0,-0.0053658536585365,1.9,220.2,24.0,110.6,41.0,40.0,33.0,36.0,28.0,48.0
2022-10-17 03:10:00,1,1.5,182.5,71.8,19.0,-0.0052682926829268,0.0,113.4,24.0,110.6,41.0,40.0,32.0,35.0,27.0,48.0
2022-10-17 03:20:00,1,2.3,97.6,-13.0,19.0,-0.0053170731707317,1.3,193.9,24.0,110.6,40.0,40.0,31.0,34.0,27.0,48.0
2022-10-17 03:30:00,1,3.5,113.5,-11.4,19.0,0.0099024390243902,9.9,1126.3,3.3,125.0,41.0,42.0,31.0,33.0,28.0,48.0
2022-10-17 03:40:00,1,2.9,116.0,-8.9,19.0,-0.0052682926829268,2.4,269.8,24.0,124.9,41.0,43.0,31.0,33.0,27.0,47.0
2022-10-17 03:50:00,1,3.2,117.5,1.0,19.0,-0.005170731707317,2.5,287.8,24.0,116.6,40.0,41.0,31.0,33.0,27.0,47.0
2022-10-17 04:00:00,1,2.8,145.9,19.1,19.0,-0.0051219512195121,2.3,255.4,24.0,126.7,40.0,41.0,30.0,32.0,27.0,48.0
2022-10-17 04:10:00,1,2.2,139.9,2.3,19.0,-0.0044878048780487,0.4,145.4,24.0,137.6,40.0,40.0,30.0,31.0,27.0,48.0
2022-10-17 04:20:00,1,2.1,106.5,-31.1,19.0,-0.0038536585365853,0.0,126.1,24.0,137.6,40.0,39.0,30.0,31.0,28.0,48.0
2022-10-17 04:30:00,1,2.2,106.2,-31.4,19.0,-0.0038536585365853,0.0,142.1,24.0,137.6,39.0,39.0,29.0,31.0,28.0,48.0
2022-10-17 04:40:00,1,2.4,105.7,-31.9,19.0,-0.0038048780487804,0.8,164.4,24.0,137.6,39.0,39.0,29.0,30.0,28.0,48.0
2022-10-17 04:50:00,1,2.2,114.8,-22.7,19.0,-0.0038048780487804,0.7000000000000001,164.5,24.0,137.6,39.0,38.0,29.0,30.0,28.0,48.0
2022-10-17 05:00:00,1,1.3,107.9,-29.7,19.0,-0.0037560975609756,0.0,107.1,24.0,137.6,39.0,38.0,29.0,30.0,27.0,48.0
2022-10-17 05:10:00,1,1.3,79.4,-58.2,19.0,-0.0036585365853658,0.0,49.7,24.0,137.6,38.0,38.0,29.0,29.0,27.0,48.0
2022-10-17 05:20:00,1,1.6,78.9,-58.7,19.0,-0.0037073170731707,0.0,102.2,24.0,137.6,38.0,37.0,29.0,29.0,27.0,48.0
2022-10-17 05:30:00,1,1.0,99.1,-38.4,19.0,-0.0037073170731707,0.0,30.6,24.0,137.6,38.0,37.0,29.0,29.0,27.0,48.0
2022-10-17 05:40:00,1,0.9,33.7,-103.8,19.0,-0.0036585365853658,0.0,0.0,24.0,137.6,38.0,36.0,28.0,29.0,27.0,48.0
2022-10-17 05:50:00,1,1.1,25.7,-111.9,19.0,-0.0036585365853658,0.0,32.4,24.0,137.6,37.0,36.0,28.0,28.0,26.0,48.0
2022-10-17 06:00:00,1,1.9,97.1,-40.4,19.0,-0.0037560975609756,0.0,79.9,24.0,137.6,38.0,36.0,28.0,28.0,26.0,48.0
2022-10-17 06:10:00,1,2.1,54.0,-83.6,19.0,-0.0037073170731707,0.0,22.2,24.0,137.6,38.0,35.0,28.0,28.0,26.0,48.0
2022-10-17 06:20:00,1,2.4,24.0,-113.6,19.0,-0.0037073170731707,0.0,0.0,24.0,137.6,37.0,35.0,28.0,28.0,26.0,48.0
2022-10-17 06:30:00,1,1.8,31.9,-105.6,19.0,-0.0036585365853658,0.0,29.8,24.0,137.6,36.0,35.0,28.0,27.0,26.0,48.0
2022-10-17 06:40:00,1,2.1,83.0,-54.6,19.0,-0.0036585365853658,0.0,67.9,24.0,137.6,37.0,35.0,28.0,27.0,26.0,48.0
2022-10-17 06:50:00,1,2.5,74.5,-63.1,19.0,-0.0036585365853658,0.0,105.0,24.0,137.6,37.0,35.0,28.0,27.0,26.0,48.0
2022-10-17 07:00:00,1,2.4,97.2,-40.4,19.0,-0.0037073170731707,0.0,120.1,24.0,137.6,37.0,35.0,27.0,27.0,26.0,48.0
2022-10-17 07:10:00,1,2.7,85.5,-52.0,19.0,-0.0040975609756097,1.1,189.5,24.0,137.5,37.0,35.0,27.0,27.0,26.0,48.0
2022-10-17 07:20:00,1,2.9,78.1,-11.4,19.0,-0.0039512195121951,2.2,245.1,24.0,89.6,37.0,36.0,27.0,27.0,26.0,48.0
2022-10-17 07:30:00,1,3.1,83.2,-3.2,19.0,-0.0038536585365853,2.4,272.3,24.0,86.4,37.0,36.0,27.0,27.0,26.0,48.0
2022-10-17 07:40:00,1,3.3,103.8,9.3,19.0,-0.0039024390243902,2.2,254.3,24.0,94.4,37.0,36.0,27.0,27.0,26.0,48.0
2022-10-17 07:50:00,1,3.0,70.6,-16.8,19.0,-0.0039024390243902,2.4,268.9,24.0,87.5,37.0,36.0,27.0,27.0,26.0,48.0
2022-10-17 08:00:00,1,3.0,124.7,21.1,19.0,-0.0038536585365853,2.5,280.2,24.0,103.6,37.0,36.0,27.0,27.0,26.0,49.0
2022-10-17 08:10:00,1,3.1,120.0,8.3,19.0,-0.0039512195121951,2.4,271.5,24.0,111.7,37.0,37.0,27.0,27.0,26.0,48.0
2022-10-17 08:20:00,1,2.8,107.7,-12.4,19.0,-0.0039024390243902,2.1,236.5,24.0,120.0,37.0,37.0,27.0,27.0,26.0,48.0
2022-10-17 08:30:00,1,3.2,123.9,18.9,19.0,-0.0038048780487804,2.3,265.8,24.0,105.0,37.0,36.0,27.0,27.0,26.0,48.0
2022-10-17 08:40:00,1,3.3,118.2,13.2,19.0,-0.0039024390243902,2.3,265.6,24.0,105.0,37.0,36.0,27.0,27.0,26.0,48.0
2022-10-17 08:50:00,1,3.3,78.9,-18.0,19.0,-0.0039512195121951,2.5,282.3,24.0,96.9,36.0,36.0,27.0,27.0,26.0,48.0
2022-10-17 09:00:00,1,3.2,77.3,-20.4,19.0,0.0013170731707317,9.6,1083.1,4.8,97.6,37.0,39.0,27.0,27.0,26.0,48.0
2022-10-17 09:10:00,1,3.3,81.0,-24.3,19.0,-0.0039024390243902,2.5,285.6,24.1,105.3,38.0,41.0,28.0,28.0,26.0,48.0
2022-10-17 09:20:00,1,3.6,110.4,5.0,20.0,0.0020975609756097,5.2,598.9,18.7,105.4,37.0,40.0,28.0,28.0,26.0,48.0
2022-10-17 09:30:00,1,3.9,145.6,24.1,20.0,-0.0026341463414634,0.0,19.4,84.9,121.5,37.0,40.0,28.0,28.0,27.0,48.0
2022-10-17 09:40:00,1,3.6,152.9,31.5,19.0,-0.0025853658536585,0.0,17.6,86.0,121.5,36.0,39.0,28.0,28.0,28.0,48.0
2022-10-17 09:50:00,1,3.8,165.8,44.4,20.0,-0.0025365853658536,0.0,18.1,86.0,121.5,37.0,38.0,28.0,28.0,28.0,49.0
2022-10-17 10:00:00,1,3.1,157.0,35.6,20.0,-0.0015121951219512,0.0,4.1,88.5,121.5,37.0,37.0,28.0,28.0,28.0,49.0
2022-10-17 10:10:00,1,2.5,146.2,24.7,20.0,-0.0010731707317073,0.0,3.4,89.5,121.5,37.0,37.0,28.0,28.0,29.0,49.0
2022-10-17 10:20:00,1,2.5,84.0,-37.5,20.0,-0.0012682926829268,0.0,6.4,89.5,121.5,36.0,36.0,28.0,28.0,29.0,48.0
2022-10-17 10:30:00,1,2.6,116.0,-5.4,20.0,-0.0019024390243902,0.0,2.5,86.0,121.5,36.0,36.0,28.0,27.0,29.0,48.0
2022-10-17 10:40:00,1,3.1,107.7,-13.7,21.0,-0.0019024390243902,0.0,0.0,86.0,121.5,35.0,36.0,28.0,27.0,29.0,47.0
2022-10-17 10:50:00,1,2.9,114.1,-7.3,21.0,-0.0017560975609756,0.0,3.3,85.4,121.5,35.0,35.0,28.0,27.0,29.0,47.0
2022-10-17 11:00:00,1,2.3,132.5,11.0,21.0,-0.0009756097560975,0.0,0.0,89.5,121.5,35.0,35.0,28.0,27.0,29.0,46.0
2022-10-17 11:10:00,1,2.2,141.2,19.8,22.0,-0.0009268292682926,0.0,0.0,89.5,121.5,35.0,35.0,28.0,27.0,29.0,46.0
2022-10-17 11:20:00,1,2.3,92.0,-29.4,22.0,-0.0009268292682926,0.0,0.0,89.5,121.5,35.0,34.0,28.0,27.0,29.0,46.0
2022-10-17 11:30:00,1,2.2,136.5,15.0,22.0,-0.0009268292682926,0.0,0.0,89.5,121.5,35.0,34.0,28.0,27.0,29.0,45.0
2022-10-17 11:40:00,1,2.0,129.3,7.8,23.0,-0.0009268292682926,0.0,0.0,89.5,121.5,34.0,34.0,28.0,27.0,29.0,45.0
2022-10-17 11:50:00,1,2.1,157.9,36.4,23.0,-0.0009268292682926,0.0,0.0,89.5,121.5,34.0,34.0,28.0,27.0,29.0,44.0
2022-10-17 12:00:00,1,2.2,179.7,58.3,23.0,-0.0009268292682926,0.0,0.0,89.5,121.5,34.0,34.0,28.0,27.0,29.0,44.0
2022-10-17 12:10:00,1,2.1,169.2,47.7,23.0,-0.0009268292682926,0.0,0.0,89.5,121.5,34.0,33.0,28.0,27.0,29.0,44.0
2022-10-17 12:20:00,1,2.2,145.2,23.7,24.0,-0.0009268292682926,0.0,0.0,89.5,121.5,34.0,33.0,162.0,27.0,30.0,43.0
2022-10-17 12:30:00,1,1.9,187.1,65.6,24.0,-0.0009268292682926,0.0,0.0,89.5,121.5,34.0,33.0,205.0,27.0,30.0,43.0
2022-10-17 12:40:00,1,2.4,174.9,53.4,24.0,-0.0009756097560975,0.0,0.0,89.5,121.5,33.0,33.0,205.0,27.0,30.0,42.0
2022-10-17 12:50:00,1,1.4,184.8,63.3,25.0,-0.0009268292682926,0.0,0.0,89.5,121.5,33.0,33.0,205.0,27.0,30.0,42.0
2022-10-17 13:00:00,1,2.7,198.8,77.4,25.0,-0.0009268292682926,0.0,0.0,89.5,121.5,33.0,33.0,205.0,27.0,30.0,41.0
2022-10-17 13:10:00,1,2.8,190.2,68.7,25.0,-0.0009268292682926,0.0,0.0,89.5,121.5,33.0,33.0,205.0,27.0,30.0,41.0
2022-10-17 13:20:00,1,3.2,174.9,53.4,25.0,-0.0009268292682926,0.0,0.0,89.5,121.5,33.0,33.0,205.0,27.0,30.0,41.0
2022-10-17 13:30:00,1,2.4,162.9,41.4,25.0,-0.0009268292682926,0.0,0.0,89.5,121.5,33.0,33.0,205.0,27.0,30.0,40.0
2022-10-17 13:40:00,1,2.7,190.4,68.9,25.0,-0.0009268292682926,0.0,0.0,89.5,121.5,33.0,33.0,205.0,27.0,30.0,40.0
2022-10-17 13:50:00,1,2.4,165.3,43.9,25.0,-0.0009268292682926,0.0,0.0,89.5,121.5,33.0,33.0,205.0,27.0,31.0,40.0
2022-10-17 14:00:00,1,3.0,217.6,96.2,25.0,-0.0009268292682926,0.0,0.0,89.5,121.5,33.0,33.0,205.0,27.0,31.0,39.0
2022-10-17 14:10:00,1,2.1,175.3,53.9,26.0,-0.0009268292682926,0.0,0.0,89.5,121.5,33.0,33.0,205.0,27.0,31.0,39.0
2022-10-17 14:20:00,1,2.4,167.9,46.4,26.0,-0.0009268292682926,0.0,0.0,89.5,121.5,33.0,33.0,205.0,27.0,31.0,39.0
2022-10-17 14:30:00,1,1.6,196.5,75.1,26.0,-0.0009268292682926,0.0,0.0,89.5,121.5,33.0,33.0,205.0,27.0,31.0,38.0
2022-10-17 14:40:00,1,2.0,297.2,175.7,27.0,-0.0009268292682926,0.0,0.0,89.5,121.5,33.0,32.0,205.0,27.0,31.0,38.0
2022-10-17 14:50:00,1,3.0,153.1,31.6,27.0,-0.0009268292682926,0.0,0.0,89.5,121.5,33.0,32.0,205.0,27.0,31.0,38.0
2022-10-17 15:00:00,1,4.0,288.4,166.9,27.0,-0.0009268292682926,0.0,0.0,89.5,121.5,32.0,32.0,205.0,27.0,31.0,38.0
2022-10-17 15:10:00,1,3.4,288.5,167.0,27.0,-0.0009268292682926,0.0,0.0,89.5,121.5,32.0,32.0,205.0,27.0,31.0,38.0
2022-10-17 15:20:00,1,4.3,260.3,138.8,27.0,-0.0009268292682926,0.0,0.0,89.5,121.5,32.0,32.0,205.0,27.0,31.0,37.0
2022-10-17 15:30:00,1,3.7,278.3,156.8,27.0,-0.0009268292682926,0.0,0.0,89.5,121.5,32.0,32.0,205.0,27.0,31.0,37.0
2022-10-17 15:40:00,1,3.2,283.0,161.6,27.0,-0.0009268292682926,0.0,0.0,89.5,121.5,32.0,32.0,205.0,27.0,31.0,37.0
2022-10-17 15:50:00,1,3.0,252.1,130.6,27.0,-0.0009268292682926,0.0,0.0,89.5,121.5,32.0,32.0,205.0,27.0,31.0,37.0
2022-10-17 16:00:00,1,3.4,282.9,161.4,27.0,-0.0009268292682926,0.0,0.0,89.5,121.5,32.0,32.0,205.0,27.0,31.0,36.0
2022-10-17 16:10:00,1,3.7,274.9,153.5,27.0,-0.0009268292682926,0.0,0.0,89.5,121.5,32.0,32.0,205.0,27.0,31.0,36.0
2022-10-17 16:20:00,1,4.0,282.1,160.6,27.0,-0.0009268292682926,0.0,0.0,89.5,121.5,32.0,32.0,205.0,28.0,31.0,36.0
2022-10-17 16:30:00,1,3.6,310.1,-171.4,27.0,-0.0009268292682926,0.0,0.0,89.5,121.5,32.0,32.0,205.0,28.0,31.0,36.0
2022-10-17 16:40:00,1,4.0,258.7,137.2,26.0,-0.0009268292682926,0.0,0.0,89.5,121.5,32.0,32.0,205.0,28.0,31.0,36.0
2022-10-17 16:50:00,1,3.8,266.1,144.6,26.0,-0.0009756097560975,0.0,0.0,89.5,121.5,32.0,32.0,205.0,28.0,31.0,36.0
2022-10-17 17:00:00,1,3.6,286.1,164.6,26.0,-0.0010243902439024,0.0,0.0,89.5,121.5,32.0,32.0,205.0,28.0,31.0,35.0
2022-10-17 17:10:00,1,3.5,253.3,131.9,26.0,-0.0009268292682926,0.0,0.0,89.5,121.5,32.0,32.0,205.0,28.0,31.0,35.0
2022-10-17 17:20:00,1,3.4,275.0,153.5,26.0,-0.0009268292682926,0.0,0.0,89.5,121.5,32.0,32.0,205.0,28.0,31.0,35.0
2022-10-17 17:30:00,1,3.6,261.9,140.4,26.0,-0.0010731707317073,0.0,0.0,89.5,121.5,32.0,32.0,205.0,28.0,31.0,35.0
2022-10-17 17:40:00,1,3.2,275.3,153.8,26.0,-0.0010731707317073,0.0,0.0,89.5,121.5,32.0,32.0,205.0,28.0,31.0,35.0
2022-10-17 17:50:00,1,2.9,241.5,120.1,26.0,-0.0010243902439024,0.0,0.0,89.5,121.5,32.0,32.0,205.0,28.0,31.0,35.0
2022-10-17 18:00:00,1,3.3,285.3,163.8,26.0,-0.0009756097560975,0.0,0.0,89.5,121.5,32.0,32.0,205.0,28.0,31.0,35.0
2022-10-17 18:10:00,1,3.3,270.9,149.4,26.0,-0.0010731707317073,0.0,0.0,89.5,121.5,32.0,32.0,205.0,28.0,31.0,35.0
2022-10-17 18:20:00,1,3.0,261.3,139.8,26.0,-0.0014634146341463,0.0,0.0,89.5,121.5,32.0,32.0,205.0,28.0,31.0,34.0
2022-10-17 18:30:00,1,3.1,250.6,129.2,26.0,-0.0014146341463414,0.0,0.0,89.5,121.5,32.0,32.0,205.0,28.0,31.0,34.0
2022-10-17 18:40:00,1,3.1,273.1,151.6,26.0,-0.0014146341463414,0.0,0.0,89.5,121.5,32.0,32.0,205.0,28.0,31.0,34.0
2022-10-17 18:50:00,1,3.2,264.2,142.8,26.0,-0.0010243902439024,0.0,0.0,89.5,121.5,32.0,32.0,205.0,28.0,32.0,34.0
2022-10-17 19:00:00,1,3.0,263.4,142.0,26.0,-0.0009756097560975,0.0,0.0,89.5,121.5,32.0,32.0,205.0,28.0,32.0,34.0
2022-10-17 19:10:00,1,3.0,281.9,160.4,25.0,-0.0009756097560975,0.0,0.0,89.5,121.5,32.0,32.0,205.0,28.0,32.0,34.0
2022-10-17 19:20:00,1,3.2,291.7,170.3,25.0,-0.0009756097560975,0.0,0.0,89.5,121.5,32.0,32.0,205.0,28.0,32.0,34.0
2022-10-17 19:30:00,1,3.1,285.2,163.8,25.0,-0.0009756097560975,0.0,0.0,89.5,121.5,32.0,32.0,205.0,28.0,32.0,34.0
2022-10-17 19:40:00,1,3.1,289.1,167.7,24.0,-0.0009756097560975,0.0,0.0,89.5,121.5,32.0,32.0,205.0,28.0,31.0,34.0
2022-10-17 19:50:00,1,3.2,299.0,177.5,24.0,-0.0009756097560975,0.0,0.0,89.5,121.5,32.0,32.0,205.0,28.0,31.0,33.0
2022-10-17 20:00:00,1,3.7,300.7,179.2,24.0,-0.0009756097560975,0.0,0.0,89.5,121.5,32.0,32.0,205.0,28.0,31.0,33.0
2022-10-17 20:10:00,1,3.3,312.2,-169.3,24.0,-0.0009268292682926,0.0,0.0,89.5,121.5,32.0,32.0,205.0,28.0,31.0,33.0
2022-10-17 20:20:00,1,3.6,317.6,-163.8,24.0,-0.0009268292682926,0.0,0.0,89.5,121.5,32.0,32.0,205.0,28.0,31.0,33.0
2022-10-17 20:30:00,1,3.0,307.8,-173.6,23.0,-0.0009756097560975,0.0,6.8,89.5,121.5,32.0,32.0,205.0,28.0,31.0,33.0
2022-10-17 20:40:00,1,2.6,333.0,-148.4,23.0,-0.0004878048780487,0.0,0.3,89.5,121.5,32.0,32.0,205.0,28.0,31.0,33.0
2022-10-17 20:50:00,1,3.0,335.6,-145.8,23.0,-0.0004878048780487,0.0,1.1,89.5,121.5,32.0,32.0,205.0,28.0,31.0,33.0
2022-10-17 21:00:00,1,3.2,324.3,-157.1,23.0,-0.0004878048780487,0.0,0.0,89.5,121.5,32.0,32.0,205.0,28.0,31.0,33.0
2022-10-17 21:10:00,1,2.9,337.7,-143.7,23.0,-0.0004878048780487,0.0,0.0,89.5,121.5,32.0,32.0,205.0,28.0,31.0,33.0
2022-10-17 21:20:00,1,2.4,348.2,-133.2,23.0,-0.0004878048780487,0.0,0.5,89.5,121.5,32.0,32.0,205.0,28.0,31.0,32.0
2022-10-17 21:30:00,1,2.7,350.7,-130.7,23.0,-0.0004878048780487,0.0,0.4,89.5,121.5,32.0,32.0,205.0,28.0,32.0,32.0
2022-10-17 21:40:00,1,3.3,350.9,-130.5,23.0,-0.0004878048780487,0.0,1.7000000000000002,89.5,121.5,32.0,32.0,205.0,28.0,32.0,32.0
2022-10-17 21:50:00,1,3.0,2.9,-118.5,23.0,-0.0004878048780487,0.0,0.0,89.5,121.5,32.0,32.0,205.0,28.0,32.0,32.0
2022-10-17 22:00:00,1,2.8,8.9,-112.6,23.0,-0.0004878048780487,0.0,1.4,89.5,121.5,32.0,32.0,205.0,28.0,32.0,32.0
2022-10-17 22:10:00,1,2.8,355.0,-126.4,23.0,-0.0004878048780487,0.0,0.0,89.5,121.5,32.0,32.0,205.0,28.0,32.0,32.0
2022-10-17 22:20:00,1,2.7,359.0,-121.6,23.0,-0.0004878048780487,0.0,0.0,89.5,121.5,32.0,32.0,205.0,28.0,32.0,32.0
2022-10-17 22:30:00,1,2.6,6.3,-115.2,23.0,-0.0004878048780487,0.0,0.2,89.5,121.5,32.0,32.0,205.0,27.0,32.0,32.0
2022-10-17 22:40:00,1,2.1,13.5,-107.9,22.0,-0.0004878048780487,0.0,0.1,89.5,121.5,32.0,32.0,205.0,27.0,32.0,32.0
2022-10-17 22:50:00,1,1.9,355.3,-126.1,22.0,-0.0004878048780487,0.0,0.0,89.5,121.5,32.0,32.0,205.0,27.0,32.0,32.0
2022-10-17 23:00:00,1,1.7000000000000002,29.3,-92.1,23.0,-0.0004878048780487,0.0,1.8,89.5,121.5,32.0,32.0,205.0,27.0,32.0,32.0
2022-10-17 23:10:00,1,1.8,46.7,-74.7,23.0,-0.0004390243902439,0.0,8.1,89.5,121.5,32.0,32.0,205.0,27.0,32.0,32.0
2022-10-17 23:20:00,1,1.7000000000000002,52.8,-68.6,23.0,-0.0004878048780487,0.0,0.0,89.5,121.5,32.0,31.0,205.0,27.0,32.0,31.0
2022-10-17 23:30:00,1,2.6,45.4,-76.0,23.0,-0.0004878048780487,0.0,11.1,89.5,121.5,32.0,31.0,205.0,27.0,32.0,31.0
2022-10-17 23:40:00,1,3.6,53.7,-67.7,23.0,-0.0004878048780487,0.0,30.7,89.5,121.5,32.0,31.0,205.0,27.0,32.0,31.0
2022-10-17 23:50:00,1,4.6,54.4,-67.0,22.0,-0.0004878048780487,0.0,26.2,89.5,121.5,33.0,32.0,205.0,27.0,32.0,31.0
2022-10-18 00:00:00,1,4.3,57.2,-64.3,23.0,-0.0004878048780487,0.0,9.5,89.5,121.5,33.0,31.0,205.0,27.0,32.0,31.0
2022-10-18 00:10:00,1,4.6,56.1,-65.3,22.0,-0.0004878048780487,0.0,1.2,89.5,121.5,32.0,31.0,205.0,27.0,32.0,31.0
2022-10-18 00:20:00,1,4.8,56.0,-65.5,22.0,-0.0004878048780487,0.0,2.8,89.5,121.5,32.0,31.0,205.0,27.0,32.0,31.0
2022-10-18 00:30:00,1,4.0,56.7,-64.8,22.0,-0.0004878048780487,0.0,0.9,89.5,121.5,32.0,31.0,205.0,27.0,32.0,31.0
2022-10-18 00:40:00,1,4.3,48.4,-73.0,22.0,-0.0004878048780487,0.0,0.0,89.5,121.5,32.0,31.0,205.0,27.0,32.0,31.0
2022-10-18 00:50:00,1,2.5,32.5,-88.9,22.0,-0.0004878048780487,0.0,2.7,89.5,121.5,32.0,31.0,205.0,27.0,32.0,31.0
2022-10-18 01:00:00,1,2.3,331.0,-150.5,22.0,-0.0004878048780487,0.0,0.0,89.5,121.5,32.0,31.0,205.0,27.0,32.0,31.0
2022-10-18 01:10:00,1,2.2,1.2,-120.2,22.0,-0.0004878048780487,0.0,1.8,89.5,121.5,32.0,31.0,205.0,27.0,32.0,31.0
2022-10-18 01:20:00,1,2.2,333.0,-148.5,22.0,-0.0004878048780487,0.0,0.0,89.5,121.5,32.0,31.0,205.0,27.0,32.0,31.0
2022-10-18 01:30:00,1,2.4,2.2,-119.3,22.0,-0.0004878048780487,0.0,0.0,89.5,121.5,32.0,31.0,205.0,27.0,32.0,31.0
2022-10-18 01:40:00,1,2.3,21.9,-99.5,22.0,-0.0004878048780487,0.0,0.0,89.5,121.5,32.0,31.0,205.0,27.0,32.0,31.0
2022-10-18 01:50:00,1,1.5,38.8,-82.6,22.0,-0.0004878048780487,0.0,2.6,89.5,121.5,32.0,31.0,205.0,27.0,32.0,31.0
2022-10-18 02:00:00,1,1.5,44.1,-77.4,22.0,-0.0004878048780487,0.0,9.8,89.5,121.5,32.0,31.0,205.0,27.0,32.0,30.0
2022-10-18 02:10:00,1,2.1,47.6,-73.9,22.0,-0.0004878048780487,0.0,24.5,89.5,121.5,32.0,31.0,205.0,27.0,32.0,30.0
2022-10-18 02:20:00,1,2.0,56.4,-65.1,22.0,-0.0004878048780487,0.0,21.2,89.5,121.5,32.0,31.0,205.0,27.0,32.0,30.0
2022-10-18 02:30:00,1,2.0,56.8,-64.7,22.0,-0.0004878048780487,0.0,24.8,89.5,121.5,32.0,31.0,205.0,27.0,32.0,30.0
2022-10-18 02:40:00,1,1.9,43.8,-77.7,22.0,-0.0004878048780487,0.0,25.0,89.5,121.5,32.0,31.0,205.0,27.0,32.0,30.0
2022-10-18 02:50:00,1,1.9,39.9,-81.6,22.0,-0.0004878048780487,0.0,22.8,89.5,121.5,32.0,31.0,205.0,27.0,32.0,30.0
2022-10-18 03:00:00,1,2.9,61.1,-60.3,21.0,-0.0004878048780487,0.0,26.5,89.5,121.5,32.0,31.0,205.0,27.0,32.0,30.0
2022-10-18 03:10:00,1,3.8,52.8,-68.6,22.0,-0.0004878048780487,0.0,22.0,89.5,121.5,32.0,31.0,205.0,27.0,32.0,30.0
2022-10-18 03:20:00,1,4.3,59.8,-61.7,22.0,-0.0004878048780487,0.0,2.8,89.5,121.5,32.0,31.0,205.0,27.0,32.0,30.0
2022-10-18 03:30:00,1,4.2,50.9,-70.5,22.0,-0.0004878048780487,0.0,5.3,89.5,121.5,32.0,31.0,205.0,27.0,32.0,30.0
2022-10-18 03:40:00,1,3.6,59.8,-61.6,22.0,-0.0004878048780487,0.0,8.8,89.5,121.5,32.0,31.0,205.0,27.0,32.0,30.0
2022-10-18 03:50:00,1,3.5,56.6,-64.8,22.0,-0.0004878048780487,0.0,10.0,89.5,121.5,32.0,31.0,205.0,27.0,32.0,30.0
2022-10-18 04:00:00,1,2.9,58.4,-63.0,22.0,-0.0004878048780487,0.0,3.8,89.5,121.5,32.0,31.0,205.0,27.0,32.0,30.0
2022-10-18 04:10:00,1,2.1,61.0,-60.4,23.0,-0.0004878048780487,0.0,0.0,89.5,121.5,32.0,31.0,205.0,27.0,32.0,30.0
2022-10-18 04:20:00,1,1.9,53.0,-68.4,23.0,-0.0004878048780487,0.0,4.0,89.5,121.5,32.0,31.0,205.0,27.0,32.0,30.0
2022-10-18 04:30:00,1,2.5,72.7,-48.7,22.0,-0.0004878048780487,0.0,10.4,89.5,121.5,32.0,31.0,205.0,27.0,32.0,30.0
2022-10-18 04:40:00,1,2.8,120.7,-0.7000000000000001,23.0,-0.0004878048780487,0.0,2.5,89.5,121.5,32.0,31.0,205.0,27.0,31.0,30.0
2022-10-18 04:50:00,1,2.8,52.6,-68.8,23.0,-0.0004878048780487,0.0,0.0,89.5,121.5,32.0,31.0,205.0,27.0,31.0,30.0
2022-10-18 05:00:00,1,2.8,84.0,-37.5,22.0,-0.0004878048780487,0.0,0.7000000000000001,89.5,121.5,31.0,31.0,205.0,27.0,31.0,30.0
2022-10-18 05:10:00,1,3.2,93.4,-28.1,22.0,-0.0004878048780487,0.0,1.3,89.5,121.5,31.0,31.0,205.0,27.0,31.0,30.0
2022-10-18 05:20:00,1,3.8,77.5,-43.9,21.0,-0.0004878048780487,0.0,0.4,89.5,121.5,31.0,31.0,205.0,27.0,31.0,30.0
2022-10-18 05:30:00,1,2.8,77.6,-43.8,21.0,-0.0004878048780487,0.0,2.6,89.5,121.5,31.0,31.0,205.0,27.0,31.0,30.0
2022-10-18 05:40:00,1,3.2,77.1,-44.3,21.0,-0.0004878048780487,0.0,0.0,89.4,121.5,31.0,31.0,205.0,27.0,31.0,30.0
2022-10-18 05:50:00,1,2.9,79.9,-41.6,21.0,-0.0004878048780487,0.0,0.0,89.4,121.5,31.0,31.0,205.0,27.0,31.0,30.0
2022-10-18 06:00:00,1,3.0,64.4,-57.1,21.0,-0.0004878048780487,0.0,0.0,89.4,121.5,31.0,31.0,205.0,27.0,31.0,29.0
2022-10-18 06:10:00,1,2.7,80.8,-40.6,21.0,-0.0004878048780487,0.0,0.0,89.4,121.5,31.0,31.0,205.0,27.0,31.0,29.0
2022-10-18 06:20:00,1,2.5,72.7,-48.7,21.0,-0.0004878048780487,0.0,5.1,89.4,121.5,31.0,31.0,205.0,27.0,31.0,29.0
2022-10-18 06:30:00,1,2.0,59.1,-62.3,21.0,-0.0004878048780487,0.0,10.3,89.5,121.5,31.0,31.0,205.0,27.0,31.0,29.0
2022-10-18 06:40:00,1,1.8,90.5,-30.9,21.0,-0.0004878048780487,0.0,7.8,89.5,121.5,31.0,31.0,205.0,27.0,31.0,29.0
2022-10-18 06:50:00,1,2.1,49.9,-71.6,21.0,-0.0004878048780487,0.0,1.8,89.5,121.5,31.0,31.0,205.0,27.0,31.0,29.0
2022-10-18 07:00:00,1,1.5,71.1,-50.4,21.0,-0.0004878048780487,0.0,0.0,89.5,121.5,31.0,31.0,205.0,27.0,31.0,29.0
2022-10-18 07:10:00,1,1.5,25.0,-96.4,21.0,-0.0004878048780487,0.0,0.0,89.5,121.5,31.0,30.0,205.0,27.0,31.0,29.0
2022-10-18 07:20:00,1,1.4,4.2,-117.2,22.0,-0.0004878048780487,0.0,0.0,89.5,121.5,31.0,30.0,205.0,27.0,31.0,29.0
2022-10-18 07:30:00,1,1.6,37.2,-84.2,22.0,-0.0004878048780487,0.0,7.4,89.5,121.5,31.0,30.0,205.0,27.0,31.0,29.0
2022-10-18 07:40:00,1,1.7000000000000002,21.7,-99.8,22.0,-0.0004878048780487,0.0,10.4,89.5,121.5,31.0,30.0,205.0,27.0,31.0,29.0
2022-10-18 07:50:00,1,1.8,14.7,-106.7,22.0,-0.0004390243902439,0.0,0.0,89.5,121.5,31.0,30.0,205.0,27.0,31.0,29.0
2022-10-18 08:00:00,1,1.9,52.6,-68.8,23.0,-0.0004390243902439,0.0,0.0,89.5,121.5,31.0,30.0,205.0,27.0,31.0,29.0
2022-10-18 08:10:00,1,2.1,54.9,-66.6,23.0,-0.0004878048780487,0.0,0.0,89.5,121.5,31.0,30.0,205.0,27.0,31.0,29.0
2022-10-18 08:20:00,1,2.3,58.3,-63.1,22.0,-0.0004878048780487,0.0,2.4,89.5,121.5,31.0,30.0,205.0,27.0,31.0,29.0
2022-10-18 08:30:00,1,2.7,63.0,-58.5,22.0,-0.0008780487804878,0.0,2.0,89.5,121.5,31.0,30.0,205.0,27.0,31.0,29.0
2022-10-18 08:40:00,1,2.7,66.6,-54.9,23.0,-0.0009756097560975,0.0,0.3,89.5,121.5,31.0,30.0,205.0,27.0,31.0,29.0
2022-10-18 08:50:00,1,2.6,68.5,-53.0,23.0,-0.0009268292682926,0.0,7.4,89.5,121.5,31.0,30.0,205.0,27.0,31.0,29.0
2022-10-18 09:00:00,1,3.2,85.3,-36.1,22.0,-0.0009268292682926,0.0,6.9,89.5,121.5,31.0,30.0,205.0,27.0,31.0,29.0
2022-10-18 09:10:00,1,3.3,67.0,-54.5,23.0,-0.0009268292682926,0.0,0.0,89.4,121.5,31.0,30.0,74.0,27.0,30.0,29.0
2022-10-18 09:20:00,1,3.6,40.7,-80.8,23.0,-0.0014146341463414,0.0,0.0,89.3,121.5,31.0,30.0,28.0,27.0,30.0,29.0
2022-10-18 09:30:00,1,4.0,79.8,-41.6,23.0,-0.0014146341463414,0.0,0.0,89.3,121.5,31.0,30.0,28.0,27.0,30.0,29.0
2022-10-18 09:40:00,1,3.7,109.9,-11.5,23.0,-0.0014146341463414,0.0,0.0,89.3,121.5,30.0,30.0,28.0,27.0,30.0,29.0
2022-10-18 09:50:00,1,4.0,83.2,-38.3,23.0,-0.0014146341463414,0.0,0.0,89.3,121.5,30.0,30.0,28.0,27.0,30.0,29.0
2022-10-18 10:00:00,1,3.5,83.7,-37.7,22.0,-0.0014146341463414,0.0,0.0,89.2,121.5,30.0,30.0,28.0,27.0,30.0,29.0
2022-10-18 10:10:00,1,3.6,97.1,-24.4,22.0,-0.0014146341463414,0.0,0.0,89.2,121.5,30.0,30.0,28.0,27.0,30.0,29.0
2022-10-18 10:20:00,1,3.4,81.3,-40.1,22.0,-0.0014146341463414,0.0,0.0,89.2,121.5,30.0,30.0,28.0,27.0,30.0,29.0
2022-10-18 10:30:00,1,3.1,114.4,-7.1,23.0,-0.0014146341463414,0.0,0.0,89.2,121.5,30.0,30.0,28.0,27.0,30.0,29.0
2022-10-18 10:40:00,1,2.5,80.2,-41.3,24.0,-0.0014146341463414,0.0,0.0,89.2,121.5,30.0,30.0,28.0,26.0,30.0,28.0
2022-10-18 10:50:00,1,2.3,138.9,17.4,24.0,-0.0013658536585365,0.0,0.0,89.2,121.5,30.0,30.0,28.0,26.0,30.0,28.0
2022-10-18 11:00:00,1,2.8,93.6,-27.8,24.0,-0.0009268292682926,0.0,0.0,89.2,121.5,30.0,30.0,28.0,26.0,30.0,28.0
2022-10-18 11:10:00,1,3.2,98.2,-23.2,24.0,-0.0009268292682926,0.0,0.0,89.2,121.5,30.0,30.0,28.0,26.0,30.0,28.0
2022-10-18 11:20:00,1,2.7,93.7,-27.7,24.0,-0.0009268292682926,0.0,0.0,89.2,121.5,30.0,30.0,29.0,26.0,30.0,28.0
2022-10-18 11:30:00,1,2.4,126.0,4.5,25.0,-0.0024878048780487,0.0,1.0,86.8,121.5,30.0,30.0,29.0,26.0,30.0,29.0
2022-10-18 11:40:00,1,2.4,122.1,0.7000000000000001,25.0,-0.0025365853658536,0.0,0.0,86.0,121.5,30.0,30.0,30.0,26.0,30.0,31.0
2022-10-18 11:50:00,1,2.0,116.1,-5.4,26.0,-0.0021951219512195,0.0,0.9,86.1,121.5,30.0,30.0,30.0,26.0,30.0,33.0
2022-10-18 12:00:00,1,1.8,121.2,-0.3,26.0,-0.0018048780487804,0.0,1.9,86.0,121.5,30.0,30.0,30.0,26.0,31.0,34.0
2022-10-18 12:10:00,1,2.2,109.1,-12.4,26.0,-0.0017560975609756,0.0,2.7,86.0,121.5,30.0,30.0,31.0,27.0,31.0,35.0
2022-10-18 12:20:00,1,2.3,107.0,-14.4,27.0,-0.0020487804878048,0.0,9.5,83.0,121.5,30.0,30.0,31.0,27.0,31.0,35.0
2022-10-18 12:30:00,1,3.2,151.8,30.3,27.0,-0.002780487804878,0.5,87.4,61.5,121.5,31.0,30.0,31.0,27.0,31.0,35.0
2022-10-18 12:40:00,1,3.3,154.2,29.6,27.0,-0.0019024390243902,0.0,7.5,86.0,124.6,31.0,30.0,31.0,27.0,31.0,36.0
2022-10-18 12:50:00,1,3.5,179.7,55.1,27.0,-0.0021463414634146,0.0,3.7,86.0,124.6,31.0,30.0,31.0,27.0,31.0,37.0
2022-10-18 13:00:00,1,4.2,155.6,31.0,27.0,-0.002,0.0,6.5,86.0,124.6,30.0,30.0,31.0,27.0,32.0,37.0
2022-10-18 13:10:00,1,3.7,141.1,16.5,28.0,-0.0024390243902439,0.3,41.0,77.0,124.6,30.0,30.0,31.0,27.0,33.0,37.0
2022-10-18 13:20:00,1,3.7,95.8,-39.7,28.0,0.0148292682926829,9.5,1082.4,3.8,135.5,32.0,35.0,32.0,28.0,33.0,38.0
2022-10-18 13:30:00,1,3.8,127.2,-9.9,28.0,0.0270243902439024,11.0,1249.2,0.0,137.2,35.0,42.0,34.0,33.0,33.0,40.0
2022-10-18 13:40:00,1,4.2,137.7,25.3,28.0,0.0397560975609756,11.0,1251.3,-0.4,112.4,36.0,45.0,37.0,41.0,34.0,41.0
2022-10-18 13:50:00,1,4.0,114.0,-9.2,29.0,0.037170731707317,11.0,1250.0,0.0,123.2,38.0,47.0,39.0,47.0,34.0,42.0
2022-10-18 14:00:00,1,4.4,141.8,16.1,29.0,0.0537073170731707,11.1,1252.6,-0.5,125.7,39.0,48.0,41.0,50.0,35.0,43.0
2022-10-18 14:10:00,1,4.1,141.5,0.4,29.0,0.0340975609756097,11.0,1251.3,-0.3,141.1,40.0,49.0,42.0,52.0,34.0,44.0
2022-10-18 14:20:00,1,3.7,120.4,-11.6,29.0,0.0162926829268292,10.5,1191.2,2.9,132.0,40.0,48.0,43.0,54.0,35.0,45.0
2022-10-18 14:30:00,1,3.9,158.3,35.5,30.0,0.0129756097560975,4.6,538.9,36.0,122.8,40.0,47.0,43.0,53.0,35.0,46.0
2022-10-18 14:40:00,1,4.1,130.7,20.1,30.0,0.0230243902439024,11.0,1249.0,-0.2,110.6,41.0,48.0,44.0,53.0,36.0,47.0
2022-10-18 14:50:00,1,3.2,79.0,-16.8,30.0,-0.0028292682926829,7.0,791.7,11.3,95.9,41.0,48.0,45.0,54.0,36.0,48.0
2022-10-18 15:00:00,1,3.0,129.0,24.3,30.0,0.0037073170731707,5.1,610.5,14.0,104.6,41.0,47.0,45.0,51.0,37.0,48.0
2022-10-18 15:10:00,1,3.2,125.2,15.3,30.0,0.0072682926829268,9.5,1076.2,4.0,109.8,42.0,48.0,45.0,50.0,37.0,49.0
2022-10-18 15:20:00,1,2.5,77.8,16.5,31.0,-0.0039024390243902,0.1,77.1,24.0,61.2,43.0,47.0,45.0,50.0,37.0,50.0
2022-10-18 15:30:00,1,4.0,144.5,35.9,30.0,0.017170731707317,10.2,1154.2,1.8,108.5,42.0,47.0,44.0,49.0,37.0,50.0
2022-10-18 15:40:00,1,4.2,155.4,18.2,29.0,0.0377560975609756,11.0,1250.1,-0.3,137.3,44.0,50.0,46.0,52.0,37.0,51.0
2022-10-18 15:50:00,1,4.6,202.7,45.9,29.0,0.058390243902439,11.1,1261.7,-0.4,156.9,43.0,50.0,46.0,55.0,37.0,51.0
2022-10-18 16:00:00,1,5.1,145.4,-11.1,29.0,0.0977073170731707,11.2,1272.7,-1.1,156.5,44.0,52.0,47.0,57.0,37.0,52.0
2022-10-18 16:10:00,1,5.4,161.5,13.0,29.0,0.1047317073170731,11.5,1304.4,-1.3,148.4,45.0,52.0,48.0,58.0,37.0,52.0
2022-10-18 16:20:00,1,5.5,135.8,-10.2,29.0,0.1102926829268292,11.6,1317.9,-1.4,146.0,46.0,53.0,48.0,59.0,37.0,52.0
2022-10-18 16:30:00,1,6.0,148.2,7.1,29.0,0.1483414634146341,12.1,1366.0,-1.7000000000000002,141.1,46.0,54.0,48.0,61.0,37.0,52.0
2022-10-18 16:40:00,1,5.6,123.6,-15.0,29.0,0.1297560975609756,11.6,1313.1,-1.5,138.7,47.0,54.0,49.0,61.0,37.0,52.0
2022-10-18 16:50:00,1,5.9,121.2,-19.5,29.0,0.1290731707317073,11.8,1341.4,-1.7000000000000002,140.7,47.0,54.0,48.0,61.0,37.0,52.0
2022-10-18 17:00:00,1,5.8,101.4,-21.1,28.0,0.1420487804878048,11.8,1332.2,-1.6,122.5,48.0,54.0,48.0,61.0,37.0,52.0
2022-10-18 17:10:00,1,5.9,107.0,-17.2,28.0,0.1570731707317073,11.9,1344.9,-1.7000000000000002,124.2,48.0,55.0,48.0,61.0,36.0,52.0
2022-10-18 17:20:00,1,6.3,121.4,3.7,28.0,0.180780487804878,12.2,1379.6,-1.9,117.6,49.0,56.0,48.0,62.0,37.0,52.0
2022-10-18 17:30:00,1,5.6,120.9,-4.4,28.0,0.1330243902439024,11.7,1325.2,-1.5,125.3,49.0,55.0,48.0,64.0,37.0,52.0
2022-10-18 17:40:00,1,5.7,126.1,0.8,28.0,0.1248780487804878,11.8,1337.9,-1.5,125.3,49.0,55.0,49.0,64.0,37.0,52.0
2022-10-18 17:50:00,1,5.5,123.1,6.2,27.0,0.1175121951219512,11.5,1298.1,-1.5,116.9,49.0,55.0,50.0,65.0,38.0,52.0
2022-10-18 18:00:00,1,5.5,128.7,3.8,27.0,0.1094146341463414,11.4,1293.8,-1.4,124.9,49.0,54.0,50.0,63.0,37.0,52.0
2022-10-18 18:10:00,1,5.0,124.7,7.5,27.0,0.0880975609756097,11.4,1287.3,-1.1,117.2,49.0,54.0,50.0,63.0,37.0,52.0
2022-10-18 18:20:00,1,4.6,137.7,24.6,27.0,0.0757560975609756,11.2,1263.9,-0.8,113.1,49.0,53.0,50.0,61.0,37.0,52.0
2022-10-18 18:30:00,1,4.3,122.1,5.2,26.0,0.0498536585365853,11.0,1250.9,-0.4,116.9,48.0,52.0,50.0,60.0,36.0,52.0
2022-10-18 18:40:00,1,4.2,131.7,23.2,26.0,0.0358536585365853,11.0,1249.9,-0.3,108.5,48.0,51.0,50.0,59.0,35.0,52.0
2022-10-18 18:50:00,1,5.1,92.0,0.7000000000000001,26.0,0.0908780487804878,11.2,1263.4,-1.2,91.3,48.0,52.0,50.0,58.0,35.0,52.0
2022-10-18 19:00:00,1,5.1,96.5,5.1,25.0,0.086,11.1,1257.2,-1.2,91.3,48.0,53.0,49.0,57.0,35.0,52.0
2022-10-18 19:10:00,1,4.3,73.9,-17.5,25.0,0.0413170731707317,11.0,1249.5,-0.5,91.3,48.0,52.0,49.0,57.0,35.0,51.0
2022-10-18 19:20:00,1,4.8,88.7,-2.6,25.0,0.0645853658536585,11.1,1254.1,-0.9,91.3,48.0,52.0,49.0,56.0,35.0,51.0
2022-10-18 19:30:00,1,4.8,77.9,-13.4,24.0,0.0686341463414634,11.1,1252.2,-0.9,91.3,48.0,52.0,48.0,54.0,35.0,51.0
2022-10-18 19:40:00,1,5.2,94.3,-3.7,24.0,0.0873170731707317,11.2,1267.0,-1.3,98.0,48.0,52.0,48.0,53.0,35.0,51.0
2022-10-18 19:50:00,1,5.8,98.3,8.0,23.0,0.1440975609756097,11.6,1316.1,-1.7000000000000002,90.3,48.0,53.0,48.0,52.0,35.0,51.0
2022-10-18 20:00:00,1,6.7,95.8,-1.1,23.0,0.2036097560975609,12.8,1452.3,-2.0,96.9,49.0,55.0,48.0,56.0,34.0,51.0
2022-10-18 20:10:00,1,6.2,88.2,-8.7,22.0,0.1641463414634146,12.1,1375.1,-1.9,96.9,49.0,55.0,48.0,60.0,34.0,50.0
2022-10-18 20:20:00,1,5.7,93.3,-3.6,22.0,0.1395609756097561,11.5,1303.8,-1.7000000000000002,96.9,49.0,54.0,48.0,59.0,34.0,50.0
2022-10-18 20:30:00,1,4.8,103.1,6.1,22.0,0.0665365853658536,11.1,1254.4,-1.0,96.9,48.0,53.0,47.0,57.0,34.0,50.0
2022-10-18 20:40:00,1,4.8,93.0,-12.6,22.0,0.0565365853658536,11.1,1254.2,-0.9,105.7,48.0,51.0,47.0,54.0,33.0,50.0
2022-10-18 20:50:00,1,6.4,92.2,-6.0,22.0,0.1503414634146341,12.2,1381.3,-1.9,98.3,48.0,52.0,47.0,53.0,33.0,50.0
2022-10-18 21:00:00,1,8.0,87.8,-1.4,21.0,0.3672195121951219,14.2,1613.0,-2.2,89.2,50.0,56.0,47.0,60.0,33.0,49.0
2022-10-18 21:10:00,1,9.6,98.2,9.0,21.0,0.6342926829268293,14.7,1668.5,-1.8,89.2,52.0,60.0,47.0,66.0,33.0,49.0
2022-10-18 21:20:00,1,8.3,100.9,11.7,21.0,0.4379512195121951,14.3,1618.3,-2.2,89.2,53.0,60.0,47.0,69.0,33.0,49.0
2022-10-18 21:30:00,1,7.5,92.5,-3.4,21.0,0.3024390243902439,13.8,1559.0,-2.2,95.9,53.0,59.0,47.0,70.0,33.0,49.0
2022-10-18 21:40:00,1,8.2,85.5,-10.4,21.0,0.4068292682926829,14.3,1614.4,-2.2,95.9,53.0,59.0,47.0,71.0,34.0,49.0
2022-10-18 21:50:00,1,9.5,99.8,3.6,21.0,0.5967317073170731,14.7,1662.4,-1.8,96.2,55.0,61.0,47.0,72.0,34.0,48.0
2022-10-18 22:00:00,1,9.3,86.1,-10.1,21.0,0.6077073170731707,14.6,1652.0,-1.8,96.2,56.0,62.0,48.0,73.0,34.0,48.0
2022-10-18 22:10:00,1,8.7,106.9,10.7,21.0,0.5148292682926829,14.4,1631.5,-2.1,96.2,56.0,62.0,48.0,74.0,34.0,48.0
2022-10-18 22:20:00,1,7.7,103.3,7.1,21.0,0.3644878048780488,13.8,1566.7,-2.1,96.2,56.0,61.0,48.0,74.0,34.0,48.0
2022-10-18 22:30:00,1,6.5,99.5,-4.4,21.0,0.2229756097560975,12.6,1429.2,-1.8,103.9,55.0,59.0,48.0,72.0,34.0,48.0
2022-10-18 22:40:00,1,5.6,117.4,5.7,21.0,0.116,11.4,1294.8,-1.6,111.7,54.0,56.0,48.0,68.0,34.0,48.0
2022-10-18 22:50:00,1,5.5,116.0,-4.4,21.0,0.0939512195121951,11.3,1281.8,-1.5,120.4,53.0,55.0,48.0,64.0,34.0,48.0
2022-10-18 23:00:00,1,5.6,120.9,0.5,21.0,0.0867317073170731,11.3,1285.6,-1.6,120.4,52.0,53.0,47.0,60.0,33.0,48.0
2022-10-18 23:10:00,1,5.7,108.7,-3.6,21.0,0.0903414634146341,11.4,1288.9,-1.7000000000000002,112.3,52.0,53.0,47.0,59.0,33.0,48.0
2022-10-18 23:20:00,1,5.2,92.7,-11.9,21.0,0.0677073170731707,11.1,1260.5,-1.3,104.6,51.0,52.0,46.0,56.0,33.0,48.0
2022-10-18 23:30:00,1,5.3,111.3,6.7,21.0,0.0698048780487804,11.2,1264.1,-1.3,104.6,50.0,52.0,46.0,54.0,33.0,47.0
2022-10-18 23:40:00,1,5.9,84.3,-13.0,21.0,0.1044878048780487,11.7,1323.6,-1.8,97.3,50.0,52.0,45.0,52.0,33.0,47.0
2022-10-18 23:50:00,1,6.9,87.3,-10.0,21.0,0.2106829268292682,13.0,1470.3,-2.1,97.3,51.0,54.0,45.0,54.0,33.0,47.0
2022-10-19 00:00:00,1,6.6,94.5,-2.5,21.0,0.2123414634146341,12.6,1428.4,-1.9,96.9,51.0,55.0,45.0,58.0,33.0,47.0
2022-10-19 00:10:00,1,7.0,92.2,-11.4,21.0,0.2342926829268292,13.1,1487.8,-2.1,103.6,51.0,56.0,45.0,60.0,32.0,47.0
2022-10-19 00:20:00,1,6.8,107.2,3.6,21.0,0.2129756097560975,12.8,1452.4,-2.0,103.6,52.0,56.0,45.0,60.0,32.0,47.0
2022-10-19 00:30:00,1,6.8,100.0,-3.6,21.0,0.201609756097561,12.9,1466.6,-2.0,103.6,51.0,56.0,45.0,60.0,32.0,47.0
2022-10-19 00:40:00,1,6.1,93.0,-10.6,21.0,0.1530243902439024,12.1,1366.0,-1.8,103.6,51.0,55.0,45.0,58.0,32.0,47.0
2022-10-19 00:50:00,1,6.9,109.2,5.6,21.0,0.218780487804878,13.0,1477.5,-2.1,103.6,51.0,55.0,45.0,56.0,32.0,47.0
2022-10-19 01:00:00,1,7.2,116.1,12.5,21.0,0.2477560975609756,13.4,1522.7,-2.1,103.6,52.0,56.0,45.0,59.0,32.0,47.0
2022-10-19 01:10:00,1,7.7,107.2,3.6,21.0,0.2945365853658536,14.0,1584.7,-2.2,103.6,52.0,57.0,45.0,64.0,32.0,47.0
2022-10-19 01:20:00,1,8.0,89.3,-14.3,21.0,0.3216097560975609,14.2,1614.3,-2.3,103.6,53.0,58.0,45.0,67.0,32.0,47.0
2022-10-19 01:30:00,1,8.2,94.2,-9.4,21.0,0.3425365853658537,14.4,1628.0,-2.3,103.6,53.0,58.0,45.0,68.0,32.0,47.0
2022-10-19 01:40:00,1,8.2,89.6,-13.9,21.0,0.3413170731707317,14.4,1625.5,-2.3,103.6,54.0,59.0,45.0,69.0,33.0,46.0
2022-10-19 01:50:00,1,7.2,100.2,-3.4,21.0,0.2446341463414634,13.3,1503.0,-2.1,103.6,54.0,58.0,45.0,69.0,33.0,46.0
2022-10-19 02:00:00,1,6.4,98.7,-4.9,20.0,0.1616097560975609,12.2,1386.8,-2.0,103.6,53.0,56.0,45.0,65.0,32.0,46.0
2022-10-19 02:10:00,1,6.8,99.9,-3.7,20.0,0.1987317073170731,12.9,1460.0,-2.1,103.6,53.0,56.0,45.0,64.0,32.0,46.0
2022-10-19 02:20:00,1,7.4,109.1,5.5,20.0,0.2469268292682926,13.6,1541.5,-2.2,103.6,53.0,56.0,45.0,64.0,32.0,46.0
2022-10-19 02:30:00,1,7.7,102.2,-1.4,20.0,0.2906341463414634,14.0,1588.6,-2.2,103.6,53.0,58.0,45.0,65.0,32.0,46.0
2022-10-19 02:40:00,1,7.3,102.2,-1.4,20.0,0.262780487804878,13.6,1543.6,-2.2,103.6,53.0,58.0,45.0,66.0,32.0,46.0
2022-10-19 02:50:00,1,6.9,109.2,5.6,20.0,0.2139024390243902,13.1,1484.5,-2.1,103.6,53.0,57.0,45.0,64.0,32.0,46.0
2022-10-19 03:00:00,1,6.3,116.4,12.8,20.0,0.1668292682926829,12.2,1378.9,-1.9,103.6,52.0,56.0,45.0,59.0,32.0,46.0
2022-10-19 03:10:00,1,6.7,102.1,-1.5,21.0,0.1682926829268292,12.7,1441.0,-2.0,103.6,52.0,55.0,45.0,57.0,32.0,46.0
2022-10-19 03:20:00,1,7.0,104.4,7.4,21.0,0.2139024390243902,13.2,1496.4,-2.1,96.9,52.0,56.0,45.0,58.0,32.0,46.0
2022-10-19 03:30:00,1,7.4,97.5,0.6000000000000001,21.0,0.2443414634146341,13.7,1554.1,-2.2,96.9,53.0,57.0,45.0,59.0,32.0,46.0
2022-10-19 03:40:00,1,7.4,91.5,-5.4,21.0,0.2647317073170732,13.7,1553.4,-2.2,96.9,53.0,57.0,45.0,59.0,32.0,46.0
2022-10-19 03:50:00,1,7.3,102.5,5.6,21.0,0.272390243902439,13.5,1530.1,-2.1,96.9,53.0,58.0,45.0,59.0,32.0,46.0
2022-10-19 04:00:00,1,6.9,92.4,-4.5,21.0,0.2333658536585365,13.0,1476.0,-2.1,96.9,53.0,57.0,45.0,56.0,32.0,46.0
2022-10-19 04:10:00,1,6.3,100.4,3.4,20.0,0.1748292682926829,12.1,1372.3,-1.9,96.9,53.0,56.0,45.0,53.0,32.0,46.0
2022-10-19 04:20:00,1,6.6,112.9,8.9,20.0,0.1839512195121951,12.6,1430.3,-2.0,103.9,52.0,55.0,45.0,51.0,32.0,46.0
2022-10-19 04:30:00,1,6.0,115.2,11.3,20.0,0.1295121951219512,11.7,1327.1,-1.9,103.9,52.0,55.0,45.0,49.0,32.0,46.0
2022-10-19 04:40:00,1,5.4,104.7,0.8,21.0,0.0989268292682926,11.2,1273.2,-1.5,103.9,51.0,53.0,44.0,48.0,32.0,46.0
2022-10-19 04:50:00,1,5.3,119.8,8.5,20.0,0.0893658536585365,11.2,1272.6,-1.4,111.3,50.0,52.0,44.0,47.0,32.0,46.0
2022-10-19 05:00:00,1,5.6,112.5,1.2,20.0,0.1075609756097561,11.4,1290.0,-1.6,111.3,50.0,52.0,44.0,47.0,32.0,46.0
2022-10-19 05:10:00,1,6.5,120.6,9.3,20.0,0.1836097560975609,12.4,1401.3,-2.0,111.3,50.0,53.0,43.0,46.0,31.0,46.0
2022-10-19 05:20:00,1,7.3,122.8,3.4,20.0,0.2659512195121951,13.6,1539.9,-2.1,119.3,51.0,55.0,43.0,46.0,31.0,46.0
2022-10-19 05:30:00,1,6.9,115.9,-3.4,20.0,0.1962926829268292,13.1,1482.1,-2.1,119.3,51.0,56.0,43.0,46.0,32.0,46.0
2022-10-19 05:40:00,1,6.1,119.5,0.2,20.0,0.1558536585365853,11.9,1346.0,-1.9,119.3,51.0,54.0,43.0,46.0,32.0,46.0
2022-10-19 05:50:00,1,6.1,110.0,-2.3,20.0,0.1526341463414634,11.8,1339.6,-1.9,112.4,50.0,54.0,43.0,46.0,31.0,46.0
2022-10-19 06:00:00,1,6.0,133.1,6.4,20.0,0.1401463414634146,11.9,1352.3,-1.8,126.7,50.0,53.0,43.0,46.0,31.0,46.0
2022-10-19 06:10:00,1,6.4,121.8,-4.8,20.0,0.1576097560975609,12.3,1389.8,-2.0,126.7,50.0,54.0,43.0,45.0,32.0,46.0
2022-10-19 06:20:00,1,7.0,113.3,-6.4,20.0,0.2236585365853658,13.2,1490.9,-2.1,119.7,50.0,54.0,43.0,45.0,31.0,45.0
2022-10-19 06:30:00,1,7.0,128.7,1.6,20.0,0.230390243902439,13.2,1491.9,-2.1,127.1,51.0,55.0,43.0,45.0,31.0,45.0
2022-10-19 06:40:00,1,7.3,115.7,-11.4,20.0,0.2512682926829268,13.5,1533.3,-2.1,127.1,51.0,56.0,43.0,46.0,31.0,45.0
2022-10-19 06:50:00,1,7.2,124.6,-2.4,20.0,0.2306341463414634,13.5,1527.3,-2.1,127.1,51.0,56.0,43.0,46.0,31.0,45.0
2022-10-19 07:00:00,1,7.0,122.7,-4.4,20.0,0.2033658536585365,13.1,1488.2,-2.1,127.1,51.0,56.0,43.0,46.0,31.0,45.0
2022-10-19 07:10:00,1,6.8,123.4,-3.7,20.0,0.1744390243902439,12.9,1456.0,-2.1,127.1,51.0,55.0,44.0,46.0,32.0,45.0
2022-10-19 07:20:00,1,6.7,126.2,-0.8,20.0,0.1697560975609756,12.7,1439.2,-2.0,127.1,51.0,55.0,43.0,46.0,32.0,45.0
2022-10-19 07:30:00,1,6.8,134.3,7.2,20.0,0.1873170731707317,12.9,1460.9,-2.0,127.0,51.0,55.0,43.0,46.0,32.0,45.0
2022-10-19 07:40:00,1,6.6,116.4,-3.7,20.0,0.1513658536585365,12.6,1422.7,-2.0,120.0,51.0,54.0,43.0,46.0,32.0,45.0
2022-10-19 07:50:00,1,6.2,116.2,-3.8,20.0,0.1470731707317073,12.1,1366.7,-1.9,120.0,50.0,54.0,43.0,45.0,31.0,45.0
2022-10-19 08:00:00,1,5.4,126.1,6.1,20.0,0.0989268292682926,11.3,1277.2,-1.4,120.0,50.0,53.0,43.0,45.0,31.0,45.0
2022-10-19 08:10:00,1,5.4,123.2,3.1,20.0,0.0915609756097561,11.2,1272.3,-1.4,120.0,49.0,52.0,43.0,45.0,31.0,45.0
2022-10-19 08:20:00,1,5.9,124.5,4.4,20.0,0.1239024390243902,11.6,1310.8,-1.8,120.0,49.0,52.0,43.0,44.0,31.0,45.0
2022-10-19 08:30:00,1,6.0,100.7,-19.3,21.0,0.1277073170731707,11.7,1327.7,-1.9,120.0,49.0,52.0,42.0,44.0,31.0,45.0
2022-10-19 08:40:00,1,5.3,115.4,3.4,21.0,0.1009268292682926,11.2,1268.0,-1.4,112.0,49.0,52.0,42.0,44.0,31.0,45.0
2022-10-19 08:50:00,1,5.4,98.0,-14.0,21.0,0.0997073170731707,11.2,1270.2,-1.5,112.0,48.0,52.0,42.0,44.0,31.0,45.0
2022-10-19 09:00:00,1,5.4,85.6,-20.1,21.0,0.0799512195121951,11.2,1266.6,-1.4,105.7,48.0,51.0,42.0,44.0,31.0,45.0
2022-10-19 09:10:00,1,5.2,98.4,-7.2,21.0,0.0672682926829268,11.1,1261.3,-1.3,105.7,48.0,50.0,42.0,44.0,31.0,45.0
2022-10-19 09:20:00,1,5.4,111.4,5.7,21.0,0.0773170731707317,11.3,1276.8,-1.5,105.7,47.0,50.0,42.0,43.0,31.0,45.0
2022-10-19 09:30:00,1,5.9,101.3,-4.3,21.0,0.1207317073170731,11.7,1319.8,-1.8,105.7,48.0,51.0,42.0,43.0,31.0,45.0
2022-10-19 09:40:00,1,6.0,100.9,-4.7,21.0,0.1269756097560975,11.8,1336.9,-1.9,105.7,48.0,52.0,42.0,43.0,31.0,45.0
2022-10-19 09:50:00,1,6.6,113.0,7.3,21.0,0.1972682926829268,12.6,1424.6,-2.0,105.7,48.0,53.0,42.0,43.0,31.0,45.0
2022-10-19 10:00:00,1,6.3,116.4,10.7,21.0,0.1882926829268292,12.2,1378.0,-1.9,105.7,48.0,53.0,42.0,44.0,31.0,45.0
2022-10-19 10:10:00,1,6.4,94.9,-10.8,22.0,0.195560975609756,12.3,1389.8,-1.9,105.7,49.0,54.0,42.0,44.0,32.0,45.0
2022-10-19 10:20:00,1,5.9,104.3,-1.4,22.0,0.1549756097560975,11.8,1331.3,-1.8,105.7,49.0,53.0,42.0,44.0,32.0,45.0
2022-10-19 10:30:00,1,6.0,100.8,-11.6,22.0,0.1480975609756097,11.9,1349.5,-1.7000000000000002,112.4,49.0,53.0,43.0,44.0,32.0,45.0
2022-10-19 10:40:00,1,5.7,105.5,-7.2,22.0,0.1404878048780488,11.7,1328.2,-1.5,112.7,48.0,53.0,43.0,44.0,32.0,45.0
2022-10-19 10:50:00,1,6.1,129.3,7.5,23.0,0.1594634146341463,12.1,1371.0,-1.7000000000000002,121.8,49.0,53.0,43.0,45.0,32.0,45.0
2022-10-19 11:00:00,1,6.4,112.0,-9.8,23.0,0.1948780487804878,12.5,1418.8,-1.7000000000000002,121.8,49.0,54.0,43.0,45.0,32.0,45.0
2022-10-19 11:10:00,1,6.2,103.8,-18.0,23.0,0.1852195121951219,12.3,1394.3,-1.7000000000000002,121.8,49.0,54.0,44.0,45.0,33.0,46.0
2022-10-19 11:20:00,1,7.2,186.4,64.5,24.0,0.2827317073170732,13.4,1518.4,-2.0,121.8,50.0,55.0,44.0,46.0,33.0,46.0
2022-10-19 11:30:00,1,6.4,117.9,-6.4,24.0,0.2141463414634146,12.4,1409.7,-1.8,124.2,50.0,56.0,44.0,46.0,33.0,46.0
2022-10-19 11:40:00,1,7.6,139.0,22.4,24.0,0.3389268292682926,13.7,1552.2,-2.1,116.6,51.0,57.0,45.0,46.0,34.0,46.0
2022-10-19 11:50:00,1,7.2,128.3,1.6,24.0,0.2881463414634146,13.2,1498.8,-2.0,126.7,52.0,57.0,45.0,47.0,34.0,46.0
2022-10-19 12:00:00,1,7.8,102.0,-17.7,24.0,0.3753170731707317,13.7,1556.4,-2.1,119.7,52.0,58.0,46.0,47.0,34.0,46.0
2022-10-19 12:10:00,1,7.4,115.4,-4.3,24.0,0.3180975609756097,13.5,1531.6,-2.1,119.7,53.0,58.0,46.0,48.0,34.0,46.0
2022-10-19 12:20:00,1,7.3,145.9,26.2,25.0,0.2866341463414634,13.3,1502.8,-2.0,119.7,53.0,58.0,46.0,48.0,34.0,46.0
2022-10-19 12:30:00,1,8.0,132.5,13.1,25.0,0.3798536585365853,14.0,1581.3,-2.1,119.4,54.0,59.0,47.0,48.0,35.0,47.0
2022-10-19 12:40:00,1,8.6,109.7,-18.4,25.0,0.4524390243902439,14.4,1631.1,-2.1,128.1,55.0,60.0,47.0,49.0,35.0,47.0
2022-10-19 12:50:00,1,8.8,125.1,5.7,25.0,0.4977073170731707,14.5,1642.9,-2.0,119.3,56.0,61.0,47.0,50.0,35.0,47.0
2022-10-19 13:00:00,1,8.3,125.3,7.7,25.0,0.4190731707317073,14.3,1621.3,-2.2,117.6,56.0,62.0,48.0,50.0,35.0,47.0
2022-10-19 13:10:00,1,7.8,109.4,-8.9,25.0,0.3770731707317073,13.9,1569.3,-2.2,118.3,56.0,61.0,48.0,51.0,35.0,47.0
2022-10-19 13:20:00,1,7.2,109.0,-17.4,25.0,0.2573170731707317,13.2,1493.2,-2.0,126.4,56.0,60.0,48.0,51.0,36.0,47.0
2022-10-19 13:30:00,1,7.7,108.5,-14.4,26.0,0.3545365853658536,13.8,1563.0,-2.1,122.9,56.0,61.0,49.0,51.0,36.0,47.0
2022-10-19 13:40:00,1,8.3,147.7,18.5,26.0,0.3911219512195121,14.4,1632.8,-2.2,129.2,57.0,62.0,49.0,52.0,36.0,48.0
2022-10-19 13:50:00,1,7.1,123.3,-6.2,26.0,0.2674146341463415,13.1,1484.9,-1.9,129.5,57.0,61.0,49.0,52.0,36.0,48.0
2022-10-19 14:00:00,1,8.0,128.1,0.6000000000000001,26.0,0.3993658536585366,14.0,1591.7,-2.2,127.4,55.0,61.0,49.0,52.0,37.0,48.0
2022-10-19 14:10:00,1,8.3,150.5,12.6,26.0,0.4146341463414634,14.0,1589.3,-2.0,137.9,52.0,61.0,50.0,52.0,37.0,48.0
2022-10-19 14:20:00,1,7.9,126.3,-6.4,26.0,0.3642926829268292,13.9,1572.8,-2.1,132.7,51.0,60.0,50.0,53.0,37.0,48.0
2022-10-19 14:30:00,1,7.7,117.3,-15.4,26.0,0.3395121951219512,13.8,1563.5,-2.1,132.7,54.0,60.0,50.0,53.0,37.0,48.0
2022-10-19 14:40:00,1,7.9,105.8,-28.3,26.0,0.3525365853658537,13.9,1578.4,-2.1,134.1,55.0,60.0,50.0,53.0,36.0,48.0
2022-10-19 14:50:00,1,6.9,146.8,19.4,26.0,0.2513658536585366,12.9,1460.5,-2.0,127.4,55.0,60.0,50.0,53.0,36.0,48.0
2022-10-19 15:00:00,1,7.4,129.4,-5.4,26.0,0.3214146341463414,13.5,1530.1,-2.1,134.8,55.0,60.0,50.0,53.0,36.0,49.0
2022-10-19 15:10:00,1,7.2,123.1,-11.6,26.0,0.264390243902439,13.3,1508.3,-2.0,134.8,55.0,60.0,50.0,53.0,36.0,49.0
2022-10-19 15:20:00,1,6.4,114.5,-20.3,26.0,0.2150243902439024,12.5,1415.3,-1.8,134.8,55.0,60.0,50.0,53.0,36.0,49.0
2022-10-19 15:30:00,1,6.1,157.1,22.3,26.0,0.1759024390243902,12.3,1392.7,-1.7000000000000002,134.8,55.0,59.0,50.0,53.0,36.0,49.0
2022-10-19 15:40:00,1,5.7,129.0,-14.2,27.0,0.142390243902439,11.9,1345.0,-1.5,143.2,54.0,58.0,50.0,52.0,36.0,49.0
2022-10-19 15:50:00,1,5.7,135.7,3.7,26.0,0.1410243902439024,11.8,1332.4,-1.5,132.0,54.0,57.0,50.0,52.0,37.0,49.0
2022-10-19 16:00:00,1,6.1,151.8,14.2,26.0,0.1818536585365853,12.2,1381.2,-1.7000000000000002,137.6,54.0,57.0,50.0,52.0,37.0,49.0
2022-10-19 16:10:00,1,6.5,161.0,17.5,27.0,0.1914146341463414,12.6,1426.3,-1.8,143.5,54.0,58.0,50.0,51.0,37.0,49.0
2022-10-19 16:20:00,1,6.8,117.2,-24.6,27.0,0.2324390243902439,12.9,1463.9,-1.9,141.8,55.0,59.0,50.0,51.0,37.0,49.0
2022-10-19 16:30:00,1,6.9,123.2,-12.6,26.0,0.2414634146341463,13.0,1473.0,-1.9,135.9,55.0,59.0,50.0,51.0,37.0,49.0
2022-10-19 16:40:00,1,7.1,135.1,-7.4,26.0,0.2606829268292683,13.3,1503.3,-2.0,142.5,55.0,60.0,50.0,52.0,38.0,50.0
2022-10-19 16:50:00,1,6.0,140.2,5.7,26.0,0.1603414634146341,12.1,1368.6,-1.6,134.4,55.0,58.0,50.0,52.0,37.0,50.0
2022-10-19 17:00:00,1,5.3,121.4,-13.0,27.0,0.1090243902439024,11.7,1319.7,-1.1,134.4,54.0,57.0,50.0,52.0,37.0,50.0
2022-10-19 17:10:00,1,5.6,149.5,21.7,27.0,0.129170731707317,11.7,1328.4,-1.5,127.8,54.0,56.0,50.0,51.0,37.0,50.0
2022-10-19 17:20:00,1,5.3,111.0,-18.1,27.0,0.0940975609756097,11.6,1310.0,-1.2,129.1,53.0,56.0,50.0,51.0,36.0,50.0
2022-10-19 17:30:00,1,5.5,116.7,7.4,26.0,0.1114634146341463,11.6,1316.1,-1.4,109.2,53.0,56.0,49.0,51.0,36.0,50.0
2022-10-19 17:40:00,1,4.8,104.1,-7.2,26.0,0.0699512195121951,11.1,1262.4,-0.9,111.3,52.0,54.0,49.0,51.0,36.0,50.0
2022-10-19 17:50:00,1,5.3,97.0,-8.0,26.0,0.0995121951219512,11.5,1307.9,-1.3,105.0,52.0,54.0,49.0,50.0,36.0,50.0
2022-10-19 18:00:00,1,5.2,102.5,3.5,26.0,0.1026829268292682,11.4,1287.3,-1.3,99.0,52.0,55.0,49.0,50.0,36.0,50.0
2022-10-19 18:10:00,1,6.2,92.1,-6.9,25.0,0.1528780487804878,12.0,1356.9,-1.9,99.0,52.0,55.0,49.0,50.0,36.0,50.0
2022-10-19 18:20:00,1,6.0,106.2,7.1,25.0,0.1437560975609756,11.8,1340.0,-1.8,99.0,52.0,56.0,48.0,49.0,36.0,50.0
2022-10-19 18:30:00,1,5.5,90.2,-8.4,25.0,0.128390243902439,11.6,1309.3,-1.5,98.7,52.0,55.0,48.0,49.0,36.0,50.0
2022-10-19 18:40:00,1,5.8,88.6,-10.1,25.0,0.1420487804878048,11.8,1335.9,-1.6,98.7,52.0,56.0,48.0,49.0,36.0,50.0
2022-10-19 18:50:00,1,5.7,105.1,6.4,24.0,0.1314634146341463,11.5,1305.9,-1.6,98.7,52.0,55.0,48.0,49.0,35.0,50.0
2022-10-19 19:00:00,1,5.9,112.6,6.2,24.0,0.1379512195121951,11.7,1328.4,-1.8,106.4,52.0,55.0,48.0,49.0,35.0,50.0
2022-10-19 19:10:00,1,5.0,103.7,-2.7,24.0,0.0701463414634146,11.2,1263.3,-1.1,106.4,51.0,54.0,47.0,48.0,35.0,50.0
2022-10-19 19:20:00,1,4.6,109.3,2.9,24.0,0.0558536585365853,11.1,1252.1,-0.7000000000000001,106.4,50.0,53.0,47.0,48.0,35.0,50.0
2022-10-19 19:30:00,1,2.8,105.1,-1.3,24.0,-0.0068292682926829,5.5,631.0,42.7,106.4,49.0,51.0,47.0,48.0,35.0,50.0
2022-10-19 19:40:00,1,2.9,146.0,26.0,24.0,-0.013170731707317,1.9,224.3,26.9,120.0,48.0,48.0,45.0,48.0,35.0,49.0
2022-10-19 19:50:00,1,3.4,111.0,6.7,23.0,0.0020487804878048,10.6,1196.2,2.4,104.3,48.0,47.0,44.0,47.0,34.0,49.0
2022-10-19 20:00:00,1,2.6,116.3,9.8,23.0,-0.0122926829268292,1.9,222.7,24.0,106.4,48.0,46.0,44.0,46.0,34.0,49.0
2022-10-19 20:10:00,1,2.5,128.4,15.0,23.0,-0.0082439024390243,1.5,188.7,24.0,113.4,47.0,43.0,42.0,45.0,34.0,49.0
2022-10-19 20:20:00,1,2.8,93.7,-19.7,23.0,-0.0082926829268292,1.7000000000000002,215.6,24.0,113.4,46.0,42.0,40.0,44.0,33.0,49.0
2022-10-19 20:30:00,1,2.6,134.1,20.6,22.0,-0.0062439024390243,1.8,210.5,24.0,113.4,46.0,41.0,39.0,43.0,33.0,49.0
2022-10-19 20:40:00,1,3.3,116.2,2.7,22.0,-0.0041463414634146,3.0,347.2,21.1,113.4,45.0,40.0,37.0,41.0,33.0,49.0
2022-10-19 20:50:00,1,4.6,133.8,2.9,22.0,0.0481951219512195,11.0,1251.3,-0.8,130.9,46.0,44.0,37.0,40.0,32.0,49.0
2022-10-19 21:00:00,1,4.5,131.4,7.5,22.0,0.0448780487804878,11.1,1253.6,-0.7000000000000001,123.9,46.0,47.0,37.0,39.0,32.0,49.0
2022-10-19 21:10:00,1,4.5,125.2,1.3,22.0,0.0592682926829268,11.1,1252.8,-0.6000000000000001,123.9,46.0,49.0,38.0,39.0,32.0,49.0
2022-10-19 21:20:00,1,4.4,120.8,6.0,22.0,0.0414146341463414,11.0,1251.0,-0.6000000000000001,114.8,46.0,49.0,39.0,40.0,32.0,49.0
2022-10-19 21:30:00,1,3.9,125.6,10.8,22.0,0.0182926829268292,11.0,1248.6,0.0,114.8,45.0,48.0,39.0,40.0,32.0,49.0
2022-10-19 21:40:00,1,3.4,114.5,7.7,22.0,0.0046341463414634,8.5,959.2,8.4,106.7,45.0,47.0,40.0,40.0,32.0,49.0
2022-10-19 21:50:00,1,3.8,105.1,8.5,22.0,0.0114146341463414,8.6,973.9,6.2,96.6,44.0,46.0,40.0,41.0,32.0,48.0
2022-10-19 22:00:00,1,4.5,97.5,-6.4,22.0,0.0402926829268292,11.0,1249.5,-0.7000000000000001,103.9,44.0,47.0,40.0,41.0,32.0,48.0
2022-10-19 22:10:00,1,5.3,108.0,4.1,22.0,0.0862926829268292,11.2,1273.5,-1.4,103.9,45.0,49.0,40.0,41.0,32.0,48.0
2022-10-19 22:20:00,1,6.0,84.3,-12.9,21.0,0.1087317073170731,11.7,1320.9,-1.9,97.3,46.0,50.0,41.0,42.0,32.0,48.0
2022-10-19 22:30:00,1,6.1,96.7,-0.5,22.0,0.1159024390243902,11.9,1346.1,-1.9,97.3,46.0,51.0,41.0,42.0,32.0,48.0
2022-10-19 22:40:00,1,7.3,91.8,-5.5,22.0,0.2520975609756097,13.5,1532.6,-2.1,97.3,47.0,53.0,42.0,43.0,32.0,48.0
2022-10-19 22:50:00,1,8.2,99.9,2.6,22.0,0.3692195121951219,14.3,1623.8,-2.3,97.3,49.0,57.0,43.0,44.0,32.0,48.0
2022-10-19 23:00:00,1,8.5,102.4,5.1,22.0,0.4128780487804878,14.5,1644.8,-2.3,97.3,50.0,58.0,43.0,45.0,32.0,48.0
2022-10-19 23:10:00,1,8.1,94.1,-3.1,22.0,0.3741951219512195,14.3,1621.9,-2.2,97.3,51.0,58.0,43.0,46.0,32.0,48.0
2022-10-19 23:20:00,1,8.6,100.1,2.8,22.0,0.4131219512195122,14.5,1646.7,-2.2,97.3,52.0,59.0,43.0,46.0,32.0,48.0
2022-10-19 23:30:00,1,8.7,93.5,-3.7,22.0,0.452780487804878,14.6,1651.2,-2.2,97.3,53.0,59.0,44.0,47.0,32.0,48.0
2022-10-19 23:40:00,1,8.9,89.6,-7.6,22.0,0.4813170731707317,14.6,1654.3,-2.2,97.3,53.0,60.0,45.0,47.0,33.0,48.0
2022-10-19 23:50:00,1,8.9,95.6,-1.7000000000000002,22.0,0.4870243902439024,14.6,1653.7,-2.2,97.3,54.0,60.0,45.0,48.0,33.0,48.0
2022-10-20 00:00:00,1,9.0,100.8,3.5,22.0,0.497170731707317,14.6,1657.7,-2.1,97.3,55.0,61.0,46.0,48.0,33.0,48.0
2022-10-20 00:10:00,1,8.9,87.8,-9.4,21.0,0.473170731707317,14.6,1652.7,-2.1,97.3,56.0,61.0,47.0,49.0,33.0,48.0
2022-10-20 00:20:00,1,8.7,98.8,1.5,21.0,0.4244878048780488,14.6,1650.6,-2.3,97.3,56.0,61.0,47.0,49.0,33.0,48.0
2022-10-20 00:30:00,1,8.1,103.7,6.4,21.0,0.3697073170731707,14.3,1619.5,-2.2,97.3,56.0,60.0,47.0,49.0,33.0,47.0
2022-10-20 00:40:00,1,7.9,107.0,9.7,21.0,0.3302439024390244,14.2,1609.3,-2.2,97.3,56.0,60.0,47.0,49.0,33.0,47.0
2022-10-20 00:50:00,1,7.8,94.9,-2.4,21.0,0.3171707317073171,14.1,1599.9,-2.2,97.3,56.0,60.0,47.0,49.0,33.0,47.0
2022-10-20 01:00:00,1,7.6,94.9,-2.4,21.0,0.296390243902439,13.8,1566.8,-2.2,97.3,56.0,60.0,47.0,49.0,33.0,47.0
2022-10-20 01:10:00,1,7.2,92.9,-4.4,21.0,0.2442439024390243,13.4,1520.2,-2.1,97.3,55.0,59.0,47.0,49.0,33.0,47.0
2022-10-20 01:20:00,1,4.6,89.4,-7.9,20.0,0.0500975609756097,10.4,1174.0,2.0,97.3,54.0,55.0,47.0,49.0,33.0,47.0
2022-10-20 01:30:00,1,6.7,87.8,-15.4,21.0,0.1751219512195121,12.7,1436.3,-2.0,103.2,53.0,55.0,47.0,48.0,33.0,47.0
2022-10-20 01:40:00,1,6.3,100.5,5.0,21.0,0.1652195121951219,12.1,1374.4,-1.9,95.5,53.0,56.0,46.0,48.0,33.0,47.0
2022-10-20 01:50:00,1,6.5,90.6,-4.9,21.0,0.1756097560975609,12.4,1400.7,-2.0,95.5,53.0,56.0,46.0,47.0,33.0,47.0
2022-10-20 02:00:00,1,6.8,104.7,9.1,21.0,0.2080487804878048,12.8,1448.7,-2.1,95.5,53.0,56.0,46.0,47.0,32.0,47.0
2022-10-20 02:10:00,1,7.5,107.3,5.1,21.0,0.2680487804878049,13.8,1558.1,-2.2,102.2,53.0,57.0,45.0,46.0,32.0,47.0
2022-10-20 02:20:00,1,6.7,92.8,-9.4,21.0,0.1748292682926829,12.8,1451.8,-2.0,102.2,53.0,57.0,45.0,46.0,32.0,47.0
2022-10-20 02:30:00,1,6.3,96.0,-6.1,21.0,0.1439512195121951,12.1,1374.4,-2.0,102.2,52.0,55.0,45.0,46.0,33.0,46.0
2022-10-20 02:40:00,1,6.3,97.6,1.4,21.0,0.17,12.1,1372.4,-1.9,96.2,52.0,55.0,45.0,46.0,33.0,46.0
2022-10-20 02:50:00,1,6.3,100.1,3.8,21.0,0.1753170731707317,12.2,1381.2,-2.0,96.2,52.0,55.0,45.0,45.0,32.0,46.0
2022-10-20 03:00:00,1,6.5,104.2,8.0,21.0,0.1874634146341463,12.4,1405.0,-2.0,96.2,52.0,55.0,45.0,45.0,32.0,46.0
2022-10-20 03:10:00,1,6.5,111.3,15.0,21.0,0.1804390243902439,12.3,1398.1,-2.0,96.2,52.0,55.0,45.0,45.0,32.0,46.0
2022-10-20 03:20:00,1,6.2,90.2,-6.0,21.0,0.1400975609756097,12.0,1361.6,-1.9,96.2,52.0,55.0,45.0,45.0,32.0,46.0
2022-10-20 03:30:00,1,4.8,106.5,10.2,21.0,0.0679512195121951,11.1,1254.7,-1.0,96.2,51.0,53.0,44.0,45.0,32.0,46.0
2022-10-20 03:40:00,1,4.9,107.3,3.7,21.0,0.0578536585365853,11.1,1258.0,-1.0,103.6,50.0,51.0,44.0,44.0,32.0,46.0
2022-10-20 03:50:00,1,5.9,94.8,-8.8,21.0,0.1138048780487804,11.7,1328.5,-1.8,103.6,49.0,52.0,44.0,44.0,32.0,46.0
2022-10-20 04:00:00,1,6.2,100.4,4.1,21.0,0.1467317073170732,12.0,1355.3,-1.9,96.2,50.0,54.0,44.0,44.0,32.0,46.0
2022-10-20 04:10:00,1,6.8,100.7,4.5,21.0,0.180390243902439,12.8,1453.9,-2.1,96.2,50.0,54.0,44.0,44.0,32.0,46.0
2022-10-20 04:20:00,1,7.2,86.8,-9.4,21.0,0.2165365853658536,13.4,1520.9,-2.1,96.2,51.0,55.0,44.0,44.0,32.0,46.0
2022-10-20 04:30:00,1,7.3,97.8,1.6,21.0,0.2276097560975609,13.6,1538.8,-2.1,96.2,51.0,56.0,44.0,44.0,32.0,46.0
2022-10-20 04:40:00,1,7.2,98.8,2.6,21.0,0.2074634146341463,13.4,1517.3,-2.1,96.2,51.0,56.0,44.0,44.0,32.0,46.0
2022-10-20 04:50:00,1,7.3,81.8,-14.4,21.0,0.218780487804878,13.6,1537.0,-2.1,96.2,51.0,56.0,44.0,45.0,32.0,46.0
2022-10-20 05:00:00,1,7.3,83.8,-12.4,21.0,0.2165365853658536,13.6,1539.9,-2.1,96.2,51.0,56.0,44.0,45.0,32.0,46.0
2022-10-20 05:10:00,1,7.3,102.8,6.6,21.0,0.2117073170731707,13.6,1544.2,-2.2,96.2,52.0,57.0,44.0,45.0,32.0,46.0
2022-10-20 05:20:00,1,6.8,104.7,8.4,21.0,0.1784390243902439,12.9,1463.6,-2.1,96.2,51.0,56.0,44.0,45.0,32.0,46.0
2022-10-20 05:30:00,1,6.9,92.4,-3.8,21.0,0.1758536585365853,13.0,1473.1,-2.1,96.2,51.0,55.0,44.0,45.0,32.0,46.0
2022-10-20 05:40:00,1,7.3,89.6,-6.6,21.0,0.2133170731707317,13.6,1539.9,-2.1,96.2,51.0,56.0,44.0,45.0,32.0,46.0
2022-10-20 05:50:00,1,7.3,84.8,-11.4,21.0,0.2152682926829268,13.5,1534.6,-2.1,96.2,52.0,56.0,44.0,45.0,32.0,46.0
2022-10-20 06:00:00,1,7.7,85.8,-10.4,21.0,0.2630243902439024,14.1,1593.3,-2.2,96.2,52.0,57.0,44.0,45.0,32.0,46.0
2022-10-20 06:10:00,1,7.7,81.9,-14.4,21.0,0.265609756097561,14.1,1593.9,-2.2,96.2,52.0,57.0,44.0,45.0,32.0,46.0
2022-10-20 06:20:00,1,8.1,88.9,-7.4,21.0,0.3320975609756097,14.4,1629.1,-2.3,96.2,53.0,58.0,44.0,45.0,32.0,46.0
2022-10-20 06:30:00,1,8.0,100.1,3.9,21.0,0.3106829268292683,14.3,1617.0,-2.2,96.2,53.0,59.0,45.0,46.0,32.0,46.0
2022-10-20 06:40:00,1,7.3,100.8,4.6,21.0,0.224,13.6,1545.3,-2.1,96.2,53.0,58.0,45.0,46.0,32.0,46.0
2022-10-20 06:50:00,1,7.2,91.8,-4.4,21.0,0.2164878048780487,13.4,1520.1,-2.1,96.2,53.0,57.0,45.0,46.0,32.0,46.0
2022-10-20 07:00:00,1,7.0,100.8,4.6,21.0,0.2109756097560975,13.2,1498.3,-2.1,96.2,53.0,57.0,45.0,46.0,32.0,46.0
2022-10-20 07:10:00,1,6.4,104.8,8.6,20.0,0.1530243902439024,12.3,1390.2,-2.0,96.2,52.0,56.0,45.0,45.0,32.0,46.0
2022-10-20 07:20:00,1,6.3,97.4,1.1,20.0,0.1500487804878049,12.1,1374.5,-2.0,96.2,52.0,55.0,44.0,45.0,32.0,46.0
2022-10-20 07:30:00,1,5.8,89.9,-6.4,20.0,0.1139999999999999,11.5,1304.9,-1.8,96.2,51.0,54.0,44.0,45.0,32.0,46.0
2022-10-20 07:40:00,1,5.2,100.3,4.1,20.0,0.0807317073170731,11.1,1260.8,-1.3,96.2,50.0,53.0,44.0,45.0,32.0,46.0
2022-10-20 07:50:00,1,4.5,108.0,4.7,20.0,0.0462926829268292,11.1,1254.2,-0.7000000000000001,103.2,50.0,51.0,44.0,44.0,32.0,46.0
2022-10-20 08:00:00,1,3.8,113.7,2.4,20.0,0.0186829268292682,11.0,1248.5,0.0,111.3,49.0,50.0,43.0,44.0,31.0,46.0
2022-10-20 08:10:00,1,2.9,109.7,-9.3,20.0,-0.0112682926829268,5.2,590.1,16.9,119.0,48.0,48.0,43.0,44.0,31.0,46.0
2022-10-20 08:20:00,1,2.8,153.1,25.6,20.0,-0.0124390243902439,2.1,239.5,24.0,127.4,47.0,44.0,41.0,43.0,32.0,46.0
2022-10-20 08:30:00,1,3.6,109.5,-24.9,20.0,0.0029268292682926,5.0,573.9,16.0,134.4,46.0,42.0,39.0,43.0,31.0,46.0
2022-10-20 08:40:00,1,4.6,116.7,-18.0,20.0,0.0588292682926829,11.1,1257.6,-0.7000000000000001,134.8,46.0,45.0,38.0,41.0,30.0,45.0
2022-10-20 08:50:00,1,5.6,125.0,-0.6000000000000001,20.0,0.1381463414634146,11.7,1320.6,-1.5,125.7,47.0,49.0,38.0,40.0,30.0,45.0
2022-10-20 09:00:00,1,6.2,125.3,-0.4,20.0,0.1842439024390244,12.2,1385.4,-1.8,125.7,48.0,52.0,38.0,40.0,30.0,45.0
2022-10-20 09:10:00,1,5.6,106.7,-18.9,20.0,0.1412195121951219,11.7,1320.0,-1.5,125.6,48.0,52.0,38.0,40.0,30.0,45.0
2022-10-20 09:20:00,0,4.7,114.7,-3.3,20.0,0.0666829268292682,11.1,1258.5,-0.8,117.9,47.0,50.0,38.0,40.0,30.0,45.0
2022-10-20 09:30:00,0,3.3,89.0,-25.8,20.0,-0.0042439024390243,6.7,760.3,13.1,114.8,46.0,47.0,37.0,40.0,30.0,45.0
2022-10-20 09:40:00,0,3.2,100.6,6.5,20.0,-0.0030731707317073,6.9,775.5,12.4,94.1,45.0,45.0,37.0,40.0,30.0,45.0
2022-10-20 09:50:00,0,3.0,65.5,-9.0,20.0,-0.007560975609756,2.1,243.3,24.0,74.5,44.0,43.0,36.0,40.0,30.0,45.0
2022-10-20 10:00:00,0,3.2,75.8,0.9,21.0,-0.0035121951219512,6.1,698.4,12.9,74.8,44.0,42.0,35.0,39.0,30.0,45.0
2022-10-20 10:10:00,0,3.9,65.4,-8.4,21.0,0.0222439024390243,11.0,1249.3,-0.1,73.8,44.0,44.0,35.0,38.0,30.0,45.0
2022-10-20 10:20:00,0,4.9,87.5,6.7,21.0,0.068,11.1,1256.3,-1.0,80.8,44.0,47.0,35.0,38.0,31.0,46.0
2022-10-20 10:30:00,0,4.7,95.8,6.9,21.0,0.007170731707317,1.7000000000000002,207.5,70.1,88.9,44.0,47.0,35.0,38.0,31.0,46.0
2022-10-20 10:40:00,0,4.6,103.7,14.8,21.0,-0.0051219512195121,0.0,6.6,86.0,88.9,43.0,45.0,35.0,38.0,31.0,46.0
2022-10-20 10:50:00,0,5.1,103.5,14.6,21.0,-0.0022926829268292,0.0,5.4,88.3,88.9,42.0,43.0,34.0,38.0,31.0,47.0
2022-10-20 11:00:00,0,4.9,104.1,15.2,21.0,-0.0008780487804878,0.0,9.0,89.5,88.9,43.0,42.0,34.0,37.0,33.0,46.0
2022-10-20 11:10:00,0,4.7,109.3,20.5,21.0,-0.0008780487804878,0.0,4.3,89.5,88.9,43.0,42.0,34.0,37.0,34.0,46.0
2022-10-20 11:20:00,0,4.7,112.3,23.4,22.0,-0.0009756097560975,0.0,6.3,89.5,88.9,42.0,41.0,33.0,37.0,34.0,46.0
2022-10-20 11:30:00,0,4.0,104.7,15.8,22.0,-0.0011219512195121,0.0,6.7,89.5,88.9,42.0,41.0,33.0,37.0,34.0,45.0
2022-10-20 11:40:00,0,3.9,110.5,21.6,22.0,-0.0010731707317073,0.0,2.7,89.5,88.9,41.0,40.0,33.0,36.0,34.0,45.0
2022-10-20 11:50:00,0,3.3,95.9,7.0,22.0,-0.0010243902439024,0.0,1.8,89.5,88.9,41.0,40.0,33.0,36.0,34.0,44.0
2022-10-20 12:00:00,0,3.5,75.7,-13.2,22.0,-0.0009268292682926,0.0,2.5,89.5,88.9,40.0,40.0,33.0,36.0,34.0,44.0
2022-10-20 12:10:00,0,3.5,112.8,23.9,22.0,-0.0009756097560975,0.0,3.0,89.5,88.9,40.0,39.0,33.0,36.0,34.0,44.0
2022-10-20 12:20:00,0,2.9,127.6,38.7,23.0,-0.0009268292682926,0.0,1.9,89.5,88.9,40.0,39.0,33.0,36.0,35.0,43.0
2022-10-20 12:30:00,0,4.0,124.4,35.5,23.0,-0.0008780487804878,0.0,3.9,89.5,88.9,40.0,39.0,33.0,35.0,35.0,43.0
2022-10-20 12:40:00,0,3.6,124.8,35.9,23.0,-0.0008780487804878,0.0,4.2,89.5,88.9,40.0,39.0,33.0,35.0,35.0,43.0
2022-10-20 12:50:00,0,3.5,138.3,49.5,23.0,-0.0008780487804878,0.0,1.0,89.5,88.9,39.0,39.0,33.0,35.0,35.0,42.0
2022-10-20 13:00:00,0,4.6,140.9,52.0,23.0,-0.0014634146341463,0.0,3.4,88.8,88.9,39.0,38.0,33.0,35.0,35.0,42.0
2022-10-20 13:10:00,0,4.8,141.9,53.0,24.0,-0.0021463414634146,0.0,9.4,86.0,88.9,39.0,38.0,33.0,35.0,35.0,42.0
2022-10-20 13:20:00,0,5.2,132.4,43.6,24.0,-0.0020487804878048,0.0,6.2,86.0,88.9,39.0,38.0,33.0,35.0,35.0,41.0
2022-10-20 13:30:00,0,4.6,147.6,58.7,24.0,-0.0020975609756097,0.0,5.5,86.0,88.9,38.0,38.0,33.0,35.0,35.0,41.0
2022-10-20 13:40:00,0,4.8,143.4,54.6,24.0,-0.0020487804878048,0.0,7.3,86.0,88.9,38.0,38.0,33.0,35.0,35.0,41.0
2022-10-20 13:50:00,0,5.0,142.5,53.5,24.0,0.010780487804878,3.1,363.5,57.7,89.0,39.0,38.0,34.0,35.0,34.0,41.0
2022-10-20 14:00:00,0,4.7,152.3,6.3,24.0,0.0695121951219512,11.2,1268.8,-0.8,146.0,43.0,46.0,35.0,36.0,33.0,42.0
2022-10-20 14:10:00,0,4.8,129.7,-24.3,24.0,0.0673170731707317,11.1,1260.1,-0.9,154.0,43.0,49.0,36.0,37.0,32.0,43.0
2022-10-20 14:20:00,0,3.8,156.1,8.4,25.0,0.0220975609756097,11.0,1247.1,0.1,147.7,43.0,48.0,38.0,39.0,32.0,43.0
2022-10-20 14:30:00,0,4.6,171.6,42.7,25.0,0.0485365853658536,11.0,1250.9,-0.7000000000000001,128.9,43.0,48.0,39.0,40.0,32.0,44.0
2022-10-20 14:40:00,0,3.6,159.7,9.5,25.0,0.0125365853658536,11.0,1245.5,0.6000000000000001,150.1,43.0,48.0,40.0,40.0,32.0,44.0
2022-10-20 14:50:00,0,3.7,112.7,-2.7,25.0,0.0142439024390243,11.0,1247.8,0.5,115.5,43.0,47.0,40.0,41.0,32.0,45.0
2022-10-20 15:00:00,0,4.2,116.7,-9.0,25.0,0.0350731707317073,11.0,1249.1,0.0,125.7,43.0,48.0,41.0,42.0,33.0,45.0
2022-10-20 15:10:00,0,3.6,165.8,41.2,25.0,0.0076097560975609,9.6,1083.0,4.4,124.6,43.0,47.0,41.0,42.0,33.0,46.0
2022-10-20 15:20:00,0,3.7,142.9,9.5,26.0,0.0145365853658536,9.1,1035.7,5.7,133.4,43.0,46.0,41.0,42.0,33.0,46.0
2022-10-20 15:30:00,0,3.7,104.0,-36.7,26.0,0.0082926829268292,8.6,970.2,7.1,140.7,43.0,46.0,42.0,43.0,33.0,46.0
2022-10-20 15:40:00,0,3.7,99.8,-25.5,26.0,0.0196097560975609,11.0,1244.4,0.3,125.4,43.0,46.0,42.0,43.0,33.0,46.0
2022-10-20 15:50:00,0,4.0,151.7,-5.8,26.0,0.0192682926829268,11.0,1243.7,-0.1,157.5,43.0,48.0,42.0,43.0,33.0,47.0
2022-10-20 16:00:00,0,2.8,113.0,-22.1,26.0,-0.0067317073170731,1.9,221.5,33.1,135.1,43.0,46.0,42.0,43.0,33.0,47.0
2022-10-20 16:10:00,0,3.7,129.8,-4.7,26.0,0.0038048780487804,6.6,749.1,11.6,134.5,42.0,45.0,41.0,43.0,33.0,47.0
2022-10-20 16:20:00,0,3.4,158.2,5.2,26.0,-0.0023414634146341,7.9,903.3,12.0,153.0,43.0,46.0,41.0,42.0,33.0,48.0
2022-10-20 16:30:00,0,2.9,138.7,-6.5,26.0,-0.0057073170731707,4.0,460.9,17.6,145.3,42.0,44.0,40.0,42.0,33.0,48.0
2022-10-20 16:40:00,0,3.3,151.7,5.3,26.0,-0.0057073170731707,7.5,848.8,12.3,146.4,42.0,45.0,40.0,42.0,33.0,48.0
2022-10-20 16:50:00,0,3.1,184.6,17.5,26.0,-0.0063414634146341,2.2,250.3,24.0,167.0,42.0,44.0,39.0,41.0,33.0,48.0
2022-10-20 17:00:00,0,2.6,163.7,-5.1,26.0,-0.0061463414634146,1.7000000000000002,210.2,24.0,168.8,42.0,43.0,38.0,41.0,33.0,48.0
2022-10-20 17:10:00,0,2.4,192.6,20.7,26.0,-0.006,1.1,183.4,24.0,171.9,41.0,42.0,37.0,40.0,33.0,49.0
2022-10-20 17:20:00,0,2.4,134.0,-37.9,26.0,-0.0062439024390243,0.9,163.3,24.0,171.9,41.0,41.0,36.0,39.0,33.0,49.0
2022-10-20 17:30:00,0,2.2,191.1,52.5,26.0,-0.0060487804878048,0.5,157.0,24.0,138.6,41.0,41.0,36.0,38.0,33.0,49.0
2022-10-20 17:40:00,0,2.5,143.7,5.1,26.0,-0.0060487804878048,1.8,204.0,24.0,138.6,41.0,41.0,35.0,37.0,33.0,49.0
2022-10-20 17:50:00,0,2.3,143.4,4.7,26.0,-0.006,1.5,181.8,24.0,138.6,41.0,40.0,35.0,37.0,32.0,50.0
2022-10-20 18:00:00,0,2.7,172.4,33.7,26.0,-0.0062439024390243,1.7000000000000002,198.5,24.0,138.7,41.0,40.0,34.0,36.0,32.0,50.0
2022-10-20 18:10:00,0,2.6,169.4,-9.9,26.0,-0.0060487804878048,1.5,186.8,24.0,179.3,41.0,40.0,34.0,35.0,32.0,50.0
2022-10-20 18:20:00,0,2.4,160.9,-18.4,26.0,-0.0045853658536585,0.9,170.5,24.0,179.3,40.0,40.0,33.0,35.0,32.0,50.0
2022-10-20 18:30:00,0,2.6,167.0,-12.2,26.0,-0.0039024390243902,1.3,180.6,24.0,179.2,40.0,40.0,33.0,35.0,33.0,51.0
2022-10-20 18:40:00,0,2.7,158.2,4.5,26.0,-0.004,1.7000000000000002,210.5,24.0,153.7,40.0,40.0,33.0,34.0,33.0,51.0
2022-10-20 18:50:00,0,3.1,114.8,-31.2,26.0,-0.0039512195121951,2.2,249.1,24.0,146.0,40.0,40.0,33.0,34.0,33.0,52.0
2022-10-20 19:00:00,0,3.1,150.9,-1.8,26.0,-0.0039024390243902,2.2,250.8,24.0,152.6,40.0,40.0,33.0,34.0,33.0,52.0
2022-10-20 19:10:00,0,3.1,151.3,4.6,25.0,-0.0039024390243902,2.2,255.0,24.0,146.7,40.0,40.0,33.0,34.0,33.0,52.0
2022-10-20 19:20:00,0,3.4,145.3,-4.2,25.0,-0.0041463414634146,2.4,275.4,24.0,149.5,40.0,40.0,33.0,33.0,33.0,51.0
2022-10-20 19:30:00,0,3.6,130.0,-11.4,25.0,0.0006341463414634,4.8,544.3,16.8,141.4,40.0,41.0,33.0,33.0,34.0,44.0
2022-10-20 19:40:00,0,4.1,129.0,-12.4,24.0,0.0255121951219512,11.0,1249.0,-0.3,141.4,42.0,45.0,34.0,34.0,33.0,43.0
2022-10-20 19:50:00,0,4.3,151.7,10.2,24.0,0.0296097560975609,11.0,1248.7,-0.5,141.4,43.0,49.0,35.0,35.0,33.0,45.0
2022-10-20 20:00:00,0,3.9,144.8,3.4,24.0,0.0159024390243902,11.0,1248.6,0.0,141.4,44.0,50.0,36.0,36.0,33.0,46.0
2022-10-20 20:10:00,0,3.7,137.4,-4.0,24.0,0.0153658536585365,11.0,1248.8,0.2,141.4,45.0,50.0,37.0,37.0,34.0,47.0
2022-10-20 20:20:00,0,3.1,121.5,-11.8,24.0,-0.0018048780487804,6.9,793.0,15.1,133.4,44.0,49.0,38.0,38.0,33.0,48.0
2022-10-20 20:30:00,0,3.0,135.2,-3.4,24.0,-0.0052682926829268,2.2,246.4,24.0,138.6,43.0,46.0,38.0,39.0,32.0,48.0
2022-10-20 20:40:00,0,3.1,125.0,-6.2,24.0,-0.0053658536585365,2.2,252.5,24.0,131.3,43.0,44.0,37.0,38.0,32.0,48.0
2022-10-20 20:50:00,0,2.1,114.8,-15.8,23.0,-0.0052682926829268,1.0,162.3,24.0,130.6,42.0,43.0,37.0,38.0,31.0,49.0
2022-10-20 21:00:00,0,1.1,264.0,133.4,23.0,-0.0051219512195121,0.0,2.3,24.0,130.6,42.0,42.0,36.0,38.0,31.0,49.0
2022-10-20 21:10:00,0,1.4,141.2,10.6,23.0,-0.0050731707317073,0.0,5.4,24.0,130.6,41.0,41.0,35.0,37.0,31.0,49.0
2022-10-20 21:20:00,0,1.3,13.7,-116.9,23.0,-0.005170731707317,0.0,0.0,24.0,130.6,41.0,41.0,34.0,36.0,30.0,50.0
2022-10-20 21:30:00,0,2.4,53.0,-77.6,23.0,-0.005170731707317,0.0,0.0,24.0,130.6,41.0,40.0,33.0,36.0,30.0,50.0
2022-10-20 21:40:00,0,2.4,8.4,-122.1,23.0,-0.0051219512195121,0.0,0.7000000000000001,24.0,130.6,40.0,40.0,33.0,35.0,30.0,50.0
2022-10-20 21:50:00,0,1.6,70.8,-59.8,23.0,-0.005170731707317,0.0,11.8,24.0,130.6,40.0,39.0,32.0,35.0,30.0,50.0
2022-10-20 22:00:00,0,1.6,9.6,-121.0,23.0,-0.0051219512195121,0.0,28.1,24.0,130.6,40.0,39.0,32.0,34.0,29.0,50.0
2022-10-20 22:10:00,0,1.9,8.3,-122.3,22.0,-0.005170731707317,0.0,51.4,24.0,130.6,40.0,38.0,31.0,33.0,29.0,50.0
2022-10-20 22:20:00,0,2.4,97.8,-32.7,22.0,-0.0052195121951219,0.0,22.6,24.0,130.6,40.0,38.0,30.0,33.0,29.0,50.0
2022-10-20 22:30:00,0,2.3,9.9,-120.6,22.0,-0.004,0.0,0.0,24.0,130.6,39.0,38.0,30.0,32.0,29.0,50.0
2022-10-20 22:40:00,0,2.3,52.7,-77.9,22.0,-0.0039024390243902,0.0,0.0,24.0,130.6,38.0,37.0,30.0,32.0,30.0,50.0
2022-10-20 22:50:00,0,2.0,15.4,-115.2,22.0,-0.0039512195121951,0.0,0.0,24.0,130.6,38.0,37.0,30.0,32.0,30.0,51.0
2022-10-20 23:00:00,0,1.7000000000000002,253.9,123.3,22.0,-0.0039512195121951,0.0,8.9,24.0,130.6,37.0,36.0,30.0,31.0,30.0,51.0
2022-10-20 23:10:00,0,2.4,8.2,-122.3,21.0,-0.0039512195121951,0.0,66.1,24.0,130.6,39.0,36.0,30.0,31.0,30.0,51.0
2022-10-20 23:20:00,0,2.6,178.0,47.4,21.0,-0.0039512195121951,0.0,52.0,24.0,130.6,39.0,36.0,30.0,31.0,29.0,51.0
2022-10-20 23:30:00,0,2.2,17.6,-113.0,21.0,-0.0039512195121951,0.0,21.6,24.0,130.6,39.0,36.0,30.0,30.0,29.0,51.0
2022-10-20 23:40:00,0,1.7000000000000002,60.7,-69.9,21.0,-0.0039024390243902,0.0,0.0,24.0,130.6,38.0,36.0,30.0,30.0,29.0,51.0
2022-10-20 23:50:00,0,1.6,54.1,-76.5,21.0,-0.0037073170731707,0.0,0.0,24.0,130.6,37.0,35.0,30.0,30.0,29.0,51.0
2022-10-21 00:00:00,0,1.6,35.7,-94.9,21.0,-0.0038048780487804,0.0,0.0,24.0,130.6,37.0,35.0,30.0,30.0,29.0,51.0
2022-10-21 00:10:00,0,1.8,243.4,112.8,21.0,-0.0037560975609756,0.0,0.0,24.0,130.6,36.0,35.0,29.0,29.0,28.0,51.0
2022-10-21 00:20:00,0,1.1,33.4,-97.2,21.0,-0.0037073170731707,0.0,3.9,24.0,130.6,36.0,35.0,29.0,29.0,28.0,51.0
2022-10-21 00:30:00,0,1.3,76.0,-54.6,20.0,-0.0037073170731707,0.0,2.0,24.0,130.6,35.0,35.0,29.0,29.0,28.0,51.0
2022-10-21 00:40:00,0,1.2,47.8,-82.7,20.0,-0.0037560975609756,0.0,0.0,24.0,130.6,35.0,34.0,29.0,29.0,28.0,51.0
2022-10-21 00:50:00,0,1.4,65.1,-65.5,20.0,-0.0037560975609756,0.0,0.0,24.0,130.6,35.0,34.0,29.0,28.0,28.0,51.0
2022-10-21 01:00:00,0,1.0,69.1,-61.5,20.0,-0.0037073170731707,0.0,0.0,24.0,130.6,35.0,34.0,29.0,28.0,28.0,51.0
2022-10-21 01:10:00,0,1.0,60.1,-70.4,20.0,-0.0036585365853658,0.0,0.0,24.0,130.6,35.0,34.0,29.0,28.0,28.0,51.0
2022-10-21 01:20:00,0,1.2,313.3,-177.2,20.0,-0.0037073170731707,0.0,0.0,24.0,130.6,34.0,33.0,29.0,28.0,27.0,51.0
2022-10-21 01:30:00,0,0.9,11.3,-119.2,20.0,-0.0037073170731707,0.0,0.0,24.0,130.6,34.0,33.0,28.0,28.0,27.0,51.0
2022-10-21 01:40:00,0,1.3,23.9,-106.7,20.0,-0.0037073170731707,0.0,0.0,24.0,130.6,34.0,33.0,28.0,27.0,27.0,51.0
2022-10-21 01:50:00,0,0.9,21.9,-108.6,20.0,-0.0036585365853658,0.0,0.0,24.0,130.6,34.0,33.0,28.0,27.0,27.0,51.0
2022-10-21 02:00:00,0,0.9,28.2,-102.4,20.0,-0.0037073170731707,0.0,0.0,24.0,130.6,34.0,32.0,28.0,27.0,27.0,51.0
2022-10-21 02:10:00,0,1.0,19.4,-111.2,20.0,-0.0036585365853658,0.0,3.4,24.0,130.6,33.0,32.0,28.0,27.0,27.0,51.0
2022-10-21 02:20:00,0,1.4,139.9,9.3,20.0,-0.0037073170731707,0.0,74.3,24.0,130.6,35.0,32.0,28.0,27.0,27.0,51.0
2022-10-21 02:30:00,0,1.4,115.7,-14.9,20.0,-0.0037073170731707,0.0,49.2,24.0,130.6,36.0,33.0,28.0,27.0,27.0,51.0
2022-10-21 02:40:00,0,1.5,167.4,36.8,20.0,-0.0037073170731707,0.0,85.6,24.0,130.6,37.0,33.0,28.0,27.0,27.0,51.0
2022-10-21 02:50:00,0,1.6,128.3,-2.2,20.0,-0.0036585365853658,0.0,108.7,24.0,130.6,37.0,33.0,28.0,27.0,27.0,51.0
2022-10-21 03:00:00,0,1.8,77.6,-53.0,20.0,-0.0037073170731707,0.0,47.9,24.0,130.6,37.0,33.0,28.0,27.0,26.0,51.0
2022-10-21 03:10:00,0,1.8,63.9,-66.7,19.0,-0.0036585365853658,0.0,65.3,24.0,130.6,36.0,33.0,27.0,27.0,26.0,51.0
2022-10-21 03:20:00,0,1.7000000000000002,69.3,-61.3,20.0,-0.0036585365853658,0.0,56.8,24.0,130.6,36.0,33.0,27.0,26.0,26.0,51.0
2022-10-21 03:30:00,0,1.7000000000000002,69.7,-60.8,20.0,-0.0037073170731707,0.0,80.2,24.0,130.6,36.0,33.0,27.0,26.0,26.0,51.0
2022-10-21 03:40:00,0,1.7000000000000002,100.6,-29.9,20.0,-0.0037073170731707,0.0,88.2,24.0,130.6,36.0,34.0,27.0,26.0,26.0,51.0
2022-10-21 03:50:00,0,1.8,70.8,-59.7,20.0,-0.0037560975609756,0.0,137.8,24.0,130.6,36.0,34.0,27.0,26.0,26.0,51.0
2022-10-21 04:00:00,0,1.7000000000000002,146.9,16.3,20.0,-0.0038048780487804,0.3,159.7,24.0,130.6,36.0,34.0,27.0,26.0,26.0,50.0
2022-10-21 04:10:00,0,1.4,133.6,3.0,20.0,-0.0037560975609756,0.1,116.7,24.0,130.6,36.0,35.0,27.0,26.0,26.0,50.0
2022-10-21 04:20:00,0,1.3,113.8,-16.7,20.0,-0.0037073170731707,0.0,78.5,24.0,130.6,36.0,34.0,27.0,26.0,26.0,50.0
2022-10-21 04:30:00,0,1.3,101.1,-29.5,20.0,-0.0036585365853658,0.0,66.2,24.0,130.6,36.0,34.0,27.0,26.0,26.0,50.0
2022-10-21 04:40:00,0,1.0,130.8,0.3,20.0,-0.0036585365853658,0.0,15.0,24.0,130.6,35.0,34.0,27.0,26.0,26.0,50.0
2022-10-21 04:50:00,0,1.2,97.1,-33.4,20.0,-0.0037073170731707,0.0,0.0,24.0,130.6,35.0,34.0,27.0,26.0,26.0,50.0
2022-10-21 05:00:00,0,1.3,120.0,-10.5,20.0,-0.0036585365853658,0.0,0.0,24.0,130.6,35.0,33.0,27.0,26.0,26.0,50.0
2022-10-21 05:10:00,0,1.4,119.9,-10.6,19.0,-0.0036585365853658,0.0,0.0,24.0,130.6,34.0,33.0,26.0,26.0,26.0,50.0
2022-10-21 05:20:00,0,1.6,80.3,-50.3,19.0,-0.0037073170731707,0.0,0.0,24.0,130.6,34.0,32.0,26.0,26.0,26.0,50.0
2022-10-21 05:30:00,0,1.5,95.5,-35.1,19.0,-0.0036097560975609,0.0,0.0,24.0,130.6,33.0,32.0,26.0,25.0,26.0,50.0
2022-10-21 05:40:00,0,1.4,99.7,-30.8,20.0,-0.0020975609756097,0.0,15.2,24.0,130.6,33.0,32.0,26.0,25.0,27.0,50.0
2022-10-21 05:50:00,0,1.4,87.1,-43.4,20.0,-0.0021463414634146,0.0,65.9,24.0,130.6,34.0,32.0,26.0,25.0,27.0,50.0
2022-10-21 06:00:00,0,1.5,86.3,-44.2,20.0,-0.0021951219512195,0.0,70.5,24.0,130.6,35.0,32.0,26.0,25.0,28.0,51.0
2022-10-21 06:10:00,0,1.8,124.6,-6.0,20.0,-0.0021951219512195,0.0,127.7,24.0,130.6,35.0,32.0,26.0,25.0,28.0,51.0
2022-10-21 06:20:00,0,1.9,123.1,-7.5,20.0,-0.0022926829268292,0.0,137.8,24.0,130.6,35.0,33.0,26.0,26.0,28.0,51.0
2022-10-21 06:30:00,0,1.6,128.6,-2.0,20.0,-0.0021951219512195,0.0,95.1,24.0,130.6,35.0,33.0,26.0,26.0,28.0,52.0
2022-10-21 06:40:00,0,1.6,110.7,-19.9,20.0,-0.0021463414634146,0.0,101.6,24.0,130.6,35.0,33.0,26.0,26.0,29.0,52.0
2022-10-21 06:50:00,0,1.6,138.2,7.7,20.0,-0.0021951219512195,0.0,123.4,24.0,130.6,35.0,34.0,26.0,26.0,29.0,52.0
2022-10-21 07:00:00,0,2.0,112.7,-17.9,20.0,-0.0022926829268292,0.6000000000000001,157.2,24.0,130.6,35.0,34.0,26.0,26.0,29.0,53.0
2022-10-21 07:10:00,0,2.4,117.7,-12.8,19.0,-0.0030731707317073,1.3,182.7,24.0,130.6,35.0,34.0,27.0,26.0,29.0,49.0
2022-10-21 07:20:00,0,2.0,118.9,-11.7,19.0,-0.0033170731707317,0.2,146.4,24.0,130.6,35.0,35.0,27.0,26.0,28.0,41.0
2022-10-21 07:30:00,0,2.5,116.5,-14.0,19.0,-0.0030243902439024,1.7000000000000002,197.4,24.0,130.6,35.0,35.0,27.0,26.0,28.0,41.0
2022-10-21 07:40:00,0,2.3,137.9,7.3,19.0,-0.0030243902439024,1.1,173.5,24.0,130.6,35.0,35.0,27.0,26.0,28.0,43.0
2022-10-21 07:50:00,0,2.1,106.5,-24.0,19.0,-0.0030731707317073,0.0,155.3,24.0,130.6,35.0,35.0,27.0,26.0,28.0,44.0
2022-10-21 08:00:00,0,1.6,115.0,-15.6,19.0,-0.0029268292682926,0.0,94.6,24.0,130.6,35.0,35.0,27.0,26.0,27.0,44.0
2022-10-21 08:10:00,0,1.5,99.3,-31.3,19.0,-0.0028780487804878,0.0,89.7,24.0,130.6,34.0,34.0,27.0,26.0,27.0,45.0
2022-10-21 08:20:00,0,1.3,145.4,14.8,19.0,-0.0029268292682926,0.0,74.8,24.0,130.6,34.0,34.0,27.0,26.0,27.0,46.0
2022-10-21 08:30:00,0,1.1,84.0,-46.5,19.0,-0.0028292682926829,0.0,35.9,24.0,130.6,34.0,34.0,27.0,26.0,27.0,46.0
2022-10-21 08:40:00,0,1.0,111.7,-18.9,19.0,-0.0028780487804878,0.0,2.9,24.0,130.6,34.0,33.0,27.0,26.0,27.0,47.0
2022-10-21 08:50:00,0,0.8,61.6,-69.0,19.0,-0.0029268292682926,0.0,0.0,24.0,130.6,34.0,33.0,26.0,26.0,27.0,47.0
2022-10-21 09:00:00,0,0.8,61.9,-68.7,19.0,-0.0028780487804878,0.0,0.0,24.0,130.6,33.0,32.0,26.0,26.0,27.0,48.0
2022-10-21 09:10:00,0,0.7000000000000001,235.8,105.2,19.0,-0.0028780487804878,0.0,0.0,24.0,130.6,33.0,32.0,26.0,26.0,27.0,48.0
2022-10-21 09:20:00,0,0.9,11.6,-119.0,19.0,-0.0029268292682926,0.0,0.0,24.0,130.6,33.0,32.0,26.0,25.0,27.0,48.0
2022-10-21 09:30:00,0,1.4,174.8,44.2,19.0,-0.0028780487804878,0.0,0.0,24.0,130.6,32.0,31.0,26.0,25.0,27.0,48.0
2022-10-21 09:40:00,0,1.5,2.8,-127.7,19.0,-0.0029268292682926,0.0,0.0,24.0,130.6,32.0,31.0,26.0,25.0,27.0,49.0
2022-10-21 09:50:00,0,1.2,54.1,-76.5,19.0,-0.0028780487804878,0.0,0.0,24.0,130.6,32.0,31.0,26.0,25.0,27.0,49.0
2022-10-21 10:00:00,0,1.5,50.7,-79.9,19.0,-0.0029268292682926,0.0,0.0,24.0,130.6,32.0,31.0,26.0,25.0,27.0,49.0
2022-10-21 10:10:00,0,1.8,74.3,-56.2,20.0,-0.0028780487804878,0.0,83.1,24.0,130.6,32.0,31.0,26.0,25.0,27.0,49.0
2022-10-21 10:20:00,0,2.0,99.1,-31.4,20.0,-0.0030731707317073,0.1,145.0,24.0,130.6,33.0,31.0,26.0,25.0,27.0,50.0
2022-10-21 10:30:00,0,2.0,98.9,-31.7,20.0,-0.0030731707317073,0.5,154.1,24.0,130.6,33.0,32.0,26.0,25.0,27.0,50.0
2022-10-21 10:40:00,0,1.7000000000000002,70.9,-59.6,20.0,-0.0030243902439024,0.0,123.3,24.0,130.6,33.0,32.0,26.0,25.0,27.0,50.0
2022-10-21 10:50:00,0,1.5,131.5,1.0,20.0,-0.0029756097560975,0.0,90.8,24.0,130.6,33.0,32.0,26.0,25.0,27.0,50.0
2022-10-21 11:00:00,0,1.9,105.4,-25.2,21.0,-0.0022439024390243,0.1,134.8,24.0,130.6,33.0,32.0,26.0,25.0,27.0,50.0
2022-10-21 11:10:00,0,2.7,127.0,-3.5,21.0,-0.0015121951219512,2.5,323.9,20.3,130.6,33.0,33.0,26.0,25.0,28.0,51.0
2022-10-21 11:20:00,0,4.1,124.5,-6.0,21.0,0.0425853658536585,11.1,1253.3,-0.1,130.6,35.0,38.0,26.0,26.0,28.0,50.0
2022-10-21 11:30:00,0,3.9,116.8,-13.8,22.0,0.0419024390243902,11.1,1253.2,0.0,130.6,37.0,44.0,28.0,28.0,28.0,50.0
2022-10-21 11:40:00,0,4.6,133.1,2.5,22.0,0.0718536585365853,11.2,1264.2,-0.7000000000000001,130.6,39.0,47.0,30.0,30.0,30.0,50.0
2022-10-21 11:50:00,0,4.4,120.8,-21.0,23.0,0.0623414634146341,11.2,1263.2,-0.4,141.8,39.0,48.0,32.0,32.0,30.0,50.0
2022-10-21 12:00:00,0,4.3,123.5,-11.3,23.0,0.0567317073170731,11.1,1254.9,-0.4,134.8,41.0,49.0,34.0,34.0,30.0,50.0
2022-10-21 12:10:00,0,4.3,122.1,-19.0,23.0,0.0528780487804878,11.1,1260.4,-0.5,141.1,41.0,49.0,35.0,35.0,30.0,50.0
2022-10-21 12:20:00,0,4.8,147.6,3.0,23.0,0.0681463414634146,11.1,1262.3,-0.9,144.6,41.0,49.0,36.0,36.0,30.0,50.0
2022-10-21 12:30:00,0,5.1,144.8,-1.1,23.0,0.0856585365853658,11.2,1272.6,-1.1,146.0,42.0,49.0,37.0,37.0,30.0,50.0
2022-10-21 12:40:00,0,3.3,152.9,13.9,24.0,0.0121463414634146,8.4,944.2,9.0,139.0,42.0,48.0,38.0,39.0,30.0,50.0
2022-10-21 12:50:00,0,4.0,161.4,9.4,24.0,0.0388292682926829,9.3,1061.9,3.7,152.0,42.0,47.0,38.0,39.0,31.0,50.0
2022-10-21 13:00:00,0,4.4,160.5,-7.9,24.0,0.059560975609756,11.3,1274.7,-0.4,168.4,43.0,49.0,39.0,40.0,31.0,50.0
2022-10-21 13:10:00,0,3.6,172.9,13.2,24.0,0.0200975609756097,11.0,1250.8,0.6000000000000001,159.7,42.0,48.0,39.0,40.0,31.0,50.0
2022-10-21 13:20:00,0,6.7,169.1,-1.4,24.0,0.2092195121951219,12.8,1450.9,-2.0,170.5,44.0,51.0,40.0,41.0,31.0,50.0
2022-10-21 13:30:00,0,5.6,168.0,-2.5,24.0,0.1346341463414634,11.8,1335.1,-1.4,170.6,45.0,52.0,41.0,42.0,32.0,50.0
2022-10-21 13:40:00,0,4.8,203.5,11.9,25.0,0.0953170731707317,11.2,1274.1,-0.9,191.6,45.0,51.0,41.0,43.0,32.0,50.0
2022-10-21 13:50:00,0,5.0,205.5,14.2,25.0,0.1150731707317073,11.4,1290.3,-1.0,191.2,45.0,51.0,42.0,43.0,32.0,50.0
2022-10-21 14:00:00,0,5.2,199.6,11.8,25.0,0.1149756097560975,11.5,1298.2,-1.2,187.7,45.0,51.0,42.0,44.0,33.0,50.0
2022-10-21 14:10:00,0,5.7,199.6,10.8,25.0,0.1520975609756097,12.0,1359.8,-1.4,188.8,46.0,52.0,43.0,45.0,33.0,50.0
2022-10-21 14:20:00,0,6.3,195.8,3.9,24.0,0.1849268292682926,12.4,1403.8,-1.7000000000000002,191.9,47.0,53.0,43.0,45.0,33.0,50.0
2022-10-21 14:30:00,0,5.0,173.6,-17.7,24.0,0.1024878048780487,11.6,1312.0,-1.0,191.2,47.0,53.0,43.0,46.0,33.0,50.0
2022-10-21 14:40:00,0,4.9,195.9,-2.0,24.0,0.0862926829268292,11.6,1309.9,-0.8,197.8,46.0,51.0,43.0,46.0,33.0,50.0
2022-10-21 14:50:00,0,4.8,150.6,-34.3,24.0,0.0852195121951219,11.3,1282.5,-0.9,184.9,46.0,51.0,43.0,46.0,33.0,49.0
2022-10-21 15:00:00,0,4.8,193.1,14.5,24.0,0.0808780487804878,11.2,1273.6,-0.8,178.6,46.0,51.0,42.0,45.0,33.0,49.0
2022-10-21 15:10:00,0,5.2,170.6,-17.1,24.0,0.1119024390243902,11.9,1344.2,-1.0,187.7,46.0,51.0,42.0,46.0,33.0,49.0
2022-10-21 15:20:00,0,5.8,152.5,-33.7,24.0,0.1512682926829268,12.2,1385.8,-1.3,186.3,46.0,52.0,42.0,46.0,33.0,49.0
2022-10-21 15:30:00,0,4.6,194.8,21.5,24.0,0.0811219512195122,11.3,1281.5,-0.6000000000000001,173.4,47.0,52.0,42.0,46.0,33.0,49.0
2022-10-21 15:40:00,0,5.0,164.6,-20.6,24.0,0.1026829268292682,11.4,1295.8,-1.0,185.3,47.0,51.0,42.0,46.0,33.0,49.0
2022-10-21 15:50:00,0,4.7,178.3,-0.3,24.0,0.0806341463414634,11.4,1291.2,-0.7000000000000001,178.6,47.0,51.0,42.0,46.0,33.0,49.0
2022-10-21 16:00:00,0,4.8,173.1,-19.5,24.0,0.0913658536585366,11.4,1290.8,-0.8,192.6,46.0,51.0,42.0,46.0,33.0,49.0
2022-10-21 16:10:00,0,4.9,158.5,-20.5,24.0,0.0888780487804878,11.4,1295.2,-0.9,179.0,47.0,52.0,42.0,46.0,33.0,49.0
2022-10-21 16:20:00,0,4.6,182.7,-2.9,24.0,0.0672682926829268,11.3,1279.5,-0.6000000000000001,185.6,46.0,51.0,42.0,46.0,33.0,49.0
2022-10-21 16:30:00,0,4.2,158.5,-23.2,24.0,0.0458536585365853,11.2,1269.3,-0.1,181.7,46.0,49.0,42.0,45.0,33.0,49.0
2022-10-21 16:40:00,0,4.5,177.3,-0.5,24.0,0.0654146341463414,11.2,1265.5,-0.6000000000000001,177.9,46.0,50.0,42.0,45.0,33.0,49.0
2022-10-21 16:50:00,0,4.4,184.3,10.6,24.0,0.0519512195121951,11.1,1259.5,-0.5,173.7,46.0,50.0,42.0,45.0,33.0,49.0
2022-10-21 17:00:00,0,3.9,155.5,-17.2,24.0,0.0368780487804878,11.0,1247.4,0.1,172.7,46.0,49.0,41.0,45.0,33.0,49.0
2022-10-21 17:10:00,0,3.9,164.7,-31.8,24.0,0.0295609756097561,11.1,1254.9,0.3,196.5,45.0,48.0,41.0,45.0,33.0,49.0
2022-10-21 17:20:00,0,4.8,166.2,-33.8,24.0,0.084780487804878,11.4,1288.8,-0.6000000000000001,200.0,45.0,49.0,41.0,45.0,33.0,49.0
2022-10-21 17:30:00,0,4.9,214.4,3.9,24.0,0.0862439024390244,11.2,1272.8,-0.9,210.5,46.0,51.0,41.0,45.0,33.0,49.0
2022-10-21 17:40:00,0,5.3,203.1,-7.4,24.0,0.1035609756097561,11.3,1284.7,-1.3,210.5,46.0,51.0,41.0,45.0,33.0,49.0
2022-10-21 17:50:00,0,5.4,227.6,17.1,23.0,0.1082926829268292,11.5,1301.4,-1.3,210.5,46.0,51.0,41.0,45.0,33.0,49.0
2022-10-21 18:00:00,0,5.3,217.6,7.1,23.0,0.1042926829268292,11.4,1292.1,-1.3,210.5,46.0,51.0,41.0,45.0,33.0,49.0
2022-10-21 18:10:00,0,5.2,210.4,1.2,23.0,0.1121951219512195,11.4,1288.5,-1.2,209.1,46.0,51.0,41.0,45.0,33.0,49.0
2022-10-21 18:20:00,0,5.5,218.4,2.0,23.0,0.1204390243902439,11.5,1303.2,-1.5,216.5,47.0,52.0,41.0,45.0,33.0,49.0
2022-10-21 18:30:00,0,5.3,237.8,21.4,23.0,0.1067317073170731,11.3,1280.1,-1.3,216.5,47.0,52.0,41.0,45.0,33.0,49.0
2022-10-21 18:40:00,0,5.3,216.5,0.0,22.0,0.1110731707317073,11.3,1275.4,-1.3,216.5,47.0,52.0,41.0,45.0,33.0,49.0
2022-10-21 18:50:00,0,5.1,215.1,-1.3,22.0,0.1048292682926829,11.2,1270.5,-1.2,216.5,47.0,51.0,41.0,45.0,33.0,49.0
2022-10-21 19:00:00,0,5.4,215.4,-1.1,22.0,0.1238536585365853,11.4,1289.8,-1.4,216.5,47.0,51.0,41.0,45.0,33.0,49.0
2022-10-21 19:10:00,0,5.6,223.0,6.5,22.0,0.1366341463414634,11.5,1302.4,-1.5,216.5,47.0,52.0,40.0,45.0,33.0,49.0
2022-10-21 19:20:00,0,5.8,205.8,-10.7,21.0,0.1595609756097561,11.7,1330.7,-1.6,216.5,47.0,52.0,40.0,45.0,33.0,49.0
2022-10-21 19:30:00,0,6.0,213.9,-2.5,21.0,0.1756585365853658,12.0,1355.5,-1.7000000000000002,216.5,48.0,53.0,40.0,45.0,32.0,49.0
2022-10-21 19:40:00,0,5.1,210.5,-5.9,21.0,0.0993658536585365,11.5,1297.4,-1.1,216.5,48.0,52.0,40.0,45.0,32.0,49.0
2022-10-21 19:50:00,0,2.6,205.8,-4.3,21.0,-0.0081951219512195,3.6,416.3,39.7,210.1,46.0,48.0,40.0,45.0,31.0,49.0
2022-10-21 20:00:00,0,3.0,210.4,27.9,21.0,-0.0078536585365853,2.1,242.6,24.0,182.5,45.0,46.0,38.0,44.0,31.0,49.0
2022-10-21 20:10:00,0,3.2,204.5,7.6,21.0,-0.006390243902439,5.2,594.6,15.3,196.9,45.0,43.0,37.0,43.0,31.0,49.0
2022-10-21 20:20:00,0,2.9,188.5,-34.9,21.0,-0.0078536585365853,3.1,350.5,22.0,223.4,44.0,43.0,36.0,42.0,30.0,49.0
2022-10-21 20:30:00,0,2.8,170.4,-26.8,21.0,-0.0064390243902439,2.2,250.9,24.0,197.2,44.0,42.0,35.0,41.0,30.0,49.0
2022-10-21 20:40:00,0,3.3,177.4,-20.1,20.0,0.0006829268292682,5.6,639.7,14.5,197.5,43.0,42.0,35.0,40.0,30.0,49.0
2022-10-21 20:50:00,0,4.2,213.6,8.4,20.0,0.0313170731707317,11.0,1248.8,-0.3,205.2,43.0,44.0,35.0,39.0,30.0,48.0
2022-10-21 21:00:00,0,3.0,221.5,8.1,20.0,-0.0002439024390243,6.9,783.9,11.8,213.3,43.0,45.0,35.0,38.0,30.0,48.0
2022-10-21 21:10:00,0,2.4,233.9,5.1,20.0,-0.0052682926829268,1.4,180.6,24.0,228.7,43.0,43.0,35.0,38.0,30.0,49.0
2022-10-21 21:20:00,0,2.2,236.8,8.1,20.0,-0.0053170731707317,0.2,152.2,24.0,228.7,42.0,42.0,34.0,38.0,29.0,49.0
2022-10-21 21:30:00,0,2.0,247.7,19.0,20.0,-0.0053170731707317,0.0,131.9,24.0,228.7,42.0,41.0,34.0,37.0,29.0,49.0
2022-10-21 21:40:00,0,1.7000000000000002,292.4,63.6,20.0,-0.0051219512195121,0.0,47.0,24.0,228.7,41.0,41.0,33.0,36.0,29.0,49.0
2022-10-21 21:50:00,0,1.6,272.7,44.0,20.0,-0.005170731707317,0.0,77.1,24.0,228.7,41.0,40.0,32.0,36.0,28.0,49.0
2022-10-21 22:00:00,0,1.6,258.7,29.9,20.0,-0.005170731707317,0.0,105.5,24.0,228.7,40.0,40.0,31.0,35.0,28.0,49.0
2022-10-21 22:10:00,0,1.5,253.4,24.7,20.0,-0.005170731707317,0.0,66.8,24.0,228.7,40.0,39.0,31.0,34.0,28.0,49.0
2022-10-21 22:20:00,0,1.6,255.7,27.0,20.0,-0.005170731707317,0.0,81.9,24.0,228.7,40.0,39.0,30.0,34.0,28.0,50.0
2022-10-21 22:30:00,0,1.5,220.3,-8.4,20.0,-0.0052195121951219,0.0,58.5,24.0,228.7,40.0,39.0,30.0,33.0,27.0,50.0
2022-10-21 22:40:00,0,1.7000000000000002,172.6,-56.1,20.0,-0.0048292682926829,0.0,40.3,24.0,228.7,39.0,38.0,29.0,32.0,28.0,50.0
2022-10-21 22:50:00,0,1.6,190.9,-37.8,20.0,-0.0036585365853658,0.0,53.0,24.0,228.7,39.0,38.0,29.0,32.0,28.0,50.0
2022-10-21 23:00:00,0,2.1,156.9,-71.8,20.0,-0.0038536585365853,0.0,0.0,24.0,228.7,39.0,38.0,29.0,31.0,29.0,50.0
2022-10-21 23:10:00,0,3.0,132.3,-96.2,21.0,-0.0042926829268292,0.7000000000000001,84.3,24.0,228.6,39.0,37.0,29.0,31.0,29.0,50.0
2022-10-21 23:20:00,0,3.8,146.0,5.9,21.0,0.0068780487804878,7.7,870.4,8.8,140.1,41.0,39.0,29.0,31.0,29.0,50.0
2022-10-21 23:30:00,0,4.0,137.1,-3.0,20.0,0.0164390243902439,11.0,1248.9,-0.1,140.1,42.0,44.0,30.0,32.0,29.0,50.0
2022-10-21 23:40:00,0,4.1,138.4,-1.7000000000000002,20.0,0.0304390243902439,11.0,1248.9,-0.3,140.1,42.0,46.0,32.0,33.0,29.0,49.0
2022-10-21 23:50:00,0,4.3,143.2,3.2,21.0,0.0481951219512195,11.0,1250.4,-0.5,140.1,42.0,47.0,34.0,34.0,29.0,49.0
2022-10-22 00:00:00,0,4.1,168.7,21.6,21.0,0.0322926829268292,11.0,1248.6,-0.3,147.1,42.0,47.0,35.0,35.0,29.0,49.0
2022-10-22 00:10:00,0,2.7,160.2,-2.6,20.0,-0.0035121951219512,5.8,664.7,15.1,162.9,42.0,46.0,36.0,36.0,29.0,49.0
2022-10-22 00:20:00,0,3.2,194.2,12.1,20.0,-0.0055121951219512,2.2,254.5,24.0,182.1,41.0,44.0,35.0,36.0,28.0,49.0
2022-10-22 00:30:00,0,3.0,210.9,29.4,20.0,0.0006341463414634,3.6,412.5,19.3,181.4,41.0,42.0,35.0,36.0,28.0,49.0
2022-10-22 00:40:00,0,4.4,194.2,-2.0,20.0,0.0801951219512195,11.1,1262.1,-0.5,196.1,42.0,46.0,35.0,36.0,29.0,49.0
2022-10-22 00:50:00,0,4.1,185.5,-19.0,20.0,0.0706341463414634,11.1,1255.8,-0.2,204.5,43.0,48.0,35.0,36.0,29.0,48.0
2022-10-22 01:00:00,0,3.4,205.4,3.3,20.0,0.030780487804878,11.0,1249.3,0.4,202.0,43.0,47.0,36.0,36.0,29.0,48.0
2022-10-22 01:10:00,0,3.3,157.0,-31.8,20.0,0.0200975609756097,11.0,1249.6,0.4,188.8,42.0,47.0,36.0,37.0,29.0,48.0
2022-10-22 01:20:00,0,3.6,194.7,11.8,20.0,0.0267317073170731,11.0,1249.4,0.2,182.8,42.0,46.0,37.0,37.0,29.0,48.0
2022-10-22 01:30:00,0,3.0,192.6,9.8,20.0,0.0091219512195121,11.0,1248.8,1.0,182.8,42.0,46.0,37.0,38.0,29.0,48.0
2022-10-22 01:40:00,0,3.3,182.0,2.7,20.0,0.0192195121951219,11.0,1249.4,0.4,179.3,42.0,46.0,38.0,38.0,29.0,48.0
2022-10-22 01:50:00,0,4.3,164.0,-15.3,20.0,0.0520975609756097,11.1,1260.8,-0.4,179.3,42.0,47.0,38.0,39.0,29.0,48.0
2022-10-22 02:00:00,0,3.7,171.9,-7.4,19.0,0.0281951219512195,11.0,1251.3,0.1,179.3,42.0,46.0,39.0,39.0,29.0,48.0
2022-10-22 02:10:00,0,4.2,185.6,2.5,20.0,0.0503414634146341,11.1,1260.8,-0.3,183.1,42.0,47.0,39.0,40.0,29.0,48.0
2022-10-22 02:20:00,0,5.8,173.3,-4.2,20.0,0.1453170731707317,12.0,1358.5,-1.5,177.5,43.0,49.0,39.0,40.0,30.0,48.0
2022-10-22 02:30:00,0,7.2,143.0,-28.2,20.0,0.2335121951219512,13.4,1520.7,-2.0,171.2,45.0,52.0,40.0,41.0,30.0,48.0
2022-10-22 02:40:00,0,6.2,173.8,2.6,20.0,0.1650243902439024,12.4,1401.1,-1.7000000000000002,171.2,46.0,53.0,41.0,42.0,30.0,48.0
2022-10-22 02:50:00,0,5.1,174.0,2.8,19.0,0.0920487804878048,11.4,1288.4,-1.1,171.2,45.0,50.0,41.0,43.0,30.0,48.0
2022-10-22 03:00:00,0,5.8,155.6,-13.1,19.0,0.1441951219512195,11.8,1341.7,-1.6,168.8,45.0,50.0,41.0,43.0,30.0,48.0
2022-10-22 03:10:00,0,6.2,165.3,-3.9,19.0,0.1786829268292682,12.2,1387.6,-1.8,169.1,46.0,52.0,41.0,43.0,30.0,47.0
2022-10-22 03:20:00,0,6.8,165.6,-3.5,19.0,0.212780487804878,12.9,1458.2,-2.0,169.1,47.0,53.0,41.0,43.0,30.0,47.0
2022-10-22 03:30:00,0,6.2,155.0,-6.7,19.0,0.1790243902439024,12.2,1382.4,-1.8,161.8,47.0,53.0,41.0,43.0,30.0,47.0
2022-10-22 03:40:00,0,6.5,165.6,3.8,19.0,0.2028292682926829,12.5,1412.7,-1.9,161.8,47.0,53.0,40.0,43.0,30.0,47.0
2022-10-22 03:50:00,0,6.2,166.0,4.2,19.0,0.1846341463414634,12.2,1380.6,-1.8,161.8,47.0,53.0,40.0,43.0,30.0,47.0
2022-10-22 04:00:00,0,6.4,155.7,-6.0,19.0,0.1894146341463414,12.4,1406.6,-1.9,161.8,47.0,53.0,40.0,43.0,30.0,47.0
2022-10-22 04:10:00,0,6.4,162.2,0.5,19.0,0.1946829268292683,12.4,1405.9,-1.8,161.8,48.0,53.0,39.0,43.0,30.0,47.0
2022-10-22 04:20:00,0,6.4,150.4,-11.4,19.0,0.1937073170731707,12.3,1397.7,-1.9,161.8,48.0,53.0,39.0,43.0,30.0,47.0
2022-10-22 04:30:00,0,5.4,164.3,2.5,19.0,0.1164878048780487,11.5,1302.2,-1.3,161.8,47.0,52.0,39.0,43.0,30.0,47.0
2022-10-22 04:40:00,0,5.7,148.8,-12.9,19.0,0.1356585365853658,11.7,1325.7,-1.6,161.8,47.0,51.0,39.0,43.0,30.0,46.0
2022-10-22 04:50:00,0,5.6,149.3,-12.5,19.0,0.1275121951219512,11.7,1327.9,-1.4,161.8,47.0,51.0,39.0,43.0,30.0,46.0
2022-10-22 05:00:00,0,5.4,168.8,14.0,19.0,0.1285365853658536,11.5,1297.1,-1.4,154.8,47.0,51.0,38.0,42.0,30.0,46.0
2022-10-22 05:10:00,0,5.7,159.1,-2.3,19.0,0.1408780487804878,11.7,1328.8,-1.5,161.4,47.0,51.0,38.0,42.0,30.0,46.0
2022-10-22 05:20:00,0,5.9,143.9,-17.5,19.0,0.1525853658536585,11.8,1333.1,-1.7000000000000002,161.4,47.0,51.0,38.0,42.0,30.0,46.0
2022-10-22 05:30:00,0,5.7,158.4,-3.0,19.0,0.1286829268292683,11.6,1315.6,-1.6,161.4,47.0,51.0,38.0,42.0,30.0,46.0
2022-10-22 05:40:00,0,5.6,150.0,-11.5,19.0,0.1295121951219512,11.6,1314.4,-1.5,161.4,47.0,51.0,38.0,42.0,30.0,46.0
2022-10-22 05:50:00,0,5.4,169.0,7.6,19.0,0.1193170731707317,11.4,1295.2,-1.4,161.4,47.0,50.0,37.0,42.0,30.0,46.0
2022-10-22 06:00:00,0,6.3,169.1,7.6,19.0,0.1837560975609756,12.2,1380.0,-1.9,161.4,47.0,52.0,37.0,42.0,30.0,46.0
2022-10-22 06:10:00,0,6.5,168.0,-0.4,19.0,0.1833658536585365,12.5,1418.1,-1.9,168.4,47.0,52.0,37.0,42.0,30.0,46.0
2022-10-22 06:20:00,0,6.5,168.7,0.3,19.0,0.1901463414634146,12.6,1423.9,-1.9,168.4,48.0,53.0,37.0,42.0,30.0,46.0
2022-10-22 06:30:00,0,7.3,167.5,-0.9,19.0,0.2578048780487805,13.4,1523.5,-2.1,168.4,48.0,54.0,38.0,42.0,30.0,46.0
2022-10-22 06:40:00,0,7.5,180.3,19.6,19.0,0.3295609756097561,13.7,1552.3,-2.1,160.7,49.0,55.0,38.0,43.0,30.0,46.0
2022-10-22 06:50:00,0,7.7,165.4,4.7,19.0,0.3411219512195121,13.9,1572.7,-2.2,160.7,50.0,56.0,38.0,43.0,30.0,46.0
2022-10-22 07:00:00,0,7.3,141.4,-19.4,19.0,0.2978048780487805,13.4,1517.2,-2.1,160.7,50.0,56.0,38.0,44.0,30.0,46.0
2022-10-22 07:10:00,0,6.6,158.3,-2.4,19.0,0.2079024390243902,12.7,1438.3,-1.9,160.7,50.0,55.0,38.0,44.0,30.0,46.0
2022-10-22 07:20:00,0,6.7,175.8,8.1,19.0,0.2320487804878048,12.8,1450.3,-1.8,167.7,50.0,54.0,38.0,44.0,30.0,45.0
2022-10-22 07:30:00,0,7.5,172.3,4.6,19.0,0.3133170731707317,13.5,1530.5,-2.0,167.7,50.0,55.0,39.0,44.0,30.0,45.0
2022-10-22 07:40:00,0,7.1,167.3,-0.4,19.0,0.2719024390243902,13.2,1491.6,-2.0,167.7,51.0,56.0,39.0,44.0,30.0,45.0
2022-10-22 07:50:00,0,6.3,155.2,-12.6,19.0,0.2071219512195122,12.6,1422.4,-1.6,167.7,50.0,55.0,39.0,44.0,30.0,45.0
2022-10-22 08:00:00,0,4.7,200.1,23.9,19.0,0.0911219512195122,11.2,1273.2,-0.7000000000000001,176.2,49.0,52.0,39.0,44.0,30.0,45.0
2022-10-22 08:10:00,0,5.1,170.3,-12.2,19.0,0.1077560975609756,11.6,1316.1,-1.0,182.5,48.0,51.0,39.0,43.0,30.0,45.0
2022-10-22 08:20:00,0,7.2,198.7,16.3,20.0,0.2698536585365854,13.2,1500.4,-1.9,182.4,49.0,54.0,39.0,43.0,30.0,45.0
2022-10-22 08:30:00,0,7.4,180.7,5.6,20.0,0.278390243902439,13.4,1514.3,-2.0,175.1,50.0,55.0,39.0,44.0,30.0,45.0
2022-10-22 08:40:00,0,6.9,191.4,16.3,20.0,0.2546829268292683,13.0,1472.7,-1.8,175.1,50.0,55.0,39.0,44.0,30.0,45.0
2022-10-22 08:50:00,0,5.8,163.3,-11.8,20.0,0.1873170731707317,12.1,1374.4,-1.3,175.1,50.0,54.0,39.0,44.0,30.0,45.0
2022-10-22 09:00:00,0,4.6,151.4,-31.0,20.0,0.0712195121951219,11.3,1280.4,-0.6000000000000001,182.5,49.0,52.0,39.0,44.0,30.0,45.0
2022-10-22 09:10:00,0,4.5,177.7,-4.7,20.0,0.0744390243902439,11.3,1281.7,-0.5,182.5,48.0,51.0,39.0,43.0,30.0,45.0
2022-10-22 09:20:00,0,4.2,164.6,-23.1,20.0,0.0572195121951219,11.1,1257.9,-0.3,187.7,48.0,50.0,38.0,43.0,30.0,45.0
2022-10-22 09:30:00,0,4.6,161.2,-30.0,20.0,0.0922926829268292,11.3,1279.8,-0.7000000000000001,191.2,47.0,50.0,38.0,43.0,30.0,45.0
2022-10-22 09:40:00,0,5.1,217.5,35.3,20.0,0.1393170731707317,11.7,1323.1,-1.0,182.1,47.0,51.0,38.0,42.0,30.0,45.0
2022-10-22 09:50:00,0,6.2,159.2,-22.9,20.0,0.2056585365853658,12.4,1399.4,-1.5,182.1,48.0,53.0,38.0,42.0,30.0,45.0
2022-10-22 10:00:00,0,6.7,177.4,-4.6,20.0,0.264780487804878,12.8,1446.4,-1.7000000000000002,182.1,48.0,54.0,38.0,43.0,30.0,45.0
2022-10-22 10:10:00,0,5.3,158.8,-23.3,20.0,0.1559512195121951,11.7,1330.3,-1.1,182.1,49.0,54.0,38.0,43.0,30.0,45.0
2022-10-22 10:20:00,0,5.1,183.6,-5.9,20.0,0.1170731707317073,11.6,1309.4,-1.0,189.5,48.0,52.0,38.0,43.0,30.0,45.0
2022-10-22 10:30:00,0,5.2,163.2,-19.6,20.0,0.140390243902439,11.6,1314.0,-1.0,182.8,48.0,52.0,38.0,43.0,30.0,45.0
2022-10-22 10:40:00,0,4.8,194.5,11.7,20.0,0.0957073170731707,11.4,1293.1,-0.7000000000000001,182.8,47.0,51.0,38.0,43.0,30.0,46.0
2022-10-22 10:50:00,0,5.4,184.8,-6.1,20.0,0.1268292682926829,11.6,1311.8,-1.2,190.9,47.0,51.0,38.0,42.0,30.0,46.0
2022-10-22 11:00:00,0,5.2,185.7,-4.1,20.0,0.1325853658536585,11.6,1316.4,-1.1,189.8,47.0,51.0,38.0,42.0,30.0,46.0
2022-10-22 11:10:00,0,5.7,209.2,17.3,21.0,0.1495609756097561,12.0,1358.4,-1.4,191.9,47.0,52.0,38.0,42.0,30.0,46.0
2022-10-22 11:20:00,0,6.0,219.4,28.5,21.0,0.178780487804878,12.1,1371.9,-1.5,190.9,48.0,53.0,38.0,43.0,31.0,46.0
2022-10-22 11:30:00,0,6.3,192.7,8.5,21.0,0.2175609756097561,12.4,1402.1,-1.6,184.2,48.0,54.0,38.0,43.0,31.0,46.0
2022-10-22 11:40:00,0,6.9,155.9,-28.3,21.0,0.2730731707317073,12.9,1460.0,-1.8,184.2,49.0,54.0,38.0,43.0,31.0,46.0
2022-10-22 11:50:00,0,6.4,155.1,-27.3,21.0,0.2449268292682927,12.5,1412.0,-1.7000000000000002,182.5,49.0,55.0,38.0,44.0,31.0,46.0
2022-10-22 12:00:00,0,5.8,182.3,-0.1,21.0,0.1941463414634146,12.0,1354.9,-1.4,182.5,49.0,54.0,39.0,44.0,31.0,46.0
2022-10-22 12:10:00,0,5.8,174.2,-7.9,21.0,0.1845365853658536,12.0,1362.5,-1.5,182.1,49.0,53.0,39.0,44.0,31.0,46.0
2022-10-22 12:20:00,0,5.9,170.4,-20.1,21.0,0.1932195121951219,12.1,1370.0,-1.5,190.5,49.0,54.0,39.0,44.0,31.0,46.0
2022-10-22 12:30:00,0,6.3,228.7,30.4,22.0,0.2243414634146341,12.4,1399.8,-1.7000000000000002,198.2,49.0,54.0,39.0,44.0,32.0,46.0
2022-10-22 12:40:00,0,7.4,206.5,1.6,21.0,0.356780487804878,13.4,1512.7,-1.8,204.9,50.0,56.0,40.0,44.0,32.0,46.0
2022-10-22 12:50:00,0,7.5,204.6,-1.3,21.0,0.3652682926829268,13.4,1514.6,-1.9,205.9,51.0,57.0,41.0,45.0,32.0,46.0
2022-10-22 13:00:00,0,7.6,212.8,15.6,21.0,0.404,13.4,1518.0,-1.8,197.2,52.0,57.0,42.0,45.0,32.0,46.0
2022-10-22 13:10:00,0,8.9,197.8,-5.3,21.0,0.5794146341463414,14.0,1591.5,-1.4,203.1,53.0,59.0,43.0,46.0,32.0,47.0
2022-10-22 13:20:00,0,7.8,179.7,-23.3,21.0,0.442,13.5,1532.1,-1.8,203.1,53.0,59.0,44.0,46.0,32.0,47.0
2022-10-22 13:30:00,0,6.2,202.0,6.2,22.0,0.2280975609756097,12.4,1409.5,-1.5,195.8,53.0,58.0,45.0,47.0,32.0,47.0
2022-10-22 13:40:00,0,7.6,207.9,12.1,22.0,0.3952195121951219,13.1,1489.0,-1.4,195.8,53.0,57.0,45.0,47.0,33.0,47.0
2022-10-22 13:50:00,0,9.6,213.0,8.8,21.0,0.6477560975609756,14.5,1638.6,-1.4,204.2,55.0,60.0,46.0,48.0,33.0,47.0
2022-10-22 14:00:00,0,9.2,201.0,-3.1,21.0,0.6099512195121952,14.5,1643.8,-1.8,204.2,56.0,62.0,46.0,49.0,33.0,47.0
2022-10-22 14:10:00,0,8.9,203.2,-1.0,22.0,0.5661951219512196,14.3,1617.3,-1.7000000000000002,204.2,56.0,62.0,47.0,50.0,33.0,47.0
2022-10-22 14:20:00,0,9.1,191.2,-12.9,22.0,0.5887317073170732,14.2,1612.2,-1.5,204.2,56.0,62.0,47.0,55.0,34.0,47.0
2022-10-22 14:30:00,0,10.6,191.1,-13.1,22.0,0.7977073170731707,14.7,1662.3,-0.3,204.2,54.0,63.0,48.0,63.0,34.0,47.0
2022-10-22 14:40:00,0,10.0,226.4,22.2,21.0,0.7197073170731708,14.6,1652.6,-1.1,204.2,54.0,63.0,48.0,68.0,34.0,47.0
2022-10-22 14:50:00,0,10.4,205.3,0.1,21.0,0.7670731707317073,14.7,1665.7,-0.8,205.2,54.0,63.0,49.0,73.0,33.0,48.0
2022-10-22 15:00:00,0,9.1,179.5,-25.7,21.0,0.5967317073170731,14.3,1616.3,-1.5,205.2,54.0,62.0,50.0,77.0,34.0,48.0
2022-10-22 15:10:00,0,9.4,190.9,-14.3,22.0,0.6062926829268294,14.5,1640.8,-1.6,205.2,53.0,62.0,50.0,79.0,34.0,48.0
2022-10-22 15:20:00,0,10.8,201.0,-11.2,21.0,0.8209756097560975,14.7,1668.9,-0.4,212.3,54.0,63.0,51.0,80.0,34.0,48.0
2022-10-22 15:30:00,0,10.3,223.3,11.1,21.0,0.7745853658536586,14.7,1662.0,-0.7000000000000001,212.3,54.0,63.0,51.0,81.0,34.0,48.0
2022-10-22 15:40:00,0,9.3,223.9,11.7,21.0,0.5970731707317073,14.5,1643.0,-1.7000000000000002,212.3,53.0,62.0,52.0,82.0,33.0,48.0
2022-10-22 15:50:00,0,9.6,221.8,9.5,22.0,0.6088780487804878,14.4,1632.6,-1.3,212.3,53.0,61.0,52.0,82.0,33.0,48.0
2022-10-22 16:00:00,0,10.0,223.2,10.9,22.0,0.7114634146341463,14.6,1656.8,-1.1,212.3,53.0,62.0,52.0,82.0,34.0,48.0
2022-10-22 16:10:00,0,9.0,356.3,141.2,22.0,0.5461463414634146,14.3,1620.2,-1.8,215.1,53.0,62.0,53.0,82.0,34.0,48.0
2022-10-22 16:20:00,0,9.0,207.7,-7.4,22.0,0.5383414634146341,14.0,1589.2,-1.3,215.1,52.0,61.0,53.0,82.0,36.0,49.0
2022-10-22 16:30:00,0,8.1,240.1,25.1,22.0,0.4036585365853659,13.9,1577.3,-2.1,215.1,55.0,61.0,53.0,82.0,36.0,49.0
2022-10-22 16:40:00,0,8.9,212.6,-2.4,22.0,0.5051707317073171,14.2,1609.9,-1.6,215.0,56.0,62.0,53.0,82.0,35.0,49.0
2022-10-22 16:50:00,0,7.9,189.6,-17.3,22.0,0.3974146341463415,13.6,1537.1,-1.8,207.0,56.0,61.0,53.0,81.0,35.0,49.0
2022-10-22 17:00:00,0,7.6,196.3,-10.7,21.0,0.3792195121951219,13.6,1539.9,-2.0,207.0,56.0,61.0,53.0,80.0,35.0,49.0
2022-10-22 17:10:00,0,8.4,217.6,10.6,21.0,0.4384878048780488,14.2,1605.8,-2.0,207.0,56.0,61.0,53.0,80.0,35.0,48.0
2022-10-22 17:20:00,0,7.8,241.5,34.5,21.0,0.3914146341463415,13.7,1549.6,-2.0,207.0,51.0,60.0,52.0,79.0,35.0,48.0
2022-10-22 17:30:00,0,7.8,198.9,-8.1,21.0,0.3912195121951219,13.8,1563.9,-2.0,207.0,54.0,60.0,52.0,79.0,35.0,48.0
2022-10-22 17:40:00,0,8.5,189.0,-18.0,21.0,0.4860975609756097,14.0,1587.9,-1.8,207.0,56.0,60.0,51.0,79.0,35.0,48.0
2022-10-22 17:50:00,0,7.6,209.7,2.7,21.0,0.3675121951219512,13.5,1530.5,-1.9,207.0,56.0,61.0,51.0,79.0,35.0,48.0
2022-10-22 18:00:00,0,7.5,210.6,3.6,21.0,0.3642439024390244,13.5,1530.2,-1.9,207.0,56.0,60.0,51.0,78.0,35.0,48.0
2022-10-22 18:10:00,0,7.2,193.0,-14.0,21.0,0.306,13.2,1491.3,-1.9,207.0,56.0,60.0,50.0,77.0,35.0,48.0
2022-10-22 18:20:00,0,6.4,185.6,-21.3,21.0,0.2621463414634146,12.5,1413.6,-1.8,207.0,56.0,59.0,50.0,76.0,34.0,48.0
2022-10-22 18:30:00,0,6.0,202.2,1.9,21.0,0.2195121951219512,12.2,1378.0,-1.5,200.3,55.0,58.0,49.0,75.0,34.0,48.0
2022-10-22 18:40:00,0,6.6,194.3,-6.0,21.0,0.2621951219512195,12.6,1429.1,-1.6,200.3,55.0,58.0,49.0,74.0,34.0,48.0
2022-10-22 18:50:00,0,6.5,204.3,7.1,21.0,0.2603414634146341,12.5,1418.0,-1.5,197.2,55.0,58.0,49.0,73.0,34.0,48.0
2022-10-22 19:00:00,0,6.5,199.6,0.6000000000000001,21.0,0.2571219512195122,12.5,1417.7,-1.5,198.9,55.0,58.0,48.0,73.0,34.0,48.0
2022-10-22 19:10:00,0,6.7,207.5,8.6,20.0,0.2273658536585366,12.8,1444.6,-1.7000000000000002,198.9,55.0,57.0,48.0,73.0,34.0,48.0
2022-10-22 19:20:00,0,5.8,202.4,4.6,20.0,0.1842926829268292,12.1,1370.4,-1.3,197.9,54.0,57.0,48.0,72.0,33.0,47.0
2022-10-22 19:30:00,0,5.1,210.2,16.9,20.0,0.0751219512195121,11.6,1315.2,-0.8,193.3,53.0,53.0,47.0,70.0,33.0,47.0
2022-10-22 19:40:00,0,7.3,168.4,-12.6,20.0,0.2941463414634146,13.2,1492.3,-1.8,181.1,53.0,56.0,47.0,70.0,33.0,47.0
2022-10-22 19:50:00,0,9.1,203.9,11.6,20.0,0.5355609756097561,13.6,1536.4,0.6000000000000001,192.3,54.0,58.0,47.0,71.0,33.0,47.0
2022-10-22 20:00:00,0,13.2,196.4,-10.9,20.0,0.9735121951219512,14.8,1681.1,6.1,207.4,55.0,63.0,47.0,73.0,33.0,47.0
2022-10-22 20:10:00,0,12.8,221.5,6.1,20.0,0.9661463414634146,14.8,1678.1,5.3,215.4,52.0,64.0,47.0,76.0,34.0,47.0
2022-10-22 20:20:00,0,11.2,212.6,-2.8,20.0,0.8621463414634147,14.7,1667.4,0.7000000000000001,215.4,51.0,63.0,48.0,78.0,35.0,48.0
2022-10-22 20:30:00,0,12.2,194.5,-13.5,20.0,0.9403414634146342,14.8,1679.0,3.3,208.0,51.0,63.0,49.0,80.0,35.0,48.0
2022-10-22 20:40:00,0,12.1,218.8,10.7,20.0,0.9299024390243902,14.8,1676.0,2.6,208.0,51.0,63.0,50.0,81.0,35.0,49.0
2022-10-22 20:50:00,0,11.6,228.7,20.7,20.0,0.8901463414634146,14.8,1671.6,1.2,208.0,50.0,63.0,51.0,83.0,35.0,49.0
2022-10-22 21:00:00,0,10.3,208.9,0.9,20.0,0.752390243902439,14.6,1655.3,-0.6000000000000001,208.0,55.0,62.0,52.0,84.0,35.0,49.0
2022-10-22 21:10:00,0,10.6,203.8,-4.2,20.0,0.7704390243902439,14.6,1652.9,-0.1,208.0,56.0,63.0,53.0,84.0,35.0,49.0
2022-10-22 21:20:00,0,9.5,206.9,5.9,20.0,0.6677073170731707,14.4,1626.6,-1.1,201.0,52.0,63.0,53.0,85.0,35.0,49.0
2022-10-22 21:30:00,0,8.3,201.7,0.6000000000000001,20.0,0.5045853658536585,13.9,1574.3,-1.8,201.0,52.0,61.0,54.0,84.0,35.0,49.0
2022-10-22 21:40:00,0,8.3,188.7,-12.3,20.0,0.5139024390243903,13.8,1560.1,-1.7000000000000002,201.0,55.0,60.0,54.0,84.0,35.0,49.0
2022-10-22 21:50:00,0,6.8,225.6,24.6,20.0,0.2959024390243902,12.8,1451.2,-1.7000000000000002,201.0,55.0,59.0,54.0,82.0,34.0,49.0
2022-10-22 22:00:00,0,6.8,222.2,27.5,20.0,0.3321463414634146,12.8,1452.7,-1.7000000000000002,194.7,55.0,58.0,53.0,80.0,34.0,49.0
2022-10-22 22:10:00,0,7.3,189.7,-12.7,20.0,0.3429756097560976,13.3,1506.2,-2.0,202.4,55.0,59.0,53.0,79.0,34.0,49.0
2022-10-22 22:20:00,0,7.6,198.9,-3.6,20.0,0.3784390243902439,13.5,1526.4,-1.9,202.4,55.0,60.0,52.0,79.0,34.0,49.0
2022-10-22 22:30:00,0,6.8,185.1,-17.3,20.0,0.3087317073170731,12.8,1446.6,-1.9,202.4,55.0,59.0,51.0,77.0,34.0,48.0
2022-10-22 22:40:00,0,6.3,203.1,6.6,20.0,0.2614146341463415,12.5,1411.8,-1.7000000000000002,196.5,55.0,58.0,51.0,76.0,33.0,48.0
2022-10-22 22:50:00,0,7.1,205.1,1.9,20.0,0.3442439024390244,13.1,1480.1,-1.9,203.1,55.0,58.0,50.0,75.0,34.0,48.0
2022-10-22 23:00:00,0,8.3,212.7,9.6,20.0,0.4757073170731707,13.9,1577.9,-1.9,203.1,56.0,60.0,50.0,75.0,34.0,48.0
2022-10-22 23:10:00,0,8.9,200.7,-2.4,20.0,0.5477073170731707,14.3,1619.6,-1.8,203.1,57.0,61.0,49.0,76.0,34.0,48.0
2022-10-22 23:20:00,0,9.3,193.6,-9.6,21.0,0.6313658536585366,14.3,1620.6,-1.3,203.1,53.0,61.0,49.0,76.0,34.0,48.0
2022-10-22 23:30:00,0,9.9,216.6,13.4,21.0,0.706390243902439,14.6,1649.8,-1.1,203.1,51.0,62.0,49.0,77.0,35.0,48.0
2022-10-22 23:40:00,0,10.2,206.7,3.6,21.0,0.7557560975609756,14.6,1656.9,-0.6000000000000001,203.1,54.0,62.0,49.0,78.0,35.0,48.0
2022-10-22 23:50:00,0,12.0,193.7,-9.4,21.0,0.9290731707317073,14.8,1675.2,2.5,203.1,54.0,63.0,50.0,79.0,35.0,48.0
2022-10-23 00:00:00,0,12.2,196.6,-13.5,21.0,0.948439024390244,14.8,1677.3,2.7,210.2,52.0,64.0,51.0,80.0,35.0,48.0
2022-10-23 00:10:00,0,11.9,199.6,-10.5,21.0,0.9240975609756098,14.8,1674.4,2.0,210.1,52.0,64.0,51.0,81.0,35.0,48.0
2022-10-23 00:20:00,0,10.4,186.2,-21.8,21.0,0.744780487804878,14.7,1660.0,-0.9,208.0,51.0,63.0,52.0,82.0,35.0,48.0
2022-10-23 00:30:00,0,10.6,207.0,-1.1,21.0,0.812439024390244,14.7,1663.9,-0.2,208.0,54.0,62.0,53.0,83.0,35.0,49.0
2022-10-23 00:40:00,0,11.5,200.4,-8.0,21.0,0.9127317073170732,14.8,1673.2,1.3,208.4,55.0,64.0,54.0,84.0,35.0,49.0
2022-10-23 00:50:00,0,11.6,208.7,0.3,21.0,0.944780487804878,14.8,1676.2,1.7000000000000002,208.4,52.0,64.0,54.0,85.0,36.0,49.0
2022-10-23 01:00:00,0,10.1,217.9,1.5,21.0,0.7132195121951219,14.6,1659.2,-0.8,216.4,51.0,63.0,55.0,85.0,36.0,49.0
2022-10-23 01:10:00,0,8.5,184.7,-22.6,21.0,0.5099512195121951,14.2,1604.6,-2.0,207.3,53.0,61.0,56.0,85.0,36.0,49.0
2022-10-23 01:20:00,0,9.9,192.8,-14.6,21.0,0.6903414634146342,14.6,1653.5,-1.3,207.3,56.0,62.0,56.0,85.0,36.0,49.0
2022-10-23 01:30:00,0,9.7,205.9,-1.4,21.0,0.6686341463414635,14.6,1652.3,-1.5,207.3,54.0,63.0,56.0,85.0,36.0,49.0
2022-10-23 01:40:00,0,10.3,182.3,-25.0,21.0,0.7366341463414634,14.6,1652.2,-0.8,207.3,51.0,62.0,55.0,85.0,35.0,49.0
2022-10-23 01:50:00,0,9.6,202.0,2.0,21.0,0.6453658536585366,14.4,1633.3,-1.1,200.0,51.0,62.0,55.0,84.0,35.0,49.0
2022-10-23 02:00:00,0,9.9,216.8,8.4,21.0,0.6922926829268293,14.6,1653.4,-1.3,208.4,55.0,62.0,55.0,84.0,35.0,49.0
2022-10-23 02:10:00,0,9.0,193.3,-15.1,21.0,0.5111707317073171,14.3,1624.4,-1.7000000000000002,208.4,56.0,62.0,55.0,84.0,34.0,49.0
2022-10-23 02:20:00,0,8.1,192.2,-16.2,21.0,0.4633658536585365,13.9,1579.2,-2.0,208.4,56.0,61.0,55.0,83.0,34.0,49.0
2022-10-23 02:30:00,0,10.1,194.3,-7.1,20.0,0.7335609756097561,14.5,1642.5,-0.7000000000000001,201.4,55.0,62.0,54.0,82.0,35.0,49.0
2022-10-23 02:40:00,0,9.3,206.5,5.1,20.0,0.6328780487804878,14.4,1633.8,-1.4,201.4,51.0,62.0,54.0,82.0,36.0,48.0
2022-10-23 02:50:00,0,11.6,183.6,-18.8,21.0,0.9062926829268292,14.8,1675.0,1.5,202.4,51.0,63.0,54.0,82.0,35.0,48.0
2022-10-23 03:00:00,0,11.3,232.2,29.8,21.0,0.8788292682926829,14.8,1672.0,1.0,202.4,51.0,63.0,54.0,83.0,35.0,48.0
2022-10-23 03:10:00,0,11.1,201.3,-0.7000000000000001,21.0,0.8310731707317074,14.7,1667.0,0.3,202.1,51.0,63.0,54.0,83.0,35.0,49.0
2022-10-23 03:20:00,0,10.7,198.2,-5.7,21.0,0.814829268292683,14.7,1666.5,-0.2,203.8,54.0,63.0,55.0,84.0,35.0,49.0
2022-10-23 03:30:00,0,9.7,188.5,-15.3,21.0,0.6915121951219512,14.4,1636.3,-1.1,203.8,56.0,63.0,55.0,84.0,36.0,49.0
2022-10-23 03:40:00,0,10.3,206.6,2.7,21.0,0.745609756097561,14.6,1650.9,-0.4,203.8,52.0,63.0,55.0,84.0,36.0,49.0
2022-10-23 03:50:00,0,9.6,214.4,10.6,21.0,0.6723902439024391,14.4,1634.3,-1.0,203.8,52.0,62.0,55.0,84.0,36.0,49.0
2022-10-23 04:00:00,0,11.5,188.3,-15.6,21.0,0.9120487804878048,14.8,1672.1,1.0,203.8,55.0,63.0,55.0,85.0,35.0,49.0
2022-10-23 04:10:00,0,10.8,208.0,10.8,20.0,0.8479024390243902,14.7,1662.9,0.5,197.2,52.0,63.0,55.0,86.0,35.0,49.0
2022-10-23 04:20:00,0,10.9,185.3,-11.8,20.0,0.862780487804878,14.7,1663.4,0.6000000000000001,197.2,51.0,63.0,56.0,87.0,35.0,49.0
2022-10-23 04:30:00,0,11.9,206.9,9.7,20.0,0.9162439024390244,14.8,1676.7,2.0,197.2,51.0,63.0,56.0,87.0,36.0,50.0
2022-10-23 04:40:00,0,11.5,206.5,1.6,21.0,0.8890243902439025,14.8,1673.6,1.6,204.9,51.0,63.0,56.0,88.0,36.0,50.0
2022-10-23 04:50:00,0,11.9,199.0,-5.9,20.0,0.9188780487804878,14.8,1675.8,2.0,204.9,51.0,63.0,57.0,88.0,36.0,50.0
2022-10-23 05:00:00,0,10.9,207.2,2.4,21.0,0.8406341463414634,14.7,1666.4,0.4,204.9,51.0,63.0,57.0,89.0,36.0,50.0
2022-10-23 05:10:00,0,11.0,201.8,-3.1,21.0,0.8224878048780487,14.7,1667.2,0.4,204.9,54.0,63.0,57.0,89.0,36.0,50.0
2022-10-23 05:20:00,0,12.0,188.3,-16.6,21.0,0.9345365853658536,14.8,1675.5,2.4,204.9,55.0,64.0,57.0,89.0,36.0,50.0
2022-10-23 05:30:00,0,11.0,222.6,10.7,21.0,0.872390243902439,14.8,1672.7,0.2,211.9,52.0,64.0,58.0,89.0,36.0,51.0
2022-10-23 05:40:00,0,12.4,216.9,5.0,21.0,0.969609756097561,14.9,1682.3,3.9,211.9,52.0,64.0,58.0,90.0,36.0,51.0
2022-10-23 05:50:00,0,12.4,208.0,-3.9,21.0,0.9571707317073171,14.8,1678.7,3.9,211.9,52.0,64.0,58.0,90.0,36.0,51.0
2022-10-23 06:00:00,0,12.8,197.5,-7.7,21.0,0.9600487804878048,14.8,1679.6,4.4,205.2,51.0,64.0,59.0,91.0,37.0,52.0
2022-10-23 06:10:00,0,12.0,206.4,-4.1,21.0,0.9139024390243904,14.8,1676.2,2.0,210.5,51.0,64.0,59.0,91.0,37.0,52.0
2022-10-23 06:20:00,0,11.4,217.9,7.4,21.0,0.8722926829268293,14.7,1670.9,1.2,210.5,51.0,63.0,60.0,91.0,37.0,52.0
2022-10-23 06:30:00,0,11.2,185.8,-18.7,20.0,0.867609756097561,14.7,1663.8,1.0,204.5,51.0,63.0,60.0,91.0,37.0,52.0
2022-10-23 06:40:00,0,10.6,202.8,-1.7000000000000002,20.0,0.8144390243902438,14.6,1656.6,-0.1,204.5,51.0,63.0,61.0,91.0,37.0,52.0
2022-10-23 06:50:00,0,11.6,213.8,9.2,20.0,0.8864390243902439,14.8,1670.8,2.2,204.5,56.0,63.0,61.0,91.0,36.0,52.0
2022-10-23 07:00:00,0,12.2,195.2,-2.3,20.0,0.9533658536585368,14.8,1676.8,3.5,197.5,53.0,64.0,61.0,91.0,37.0,52.0
2022-10-23 07:10:00,0,12.5,216.1,18.5,20.0,0.970390243902439,14.8,1680.9,4.2,197.5,52.0,64.0,61.0,92.0,37.0,52.0
2022-10-23 07:20:00,0,11.9,183.7,-13.8,20.0,0.9401951219512196,14.8,1677.1,2.5,197.5,52.0,64.0,60.0,92.0,37.0,53.0
2022-10-23 07:30:00,0,12.2,184.8,-12.7,20.0,0.9559512195121952,14.8,1679.6,3.7,197.5,52.0,64.0,60.0,92.0,37.0,52.0
2022-10-23 07:40:00,0,11.4,193.0,-4.5,20.0,0.8906341463414634,14.7,1670.0,1.5,197.5,52.0,64.0,60.0,92.0,38.0,44.0
2022-10-23 07:50:00,0,13.1,207.2,1.2,20.0,0.948878048780488,14.8,1680.6,5.1,205.9,51.0,64.0,60.0,92.0,37.0,44.0
2022-10-23 08:00:00,0,12.4,223.0,17.1,20.0,0.9411707317073172,14.8,1678.6,3.6,205.9,51.0,64.0,60.0,92.0,37.0,46.0
2022-10-23 08:10:00,0,13.4,198.5,-1.1,20.0,0.9700487804878049,14.8,1681.6,6.2,199.6,51.0,64.0,60.0,93.0,37.0,48.0
2022-10-23 08:20:00,0,12.2,180.0,-19.6,20.0,0.9537560975609756,14.8,1679.4,3.4,199.6,51.0,64.0,61.0,93.0,37.0,49.0
2022-10-23 08:30:00,0,11.8,185.2,-14.4,20.0,0.9393170731707317,14.8,1676.8,2.6,199.6,51.0,64.0,61.0,93.0,37.0,50.0
2022-10-23 08:40:00,0,12.4,214.2,14.6,20.0,0.9302439024390244,14.8,1673.2,4.3,199.6,51.0,64.0,61.0,93.0,37.0,50.0
2022-10-23 08:50:00,0,11.2,189.2,-3.8,20.0,0.865609756097561,14.7,1662.5,1.8,193.0,51.0,63.0,61.0,93.0,37.0,51.0
2022-10-23 09:00:00,0,11.9,192.6,-6.7,20.0,0.9276097560975608,14.8,1673.7,2.8,199.3,51.0,63.0,61.0,92.0,37.0,51.0
2022-10-23 09:10:00,0,11.6,196.8,5.6,20.0,0.8933658536585366,14.7,1662.3,2.7,191.2,51.0,63.0,61.0,93.0,37.0,52.0
2022-10-23 09:20:00,0,12.5,199.0,-0.6000000000000001,20.0,0.9689756097560976,14.8,1679.7,4.7,199.6,51.0,64.0,61.0,93.0,37.0,52.0
2022-10-23 09:30:00,0,11.9,211.9,12.2,20.0,0.9515121951219512,14.8,1677.0,2.6,199.6,51.0,64.0,61.0,93.0,37.0,53.0
2022-10-23 09:40:00,0,12.5,194.0,-5.6,20.0,0.942878048780488,14.8,1675.7,4.2,199.6,51.0,64.0,61.0,93.0,37.0,53.0
2022-10-23 09:50:00,0,10.4,201.9,-1.7000000000000002,20.0,0.771609756097561,14.4,1634.1,0.5,203.5,51.0,63.0,61.0,93.0,38.0,45.0
2022-10-23 10:00:00,0,6.8,250.9,16.6,19.0,0.3410243902439024,12.9,1457.4,-1.9,234.4,53.0,60.0,60.0,91.0,38.0,42.0
2022-10-23 10:10:00,0,5.1,247.7,4.2,18.0,0.0934634146341463,11.6,1315.7,-0.9,243.5,52.0,56.0,60.0,88.0,37.0,44.0
2022-10-23 10:20:00,0,5.7,2.2,63.3,17.0,0.1684390243902439,11.9,1353.2,-1.5,298.8,52.0,55.0,58.0,84.0,36.0,45.0
2022-10-23 10:30:00,0,5.4,285.3,-23.3,17.0,0.1162926829268292,11.4,1295.0,-1.3,308.6,51.0,54.0,57.0,81.0,33.0,45.0
2022-10-23 10:40:00,0,3.9,301.2,0.6000000000000001,17.0,0.0222926829268292,10.4,1179.6,4.1,300.6,50.0,51.0,55.0,77.0,31.0,46.0
2022-10-23 10:50:00,0,4.0,308.2,-13.4,17.0,0.0008780487804878,6.9,789.6,29.2,321.6,49.0,49.0,53.0,73.0,31.0,46.0
2022-10-23 11:00:00,0,3.1,292.1,-24.3,17.0,-0.0134146341463414,2.3,256.4,24.3,316.4,48.0,46.0,51.0,69.0,31.0,46.0
2022-10-23 11:10:00,0,3.0,343.7,2.0,17.0,-0.0132195121951219,2.0,230.5,24.0,341.6,47.0,43.0,48.0,63.0,30.0,46.0
2022-10-23 11:20:00,0,2.4,346.8,-1.1,17.0,-0.0125853658536585,1.0,175.1,24.0,347.9,46.0,41.0,46.0,59.0,30.0,46.0
2022-10-23 11:30:00,0,1.4,357.1,14.4,17.0,-0.0122439024390243,0.0,45.7,24.0,342.7,45.0,40.0,44.0,55.0,29.0,46.0
2022-10-23 11:40:00,0,1.6,33.7,51.1,18.0,-0.0102926829268292,0.0,0.0,24.0,342.7,45.0,39.0,42.0,52.0,28.0,46.0
2022-10-23 11:50:00,0,1.5,62.5,79.9,18.0,-0.0077560975609756,0.0,0.0,24.0,342.7,44.0,39.0,40.0,49.0,27.0,46.0
2022-10-23 12:00:00,0,1.5,61.0,78.3,18.0,-0.0071219512195121,0.0,0.3,24.0,342.7,43.0,38.0,38.0,47.0,27.0,47.0
2022-10-23 12:10:00,0,1.6,78.3,95.6,18.0,-0.005560975609756,0.0,3.1,24.0,342.7,43.0,38.0,36.0,45.0,27.0,47.0
2022-10-23 12:20:00,0,1.5,126.9,144.2,18.0,-0.005560975609756,0.0,0.0,24.0,342.7,42.0,37.0,35.0,43.0,27.0,47.0
2022-10-23 12:30:00,0,1.4,141.3,158.6,18.0,-0.005560975609756,0.0,0.0,24.0,342.7,41.0,37.0,34.0,41.0,27.0,47.0
2022-10-23 12:40:00,0,1.8,232.2,-110.4,18.0,-0.005560975609756,0.0,0.2,24.0,342.7,40.0,37.0,34.0,40.0,27.0,47.0
2022-10-23 12:50:00,0,2.8,270.9,-71.6,18.0,-0.0059024390243902,0.7000000000000001,124.3,24.0,342.5,42.0,37.0,33.0,38.0,28.0,47.0
2022-10-23 13:00:00,0,2.9,279.8,8.4,18.0,-0.0061463414634146,6.9,798.1,9.7,271.4,44.0,39.0,32.0,37.0,27.0,47.0
2022-10-23 13:10:00,0,2.3,222.6,-23.7,18.0,-0.0050731707317073,0.6000000000000001,136.7,24.0,246.2,43.0,40.0,32.0,36.0,27.0,47.0
2022-10-23 13:20:00,0,2.0,189.6,-56.6,18.0,-0.0049756097560975,0.0,41.5,24.0,246.2,42.0,40.0,31.0,35.0,26.0,47.0
2022-10-23 13:30:00,0,2.6,185.6,-60.7,18.0,-0.0049756097560975,0.0,2.1,24.0,246.2,41.0,39.0,30.0,34.0,26.0,47.0
2022-10-23 13:40:00,0,3.6,156.1,-79.8,18.0,-0.0028292682926829,3.7,432.1,18.4,236.0,42.0,39.0,29.0,33.0,27.0,47.0
2022-10-23 13:50:00,0,4.0,133.4,-24.8,18.0,0.0342926829268292,11.0,1249.7,-0.2,158.3,43.0,43.0,30.0,33.0,27.0,47.0
2022-10-23 14:00:00,0,4.0,149.2,-1.4,18.0,0.0335121951219512,11.0,1249.7,-0.1,150.6,43.0,45.0,31.0,33.0,27.0,47.0
2022-10-23 14:10:00,0,4.5,123.7,-45.8,18.0,0.0633170731707317,11.2,1264.8,-0.6000000000000001,169.5,43.0,46.0,32.0,34.0,27.0,47.0
2022-10-23 14:20:00,0,6.2,156.2,2.1,18.0,0.1860487804878048,12.1,1366.3,-1.9,154.1,45.0,50.0,32.0,39.0,28.0,46.0
2022-10-23 14:30:00,0,5.3,147.3,-13.4,18.0,0.1066829268292682,11.4,1286.7,-1.3,160.7,45.0,49.0,33.0,50.0,28.0,46.0
2022-10-23 14:40:00,0,4.4,127.5,-25.5,18.0,0.0628292682926829,11.1,1253.3,-0.6000000000000001,153.0,44.0,48.0,34.0,54.0,28.0,46.0
2022-10-23 14:50:00,0,4.6,165.6,3.8,18.0,0.0715121951219512,11.1,1260.4,-0.7000000000000001,161.8,44.0,47.0,34.0,56.0,28.0,46.0
2022-10-23 15:00:00,0,5.4,157.5,-4.3,18.0,0.1192195121951219,11.5,1305.4,-1.4,161.8,44.0,48.0,35.0,58.0,28.0,46.0
2022-10-23 15:10:00,0,6.0,156.8,-2.5,18.0,0.1710243902439024,11.8,1338.7,-1.8,159.3,45.0,50.0,35.0,60.0,28.0,46.0
2022-10-23 15:20:00,0,5.2,163.5,8.4,18.0,0.1184878048780487,11.6,1310.6,-1.1,155.1,45.0,50.0,36.0,61.0,28.0,46.0
2022-10-23 15:30:00,0,5.1,190.7,24.8,18.0,0.0902926829268292,11.3,1280.2,-1.1,166.0,45.0,49.0,36.0,61.0,29.0,46.0
2022-10-23 15:40:00,0,5.3,144.9,-13.7,18.0,0.1141951219512195,11.4,1290.7,-1.3,158.6,45.0,49.0,36.0,61.0,29.0,46.0
2022-10-23 15:50:00,0,6.7,116.2,-42.4,18.0,0.2235121951219512,12.7,1440.1,-2.0,158.6,46.0,51.0,36.0,63.0,29.0,46.0
2022-10-23 16:00:00,0,7.2,157.2,-1.4,17.0,0.2921463414634146,13.4,1521.2,-2.1,158.6,47.0,54.0,37.0,65.0,29.0,46.0
2022-10-23 16:10:00,0,6.3,148.2,-10.4,17.0,0.1936097560975609,12.3,1388.8,-1.9,158.6,47.0,54.0,38.0,66.0,29.0,46.0
2022-10-23 16:20:00,0,5.5,146.3,-5.3,17.0,0.1273658536585366,11.5,1303.0,-1.5,151.6,47.0,52.0,38.0,65.0,29.0,46.0
2022-10-23 16:30:00,0,4.9,145.6,-6.0,17.0,0.0825365853658536,11.2,1266.7,-1.0,151.6,46.0,50.0,38.0,64.0,29.0,46.0
2022-10-23 16:40:00,0,5.3,155.2,3.2,17.0,0.1154634146341463,11.3,1284.4,-1.3,152.0,46.0,50.0,38.0,64.0,30.0,46.0
2022-10-23 16:50:00,0,4.7,157.4,-4.0,17.0,0.0750731707317073,11.2,1264.3,-0.8,161.4,45.0,49.0,38.0,63.0,29.0,46.0
2022-10-23 17:00:00,0,4.4,149.9,-11.5,17.0,0.0513658536585365,11.1,1260.2,-0.5,161.4,45.0,48.0,38.0,63.0,29.0,46.0
2022-10-23 17:10:00,0,4.3,162.7,-0.8,17.0,0.0511219512195121,11.1,1254.7,-0.4,163.5,44.0,48.0,38.0,63.0,29.0,46.0
2022-10-23 17:20:00,0,3.3,175.5,6.7,17.0,0.0014146341463414,6.5,739.0,15.2,168.8,44.0,46.0,38.0,61.0,29.0,46.0
2022-10-23 17:30:00,0,3.9,176.3,-2.6,17.0,0.015560975609756,9.6,1085.7,3.4,178.9,43.0,44.0,37.0,58.0,29.0,46.0
2022-10-23 17:40:00,0,4.3,147.9,-5.4,17.0,0.0424878048780487,11.1,1252.0,-0.4,153.4,43.0,45.0,37.0,60.0,29.0,46.0
2022-10-23 17:50:00,0,4.8,158.7,-1.6,17.0,0.0672195121951219,11.1,1256.1,-0.9,160.4,43.0,47.0,37.0,61.0,29.0,46.0
2022-10-23 18:00:00,0,3.9,162.1,9.1,17.0,0.0292195121951219,11.0,1249.9,-0.1,153.0,43.0,46.0,37.0,61.0,29.0,46.0
2022-10-23 18:10:00,0,3.4,168.1,0.8,17.0,0.0102439024390243,11.0,1248.9,0.4,167.4,43.0,45.0,37.0,61.0,29.0,46.0
2022-10-23 18:20:00,0,3.0,156.2,-3.1,17.0,-0.0001463414634146,9.8,1108.7,4.1,159.3,42.0,44.0,37.0,61.0,29.0,46.0
2022-10-23 18:30:00,0,2.3,164.1,5.8,17.0,-0.0054634146341463,3.5,399.7,20.4,158.3,42.0,43.0,37.0,57.0,28.0,45.0
2022-10-23 18:40:00,0,13.7,210.5,43.3,17.0,-0.0058048780487804,0.0,37.9,47.7,167.1,41.0,41.0,36.0,53.0,28.0,46.0
2022-10-23 18:50:00,0,6.0,344.9,111.2,16.0,0.1589756097560975,8.9,1018.5,19.8,233.7,42.0,44.0,35.0,52.0,28.0,45.0
2022-10-23 19:00:00,0,6.1,274.7,-9.5,15.0,0.1981951219512195,12.1,1374.4,-1.7000000000000002,284.2,44.0,50.0,35.0,58.0,28.0,45.0
2022-10-23 19:10:00,0,3.4,295.9,-9.9,16.0,0.0022926829268292,6.5,728.8,13.3,305.8,43.0,46.0,35.0,58.0,27.0,45.0
2022-10-23 19:20:00,0,2.3,336.2,22.7,16.0,-0.0053170731707317,0.8,167.9,24.0,313.6,42.0,43.0,35.0,53.0,26.0,45.0
2022-10-23 19:30:00,0,2.2,315.9,2.4,16.0,-0.0053170731707317,0.0,147.3,24.0,313.6,42.0,42.0,33.0,49.0,26.0,45.0
2022-10-23 19:40:00,0,1.6,284.6,-29.0,16.0,-0.005170731707317,0.0,97.8,24.0,313.6,41.0,41.0,32.0,45.0,26.0,45.0
2022-10-23 19:50:00,0,1.1,24.6,71.0,16.0,-0.0049268292682926,0.0,6.8,24.0,313.6,40.0,40.0,31.0,42.0,25.0,45.0
2022-10-23 20:00:00,0,0.9,329.5,15.9,16.0,-0.0049756097560975,0.0,0.0,24.0,313.6,40.0,39.0,30.0,40.0,25.0,46.0
2022-10-23 20:10:00,0,1.5,38.3,84.7,16.0,-0.0049268292682926,0.0,0.0,24.0,313.6,39.0,38.0,29.0,38.0,25.0,46.0
2022-10-23 20:20:00,0,1.2,252.4,-61.1,16.0,-0.0045365853658536,0.0,0.0,24.0,313.6,39.0,37.0,28.0,36.0,25.0,46.0
2022-10-23 20:30:00,0,1.4,242.2,-71.3,16.0,-0.0040487804878048,0.0,0.0,24.0,313.6,38.0,37.0,28.0,35.0,26.0,46.0
2022-10-23 20:40:00,0,1.6,268.6,-44.9,16.0,-0.0038048780487804,0.0,7.8,24.0,313.6,37.0,36.0,27.0,34.0,26.0,46.0
2022-10-23 20:50:00,0,2.3,12.1,58.6,16.0,-0.0029756097560975,0.0,64.1,24.0,313.6,37.0,36.0,27.0,33.0,26.0,46.0
2022-10-23 21:00:00,0,2.3,3.9,50.2,16.0,-0.0034634146341463,0.7000000000000001,133.4,24.0,313.7,40.0,36.0,27.0,32.0,26.0,46.0
2022-10-23 21:10:00,0,1.9,296.2,-85.0,16.0,-0.0029268292682926,0.0,34.7,24.0,21.2,39.0,36.0,27.0,31.0,27.0,47.0
2022-10-23 21:20:00,0,2.2,333.0,-48.2,16.0,-0.0029268292682926,0.0,48.3,24.0,21.2,39.0,36.0,27.0,31.0,26.0,47.0
2022-10-23 21:30:00,0,2.6,315.7,-65.4,16.0,-0.0032195121951219,0.9,134.5,24.0,21.2,38.0,35.0,27.0,30.0,26.0,47.0
2022-10-23 21:40:00,0,2.6,359.0,16.8,16.0,-0.0031219512195121,1.6,187.7,24.0,342.7,39.0,36.0,27.0,30.0,26.0,47.0
2022-10-23 21:50:00,0,2.8,348.1,5.4,16.0,-0.0033170731707317,1.6,212.4,24.0,342.7,39.0,36.0,27.0,30.0,26.0,48.0
2022-10-23 22:00:00,0,1.6,316.3,-62.4,16.0,-0.0029268292682926,0.0,73.2,24.0,18.7,39.0,36.0,27.0,29.0,26.0,48.0
2022-10-23 22:10:00,0,2.0,48.1,29.4,16.0,-0.0029268292682926,0.0,92.8,24.0,18.7,38.0,36.0,27.0,29.0,26.0,48.0
2022-10-23 22:20:00,0,2.1,73.6,54.8,17.0,-0.0028780487804878,0.0,32.6,24.0,18.7,38.0,36.0,27.0,29.0,26.0,48.0
2022-10-23 22:30:00,0,2.4,69.1,50.3,17.0,-0.0028780487804878,0.0,7.6,24.0,18.7,38.0,35.0,27.0,28.0,26.0,48.0
2022-10-23 22:40:00,0,2.9,113.5,94.6,17.0,-0.0039024390243902,1.0,124.7,24.0,18.9,37.0,35.0,26.0,28.0,26.0,48.0
2022-10-23 22:50:00,0,2.7,130.3,-1.2,17.0,-0.0032195121951219,1.9,218.3,24.0,131.6,38.0,36.0,26.0,28.0,26.0,48.0
2022-10-23 23:00:00,0,3.4,67.0,-46.4,17.0,-0.0013658536585365,4.2,480.8,17.9,113.4,38.0,36.0,26.0,28.0,26.0,48.0
2022-10-23 23:10:00,0,3.3,82.2,-23.5,17.0,-0.0033658536585365,5.1,569.6,18.1,105.7,39.0,40.0,27.0,36.0,26.0,48.0
2022-10-23 23:20:00,0,3.8,111.7,-13.5,16.0,0.0120487804878048,4.2,477.0,17.7,125.3,38.0,39.0,27.0,35.0,26.0,48.0
2022-10-23 23:30:00,0,4.4,109.9,16.1,16.0,0.0376585365853658,11.0,1249.9,-0.6000000000000001,93.8,40.0,44.0,28.0,43.0,26.0,48.0
2022-10-23 23:40:00,0,3.7,83.3,-14.7,16.0,0.0196585365853658,11.0,1249.1,0.1,97.9,41.0,46.0,29.0,50.0,26.0,48.0
2022-10-23 23:50:00,0,2.6,91.6,7.7,16.0,-0.0039024390243902,1.7000000000000002,262.6,28.4,83.9,41.0,45.0,30.0,50.0,27.0,48.0
2022-10-24 00:00:00,0,2.3,120.5,58.0,16.0,-0.003170731707317,1.0,140.3,24.0,62.5,40.0,43.0,31.0,46.0,27.0,48.0
2022-10-24 00:10:00,0,2.0,356.5,-46.7,16.0,-0.0029756097560975,0.4,139.6,24.0,43.3,39.0,41.0,31.0,43.0,27.0,48.0
2022-10-24 00:20:00,0,1.9,69.5,26.2,16.0,-0.0029756097560975,0.3,94.8,24.0,43.3,39.0,40.0,31.0,41.0,27.0,48.0
2022-10-24 00:30:00,0,1.6,223.6,-179.7,16.0,-0.0028780487804878,0.0,28.6,24.0,43.3,38.0,39.0,31.0,39.0,27.0,48.0
2022-10-24 00:40:00,0,2.8,80.1,36.7,16.0,-0.0034146341463414,0.5,110.6,24.0,43.4,38.0,38.0,30.0,38.0,27.0,49.0
2022-10-24 00:50:00,0,3.2,93.0,-21.7,16.0,0.0030243902439024,9.6,1084.9,4.8,114.8,39.0,41.0,31.0,42.0,27.0,48.0
2022-10-24 01:00:00,0,1.5,77.9,-9.2,15.0,-0.0030731707317073,0.3,98.8,24.0,87.1,39.0,42.0,31.0,44.0,27.0,48.0
2022-10-24 01:10:00,0,1.5,47.1,-40.0,15.0,-0.0028780487804878,0.0,39.8,24.0,87.1,38.0,40.0,31.0,42.0,27.0,48.0
2022-10-24 01:20:00,0,1.8,15.8,-71.3,15.0,-0.0029268292682926,0.0,57.0,24.0,87.1,38.0,39.0,31.0,40.0,26.0,48.0
2022-10-24 01:30:00,0,1.8,80.0,-7.1,15.0,-0.0029268292682926,0.0,96.9,24.0,87.1,38.0,38.0,31.0,38.0,26.0,49.0
2022-10-24 01:40:00,0,2.4,61.6,-25.5,15.0,-0.0031219512195121,0.2,156.4,24.0,87.1,37.0,38.0,31.0,37.0,26.0,49.0
2022-10-24 01:50:00,0,2.7,63.0,-24.0,15.0,-0.0032682926829268,1.7000000000000002,191.3,24.0,87.1,37.0,37.0,31.0,36.0,26.0,49.0
2022-10-24 02:00:00,0,2.4,72.4,0.7000000000000001,15.0,-0.0030243902439024,1.0,162.1,24.0,71.7,37.0,37.0,31.0,35.0,26.0,49.0
2022-10-24 02:10:00,0,2.1,5.1,-66.5,14.0,-0.0029756097560975,0.0,45.6,24.0,71.7,37.0,37.0,30.0,34.0,26.0,49.0
2022-10-24 02:20:00,0,2.8,44.5,-27.2,14.0,-0.0032195121951219,1.6,192.6,24.0,71.6,37.0,36.0,30.0,33.0,26.0,49.0
2022-10-24 02:30:00,0,2.9,58.9,-0.1,14.0,-0.0033658536585365,2.0,226.7,24.0,59.1,37.0,36.0,30.0,32.0,25.0,49.0
2022-10-24 02:40:00,0,3.4,87.2,2.9,14.0,-0.003170731707317,2.5,284.2,24.0,84.3,37.0,36.0,30.0,32.0,25.0,49.0
2022-10-24 02:50:00,0,4.3,58.3,-18.3,14.0,0.0316097560975609,9.9,1124.7,2.2,76.6,38.0,40.0,30.0,37.0,25.0,49.0
2022-10-24 03:00:00,0,4.9,95.3,3.0,14.0,0.0468292682926829,11.1,1255.0,-1.0,92.4,40.0,46.0,31.0,48.0,25.0,48.0
2022-10-24 03:10:00,0,3.7,65.9,-18.8,14.0,0.0160975609756097,11.0,1249.8,0.1,84.7,40.0,46.0,32.0,53.0,26.0,48.0
2022-10-24 03:20:00,0,4.7,77.9,-6.5,14.0,0.0582926829268292,11.1,1257.6,-0.8,84.3,41.0,47.0,33.0,55.0,25.0,48.0
2022-10-24 03:30:00,0,5.3,105.4,5.7,14.0,0.0989756097560975,11.3,1285.6,-1.2,99.7,42.0,48.0,33.0,57.0,25.0,48.0
2022-10-24 03:40:00,0,4.6,92.7,-16.2,14.0,0.0788292682926829,11.3,1276.8,-0.6000000000000001,108.8,42.0,49.0,33.0,58.0,25.0,48.0
2022-10-24 03:50:00,0,2.3,114.6,12.8,14.0,-0.0045853658536585,2.5,340.9,20.5,101.8,41.0,45.0,33.0,56.0,26.0,48.0
2022-10-24 04:00:00,0,3.3,82.1,-6.1,14.0,-0.0030243902439024,6.5,743.4,12.5,88.2,41.0,43.0,32.0,51.0,26.0,47.0
2022-10-24 04:10:00,0,2.3,153.1,35.5,15.0,-0.0044390243902439,1.2,192.2,24.3,117.6,41.0,43.0,32.0,49.0,26.0,47.0
2022-10-24 04:20:00,0,3.2,100.2,-17.4,15.0,-0.0035121951219512,5.7,645.0,14.5,117.6,40.0,42.0,31.0,46.0,26.0,47.0
2022-10-24 04:30:00,0,3.5,108.5,7.0,15.0,-0.0045853658536585,3.0,333.7,23.6,101.5,40.0,42.0,31.0,46.0,26.0,46.0
2022-10-24 04:40:00,0,3.6,113.7,-5.3,15.0,-0.0015121951219512,3.2,369.7,21.3,119.0,40.0,41.0,30.0,42.0,26.0,46.0
2022-10-24 04:50:00,0,3.7,121.8,2.8,15.0,0.0053658536585365,8.9,1007.8,6.5,119.0,41.0,43.0,30.0,45.0,25.0,46.0
2022-10-24 05:00:00,0,3.4,140.9,36.9,15.0,-0.0025365853658536,3.9,440.3,19.4,104.0,40.0,42.0,29.0,44.0,26.0,46.0
2022-10-24 05:10:00,0,4.2,99.8,-17.4,16.0,0.0506341463414634,11.1,1252.9,-0.3,117.2,41.0,45.0,29.0,47.0,25.0,46.0
2022-10-24 05:20:00,0,5.9,119.3,9.8,16.0,0.1679024390243902,11.8,1340.3,-1.6,109.6,42.0,49.0,29.0,52.0,25.0,46.0
2022-10-24 05:30:00,0,7.4,92.2,-17.4,16.0,0.2670243902439024,13.7,1546.4,-2.2,109.6,44.0,52.0,30.0,57.0,25.0,46.0
2022-10-24 05:40:00,0,7.0,89.1,-20.4,16.0,0.2296585365853658,13.2,1490.5,-2.1,109.5,45.0,53.0,31.0,60.0,26.0,45.0
2022-10-24 05:50:00,0,6.2,81.9,-11.6,16.0,0.1848780487804878,12.2,1380.1,-1.8,93.4,45.0,52.0,32.0,61.0,26.0,45.0
2022-10-24 06:00:00,0,5.9,114.2,5.3,17.0,0.158780487804878,11.8,1337.9,-1.8,108.8,45.0,51.0,32.0,61.0,26.0,46.0
2022-10-24 06:10:00,0,5.6,107.1,-1.7000000000000002,17.0,0.1524390243902439,11.5,1298.0,-1.5,108.9,45.0,51.0,33.0,61.0,26.0,46.0
2022-10-24 06:20:00,0,4.2,120.8,4.3,17.0,0.0562439024390243,11.0,1250.8,-0.4,116.5,44.0,49.0,33.0,60.0,27.0,46.0
2022-10-24 06:30:00,0,3.6,79.0,-37.5,17.0,0.0300487804878048,11.0,1249.8,0.3,116.5,44.0,47.0,34.0,60.0,27.0,46.0
2022-10-24 06:40:00,0,3.8,129.4,24.5,17.0,0.0327317073170731,11.0,1250.7,0.0,105.0,43.0,47.0,34.0,60.0,27.0,46.0
2022-10-24 06:50:00,0,2.3,96.3,-5.5,16.0,-0.0048780487804878,2.3,272.6,61.3,101.9,43.0,45.0,34.0,58.0,27.0,46.0
2022-10-24 07:00:00,0,1.8,124.1,2.0,16.0,-0.0045853658536585,0.5,119.7,24.1,122.2,42.0,43.0,34.0,53.0,28.0,46.0
2022-10-24 07:10:00,0,1.6,82.6,-39.5,16.0,-0.0044390243902439,0.3,107.0,24.0,122.2,41.0,42.0,33.0,49.0,28.0,46.0
2022-10-24 07:20:00,0,1.2,117.1,-5.1,16.0,-0.0043414634146341,0.0,14.1,24.0,122.2,41.0,41.0,32.0,46.0,27.0,46.0
2022-10-24 07:30:00,0,2.5,322.0,-160.0,16.0,-0.0048292682926829,0.0,56.1,24.0,122.0,41.0,40.0,32.0,44.0,27.0,46.0
2022-10-24 07:40:00,0,2.1,303.9,-97.5,16.0,-0.0048292682926829,0.0,74.7,24.0,41.4,40.0,39.0,31.0,41.0,27.0,46.0
2022-10-24 07:50:00,0,1.3,279.5,-24.2,16.0,-0.0041951219512195,0.0,3.5,24.0,303.7,40.0,39.0,30.0,39.0,26.0,47.0
2022-10-24 08:00:00,0,1.5,68.2,124.5,16.0,-0.0041463414634146,0.0,8.2,24.0,303.7,39.0,38.0,29.0,38.0,26.0,47.0
2022-10-24 08:10:00,0,2.5,104.2,160.2,16.0,-0.0050731707317073,0.0,84.7,24.0,304.0,40.0,37.0,29.0,36.0,26.0,47.0
2022-10-24 08:20:00,0,2.9,124.7,37.2,16.0,-0.0048292682926829,1.9,225.9,24.0,87.5,40.0,37.0,28.0,35.0,26.0,47.0
2022-10-24 08:30:00,0,4.2,117.6,10.8,16.0,0.048,10.7,1217.9,-0.1,106.8,41.0,42.0,28.0,33.0,26.0,46.0
2022-10-24 08:40:00,0,4.1,137.8,26.8,17.0,0.0493170731707317,11.0,1251.3,-0.3,111.0,42.0,46.0,29.0,36.0,26.0,46.0
2022-10-24 08:50:00,0,3.9,139.3,16.8,17.0,0.0348780487804878,11.0,1249.9,-0.1,122.5,42.0,46.0,29.0,46.0,26.0,46.0
2022-10-24 09:00:00,0,5.5,141.0,5.2,16.0,0.1335609756097561,11.4,1290.3,-1.5,135.8,43.0,48.0,30.0,51.0,26.0,46.0
2022-10-24 09:10:00,0,5.4,138.2,2.4,16.0,0.1358048780487804,11.5,1305.1,-1.4,135.9,44.0,50.0,31.0,54.0,26.0,46.0
2022-10-24 09:20:00,0,4.3,151.4,9.3,16.0,0.0510731707317073,11.1,1254.7,-0.4,142.1,43.0,47.0,32.0,56.0,26.0,46.0
2022-10-24 09:30:00,0,7.3,148.8,-1.1,17.0,0.3336097560975609,13.2,1499.0,-2.1,149.9,44.0,50.0,32.0,58.0,27.0,46.0
2022-10-24 09:40:00,0,7.3,154.9,-3.4,17.0,0.3273658536585366,13.5,1534.1,-2.1,158.3,47.0,55.0,33.0,62.0,27.0,46.0
2022-10-24 09:50:00,0,7.6,163.2,4.5,17.0,0.3381951219512195,13.8,1558.3,-2.2,158.6,47.0,55.0,34.0,64.0,27.0,46.0
2022-10-24 10:00:00,0,7.8,146.5,-12.0,17.0,0.334390243902439,14.0,1580.9,-2.2,158.6,48.0,56.0,35.0,66.0,27.0,46.0
2022-10-24 10:10:00,0,7.8,150.8,0.6000000000000001,17.0,0.3445365853658536,14.0,1581.3,-2.2,150.2,49.0,56.0,36.0,68.0,28.0,46.0
2022-10-24 10:20:00,0,6.7,154.8,-2.4,18.0,0.2111219512195122,12.7,1436.6,-2.0,157.2,49.0,55.0,36.0,67.0,28.0,46.0
2022-10-24 10:30:00,0,5.9,143.7,-5.7,18.0,0.1497073170731707,11.8,1339.0,-1.7000000000000002,149.5,48.0,53.0,37.0,67.0,28.0,46.0
2022-10-24 10:40:00,0,6.5,122.0,-19.4,18.0,0.2152682926829268,12.5,1415.9,-2.0,141.4,48.0,53.0,37.0,66.0,28.0,46.0
2022-10-24 10:50:00,0,5.0,153.5,11.7,19.0,0.09,11.4,1293.9,-1.0,141.8,48.0,52.0,37.0,66.0,28.0,46.0
2022-10-24 11:00:00,0,2.6,136.2,-13.0,18.0,-0.0060975609756097,4.6,540.0,17.0,149.2,46.0,47.0,37.0,62.0,28.0,46.0
2022-10-24 11:10:00,0,3.5,135.4,-23.6,19.0,0.000780487804878,9.4,1064.6,5.5,158.9,45.0,45.0,36.0,59.0,28.0,46.0
2022-10-24 11:20:00,0,2.7,156.8,18.2,19.0,-0.0068292682926829,2.0,227.1,24.0,138.6,45.0,44.0,35.0,57.0,28.0,45.0
2022-10-24 11:30:00,0,2.7,126.1,-2.3,19.0,-0.0067317073170731,2.1,232.0,24.0,128.5,44.0,42.0,34.0,52.0,27.0,46.0
2022-10-24 11:40:00,0,3.8,137.2,16.4,20.0,0.0245365853658536,10.0,1131.4,2.6,120.8,44.0,43.0,34.0,51.0,28.0,46.0
2022-10-24 11:50:00,0,4.2,142.6,8.5,20.0,0.0475609756097561,11.1,1252.9,-0.4,134.1,44.0,46.0,34.0,56.0,28.0,45.0
2022-10-24 12:00:00,0,3.6,161.2,27.1,20.0,0.0122439024390243,11.0,1248.3,0.5,134.1,44.0,46.0,34.0,58.0,28.0,45.0
2022-10-24 12:10:00,0,4.2,131.1,-18.4,20.0,0.048390243902439,11.1,1257.4,-0.3,149.5,44.0,47.0,34.0,58.0,29.0,46.0
2022-10-24 12:20:00,0,3.4,183.5,13.0,20.0,0.0037073170731707,9.0,1020.6,6.7,170.5,44.0,46.0,35.0,58.0,29.0,46.0
2022-10-24 12:30:00,0,5.4,158.1,-6.8,20.0,0.1321951219512195,11.8,1331.3,-1.2,164.9,44.0,48.0,35.0,58.0,29.0,45.0
2022-10-24 12:40:00,0,5.3,159.9,-1.6,21.0,0.1159512195121951,11.4,1295.2,-1.2,161.4,45.0,49.0,35.0,59.0,29.0,46.0
2022-10-24 12:50:00,0,5.2,180.1,18.7,21.0,0.098780487804878,11.3,1276.8,-1.2,161.4,45.0,49.0,35.0,60.0,29.0,46.0
2022-10-24 13:00:00,0,5.0,170.0,7.2,21.0,0.0908292682926829,11.3,1281.4,-1.1,162.8,45.0,50.0,35.0,60.0,29.0,46.0
2022-10-24 13:10:00,0,5.5,148.6,-7.9,21.0,0.1216585365853658,11.7,1320.8,-1.3,156.5,45.0,50.0,36.0,61.0,29.0,46.0
2022-10-24 13:20:00,0,5.0,164.6,-6.7,21.0,0.0991219512195121,11.6,1310.0,-1.0,171.2,45.0,50.0,36.0,61.0,29.0,46.0
2022-10-24 13:30:00,0,3.9,166.3,-6.7,22.0,0.0090731707317073,9.0,1026.9,11.4,173.0,45.0,48.0,36.0,60.0,30.0,46.0
2022-10-24 13:40:00,0,3.6,159.4,-22.0,22.0,0.0212195121951219,11.0,1247.4,0.6000000000000001,181.4,44.0,47.0,36.0,59.0,30.0,46.0
2022-10-24 13:50:00,0,4.3,218.3,25.7,22.0,0.0580975609756097,11.1,1263.1,-0.5,192.6,44.0,48.0,36.0,60.0,30.0,46.0
2022-10-24 14:00:00,0,3.9,157.5,-24.9,22.0,0.0324390243902439,11.1,1260.1,0.0,182.4,44.0,47.0,36.0,60.0,30.0,46.0
2022-10-24 14:10:00,0,5.2,174.2,4.7,22.0,0.1029756097560975,11.5,1305.5,-1.1,169.5,44.0,49.0,36.0,61.0,31.0,46.0
2022-10-24 14:20:00,0,4.3,164.1,-19.8,22.0,0.0612195121951219,11.2,1264.5,-0.4,183.9,44.0,48.0,36.0,60.0,31.0,46.0
2022-10-24 14:30:00,0,3.7,173.5,-20.5,22.0,0.0333170731707317,11.1,1255.2,0.3,194.0,44.0,48.0,37.0,60.0,31.0,46.0
2022-10-24 14:40:00,0,3.9,149.5,-34.0,22.0,0.0290243902439024,11.1,1251.7,0.1,183.5,43.0,47.0,37.0,60.0,31.0,46.0
2022-10-24 14:50:00,0,4.0,208.8,16.1,22.0,0.0379024390243902,11.0,1251.5,-0.2,192.6,43.0,47.0,37.0,60.0,31.0,46.0
2022-10-24 15:00:00,0,4.6,192.4,-18.7,22.0,0.0686829268292683,11.1,1256.4,-0.7000000000000001,211.2,44.0,48.0,37.0,60.0,31.0,46.0
2022-10-24 15:10:00,0,3.9,216.7,5.5,23.0,0.034780487804878,11.1,1253.9,0.0,211.2,43.0,48.0,37.0,60.0,31.0,46.0
2022-10-24 15:20:00,0,3.0,185.0,-17.7,23.0,-0.0013170731707317,6.2,713.4,33.8,202.8,43.0,46.0,37.0,59.0,31.0,47.0
2022-10-24 15:30:00,0,3.4,178.2,-14.8,23.0,-0.0050731707317073,7.2,813.2,10.7,193.0,42.0,45.0,36.0,56.0,31.0,46.0
2022-10-24 15:40:00,0,3.2,187.0,-21.7,22.0,-0.0006341463414634,9.1,1028.4,5.6,208.7,42.0,45.0,36.0,56.0,31.0,46.0
2022-10-24 15:50:00,0,3.0,175.4,-29.9,23.0,-0.0081951219512195,4.5,512.4,18.9,205.3,42.0,44.0,36.0,55.0,31.0,46.0
2022-10-24 16:00:00,0,2.9,207.6,-22.4,23.0,-0.0067317073170731,2.1,238.1,24.0,230.1,42.0,43.0,35.0,51.0,30.0,47.0
2022-10-24 16:10:00,0,3.3,186.9,-21.5,23.0,-0.0043414634146341,5.8,658.9,14.9,208.4,41.0,42.0,35.0,47.0,31.0,47.0
2022-10-24 16:20:00,0,3.2,216.2,6.4,23.0,0.0004390243902439,5.2,593.5,15.5,209.8,42.0,43.0,35.0,45.0,31.0,47.0
2022-10-24 16:30:00,0,3.0,193.6,-14.4,23.0,-0.0056585365853658,3.8,426.7,20.4,208.0,42.0,44.0,35.0,44.0,31.0,47.0
2022-10-24 16:40:00,0,2.4,210.6,3.2,22.0,-0.0053170731707317,1.3,188.7,24.0,207.3,41.0,42.0,34.0,42.0,30.0,48.0
2022-10-24 16:50:00,0,2.3,227.5,28.5,22.0,-0.0052682926829268,1.2,179.6,24.0,198.9,41.0,41.0,34.0,41.0,30.0,48.0
2022-10-24 17:00:00,0,1.3,186.8,-12.1,23.0,-0.005170731707317,0.0,72.8,24.0,198.9,40.0,41.0,33.0,39.0,30.0,48.0
2022-10-24 17:10:00,0,0.8,148.5,-50.4,23.0,-0.0051219512195121,0.0,0.0,24.0,198.9,40.0,40.0,32.0,38.0,29.0,48.0
2022-10-24 17:20:00,0,1.4,292.5,93.5,23.0,-0.0051219512195121,0.0,0.0,24.0,198.9,40.0,39.0,32.0,37.0,29.0,48.0
2022-10-24 17:30:00,0,3.1,263.2,64.1,22.0,-0.0057560975609756,1.1,136.6,24.0,199.1,39.0,39.0,31.0,36.0,30.0,49.0
2022-10-24 17:40:00,0,3.1,268.3,-11.2,22.0,-0.0054634146341463,2.2,252.7,24.0,279.5,40.0,39.0,31.0,35.0,29.0,49.0
2022-10-24 17:50:00,0,3.0,260.0,7.1,22.0,-0.0054634146341463,2.1,240.1,24.0,252.9,40.0,39.0,31.0,34.0,29.0,49.0
2022-10-24 18:00:00,0,3.0,259.1,10.4,22.0,-0.0051219512195121,2.2,244.3,24.0,248.7,40.0,39.0,30.0,33.0,29.0,49.0
2022-10-24 18:10:00,0,2.2,263.3,4.1,22.0,-0.0041463414634146,0.9,172.6,24.0,259.2,40.0,39.0,30.0,33.0,30.0,49.0
2022-10-24 18:20:00,0,1.4,175.5,-83.7,22.0,-0.0039512195121951,0.0,63.7,24.0,259.2,39.0,39.0,30.0,32.0,30.0,49.0
2022-10-24 18:30:00,0,1.9,207.6,-51.6,22.0,-0.0039512195121951,0.0,0.0,24.0,259.2,39.0,38.0,30.0,32.0,30.0,50.0
2022-10-24 18:40:00,0,2.4,188.5,-70.7,22.0,-0.0039024390243902,0.0,1.7000000000000002,24.0,259.2,39.0,38.0,30.0,32.0,30.0,50.0
2022-10-24 18:50:00,0,2.4,223.7,-35.5,22.0,-0.0039024390243902,0.0,4.4,24.0,259.2,38.0,37.0,30.0,31.0,30.0,50.0
2022-10-24 19:00:00,0,2.0,122.1,-137.1,22.0,-0.0039512195121951,0.0,65.7,24.0,259.2,38.0,37.0,30.0,31.0,29.0,50.0
2022-10-24 19:10:00,0,2.2,83.8,-175.4,22.0,-0.0039024390243902,0.0,73.4,24.0,259.2,39.0,37.0,30.0,31.0,29.0,50.0
2022-10-24 19:20:00,0,3.4,137.6,-121.4,22.0,-0.0048292682926829,0.4,99.0,23.2,259.0,39.0,36.0,30.0,31.0,29.0,50.0
2022-10-24 19:30:00,0,4.0,121.4,-6.7,21.0,0.0362926829268292,11.1,1252.9,0.1,128.1,40.0,41.0,30.0,38.0,29.0,50.0
2022-10-24 19:40:00,0,5.1,107.0,-22.5,21.0,0.0918536585365853,11.2,1264.5,-1.3,129.5,42.0,48.0,31.0,48.0,29.0,50.0
2022-10-24 19:50:00,0,5.2,134.2,-2.0,21.0,0.1033658536585366,11.2,1266.1,-1.3,136.2,42.0,49.0,32.0,52.0,30.0,50.0
2022-10-24 20:00:00,0,4.9,114.1,-22.0,21.0,0.1016097560975609,11.1,1257.2,-1.1,136.2,43.0,49.0,34.0,55.0,30.0,50.0
2022-10-24 20:10:00,0,4.3,124.9,-18.7,21.0,0.0512682926829268,11.0,1250.1,-0.4,143.5,43.0,48.0,35.0,56.0,30.0,50.0
2022-10-24 20:20:00,0,4.1,136.9,-6.7,21.0,0.0353658536585365,11.0,1249.2,-0.3,143.5,42.0,47.0,35.0,57.0,30.0,50.0
2022-10-24 20:30:00,0,4.5,152.4,14.9,21.0,0.0630731707317073,11.2,1267.4,-0.2,137.6,42.0,47.0,36.0,58.0,30.0,50.0
2022-10-24 20:40:00,0,5.9,137.3,9.5,21.0,0.1524390243902439,11.8,1337.4,-1.7000000000000002,127.8,44.0,50.0,36.0,59.0,30.0,49.0
2022-10-24 20:50:00,0,5.6,133.5,3.3,21.0,0.1266829268292683,11.5,1297.8,-1.5,130.2,44.0,51.0,37.0,61.0,30.0,49.0
2022-10-24 21:00:00,0,5.3,127.2,-3.0,21.0,0.0902926829268292,11.3,1278.9,-1.3,130.2,44.0,49.0,37.0,60.0,31.0,49.0
2022-10-24 21:10:00,0,5.3,118.0,-5.1,21.0,0.1148780487804878,11.4,1289.8,-1.3,123.2,44.0,50.0,38.0,61.0,31.0,49.0
2022-10-24 21:20:00,0,6.1,109.5,-6.0,21.0,0.1848780487804878,12.1,1371.2,-1.7000000000000002,115.5,45.0,51.0,38.0,61.0,31.0,49.0
2022-10-24 21:30:00,0,7.9,119.8,-3.4,22.0,0.3884878048780488,14.3,1618.5,-2.2,123.2,47.0,55.0,39.0,65.0,31.0,49.0
2022-10-24 21:40:00,0,7.9,126.8,3.6,22.0,0.3796585365853658,14.2,1613.9,-2.2,123.2,48.0,57.0,39.0,68.0,31.0,49.0
2022-10-24 21:50:00,0,7.6,128.7,-2.2,21.0,0.2963414634146341,13.8,1557.8,-2.2,130.9,49.0,57.0,39.0,69.0,31.0,49.0
2022-10-24 22:00:00,0,7.0,132.5,1.6,21.0,0.2226829268292683,13.2,1496.9,-2.1,130.9,49.0,56.0,39.0,69.0,31.0,48.0
2022-10-24 22:10:00,0,7.3,112.4,-18.5,21.0,0.253609756097561,13.5,1532.8,-2.1,130.9,49.0,55.0,39.0,68.0,31.0,48.0
2022-10-24 22:20:00,0,7.6,128.5,-2.4,22.0,0.2926829268292683,14.0,1583.8,-2.2,130.9,50.0,56.0,39.0,69.0,31.0,48.0
2022-10-24 22:30:00,0,7.8,133.2,8.6,22.0,0.3180487804878049,14.0,1590.2,-2.2,124.6,50.0,57.0,39.0,69.0,31.0,48.0
2022-10-24 22:40:00,0,7.9,106.5,-25.1,22.0,0.316390243902439,14.1,1600.0,-2.2,131.6,51.0,57.0,40.0,70.0,32.0,48.0
2022-10-24 22:50:00,0,8.6,132.3,0.6000000000000001,21.0,0.4550243902439024,14.4,1636.1,-2.2,131.6,52.0,58.0,40.0,71.0,32.0,48.0
2022-10-24 23:00:00,0,9.0,128.4,-3.2,21.0,0.5241951219512194,14.6,1652.1,-2.0,131.6,53.0,60.0,41.0,72.0,32.0,48.0
2022-10-24 23:10:00,0,8.3,138.3,6.7,21.0,0.399170731707317,14.4,1631.5,-2.2,131.6,54.0,60.0,43.0,72.0,32.0,48.0
2022-10-24 23:20:00,0,7.2,129.2,-2.4,21.0,0.2457560975609756,13.4,1516.5,-2.1,131.6,53.0,58.0,43.0,72.0,32.0,48.0
2022-10-24 23:30:00,0,6.2,139.8,8.2,21.0,0.1591219512195122,12.1,1365.6,-1.9,131.6,52.0,56.0,44.0,69.0,32.0,48.0
2022-10-24 23:40:00,0,5.6,120.8,-10.8,21.0,0.1246341463414634,11.4,1295.9,-1.6,131.6,52.0,55.0,44.0,66.0,32.0,48.0
2022-10-24 23:50:00,0,4.4,140.1,8.5,21.0,0.0462926829268292,11.0,1250.2,-0.6000000000000001,131.6,50.0,52.0,44.0,63.0,32.0,48.0
2022-10-25 00:00:00,0,3.2,123.5,-8.2,20.0,0.0058048780487804,9.7,1097.4,4.9,131.6,49.0,50.0,44.0,61.0,31.0,48.0
2022-10-25 00:10:00,0,2.0,151.6,19.9,20.0,-0.0119512195121951,0.5,151.0,24.0,131.6,48.0,47.0,43.0,58.0,30.0,47.0
2022-10-25 00:20:00,0,2.9,104.9,-26.7,20.0,-0.0122926829268292,1.0,196.8,24.0,131.6,47.0,44.0,41.0,54.0,30.0,48.0
2022-10-25 00:30:00,0,3.2,109.3,3.2,20.0,-0.0082439024390243,2.4,265.7,24.0,106.0,47.0,42.0,40.0,50.0,30.0,48.0
2022-10-25 00:40:00,0,3.0,111.2,5.1,20.0,-0.0076585365853658,2.2,248.0,24.0,106.1,46.0,41.0,38.0,48.0,29.0,48.0
2022-10-25 00:50:00,0,4.5,152.5,11.8,20.0,0.0669268292682926,7.7,870.3,9.1,140.7,46.0,42.0,37.0,45.0,30.0,48.0
2022-10-25 01:00:00,0,7.1,129.5,-3.2,21.0,0.2584390243902438,13.3,1502.3,-2.1,132.7,48.0,51.0,37.0,51.0,31.0,47.0
2022-10-25 01:10:00,0,6.6,133.2,0.5,21.0,0.2062439024390244,12.7,1434.9,-2.0,132.7,49.0,54.0,37.0,58.0,31.0,47.0
2022-10-25 01:20:00,0,6.6,126.8,-5.8,21.0,0.2033170731707317,12.6,1431.5,-2.0,132.7,49.0,54.0,38.0,59.0,31.0,47.0
2022-10-25 01:30:00,0,7.1,128.3,-4.4,21.0,0.2344878048780487,13.3,1507.5,-2.1,132.7,50.0,55.0,38.0,61.0,31.0,47.0
2022-10-25 01:40:00,0,7.4,122.3,-10.4,21.0,0.2758536585365854,13.7,1550.1,-2.1,132.7,50.0,56.0,39.0,62.0,32.0,48.0
2022-10-25 01:50:00,0,7.2,117.6,-7.4,21.0,0.2826341463414634,13.5,1529.7,-2.1,125.0,51.0,56.0,39.0,63.0,32.0,48.0
2022-10-25 02:00:00,0,6.9,137.3,4.6,21.0,0.2401463414634146,13.1,1482.9,-2.1,132.7,51.0,56.0,39.0,62.0,31.0,48.0
2022-10-25 02:10:00,0,7.5,127.3,-5.4,21.0,0.2797560975609756,13.9,1573.2,-2.2,132.7,51.0,56.0,39.0,63.0,31.0,48.0
2022-10-25 02:20:00,0,7.5,130.3,-2.4,21.0,0.2640975609756097,13.8,1566.2,-2.2,132.7,52.0,57.0,39.0,63.0,31.0,48.0
2022-10-25 02:30:00,0,6.9,130.3,-2.4,21.0,0.2017560975609756,13.0,1473.2,-2.1,132.7,51.0,56.0,39.0,63.0,31.0,47.0
2022-10-25 02:40:00,0,6.4,143.7,11.0,21.0,0.1816585365853658,12.3,1391.3,-2.0,132.7,51.0,55.0,39.0,61.0,31.0,47.0
2022-10-25 02:50:00,0,5.9,136.9,4.2,21.0,0.1517073170731707,11.6,1317.5,-1.8,132.7,51.0,54.0,39.0,60.0,31.0,47.0
2022-10-25 03:00:00,0,6.0,140.0,7.3,21.0,0.1598536585365853,11.7,1327.1,-1.8,132.7,50.0,53.0,39.0,56.0,31.0,47.0
2022-10-25 03:10:00,0,6.9,122.8,-9.8,21.0,0.2085365853658536,13.1,1478.9,-2.1,132.7,50.0,54.0,38.0,58.0,32.0,47.0
2022-10-25 03:20:00,0,6.4,133.1,0.5,21.0,0.1734634146341463,12.4,1409.1,-2.0,132.7,51.0,55.0,39.0,59.0,32.0,47.0
2022-10-25 03:30:00,0,4.9,121.6,-4.4,21.0,0.0738048780487805,11.2,1265.5,-1.0,126.0,50.0,52.0,38.0,57.0,31.0,47.0
2022-10-25 03:40:00,0,3.2,112.0,-6.6,20.0,0.011170731707317,9.8,1107.0,4.1,118.6,48.0,49.0,38.0,53.0,31.0,47.0
2022-10-25 03:50:00,0,2.9,78.6,-31.2,20.0,-0.0078536585365853,1.7000000000000002,247.8,23.0,109.9,47.0,46.0,37.0,51.0,30.0,47.0
2022-10-25 04:00:00,0,3.6,82.3,-4.5,20.0,0.0078048780487804,11.0,1248.4,0.3,86.8,46.0,46.0,36.0,48.0,30.0,47.0
2022-10-25 04:10:00,0,3.3,87.7,-9.2,20.0,-0.004780487804878,5.3,604.3,16.2,96.9,46.0,45.0,36.0,46.0,30.0,47.0
2022-10-25 04:20:00,0,4.5,101.9,2.9,21.0,0.0516585365853658,11.0,1251.5,-0.7000000000000001,99.0,45.0,46.0,36.0,45.0,30.0,47.0
2022-10-25 04:30:00,0,4.4,96.5,-2.5,21.0,0.044390243902439,11.0,1250.0,-0.6000000000000001,99.0,46.0,48.0,36.0,43.0,30.0,47.0
2022-10-25 04:40:00,0,5.3,94.3,-11.7,21.0,0.0863414634146341,11.2,1269.8,-1.4,106.0,46.0,49.0,36.0,43.0,30.0,47.0
2022-10-25 04:50:00,0,6.4,83.5,-22.5,21.0,0.174,12.2,1384.3,-2.0,106.0,47.0,51.0,36.0,43.0,31.0,47.0
2022-10-25 05:00:00,0,7.3,100.9,1.6,21.0,0.2088292682926829,13.6,1536.7,-2.1,99.4,48.0,54.0,36.0,48.0,31.0,47.0
2022-10-25 05:10:00,0,6.0,108.0,8.6,22.0,0.1552682926829268,11.8,1337.9,-1.8,99.4,48.0,53.0,37.0,52.0,31.0,47.0
2022-10-25 05:20:00,0,5.6,95.7,-3.7,21.0,0.0978048780487804,11.4,1292.3,-1.6,99.4,47.0,52.0,37.0,51.0,31.0,47.0
2022-10-25 05:30:00,0,4.6,95.3,-4.0,20.0,0.0514634146341463,11.0,1250.5,-0.8,99.4,46.0,50.0,37.0,49.0,30.0,47.0
2022-10-25 05:40:00,0,5.1,110.3,7.1,21.0,0.0678536585365853,11.1,1261.8,-1.2,103.2,46.0,49.0,37.0,47.0,30.0,47.0
2022-10-25 05:50:00,0,5.6,92.9,-7.1,21.0,0.1263414634146341,11.4,1291.5,-1.6,100.1,46.0,50.0,36.0,46.0,31.0,47.0
2022-10-25 06:00:00,0,4.7,91.5,-8.6,22.0,0.0651219512195122,11.1,1257.2,-0.8,100.1,46.0,50.0,37.0,47.0,31.0,47.0
2022-10-25 06:10:00,0,3.6,133.7,18.6,20.0,-0.0072195121951219,4.9,551.9,18.1,115.2,45.0,46.0,36.0,46.0,30.0,47.0
2022-10-25 06:20:00,0,3.4,104.5,-4.6,21.0,-0.0075121951219512,2.5,288.3,24.0,109.2,44.0,44.0,36.0,45.0,30.0,47.0
2022-10-25 06:30:00,0,3.2,109.4,1.2,21.0,-0.0075121951219512,2.4,275.0,24.0,108.1,44.0,42.0,35.0,44.0,29.0,47.0
2022-10-25 06:40:00,0,3.0,134.3,25.4,21.0,-0.0065853658536585,2.2,249.5,24.0,108.9,43.0,41.0,34.0,42.0,29.0,47.0
2022-10-25 06:50:00,0,2.5,145.9,19.2,21.0,-0.0052195121951219,2.0,229.6,24.0,126.7,43.0,41.0,33.0,40.0,30.0,47.0
2022-10-25 07:00:00,0,3.4,156.4,29.7,21.0,-0.0016585365853658,4.5,508.7,17.2,126.7,43.0,41.0,33.0,39.0,30.0,48.0
2022-10-25 07:10:00,0,2.4,156.7,14.9,21.0,-0.0044878048780487,4.6,568.4,16.0,141.8,43.0,42.0,33.0,44.0,30.0,47.0
2022-10-25 07:20:00,0,2.8,107.2,-41.5,22.0,-0.0053658536585365,1.9,224.3,24.0,148.8,42.0,42.0,33.0,42.0,29.0,47.0
2022-10-25 07:30:00,0,1.8,153.6,9.3,21.0,-0.005170731707317,0.2,111.2,24.0,144.2,42.0,41.0,32.0,40.0,29.0,48.0
2022-10-25 07:40:00,0,2.2,132.6,-11.6,22.0,-0.0052195121951219,1.8,206.2,24.0,144.2,42.0,41.0,32.0,38.0,29.0,48.0
2022-10-25 07:50:00,0,1.8,139.5,-4.7,21.0,-0.0052195121951219,0.1,117.7,24.0,144.2,42.0,40.0,31.0,37.0,28.0,48.0
2022-10-25 08:00:00,0,2.6,104.2,-40.0,21.0,-0.005560975609756,1.7000000000000002,215.3,24.0,144.2,41.0,40.0,31.0,36.0,29.0,48.0
2022-10-25 08:10:00,0,1.9,139.6,19.2,21.0,-0.0053658536585365,0.9,157.2,24.0,120.4,41.0,40.0,30.0,35.0,28.0,48.0
2022-10-25 08:20:00,0,1.6,71.4,-49.0,21.0,-0.005170731707317,0.0,101.9,24.0,120.4,41.0,40.0,30.0,34.0,28.0,48.0
2022-10-25 08:30:00,0,1.3,124.6,4.1,21.0,-0.0046341463414634,0.0,81.7,24.0,120.4,40.0,39.0,29.0,33.0,28.0,48.0
2022-10-25 08:40:00,0,1.9,123.2,2.7,22.0,-0.004,0.0,118.2,24.0,120.4,40.0,39.0,29.0,32.0,29.0,49.0
2022-10-25 08:50:00,0,2.6,73.7,-46.6,21.0,-0.0042926829268292,0.5,146.3,24.0,120.3,40.0,39.0,29.0,32.0,29.0,49.0
2022-10-25 09:00:00,0,2.8,76.9,4.5,22.0,-0.0041951219512195,2.2,248.9,24.0,72.4,41.0,39.0,29.0,32.0,29.0,49.0
2022-10-25 09:10:00,0,3.7,86.3,12.9,22.0,0.0166341463414634,6.2,710.9,11.9,73.4,41.0,40.0,29.0,33.0,29.0,49.0
2022-10-25 09:20:00,0,3.6,84.9,4.1,22.0,0.0150731707317073,10.9,1238.1,1.1,80.8,42.0,45.0,30.0,44.0,29.0,49.0
2022-10-25 09:30:00,0,3.5,86.4,4.2,21.0,-0.0042439024390243,2.3,259.1,24.2,82.2,41.0,44.0,31.0,46.0,29.0,49.0
2022-10-25 09:40:00,0,3.2,86.3,3.0,22.0,-0.0041463414634146,2.3,262.3,24.0,83.3,41.0,42.0,31.0,42.0,29.0,49.0
2022-10-25 09:50:00,0,2.9,92.7,1.0,21.0,-0.0041951219512195,1.9,219.9,24.0,91.7,41.0,41.0,31.0,40.0,29.0,49.0
2022-10-25 10:00:00,0,2.5,108.1,17.5,21.0,-0.0040975609756097,1.2,188.2,24.0,90.6,40.0,41.0,31.0,38.0,29.0,49.0
2022-10-25 10:10:00,0,2.9,77.9,-12.6,21.0,-0.0041463414634146,2.1,235.7,24.0,90.6,40.0,40.0,31.0,37.0,29.0,50.0
2022-10-25 10:20:00,0,3.1,75.7,-6.5,21.0,-0.0042439024390243,2.4,270.4,24.0,82.2,40.0,40.0,31.0,36.0,29.0,50.0
2022-10-25 10:30:00,0,4.8,81.4,2.7,21.0,0.0716097560975609,10.7,1214.0,-0.1,78.7,41.0,44.0,31.0,41.0,29.0,50.0
2022-10-25 10:40:00,0,5.1,69.6,-2.8,22.0,0.0988780487804878,11.2,1268.0,-1.2,72.4,43.0,48.0,32.0,50.0,29.0,49.0
2022-10-25 10:50:00,0,4.4,101.4,3.4,22.0,0.0505853658536585,11.0,1251.1,-0.6000000000000001,98.0,43.0,48.0,34.0,54.0,30.0,49.0
2022-10-25 11:00:00,0,3.1,79.3,-18.6,21.0,-0.0020487804878048,7.1,803.3,12.1,97.9,42.0,46.0,35.0,55.0,29.0,49.0
2022-10-25 11:10:00,0,3.3,91.3,4.1,21.0,-0.0054146341463414,2.6,296.3,24.0,87.1,41.0,44.0,34.0,51.0,29.0,49.0
2022-10-25 11:20:00,0,3.1,132.2,20.6,22.0,-0.0052682926829268,2.3,261.7,24.0,111.7,41.0,42.0,34.0,47.0,29.0,49.0
2022-10-25 11:30:00,0,3.5,116.2,4.6,22.0,-0.0003414634146341,8.1,912.9,9.3,111.7,41.0,43.0,33.0,43.0,29.0,49.0
2022-10-25 11:40:00,0,3.0,120.6,0.2,23.0,-0.0045853658536585,2.0,240.2,26.0,120.4,41.0,43.0,33.0,41.0,29.0,49.0
2022-10-25 11:50:00,0,1.6,146.7,16.1,22.0,-0.0036585365853658,0.0,111.7,24.0,130.6,41.0,42.0,33.0,40.0,30.0,49.0
2022-10-25 12:00:00,0,1.8,134.1,3.6,23.0,-0.0036585365853658,0.0,124.0,24.0,130.6,40.0,41.0,33.0,38.0,31.0,50.0
2022-10-25 12:10:00,0,2.0,121.9,-8.7,23.0,-0.0038048780487804,0.1,138.7,24.0,130.6,40.0,40.0,32.0,37.0,31.0,50.0
2022-10-25 12:20:00,0,2.1,116.4,-14.1,23.0,-0.0036585365853658,0.1,119.4,24.0,130.6,40.0,40.0,32.0,36.0,31.0,50.0
2022-10-25 12:30:00,0,2.6,116.9,-13.6,24.0,-0.004,1.3,190.7,24.0,130.5,40.0,40.0,32.0,36.0,31.0,51.0
2022-10-25 12:40:00,0,2.3,113.4,10.5,24.0,-0.0038048780487804,1.2,186.5,24.0,102.9,40.0,40.0,32.0,35.0,31.0,51.0
2022-10-25 12:50:00,0,2.0,122.5,19.6,24.0,-0.0037560975609756,0.8,162.9,24.0,102.9,40.0,40.0,32.0,34.0,31.0,52.0
2022-10-25 13:00:00,0,2.3,103.9,1.0,24.0,-0.0038536585365853,1.7000000000000002,187.9,24.0,102.9,40.0,39.0,32.0,34.0,31.0,52.0
2022-10-25 13:10:00,0,3.2,78.4,-24.4,25.0,-0.0038536585365853,2.3,265.3,24.0,102.9,40.0,40.0,32.0,33.0,31.0,52.0
2022-10-25 13:20:00,0,2.4,110.8,0.5,25.0,-0.0038048780487804,1.5,192.0,24.0,110.3,40.0,40.0,32.0,33.0,31.0,52.0
2022-10-25 13:30:00,0,3.1,98.3,-11.9,25.0,-0.0028780487804878,2.1,240.2,24.0,110.2,40.0,40.0,32.0,33.0,33.0,52.0
2022-10-25 13:40:00,0,2.8,80.2,-17.4,25.0,-0.0031219512195121,2.0,230.6,24.0,97.6,40.0,40.0,32.0,33.0,34.0,46.0
2022-10-25 13:50:00,0,3.1,89.1,4.4,25.0,-0.0026829268292682,2.2,252.9,24.0,84.7,40.0,40.0,32.0,33.0,34.0,44.0
2022-10-25 14:00:00,0,3.1,85.3,6.2,25.0,-0.0026829268292682,2.2,255.3,24.0,79.1,40.0,40.0,32.0,33.0,34.0,46.0
2022-10-25 14:10:00,0,2.9,107.5,25.6,25.0,-0.0039512195121951,2.1,234.5,24.0,81.8,40.0,40.0,32.0,33.0,34.0,47.0
2022-10-25 14:20:00,0,3.2,78.6,-0.8,25.0,-0.0041951219512195,2.2,254.3,24.0,79.4,40.0,40.0,32.0,33.0,33.0,48.0
2022-10-25 14:30:00,0,3.1,100.3,19.1,25.0,-0.0042439024390243,2.2,249.7,24.0,81.2,39.0,40.0,32.0,33.0,32.0,48.0
2022-10-25 14:40:00,0,3.7,92.9,9.0,26.0,0.0146341463414634,6.0,681.4,13.0,83.9,40.0,41.0,32.0,33.0,32.0,49.0
2022-10-25 14:50:00,0,3.5,80.7,2.7,26.0,0.0185853658536585,11.0,1248.9,0.3,78.0,41.0,45.0,33.0,34.0,33.0,49.0
2022-10-25 15:00:00,0,3.8,74.7,7.2,26.0,0.0238048780487804,11.0,1248.3,0.4,67.5,42.0,47.0,34.0,37.0,33.0,50.0
2022-10-25 15:10:00,0,4.9,49.3,-3.9,26.0,0.0870243902439024,11.2,1265.1,-1.0,53.1,43.0,49.0,35.0,46.0,33.0,50.0
2022-10-25 15:20:00,0,5.2,71.5,9.3,26.0,0.0992682926829268,11.2,1267.8,-1.3,62.2,43.0,51.0,36.0,52.0,33.0,50.0
2022-10-25 15:30:00,0,5.4,48.1,-14.1,26.0,0.1061463414634146,11.4,1289.2,-1.4,62.2,44.0,51.0,37.0,55.0,33.0,50.0
2022-10-25 15:40:00,0,5.1,58.2,-12.1,26.0,0.0910731707317073,11.2,1267.3,-1.2,70.3,44.0,51.0,38.0,57.0,34.0,50.0
2022-10-25 15:50:00,0,5.2,72.0,6.0,26.0,0.0876097560975609,11.3,1281.3,-1.3,66.1,45.0,51.0,38.0,58.0,34.0,51.0
2022-10-25 16:00:00,0,4.9,79.8,16.5,26.0,0.0809756097560975,11.2,1271.5,-1.0,63.3,45.0,51.0,39.0,59.0,34.0,51.0
2022-10-25 16:10:00,0,5.4,67.3,-19.1,26.0,0.1054146341463414,11.3,1284.3,-1.4,86.4,45.0,51.0,40.0,60.0,34.0,51.0
2022-10-25 16:20:00,0,5.3,101.2,15.8,26.0,0.1165853658536585,11.3,1284.4,-1.3,85.4,46.0,52.0,40.0,61.0,34.0,51.0
2022-10-25 16:30:00,0,6.6,83.8,-3.7,26.0,0.2234146341463414,12.7,1436.0,-1.9,87.5,47.0,54.0,41.0,63.0,34.0,51.0
2022-10-25 16:40:00,0,6.8,83.3,-4.2,26.0,0.2476097560975609,12.9,1456.9,-2.0,87.5,48.0,55.0,41.0,65.0,34.0,51.0
2022-10-25 16:50:00,0,5.9,109.2,4.2,26.0,0.1410243902439024,11.9,1351.4,-1.6,105.0,48.0,54.0,41.0,64.0,34.0,51.0
2022-10-25 17:00:00,0,5.6,93.0,-12.6,26.0,0.1225365853658536,11.6,1312.7,-1.5,105.7,48.0,54.0,41.0,63.0,34.0,51.0
2022-10-25 17:10:00,0,5.4,138.5,31.7,26.0,0.101170731707317,11.3,1283.6,-1.5,106.7,48.0,53.0,41.0,62.0,35.0,51.0
2022-10-25 17:20:00,0,5.8,107.3,0.5,26.0,0.1337073170731707,11.7,1323.4,-1.6,106.7,48.0,53.0,41.0,62.0,34.0,51.0
2022-10-25 17:30:00,0,5.7,107.3,0.5,26.0,0.1302926829268292,11.7,1328.4,-1.5,106.7,48.0,54.0,41.0,63.0,34.0,51.0
2022-10-25 17:40:00,0,5.5,116.4,9.7,26.0,0.110390243902439,11.3,1283.6,-1.5,106.8,48.0,53.0,41.0,62.0,34.0,51.0
2022-10-25 17:50:00,0,4.9,112.5,-2.7,26.0,0.0624390243902439,11.1,1257.0,-1.0,115.1,48.0,52.0,41.0,62.0,34.0,51.0
2022-10-25 18:00:00,0,5.2,106.6,-1.5,26.0,0.0940487804878048,11.3,1277.9,-1.3,108.1,48.0,52.0,41.0,62.0,34.0,51.0
2022-10-25 18:10:00,0,7.0,100.3,0.2,26.0,0.230780487804878,13.1,1486.6,-2.0,100.1,48.0,54.0,41.0,63.0,35.0,51.0
2022-10-25 18:20:00,0,7.7,84.3,-15.4,25.0,0.288390243902439,13.9,1580.0,-2.2,99.7,50.0,56.0,42.0,67.0,35.0,51.0
2022-10-25 18:30:00,0,7.4,98.8,6.8,25.0,0.264780487804878,13.8,1561.9,-2.2,92.0,51.0,58.0,42.0,69.0,35.0,51.0
2022-10-25 18:40:00,0,7.5,92.6,0.6000000000000001,25.0,0.2538536585365853,13.8,1565.0,-2.2,92.0,51.0,58.0,44.0,69.0,35.0,51.0
2022-10-25 18:50:00,0,7.5,85.6,-6.4,25.0,0.2659999999999999,13.9,1572.7,-2.2,92.0,52.0,58.0,44.0,69.0,35.0,51.0
2022-10-25 19:00:00,0,7.7,87.6,-4.4,25.0,0.3001463414634146,14.0,1584.7,-2.2,92.0,52.0,58.0,45.0,68.0,35.0,51.0
2022-10-25 19:10:00,0,6.0,98.6,6.6,24.0,0.1730731707317073,12.2,1382.9,-1.6,92.0,52.0,58.0,45.0,67.0,35.0,50.0
2022-10-25 19:20:00,0,3.7,113.3,4.4,24.0,0.0168780487804878,11.0,1247.7,0.1,108.9,50.0,53.0,45.0,60.0,34.0,50.0
2022-10-25 19:30:00,0,2.1,154.9,28.5,24.0,-0.0129756097560975,0.6000000000000001,107.0,25.0,126.4,49.0,49.0,45.0,56.0,34.0,50.0
2022-10-25 19:40:00,0,1.0,255.1,120.6,24.0,-0.0126341463414634,0.0,0.0,24.0,134.4,48.0,48.0,43.0,54.0,34.0,50.0
2022-10-25 19:50:00,0,1.5,304.2,169.8,24.0,-0.0115121951219512,0.0,24.0,24.0,134.4,48.0,47.0,42.0,52.0,34.0,50.0
2022-10-25 20:00:00,0,1.6,69.5,-64.9,24.0,-0.0080487804878048,0.0,99.6,24.0,134.4,48.0,46.0,41.0,50.0,33.0,50.0
2022-10-25 20:10:00,0,1.3,347.9,-146.5,24.0,-0.0080975609756097,0.0,14.9,24.0,134.4,47.0,45.0,39.0,48.0,33.0,50.0
2022-10-25 20:20:00,0,2.4,11.9,-122.4,24.0,-0.0063414634146341,0.0,6.0,24.0,134.3,46.0,44.0,38.0,46.0,32.0,50.0
2022-10-25 20:30:00,0,4.4,38.4,-39.6,24.0,0.0489268292682926,8.3,949.1,6.3,78.0,47.0,45.0,37.0,44.0,33.0,50.0
2022-10-25 20:40:00,0,4.4,79.8,6.4,24.0,0.0466829268292682,11.0,1251.4,-0.6000000000000001,73.4,48.0,49.0,37.0,43.0,33.0,49.0
2022-10-25 20:50:00,0,3.1,69.7,-11.8,24.0,0.0049756097560975,7.5,881.8,9.5,81.5,47.0,48.0,38.0,42.0,33.0,49.0
2022-10-25 21:00:00,0,1.8,68.5,-1.8,23.0,-0.006,0.0,105.6,24.0,70.3,46.0,46.0,37.0,42.0,32.0,49.0
2022-10-25 21:10:00,0,1.5,67.3,-3.0,23.0,-0.0059024390243902,0.0,106.7,24.0,70.3,45.0,44.0,36.0,42.0,32.0,49.0
2022-10-25 21:20:00,0,1.6,106.4,36.1,23.0,-0.0059024390243902,0.0,11.3,24.0,70.3,44.0,43.0,36.0,41.0,32.0,50.0
2022-10-25 21:30:00,0,3.8,64.6,-5.7,23.0,0.0096585365853658,5.4,625.9,13.9,70.2,45.0,43.0,35.0,40.0,32.0,50.0
2022-10-25 21:40:00,0,5.0,60.8,17.4,23.0,0.0841951219512195,11.2,1268.2,-1.1,43.3,46.0,47.0,35.0,39.0,32.0,49.0
2022-10-25 21:50:00,0,5.9,66.3,7.2,24.0,0.17,11.8,1336.6,-1.7000000000000002,59.1,47.0,51.0,36.0,40.0,32.0,49.0
2022-10-25 22:00:00,0,5.9,74.7,6.5,24.0,0.1575121951219512,11.8,1338.1,-1.6,68.2,48.0,52.0,36.0,41.0,32.0,49.0
2022-10-25 22:10:00,0,7.4,76.8,1.6,24.0,0.2999024390243902,13.7,1547.3,-2.1,75.2,49.0,55.0,37.0,46.0,32.0,49.0
2022-10-25 22:20:00,0,6.0,75.8,-8.5,23.0,0.1470731707317073,11.8,1337.3,-1.8,84.3,49.0,54.0,38.0,51.0,33.0,49.0
2022-10-25 22:30:00,0,6.6,87.6,2.9,23.0,0.200780487804878,12.4,1408.4,-2.1,84.7,49.0,54.0,39.0,52.0,33.0,49.0
2022-10-25 22:40:00,0,7.3,77.0,-7.6,23.0,0.3059024390243902,13.5,1534.9,-2.1,84.7,50.0,56.0,39.0,55.0,33.0,49.0
2022-10-25 22:50:00,0,10.2,103.1,1.6,23.0,0.6485853658536584,14.7,1670.2,-1.2,101.5,52.0,59.0,40.0,59.0,33.0,49.0
2022-10-25 23:00:00,0,10.0,73.2,-19.8,23.0,0.629219512195122,14.7,1659.5,-1.0,93.0,54.0,62.0,41.0,62.0,33.0,49.0
2022-10-25 23:10:00,0,6.9,91.8,6.8,23.0,0.2568292682926829,13.0,1471.2,-2.0,85.0,54.0,60.0,42.0,66.0,33.0,49.0
2022-10-25 23:20:00,0,7.6,92.0,-0.4,23.0,0.3409756097560976,13.6,1540.4,-2.1,92.4,53.0,58.0,43.0,66.0,33.0,49.0
2022-10-25 23:30:00,0,9.5,97.7,5.3,23.0,0.5509756097560976,14.7,1662.0,-1.8,92.4,55.0,60.0,44.0,70.0,33.0,49.0
2022-10-25 23:40:00,0,8.4,94.3,1.9,23.0,0.4380487804878049,13.8,1558.1,-1.6,92.3,56.0,62.0,45.0,72.0,33.0,48.0
2022-10-25 23:50:00,0,6.2,70.9,-4.6,23.0,0.1785853658536585,12.1,1368.0,-1.8,75.5,54.0,58.0,45.0,69.0,33.0,48.0
2022-10-26 00:00:00,0,6.8,83.4,8.2,23.0,0.2385365853658536,12.9,1460.6,-2.0,75.2,54.0,58.0,45.0,69.0,34.0,48.0
2022-10-26 00:10:00,0,7.4,82.9,-0.4,23.0,0.2729756097560976,13.7,1554.9,-2.2,83.3,54.0,59.0,45.0,70.0,34.0,48.0
2022-10-26 00:20:00,0,8.2,80.9,-2.4,23.0,0.3964390243902439,14.3,1617.8,-2.2,83.3,55.0,60.0,45.0,71.0,34.0,48.0
2022-10-26 00:30:00,0,9.1,102.6,11.3,23.0,0.5755121951219512,14.6,1654.3,-2.0,91.3,56.0,61.0,46.0,73.0,34.0,48.0
2022-10-26 00:40:00,0,8.8,80.1,-11.2,23.0,0.5057560975609756,14.5,1647.5,-2.1,91.3,54.0,62.0,46.0,74.0,34.0,48.0
2022-10-26 00:50:00,0,7.0,81.4,-10.0,23.0,0.2258048780487804,13.1,1487.0,-2.1,91.3,52.0,59.0,46.0,74.0,34.0,48.0
2022-10-26 01:00:00,0,7.0,92.9,1.6,23.0,0.2226341463414634,13.1,1485.4,-2.1,91.3,54.0,58.0,46.0,73.0,34.0,48.0
2022-10-26 01:10:00,0,7.4,91.7,0.3,23.0,0.2841951219512195,13.5,1532.2,-2.1,91.3,54.0,58.0,46.0,73.0,34.0,48.0
2022-10-26 01:20:00,0,7.4,83.4,-15.2,23.0,0.296390243902439,13.5,1526.2,-2.0,98.7,55.0,59.0,46.0,73.0,34.0,48.0
2022-10-26 01:30:00,0,6.9,107.2,8.5,23.0,0.2108292682926829,12.9,1461.2,-2.0,98.7,54.0,58.0,46.0,72.0,34.0,48.0
2022-10-26 01:40:00,0,7.1,83.2,-7.8,23.0,0.2470243902439024,13.2,1492.3,-2.1,91.0,54.0,58.0,46.0,72.0,34.0,48.0
2022-10-26 01:50:00,0,7.5,76.9,-7.4,23.0,0.2913658536585365,13.6,1543.1,-2.1,84.3,55.0,59.0,46.0,72.0,34.0,48.0
2022-10-26 02:00:00,0,6.4,93.1,15.4,22.0,0.1895121951219512,12.3,1387.7,-2.0,77.6,54.0,58.0,46.0,71.0,34.0,48.0
2022-10-26 02:10:00,0,7.4,88.5,10.8,23.0,0.2654634146341463,13.7,1552.4,-2.2,77.7,54.0,58.0,46.0,70.0,34.0,48.0
2022-10-26 02:20:00,0,6.8,78.2,-6.4,23.0,0.2032195121951219,12.9,1458.1,-2.0,84.6,54.0,58.0,46.0,71.0,34.0,48.0
2022-10-26 02:30:00,0,5.3,73.9,-2.3,23.0,0.1070243902439024,11.3,1275.4,-1.4,76.2,53.0,56.0,45.0,68.0,34.0,48.0
2022-10-26 02:40:00,0,5.1,72.9,-3.4,23.0,0.0822926829268292,11.2,1264.7,-1.2,76.2,52.0,54.0,45.0,65.0,33.0,48.0
2022-10-26 02:50:00,0,6.2,53.2,-23.0,23.0,0.1607317073170731,12.2,1383.6,-1.8,76.2,52.0,54.0,45.0,65.0,33.0,48.0
2022-10-26 03:00:00,0,5.4,81.3,5.1,23.0,0.1032682926829268,11.4,1296.2,-1.4,76.2,52.0,55.0,45.0,65.0,33.0,48.0
2022-10-26 03:10:00,0,5.1,88.6,12.4,23.0,0.0775121951219512,11.1,1260.8,-1.2,76.2,51.0,53.0,44.0,63.0,33.0,48.0
2022-10-26 03:20:00,0,4.7,53.8,-13.3,23.0,0.0551219512195121,11.1,1253.5,-0.9,67.1,50.0,52.0,44.0,62.0,33.0,48.0
2022-10-26 03:30:00,0,5.0,65.2,-1.9,23.0,0.0702439024390244,11.1,1259.9,-1.1,67.1,50.0,52.0,44.0,62.0,33.0,48.0
2022-10-26 03:40:00,0,5.4,82.1,14.9,23.0,0.0733658536585366,11.3,1279.7,-1.4,67.1,50.0,52.0,44.0,61.0,33.0,48.0
2022-10-26 03:50:00,0,4.8,67.5,-4.5,23.0,0.0530731707317073,11.1,1255.0,-0.9,72.0,49.0,51.0,44.0,61.0,33.0,48.0
2022-10-26 04:00:00,0,5.3,73.2,6.4,23.0,0.0840487804878048,11.3,1274.5,-1.4,66.8,49.0,52.0,43.0,60.0,33.0,48.0
2022-10-26 04:10:00,0,5.8,73.3,-0.8,23.0,0.1293658536585366,11.6,1315.9,-1.7000000000000002,74.1,49.0,53.0,43.0,60.0,33.0,48.0
2022-10-26 04:20:00,0,5.1,79.5,5.4,23.0,0.0722926829268292,11.2,1268.0,-1.2,74.1,49.0,52.0,43.0,60.0,33.0,48.0
2022-10-26 04:30:00,0,5.1,84.0,17.2,23.0,0.0734146341463414,11.2,1264.5,-1.2,66.8,48.0,52.0,43.0,59.0,33.0,48.0
2022-10-26 04:40:00,0,6.8,65.6,-1.2,23.0,0.224780487804878,12.8,1454.6,-1.8,66.8,49.0,53.0,43.0,59.0,33.0,48.0
2022-10-26 04:50:00,0,8.2,63.5,-3.3,23.0,0.3827317073170732,14.3,1624.6,-2.2,66.8,51.0,57.0,43.0,64.0,33.0,48.0
2022-10-26 05:00:00,0,7.4,77.4,10.6,23.0,0.3078536585365853,13.7,1546.9,-2.2,66.8,52.0,58.0,44.0,66.0,33.0,48.0
2022-10-26 05:10:00,0,8.2,73.4,6.6,24.0,0.4178536585365854,14.3,1617.3,-2.2,66.8,52.0,59.0,44.0,66.0,34.0,48.0
2022-10-26 05:20:00,0,8.3,75.4,2.0,24.0,0.4111219512195121,14.3,1625.3,-2.2,73.4,53.0,60.0,44.0,66.0,34.0,48.0
2022-10-26 05:30:00,0,8.3,74.6,1.1,24.0,0.4094634146341463,14.3,1620.0,-2.2,73.4,54.0,60.0,45.0,66.0,34.0,48.0
2022-10-26 05:40:00,0,6.9,57.1,-16.3,24.0,0.2418048780487804,12.9,1461.3,-2.0,73.4,54.0,59.0,45.0,65.0,34.0,48.0
2022-10-26 05:50:00,0,6.8,78.0,4.6,24.0,0.228390243902439,12.8,1450.4,-1.9,73.4,54.0,58.0,45.0,63.0,34.0,48.0
2022-10-26 06:00:00,0,6.3,63.3,-10.1,24.0,0.1996097560975609,12.3,1392.3,-1.8,73.4,53.0,57.0,45.0,60.0,34.0,48.0
2022-10-26 06:10:00,0,7.6,75.4,1.6,24.0,0.3571707317073171,13.9,1570.2,-2.2,73.8,54.0,58.0,45.0,62.0,34.0,48.0
2022-10-26 06:20:00,0,8.2,95.3,13.1,24.0,0.3624390243902439,14.3,1625.1,-2.2,82.2,55.0,60.0,46.0,64.0,34.0,48.0
2022-10-26 06:30:00,0,7.3,69.8,-12.4,24.0,0.2919024390243902,13.4,1518.4,-2.1,82.2,55.0,59.0,46.0,64.0,34.0,48.0
2022-10-26 06:40:00,0,8.2,59.8,-15.3,24.0,0.4285365853658536,14.2,1613.5,-2.2,75.2,55.0,60.0,46.0,64.0,34.0,48.0
2022-10-26 06:50:00,0,7.9,61.5,-13.7,24.0,0.4088292682926829,14.1,1592.4,-2.2,75.2,56.0,61.0,46.0,65.0,35.0,48.0
2022-10-26 07:00:00,0,7.2,72.8,-2.4,24.0,0.3018536585365853,13.4,1520.8,-2.1,75.2,56.0,60.0,46.0,64.0,35.0,48.0
2022-10-26 07:10:00,0,7.3,86.8,4.6,24.0,0.2613170731707317,13.5,1526.5,-2.1,82.2,56.0,60.0,46.0,64.0,34.0,48.0
2022-10-26 07:20:00,0,7.1,85.8,3.6,24.0,0.2514634146341463,13.2,1500.7,-2.1,82.2,55.0,59.0,46.0,64.0,34.0,48.0
2022-10-26 07:30:00,0,6.9,69.1,-12.3,23.0,0.2440487804878048,13.0,1473.5,-2.0,81.5,55.0,59.0,46.0,63.0,34.0,48.0
2022-10-26 07:40:00,0,6.8,68.3,0.5,23.0,0.2569756097560975,12.9,1462.8,-2.0,67.8,55.0,59.0,46.0,62.0,34.0,48.0
2022-10-26 07:50:00,0,6.5,63.2,-4.6,23.0,0.2210731707317073,12.5,1411.2,-2.0,67.8,55.0,58.0,46.0,61.0,34.0,48.0
2022-10-26 08:00:00,0,6.4,68.8,1.0,23.0,0.2164390243902439,12.3,1391.8,-1.9,67.8,55.0,58.0,46.0,59.0,34.0,48.0
2022-10-26 08:10:00,0,7.6,80.8,5.6,23.0,0.3558536585365853,13.8,1561.6,-2.2,75.2,55.0,59.0,46.0,60.0,34.0,48.0
2022-10-26 08:20:00,0,7.9,98.8,23.5,23.0,0.3727317073170731,14.1,1592.3,-2.2,75.2,56.0,60.0,46.0,62.0,34.0,48.0
2022-10-26 08:30:00,0,7.6,75.5,-7.1,23.0,0.3471219512195122,13.8,1559.2,-2.1,82.6,56.0,60.0,46.0,62.0,34.0,48.0
2022-10-26 08:40:00,0,7.8,91.3,8.8,23.0,0.3530243902439025,14.1,1591.5,-2.2,82.6,56.0,61.0,46.0,63.0,34.0,48.0
2022-10-26 08:50:00,0,7.3,80.2,-2.4,23.0,0.3178536585365853,13.4,1523.0,-2.1,82.6,56.0,60.0,46.0,63.0,34.0,48.0
2022-10-26 09:00:00,0,10.3,94.6,12.1,23.0,0.7234634146341463,14.8,1674.4,-1.1,82.6,54.0,62.0,46.0,64.0,34.0,48.0
2022-10-26 09:10:00,0,10.9,93.4,3.5,24.0,0.8034634146341463,14.8,1673.5,-0.5,89.9,52.0,63.0,47.0,65.0,35.0,48.0
2022-10-26 09:20:00,0,10.6,89.5,-0.4,24.0,0.7715609756097561,14.8,1673.0,-0.8,89.9,52.0,63.0,47.0,66.0,35.0,48.0
2022-10-26 09:30:00,0,10.2,84.9,-5.1,24.0,0.7149268292682927,14.8,1672.4,-1.2,89.9,51.0,62.0,48.0,67.0,35.0,48.0
2022-10-26 09:40:00,0,10.1,94.5,4.6,24.0,0.6792682926829269,14.8,1674.9,-1.3,89.9,51.0,62.0,49.0,68.0,35.0,48.0
2022-10-26 09:50:00,0,8.2,91.8,1.9,24.0,0.3842926829268292,14.2,1612.8,-2.1,89.9,52.0,61.0,49.0,69.0,35.0,48.0
2022-10-26 10:00:00,0,8.2,100.5,10.6,24.0,0.4079024390243903,14.4,1628.2,-2.2,89.9,54.0,60.0,50.0,69.0,35.0,48.0
2022-10-26 10:10:00,0,8.5,97.1,7.1,24.0,0.4455121951219511,14.5,1645.7,-2.3,89.9,55.0,61.0,50.0,69.0,34.0,48.0
2022-10-26 10:20:00,0,7.7,105.6,8.7,24.0,0.3666829268292683,13.9,1577.5,-2.2,96.9,56.0,61.0,50.0,69.0,35.0,48.0
2022-10-26 10:30:00,0,7.9,104.5,0.6000000000000001,24.0,0.3634146341463414,13.9,1570.5,-2.1,103.9,56.0,61.0,50.0,68.0,35.0,48.0
2022-10-26 10:40:00,0,8.6,108.7,-2.2,24.0,0.4374634146341463,14.4,1630.1,-2.1,110.9,56.0,61.0,50.0,68.0,35.0,48.0
2022-10-26 10:50:00,0,8.1,103.0,-0.6000000000000001,24.0,0.3803414634146341,14.2,1606.1,-2.2,103.6,57.0,62.0,50.0,68.0,35.0,48.0
2022-10-26 11:00:00,0,7.8,127.6,24.0,25.0,0.3536097560975609,14.0,1585.7,-2.2,103.6,52.0,61.0,50.0,68.0,35.0,48.0
2022-10-26 11:10:00,0,6.3,113.2,9.5,25.0,0.184,12.3,1392.8,-1.8,103.6,52.0,58.0,50.0,65.0,35.0,48.0
2022-10-26 11:20:00,0,3.8,95.8,-15.8,25.0,0.0273658536585365,8.2,934.0,11.1,111.7,52.0,54.0,49.0,61.0,35.0,48.0
2022-10-26 11:30:00,0,3.3,147.6,35.6,25.0,-0.012390243902439,5.8,669.5,14.7,112.0,51.0,50.0,48.0,58.0,35.0,48.0
2022-10-26 11:40:00,0,4.3,122.8,-14.0,25.0,0.0442439024390243,11.1,1252.4,-0.5,136.8,50.0,50.0,47.0,55.0,34.0,48.0
2022-10-26 11:50:00,0,6.4,118.5,16.3,25.0,0.2248780487804878,12.4,1409.4,-1.7000000000000002,102.2,51.0,53.0,47.0,52.0,35.0,48.0
2022-10-26 12:00:00,0,9.1,92.2,-3.4,25.0,0.5390731707317072,14.5,1645.4,-1.9,95.5,54.0,59.0,47.0,54.0,35.0,48.0
2022-10-26 12:10:00,0,10.1,101.7,-1.1,25.0,0.7028780487804879,14.8,1672.1,-1.3,102.9,56.0,62.0,47.0,59.0,35.0,48.0
2022-10-26 12:20:00,0,8.8,96.7,0.8,26.0,0.5187804878048781,14.5,1638.7,-2.0,95.9,57.0,63.0,48.0,61.0,36.0,48.0
2022-10-26 12:30:00,0,8.7,113.4,17.5,26.0,0.4945853658536585,14.3,1621.1,-2.0,95.9,56.0,63.0,48.0,62.0,37.0,49.0
2022-10-26 12:40:00,0,9.2,86.1,-9.8,26.0,0.5296585365853659,14.6,1651.0,-2.0,95.8,52.0,63.0,49.0,63.0,36.0,49.0
2022-10-26 12:50:00,0,9.7,91.2,2.6,26.0,0.6388780487804878,14.6,1656.2,-1.5,88.5,51.0,62.0,49.0,64.0,36.0,49.0
2022-10-26 13:00:00,0,11.0,67.4,-21.2,26.0,0.8380487804878048,14.7,1667.7,0.5,88.5,52.0,64.0,50.0,64.0,37.0,49.0
2022-10-26 13:10:00,0,7.9,101.9,-2.7,26.0,0.3882926829268293,13.8,1559.4,-2.0,104.6,51.0,61.0,50.0,65.0,37.0,49.0
2022-10-26 13:20:00,0,8.0,86.3,-18.4,26.0,0.4074634146341463,14.0,1585.8,-2.1,104.7,54.0,60.0,51.0,64.0,37.0,49.0
2022-10-26 13:30:00,0,9.4,97.3,-15.4,26.0,0.5528292682926829,14.5,1645.5,-1.6,112.7,56.0,62.0,51.0,65.0,36.0,49.0
2022-10-26 13:40:00,0,9.5,87.9,-14.9,26.0,0.6352682926829268,14.6,1651.4,-1.6,102.9,54.0,64.0,51.0,66.0,36.0,49.0
2022-10-26 13:50:00,0,8.8,109.3,14.5,26.0,0.4798536585365854,14.6,1648.4,-2.1,94.8,52.0,62.0,52.0,66.0,36.0,50.0
2022-10-26 14:00:00,0,7.2,84.6,-2.5,26.0,0.2930243902439025,13.3,1504.1,-2.0,87.1,51.0,61.0,52.0,66.0,36.0,50.0
2022-10-26 14:10:00,0,6.4,104.2,17.1,27.0,0.1888780487804878,12.4,1403.6,-1.9,87.1,53.0,58.0,52.0,63.0,37.0,50.0
2022-10-26 14:20:00,0,6.3,79.8,1.1,27.0,0.1936097560975609,12.3,1397.9,-1.8,78.7,54.0,58.0,52.0,60.0,37.0,50.0
2022-10-26 14:30:00,0,7.2,83.1,-5.0,27.0,0.270390243902439,13.4,1516.4,-2.1,88.2,54.0,59.0,52.0,59.0,37.0,50.0
2022-10-26 14:40:00,0,7.0,104.8,16.6,26.0,0.2731707317073171,13.2,1494.4,-2.1,88.2,55.0,60.0,51.0,58.0,36.0,50.0
2022-10-26 14:50:00,0,6.2,99.5,2.5,27.0,0.1760975609756097,12.2,1379.3,-1.8,96.9,55.0,59.0,51.0,57.0,36.0,50.0
2022-10-26 15:00:00,0,5.0,108.1,11.1,27.0,0.0968292682926829,11.3,1284.3,-1.1,96.9,54.0,57.0,51.0,56.0,36.0,50.0
2022-10-26 15:10:00,0,3.8,109.2,12.3,28.0,0.0107317073170731,11.0,1249.9,0.5,97.0,52.0,54.0,50.0,55.0,36.0,50.0
2022-10-26 15:20:00,0,4.8,115.4,-7.5,28.0,0.0646341463414634,11.2,1268.4,-1.0,122.9,52.0,54.0,50.0,54.0,36.0,50.0
2022-10-26 15:30:00,0,4.5,132.2,3.0,28.0,0.0581951219512195,11.2,1269.6,-0.6000000000000001,129.2,52.0,53.0,50.0,53.0,36.0,51.0
2022-10-26 15:40:00,0,6.2,124.6,-0.7000000000000001,28.0,0.1679999999999999,12.1,1372.0,-1.8,125.3,52.0,56.0,49.0,52.0,37.0,51.0
2022-10-26 15:50:00,0,5.6,138.2,10.4,28.0,0.1302439024390244,11.6,1316.3,-1.5,127.8,52.0,56.0,49.0,52.0,36.0,51.0
2022-10-26 16:00:00,0,5.5,144.6,9.0,27.0,0.1086341463414634,11.6,1310.8,-1.5,135.5,52.0,56.0,49.0,52.0,37.0,51.0
2022-10-26 16:10:00,0,4.1,137.3,3.3,28.0,0.0250243902439024,11.0,1242.1,-0.1,134.0,51.0,54.0,49.0,51.0,38.0,51.0
2022-10-26 16:20:00,0,4.8,97.9,-5.6,27.0,0.0689268292682926,11.1,1258.3,-1.0,103.6,51.0,53.0,48.0,51.0,38.0,51.0
2022-10-26 16:30:00,0,4.6,100.1,6.7,27.0,0.0562439024390243,11.1,1253.1,-0.7000000000000001,93.4,51.0,53.0,48.0,51.0,37.0,51.0
2022-10-26 16:40:00,0,5.9,90.6,-3.2,27.0,0.1384390243902439,11.8,1336.3,-1.7000000000000002,93.8,51.0,55.0,48.0,50.0,37.0,51.0
2022-10-26 16:50:00,0,7.9,93.6,-0.1,27.0,0.352390243902439,13.9,1577.4,-2.1,93.7,52.0,58.0,48.0,51.0,36.0,51.0
2022-10-26 17:00:00,0,8.5,90.7,4.6,26.0,0.4446829268292683,14.3,1622.2,-2.1,86.1,54.0,61.0,48.0,51.0,36.0,51.0
2022-10-26 17:10:00,0,8.6,92.2,-0.5,26.0,0.4705365853658537,14.4,1629.8,-2.1,92.7,55.0,62.0,48.0,52.0,36.0,51.0
2022-10-26 17:20:00,0,8.3,101.6,8.9,26.0,0.467609756097561,14.2,1609.8,-2.1,92.7,56.0,62.0,49.0,53.0,36.0,51.0
2022-10-26 17:30:00,0,9.9,83.4,-9.3,26.0,0.6553170731707317,14.7,1666.1,-1.4,92.7,54.0,64.0,49.0,54.0,36.0,51.0
2022-10-26 17:40:00,0,10.3,104.3,11.6,26.0,0.7501463414634146,14.7,1663.2,-0.9,92.7,52.0,64.0,49.0,55.0,37.0,51.0
2022-10-26 17:50:00,0,8.9,83.1,-9.7,26.0,0.5514634146341464,14.4,1625.8,-1.8,92.7,52.0,63.0,50.0,56.0,37.0,51.0
2022-10-26 18:00:00,0,7.9,104.3,11.6,25.0,0.3839512195121951,14.1,1593.5,-2.2,92.7,51.0,61.0,51.0,57.0,37.0,51.0
2022-10-26 18:10:00,0,9.2,99.3,6.6,25.0,0.5497073170731708,14.5,1643.4,-1.8,92.7,55.0,62.0,51.0,57.0,37.0,51.0
2022-10-26 18:20:00,0,9.7,91.4,-9.3,25.0,0.6235609756097561,14.6,1658.3,-1.5,100.8,56.0,63.0,51.0,57.0,36.0,51.0
2022-10-26 18:30:00,0,9.3,101.5,0.7000000000000001,25.0,0.5648780487804878,14.5,1642.4,-1.7000000000000002,100.8,53.0,63.0,51.0,58.0,36.0,51.0
2022-10-26 18:40:00,0,8.7,108.4,7.6,25.0,0.4628780487804877,14.4,1635.6,-2.1,100.8,51.0,62.0,51.0,58.0,36.0,51.0
2022-10-26 18:50:00,0,8.9,103.5,2.7,25.0,0.4810243902439025,14.6,1651.5,-2.1,100.8,51.0,61.0,51.0,58.0,36.0,51.0
2022-10-26 19:00:00,0,7.9,94.7,1.0,25.0,0.3502926829268293,14.1,1600.5,-2.2,93.8,54.0,61.0,51.0,58.0,36.0,51.0
2022-10-26 19:10:00,0,6.9,95.4,1.6,25.0,0.2584878048780488,13.0,1472.9,-2.1,93.8,54.0,60.0,51.0,57.0,35.0,51.0
2022-10-26 19:20:00,0,8.0,95.4,1.6,25.0,0.3704878048780488,14.3,1618.0,-2.2,93.8,55.0,61.0,51.0,56.0,35.0,51.0
2022-10-26 19:30:00,0,8.4,102.0,8.2,25.0,0.4371707317073171,14.3,1624.9,-2.2,93.8,56.0,62.0,51.0,56.0,35.0,51.0
2022-10-26 19:40:00,0,9.0,90.9,-2.9,25.0,0.5158536585365854,14.6,1657.2,-2.1,93.8,56.0,63.0,51.0,55.0,35.0,51.0
2022-10-26 19:50:00,0,8.9,96.4,2.7,24.0,0.4886341463414634,14.6,1658.1,-2.2,93.8,52.0,62.0,50.0,55.0,35.0,51.0
2022-10-26 20:00:00,0,8.5,92.3,-1.5,24.0,0.4626341463414634,14.5,1643.0,-2.2,93.8,51.0,61.0,50.0,55.0,35.0,51.0
2022-10-26 20:10:00,0,8.0,87.4,-6.4,24.0,0.3704878048780488,14.3,1619.0,-2.2,93.8,53.0,60.0,50.0,55.0,36.0,51.0
2022-10-26 20:20:00,0,6.5,82.8,-18.4,24.0,0.2090243902439024,12.6,1422.8,-1.9,101.1,54.0,60.0,50.0,55.0,37.0,50.0
2022-10-26 20:30:00,0,5.9,109.2,8.1,24.0,0.137609756097561,11.7,1327.2,-1.8,101.1,53.0,57.0,50.0,54.0,36.0,50.0
2022-10-26 20:40:00,0,6.9,110.6,2.1,24.0,0.1973170731707317,13.1,1479.5,-2.1,108.5,53.0,57.0,49.0,53.0,35.0,50.0
2022-10-26 20:50:00,0,6.7,83.5,-18.4,24.0,0.2018536585365853,12.7,1440.0,-2.0,101.8,54.0,58.0,49.0,52.0,34.0,50.0
2022-10-26 21:00:00,0,7.1,115.0,6.1,24.0,0.2032195121951219,13.2,1498.4,-2.1,108.8,54.0,58.0,48.0,52.0,34.0,50.0
2022-10-26 21:10:00,0,7.8,108.4,-0.4,24.0,0.2656585365853658,14.1,1599.9,-2.2,108.8,54.0,59.0,48.0,51.0,34.0,50.0
2022-10-26 21:20:00,0,9.3,88.4,-12.7,24.0,0.4994146341463414,14.7,1661.5,-2.0,101.1,55.0,61.0,48.0,51.0,34.0,50.0
2022-10-26 21:30:00,0,8.2,78.9,-15.2,24.0,0.3415609756097561,14.2,1607.0,-2.1,94.1,56.0,62.0,48.0,51.0,35.0,50.0
2022-10-26 21:40:00,0,7.6,91.3,4.6,24.0,0.2703414634146341,13.8,1567.4,-2.2,86.8,56.0,60.0,48.0,51.0,35.0,50.0
2022-10-26 21:50:00,0,9.5,77.7,-9.1,24.0,0.630780487804878,14.7,1669.3,-1.8,86.8,55.0,62.0,48.0,51.0,35.0,50.0
2022-10-26 22:00:00,0,7.2,103.1,6.9,24.0,0.2859512195121951,13.1,1484.0,-2.0,96.2,52.0,61.0,48.0,51.0,35.0,50.0
2022-10-26 22:10:00,0,8.1,116.9,6.0,24.0,0.3539024390243902,13.8,1567.7,-2.0,110.9,54.0,59.0,48.0,51.0,35.0,50.0
2022-10-26 22:20:00,0,9.8,85.4,-11.2,25.0,0.606390243902439,14.7,1665.9,-1.6,96.6,56.0,62.0,48.0,52.0,35.0,49.0
2022-10-26 22:30:00,0,7.8,94.9,-1.3,24.0,0.3671219512195122,14.1,1595.4,-2.2,96.2,57.0,62.0,48.0,52.0,35.0,49.0
2022-10-26 22:40:00,0,5.9,111.2,6.6,24.0,0.1582926829268292,11.7,1322.5,-1.7000000000000002,104.7,56.0,60.0,48.0,52.0,36.0,49.0
2022-10-26 22:50:00,0,4.7,117.9,5.2,24.0,0.0728292682926829,11.2,1266.8,-0.8,112.7,55.0,56.0,48.0,52.0,36.0,49.0
2022-10-26 23:00:00,0,3.9,105.8,-6.9,24.0,0.0141951219512195,8.0,905.7,9.1,112.7,53.0,52.0,47.0,51.0,35.0,49.0
2022-10-26 23:10:00,0,5.7,134.1,13.7,24.0,0.1153170731707317,11.6,1313.8,-1.6,120.4,53.0,53.0,47.0,50.0,34.0,49.0
2022-10-26 23:20:00,0,6.7,114.6,-5.8,24.0,0.2030731707317073,12.7,1433.1,-2.1,120.4,53.0,56.0,47.0,49.0,34.0,49.0
2022-10-26 23:30:00,0,6.3,111.2,-2.5,24.0,0.1439024390243902,12.1,1373.2,-2.0,113.7,53.0,57.0,47.0,49.0,34.0,49.0
2022-10-26 23:40:00,0,5.5,100.8,-4.6,24.0,0.1074634146341463,11.3,1275.1,-1.6,105.3,53.0,55.0,46.0,48.0,34.0,49.0
2022-10-26 23:50:00,0,6.8,108.8,3.4,24.0,0.1907317073170731,12.8,1450.1,-2.1,105.4,53.0,56.0,46.0,48.0,34.0,49.0
2022-10-27 00:00:00,0,8.3,97.9,-14.4,24.0,0.3481951219512195,14.4,1636.9,-2.3,112.3,54.0,58.0,46.0,48.0,34.0,49.0
2022-10-27 00:10:00,0,8.1,101.3,-3.0,24.0,0.3573658536585365,14.2,1610.1,-2.2,104.3,55.0,60.0,46.0,48.0,34.0,49.0
2022-10-27 00:20:00,0,7.7,108.9,4.6,24.0,0.3326829268292683,14.0,1584.9,-2.2,104.3,55.0,60.0,46.0,48.0,34.0,49.0
2022-10-27 00:30:00,0,7.5,115.9,11.6,24.0,0.2909756097560975,13.7,1550.9,-2.2,104.3,55.0,60.0,46.0,48.0,34.0,49.0
2022-10-27 00:40:00,0,5.7,112.6,1.3,23.0,0.1279024390243902,11.6,1313.6,-1.7000000000000002,111.3,54.0,58.0,46.0,48.0,34.0,49.0
2022-10-27 00:50:00,0,5.4,115.7,4.3,23.0,0.1059512195121951,11.4,1287.0,-1.4,111.3,53.0,55.0,46.0,48.0,34.0,49.0
2022-10-27 01:00:00,0,6.3,125.2,13.9,23.0,0.1930731707317073,12.4,1402.2,-1.8,111.3,53.0,56.0,46.0,48.0,34.0,49.0
2022-10-27 01:10:00,0,7.6,122.0,10.7,22.0,0.3322926829268293,13.7,1554.0,-2.2,111.3,54.0,58.0,45.0,48.0,34.0,49.0
2022-10-27 01:20:00,0,7.9,107.2,-4.1,22.0,0.3320487804878049,14.2,1603.6,-2.2,111.3,55.0,60.0,45.0,48.0,34.0,49.0
2022-10-27 01:30:00,0,7.4,109.6,4.6,22.0,0.2714146341463414,13.7,1553.8,-2.2,105.0,55.0,59.0,46.0,48.0,34.0,49.0
2022-10-27 01:40:00,0,7.5,103.6,-1.4,22.0,0.2601463414634146,13.8,1561.3,-2.2,105.0,55.0,59.0,45.0,48.0,34.0,48.0
2022-10-27 01:50:00,0,8.7,102.6,-2.4,22.0,0.4395121951219512,14.5,1647.0,-2.1,105.0,56.0,60.0,45.0,48.0,34.0,48.0
2022-10-27 02:00:00,0,8.6,115.0,10.4,22.0,0.4574146341463415,14.4,1632.1,-2.2,104.6,56.0,61.0,46.0,48.0,34.0,48.0
2022-10-27 02:10:00,0,9.6,112.8,8.2,23.0,0.6341463414634146,14.7,1664.2,-1.7000000000000002,104.6,54.0,62.0,46.0,48.0,34.0,48.0
2022-10-27 02:20:00,0,10.8,112.5,7.8,23.0,0.7494146341463415,14.8,1671.8,-0.6000000000000001,104.6,52.0,63.0,46.0,49.0,34.0,48.0
2022-10-27 02:30:00,0,10.3,112.4,15.4,23.0,0.7176585365853658,14.8,1674.4,-1.1,96.9,51.0,62.0,47.0,50.0,35.0,48.0
2022-10-27 02:40:00,0,8.8,97.3,0.3,23.0,0.5276097560975609,14.3,1622.9,-1.9,96.9,51.0,61.0,48.0,51.0,35.0,48.0
2022-10-27 02:50:00,0,9.2,103.9,-7.4,23.0,0.5914146341463415,14.3,1620.1,-1.7000000000000002,111.3,54.0,61.0,48.0,52.0,35.0,48.0
2022-10-27 03:00:00,0,12.7,93.9,-17.3,23.0,0.9707317073170731,14.8,1680.1,4.9,111.3,55.0,64.0,48.0,53.0,35.0,48.0
2022-10-27 03:10:00,0,12.4,108.2,4.6,24.0,0.9677073170731708,14.8,1677.6,3.4,103.6,53.0,64.0,49.0,55.0,36.0,48.0
2022-10-27 03:20:00,0,12.4,100.9,4.3,23.0,0.9690731707317072,14.8,1680.9,2.9,96.6,53.0,65.0,51.0,57.0,36.0,48.0
2022-10-27 03:30:00,0,11.4,113.1,16.5,23.0,0.8586341463414634,14.8,1676.6,0.0,96.6,52.0,64.0,52.0,59.0,36.0,49.0
2022-10-27 03:40:00,0,11.6,108.5,3.2,24.0,0.8657560975609756,14.8,1679.7,0.5,105.3,52.0,64.0,53.0,61.0,36.0,49.0
2022-10-27 03:50:00,0,13.6,103.8,5.5,24.0,0.9755609756097562,14.8,1681.4,6.4,98.3,52.0,64.0,54.0,63.0,37.0,50.0
2022-10-27 04:00:00,0,14.1,75.3,-23.0,24.0,0.9755609756097562,14.8,1681.2,7.4,98.3,53.0,65.0,55.0,65.0,38.0,50.0
2022-10-27 04:10:00,0,14.8,83.8,-14.5,25.0,0.9755609756097562,14.8,1681.5,9.3,98.3,53.0,65.0,56.0,67.0,39.0,50.0
2022-10-27 04:20:00,0,15.4,89.1,-9.2,25.0,0.9755609756097562,14.8,1680.3,10.7,98.3,53.0,65.0,57.0,69.0,39.0,51.0
2022-10-27 04:30:00,0,15.0,98.0,-0.3,25.0,0.9755609756097562,14.8,1680.5,9.1,98.3,53.0,65.0,58.0,71.0,39.0,51.0
2022-10-27 04:40:00,0,13.5,83.9,-14.4,24.0,0.9750243902439024,14.8,1680.7,6.1,98.3,53.0,65.0,59.0,73.0,40.0,51.0
2022-10-27 04:50:00,0,13.4,91.7,-6.6,24.0,0.9734634146341464,14.8,1681.2,5.9,98.3,53.0,65.0,59.0,76.0,40.0,52.0
2022-10-27 05:00:00,0,12.7,92.6,-5.7,24.0,0.9693170731707316,14.8,1681.1,3.5,98.3,53.0,66.0,60.0,79.0,40.0,52.0
2022-10-27 05:10:00,0,11.9,86.9,-11.4,24.0,0.9073658536585364,14.8,1678.7,0.8,98.3,53.0,65.0,61.0,82.0,40.0,53.0
2022-10-27 05:20:00,0,11.7,82.3,-16.0,24.0,0.8926829268292683,14.8,1675.9,0.7000000000000001,98.3,53.0,65.0,61.0,84.0,41.0,48.0
2022-10-27 05:30:00,0,10.6,97.7,-0.6000000000000001,24.0,0.7881951219512194,14.7,1668.5,-0.8,98.3,53.0,65.0,61.0,85.0,40.0,43.0
2022-10-27 05:40:00,0,11.1,97.9,-0.4,24.0,0.8411707317073172,14.8,1672.9,-0.3,98.3,53.0,65.0,62.0,86.0,39.0,44.0
2022-10-27 05:50:00,0,9.3,99.2,8.2,24.0,0.6450243902439025,14.5,1637.3,-1.5,91.0,52.0,64.0,62.0,86.0,39.0,45.0
2022-10-27 06:00:00,0,10.3,98.1,7.1,24.0,0.7478536585365854,14.7,1665.2,-1.1,91.0,51.0,63.0,62.0,86.0,39.0,46.0
2022-10-27 06:10:00,0,9.4,80.6,-18.1,24.0,0.6037560975609756,14.6,1651.0,-1.7000000000000002,98.7,51.0,63.0,61.0,86.0,39.0,47.0
2022-10-27 06:20:00,0,9.8,96.2,-2.4,24.0,0.6825853658536585,14.7,1660.4,-1.5,98.7,51.0,62.0,61.0,85.0,38.0,48.0
2022-10-27 06:30:00,0,10.6,106.2,7.5,24.0,0.8257560975609756,14.7,1670.0,-0.7000000000000001,98.7,51.0,63.0,60.0,84.0,38.0,48.0
2022-10-27 06:40:00,0,10.9,106.6,0.2,24.0,0.8514634146341463,14.8,1671.6,-0.3,106.4,51.0,64.0,60.0,83.0,38.0,48.0
2022-10-27 06:50:00,0,11.1,109.3,2.9,24.0,0.8842439024390244,14.8,1676.4,-0.2,106.4,51.0,64.0,60.0,83.0,38.0,49.0
2022-10-27 07:00:00,0,12.0,98.6,-7.8,24.0,0.9597073170731708,14.8,1681.5,1.6,106.4,52.0,64.0,60.0,82.0,38.0,49.0
2022-10-27 07:10:00,0,11.5,113.5,-0.6000000000000001,24.0,0.8769756097560976,14.8,1678.0,0.9,114.1,52.0,64.0,60.0,83.0,39.0,49.0
2022-10-27 07:20:00,0,9.4,118.7,4.6,23.0,0.5737073170731707,14.6,1658.6,-1.8,114.1,51.0,63.0,60.0,82.0,38.0,50.0
2022-10-27 07:30:00,0,9.1,124.9,9.7,24.0,0.5686829268292682,14.6,1657.3,-2.0,115.2,53.0,62.0,60.0,83.0,38.0,50.0
2022-10-27 07:40:00,0,9.0,121.8,6.7,24.0,0.5485365853658537,14.5,1640.4,-1.9,115.2,55.0,62.0,59.0,86.0,37.0,50.0
2022-10-27 07:50:00,0,8.7,134.0,18.9,23.0,0.4989756097560975,14.4,1636.5,-2.1,115.2,56.0,63.0,59.0,86.0,38.0,50.0
2022-10-27 08:00:00,0,8.7,127.2,1.5,23.0,0.4879512195121951,14.5,1643.6,-2.1,125.7,56.0,63.0,58.0,86.0,37.0,50.0
2022-10-27 08:10:00,0,9.6,114.5,-11.2,23.0,0.6036585365853658,14.6,1655.8,-1.7000000000000002,125.7,52.0,63.0,57.0,86.0,37.0,50.0
2022-10-27 08:20:00,0,7.8,124.3,-1.4,23.0,0.3610243902439024,13.8,1563.9,-2.1,125.6,51.0,61.0,57.0,85.0,37.0,50.0
2022-10-27 08:30:00,0,7.3,141.4,22.4,23.0,0.3008780487804878,13.1,1485.5,-1.9,119.0,54.0,59.0,56.0,83.0,37.0,50.0
2022-10-27 08:40:00,0,7.7,123.7,6.1,23.0,0.3488292682926829,13.6,1536.8,-2.0,117.6,55.0,60.0,55.0,82.0,36.0,50.0
2022-10-27 08:50:00,0,7.7,108.9,-10.1,23.0,0.3477073170731707,13.8,1564.7,-2.1,119.0,55.0,60.0,55.0,81.0,36.0,50.0
2022-10-27 09:00:00,0,9.1,115.0,-4.4,23.0,0.5405365853658536,14.5,1644.8,-1.8,119.3,56.0,62.0,54.0,80.0,35.0,50.0
2022-10-27 09:10:00,0,9.0,108.1,-1.8,23.0,0.5528780487804879,14.5,1644.6,-2.0,109.9,54.0,63.0,53.0,80.0,35.0,50.0
2022-10-27 09:20:00,0,10.1,112.2,2.2,23.0,0.7150731707317074,14.7,1662.4,-1.3,109.9,51.0,62.0,53.0,81.0,36.0,50.0
2022-10-27 09:30:00,0,11.0,102.3,-7.6,23.0,0.860780487804878,14.7,1670.2,-0.4,109.9,51.0,63.0,52.0,81.0,36.0,50.0
2022-10-27 09:40:00,0,11.5,94.3,-15.6,23.0,0.8931707317073171,14.8,1672.2,1.2,109.9,51.0,63.0,53.0,82.0,37.0,50.0
2022-10-27 09:50:00,0,11.7,133.0,16.4,23.0,0.9180975609756096,14.8,1673.6,1.9,116.5,52.0,64.0,53.0,83.0,37.0,50.0
2022-10-27 10:00:00,0,12.0,109.4,-6.8,24.0,0.9543414634146342,14.8,1679.3,2.3,116.2,52.0,64.0,54.0,84.0,37.0,50.0
2022-10-27 10:10:00,0,12.8,98.6,-11.6,24.0,0.9736585365853658,14.9,1682.5,4.5,110.3,52.0,65.0,55.0,86.0,38.0,50.0
2022-10-27 10:20:00,0,14.1,115.5,5.2,24.0,0.975219512195122,14.9,1681.9,7.7,110.3,52.0,65.0,55.0,87.0,38.0,51.0
2022-10-27 10:30:00,0,12.2,124.2,14.0,24.0,0.9400975609756098,14.8,1677.9,2.3,110.3,52.0,65.0,56.0,88.0,38.0,51.0
2022-10-27 10:40:00,0,12.2,126.8,16.6,24.0,0.923560975609756,14.8,1676.0,2.8,110.3,52.0,65.0,57.0,89.0,39.0,52.0
2022-10-27 10:50:00,0,12.8,131.1,20.9,24.0,0.968341463414634,14.8,1681.2,4.3,110.3,53.0,65.0,58.0,90.0,39.0,52.0
2022-10-27 11:00:00,0,14.4,116.4,6.2,24.0,0.9753170731707318,14.8,1681.8,7.9,110.3,53.0,65.0,58.0,91.0,40.0,52.0
2022-10-27 11:10:00,0,13.6,101.7,-8.6,24.0,0.9712682926829268,14.8,1681.6,6.1,110.3,53.0,65.0,59.0,92.0,40.0,46.0
2022-10-27 11:20:00,0,11.8,106.5,-3.8,24.0,0.9200487804878048,14.8,1676.1,2.0,110.3,53.0,65.0,60.0,92.0,40.0,44.0
2022-10-27 11:30:00,0,12.9,124.0,13.7,24.0,0.9522439024390243,14.8,1677.2,4.8,110.3,53.0,65.0,60.0,93.0,40.0,46.0
2022-10-27 11:40:00,0,13.7,110.6,0.3,24.0,0.9647317073170733,14.8,1679.1,6.0,110.3,53.0,65.0,61.0,93.0,40.0,48.0
2022-10-27 11:50:00,0,13.6,107.1,-3.1,24.0,0.9720975609756096,14.8,1680.3,5.7,110.3,53.0,66.0,61.0,94.0,40.0,49.0
2022-10-27 12:00:00,0,13.4,102.8,-7.5,24.0,0.9688780487804878,14.8,1679.1,5.4,110.3,54.0,66.0,62.0,94.0,40.0,50.0
2022-10-27 12:10:00,0,13.3,125.7,15.5,25.0,0.970439024390244,14.8,1681.7,5.6,110.3,54.0,66.0,62.0,94.0,40.0,51.0
2022-10-27 12:20:00,0,14.0,111.8,1.6,24.0,0.9725365853658536,14.8,1680.9,6.8,110.3,54.0,66.0,63.0,95.0,40.0,52.0
2022-10-27 12:30:00,0,13.9,106.7,-3.5,24.0,0.9736585365853658,14.8,1681.9,6.8,110.3,54.0,66.0,63.0,95.0,41.0,52.0
2022-10-27 12:40:00,0,15.1,105.7,-4.5,25.0,0.9754634146341464,14.8,1681.0,10.0,110.2,54.0,66.0,63.0,96.0,41.0,45.0
2022-10-27 12:50:00,0,17.3,93.1,-10.5,24.0,0.9755609756097562,14.8,1681.4,13.5,103.6,54.0,67.0,63.0,96.0,41.0,44.0
2022-10-27 13:00:00,0,17.9,109.8,-1.5,24.0,0.9755609756097562,14.8,1680.9,14.6,111.3,54.0,66.0,64.0,97.0,42.0,46.0
2022-10-27 13:10:00,0,17.1,121.8,10.4,25.0,0.9754634146341464,14.8,1679.5,13.4,111.3,55.0,66.0,64.0,97.0,42.0,48.0
2022-10-27 13:20:00,0,16.5,131.3,20.0,25.0,0.9754634146341464,14.8,1681.6,12.3,111.3,55.0,67.0,64.0,97.0,42.0,49.0
2022-10-27 13:30:00,0,14.6,106.8,-4.5,25.0,0.975170731707317,14.8,1681.5,8.6,111.3,55.0,67.0,64.0,97.0,42.0,50.0
2022-10-27 13:40:00,0,13.0,111.9,-7.1,25.0,0.9403414634146342,14.8,1677.7,4.6,119.0,55.0,67.0,64.0,97.0,42.0,52.0
2022-10-27 13:50:00,0,13.9,102.5,-19.7,25.0,0.9570243902439024,14.8,1679.7,6.2,122.1,55.0,67.0,64.0,97.0,42.0,50.0
2022-10-27 14:00:00,0,13.5,125.2,8.6,25.0,0.9490243902439024,14.8,1678.1,6.0,116.5,55.0,67.0,65.0,97.0,43.0,45.0
2022-10-27 14:10:00,0,12.7,117.4,0.8,26.0,0.9223902439024392,14.8,1676.0,4.0,116.5,55.0,67.0,65.0,97.0,42.0,45.0
2022-10-27 14:20:00,0,13.5,103.4,-13.1,26.0,0.9574146341463416,14.8,1678.4,5.8,116.5,55.0,67.0,65.0,97.0,42.0,48.0
2022-10-27 14:30:00,0,13.1,141.9,25.3,26.0,0.955170731707317,14.8,1678.8,5.1,116.5,55.0,67.0,65.0,97.0,42.0,50.0
2022-10-27 14:40:00,0,15.3,122.3,5.7,25.0,0.9729268292682928,14.9,1682.1,9.9,116.5,55.0,67.0,65.0,97.0,42.0,51.0
2022-10-27 14:50:00,0,15.5,104.9,-11.6,25.0,0.9754146341463414,14.9,1682.1,10.5,116.5,55.0,67.0,65.0,97.0,42.0,51.0
2022-10-27 15:00:00,0,14.5,104.0,-4.5,25.0,0.9694634146341464,14.8,1680.8,8.0,108.5,55.0,68.0,65.0,97.0,43.0,46.0
2022-10-27 15:10:00,0,13.8,143.9,37.1,25.0,0.958439024390244,14.8,1678.4,6.2,106.8,55.0,67.0,65.0,98.0,43.0,44.0
2022-10-27 15:20:00,0,12.8,103.1,-13.4,25.0,0.9219512195121952,14.8,1675.0,4.7,116.5,55.0,67.0,65.0,98.0,42.0,46.0
2022-10-27 15:30:00,0,12.6,94.9,-15.7,25.0,0.9041463414634148,14.8,1673.1,3.3,110.6,55.0,67.0,65.0,98.0,42.0,48.0
2022-10-27 15:40:00,0,11.2,99.2,-10.0,25.0,0.8207317073170731,14.7,1660.8,1.0,109.2,55.0,67.0,65.0,97.0,41.0,50.0
2022-10-27 15:50:00,0,11.5,127.6,14.9,25.0,0.8716585365853659,14.7,1664.7,1.4,112.7,54.0,66.0,65.0,97.0,42.0,51.0
2022-10-27 16:00:00,0,11.7,119.1,6.7,25.0,0.8733658536585366,14.7,1666.1,1.7000000000000002,112.4,54.0,66.0,65.0,96.0,42.0,52.0
2022-10-27 16:10:00,0,10.8,110.9,-1.5,25.0,0.7466829268292683,14.5,1644.5,0.9,112.4,54.0,66.0,65.0,96.0,41.0,52.0
2022-10-27 16:20:00,0,8.6,99.7,-12.3,25.0,0.4868780487804878,14.0,1584.7,-1.6,112.0,53.0,64.0,65.0,95.0,42.0,50.0
2022-10-27 16:30:00,0,11.9,135.7,28.6,25.0,0.8778048780487805,14.7,1667.2,2.7,107.1,53.0,64.0,64.0,94.0,43.0,44.0
2022-10-27 16:40:00,0,11.1,107.8,0.7000000000000001,25.0,0.7649268292682926,14.6,1653.8,1.1,107.1,53.0,65.0,64.0,93.0,42.0,45.0
2022-10-27 16:50:00,0,10.6,121.8,6.6,25.0,0.7592682926829268,14.6,1651.8,-0.1,115.2,53.0,64.0,63.0,93.0,41.0,47.0
2022-10-27 17:00:00,0,11.6,103.7,-10.7,25.0,0.8415609756097561,14.7,1670.4,1.2,114.5,53.0,65.0,63.0,92.0,41.0,48.0
2022-10-27 17:10:00,0,11.6,91.0,-19.9,25.0,0.8694634146341463,14.8,1672.9,1.1,110.9,53.0,65.0,63.0,92.0,41.0,49.0
2022-10-27 17:20:00,0,11.8,119.9,12.8,25.0,0.9124878048780488,14.8,1672.4,1.8,107.1,53.0,65.0,62.0,92.0,41.0,50.0
2022-10-27 17:30:00,0,11.5,121.3,14.2,25.0,0.8651707317073171,14.7,1670.6,1.2,107.1,53.0,65.0,62.0,92.0,41.0,51.0
2022-10-27 17:40:00,0,11.1,101.3,-5.8,25.0,0.8498536585365853,14.7,1670.5,0.3,107.1,53.0,65.0,62.0,92.0,41.0,51.0
2022-10-27 17:50:00,0,10.7,116.3,9.2,25.0,0.8204878048780487,14.6,1658.5,0.0,107.1,53.0,65.0,62.0,92.0,41.0,52.0
2022-10-27 18:00:00,0,10.9,109.0,1.9,25.0,0.8176097560975609,14.7,1661.9,0.6000000000000001,107.1,53.0,64.0,62.0,92.0,41.0,52.0
2022-10-27 18:10:00,0,10.3,142.1,34.9,24.0,0.7018048780487806,14.7,1661.4,-0.9,107.1,52.0,64.0,62.0,92.0,40.0,53.0
2022-10-27 18:20:00,0,10.0,127.7,18.9,24.0,0.6808780487804877,14.6,1657.5,-1.2,108.8,52.0,63.0,62.0,92.0,40.0,52.0
2022-10-27 18:30:00,0,9.5,96.7,-12.1,24.0,0.5897560975609756,14.6,1651.8,-1.6,108.8,52.0,63.0,61.0,91.0,41.0,46.0
2022-10-27 18:40:00,0,9.7,95.3,-6.2,24.0,0.6307317073170732,14.6,1656.5,-1.5,101.5,51.0,63.0,61.0,91.0,39.0,43.0
2022-10-27 18:50:00,0,9.5,93.3,-8.2,24.0,0.5700975609756098,14.5,1647.3,-1.5,101.5,51.0,62.0,60.0,90.0,39.0,45.0
2022-10-27 19:00:00,0,6.2,89.2,-12.3,24.0,0.218390243902439,12.3,1395.7,-1.7000000000000002,101.5,52.0,60.0,60.0,88.0,39.0,46.0
2022-10-27 19:10:00,0,5.9,110.8,9.3,24.0,0.1600487804878048,12.1,1365.1,-1.5,101.5,53.0,57.0,59.0,84.0,38.0,46.0
2022-10-27 19:20:00,0,6.6,115.3,4.4,24.0,0.2350731707317073,12.8,1444.8,-1.8,111.0,53.0,57.0,57.0,82.0,38.0,47.0
2022-10-27 19:30:00,0,7.0,112.5,1.6,24.0,0.246390243902439,13.0,1476.2,-2.0,111.0,54.0,59.0,56.0,81.0,37.0,48.0
2022-10-27 19:40:00,0,3.5,112.2,-6.8,24.0,0.0060975609756097,5.8,668.2,35.5,119.0,52.0,55.0,55.0,77.0,36.0,48.0
2022-10-27 19:50:00,0,5.0,84.5,-29.5,24.0,0.0802926829268292,11.4,1290.8,-1.0,114.0,52.0,54.0,54.0,74.0,35.0,48.0
2022-10-27 20:00:00,0,3.6,69.9,3.4,24.0,0.004780487804878,9.5,1084.6,4.8,66.5,51.0,52.0,53.0,72.0,35.0,48.0
2022-10-27 20:10:00,0,4.4,52.8,-37.9,23.0,0.0408292682926829,7.5,871.3,8.0,90.6,50.0,50.0,51.0,68.0,35.0,48.0
2022-10-27 20:20:00,0,7.3,117.8,16.7,23.0,0.2788780487804878,13.3,1504.4,-2.0,101.1,51.0,54.0,50.0,69.0,35.0,49.0
2022-10-27 20:30:00,0,8.5,94.6,-17.0,23.0,0.4457073170731707,14.1,1592.0,-1.8,111.7,53.0,58.0,50.0,72.0,35.0,49.0
2022-10-27 20:40:00,0,8.4,90.3,-21.3,24.0,0.4727804878048781,14.1,1597.0,-2.0,111.7,55.0,61.0,49.0,73.0,35.0,49.0
2022-10-27 20:50:00,0,8.0,131.8,14.9,24.0,0.371170731707317,13.8,1565.6,-2.0,116.9,55.0,61.0,49.0,72.0,35.0,49.0
2022-10-27 21:00:00,0,9.1,123.9,17.5,23.0,0.5459999999999999,14.5,1642.1,-1.9,106.4,56.0,61.0,49.0,71.0,35.0,49.0
2022-10-27 21:10:00,0,10.6,111.2,-1.1,24.0,0.7568292682926829,14.7,1665.5,-0.7000000000000001,112.3,54.0,63.0,49.0,71.0,36.0,49.0
2022-10-27 21:20:00,0,9.8,104.4,-0.9,24.0,0.6539024390243903,14.7,1663.4,-1.5,105.3,52.0,63.0,50.0,71.0,37.0,49.0
2022-10-27 21:30:00,0,8.4,114.1,8.8,24.0,0.4386341463414634,14.2,1607.6,-2.0,105.3,52.0,61.0,50.0,70.0,36.0,49.0
2022-10-27 21:40:00,0,7.3,83.3,-22.0,24.0,0.2909268292682926,13.4,1519.5,-2.0,105.3,54.0,60.0,50.0,68.0,36.0,49.0
2022-10-27 21:50:00,0,7.9,107.2,1.9,24.0,0.3919512195121951,13.9,1571.5,-2.0,105.3,55.0,61.0,50.0,68.0,36.0,49.0
2022-10-27 22:00:00,0,6.2,106.9,9.6,23.0,0.1935609756097561,12.4,1404.6,-1.6,97.3,55.0,59.0,50.0,66.0,35.0,49.0
2022-10-27 22:10:00,0,6.0,97.2,1.7000000000000002,23.0,0.1682926829268292,12.2,1377.2,-1.5,95.5,54.0,58.0,50.0,63.0,35.0,49.0
2022-10-27 22:20:00,0,5.2,102.3,5.0,23.0,0.094390243902439,11.5,1299.8,-1.2,97.3,53.0,55.0,50.0,60.0,34.0,49.0
2022-10-27 22:30:00,0,4.0,123.0,22.1,23.0,0.0323414634146341,10.9,1239.0,0.0,100.8,52.0,53.0,49.0,57.0,34.0,49.0
2022-10-27 22:40:00,0,5.3,144.7,11.0,23.0,0.1277073170731707,10.2,1156.0,3.4,133.7,51.0,52.0,48.0,55.0,34.0,49.0
2022-10-27 22:50:00,0,10.7,123.5,6.6,23.0,0.7269268292682927,14.5,1640.1,0.8,116.9,54.0,59.0,48.0,61.0,35.0,49.0
2022-10-27 23:00:00,0,13.4,110.0,-6.9,23.0,0.9512682926829268,14.8,1679.3,5.8,116.9,55.0,64.0,48.0,71.0,35.0,49.0
2022-10-27 23:10:00,0,13.2,112.7,-4.2,23.0,0.949609756097561,14.8,1676.2,4.9,116.9,53.0,65.0,49.0,76.0,36.0,49.0
2022-10-27 23:20:00,0,13.2,110.4,-6.5,23.0,0.9652682926829268,14.8,1681.0,5.5,116.9,52.0,65.0,50.0,79.0,37.0,50.0
2022-10-27 23:30:00,0,15.5,114.6,-2.3,23.0,0.9754634146341464,14.8,1681.2,10.8,116.9,52.0,65.0,51.0,81.0,37.0,51.0
2022-10-27 23:40:00,0,12.9,107.5,-9.4,23.0,0.9699024390243902,14.8,1680.9,5.1,116.9,52.0,65.0,52.0,83.0,37.0,51.0
2022-10-27 23:50:00,0,15.0,115.2,-1.7000000000000002,23.0,0.9757073170731708,14.9,1682.8,9.3,116.9,52.0,65.0,53.0,85.0,38.0,52.0
2022-10-28 00:00:00,0,16.9,124.4,7.5,23.0,0.9755609756097562,14.8,1680.3,13.1,116.9,53.0,65.0,54.0,86.0,38.0,53.0
2022-10-28 00:10:00,0,16.9,122.1,5.2,23.0,0.9755609756097562,14.8,1681.0,13.2,116.9,53.0,65.0,55.0,88.0,38.0,53.0
2022-10-28 00:20:00,0,18.6,108.4,-8.4,23.0,0.9755121951219512,14.8,1680.7,15.8,116.9,53.0,66.0,56.0,89.0,38.0,49.0
2022-10-28 00:30:00,0,16.3,121.0,12.4,23.0,0.9755121951219512,14.8,1680.8,12.1,108.5,53.0,66.0,57.0,90.0,39.0,44.0
2022-10-28 00:40:00,0,16.5,115.7,6.5,23.0,0.9755609756097562,14.8,1680.9,12.6,109.2,53.0,66.0,57.0,90.0,39.0,46.0
2022-10-28 00:50:00,0,17.9,109.7,0.5,23.0,0.9754146341463414,14.8,1681.9,14.8,109.2,53.0,66.0,58.0,91.0,39.0,47.0
2022-10-28 01:00:00,0,17.5,111.7,2.5,23.0,0.9755121951219512,14.8,1679.7,14.1,109.2,53.0,66.0,59.0,91.0,40.0,48.0
2022-10-28 01:10:00,0,15.0,113.7,4.4,23.0,0.9753658536585366,14.8,1680.5,9.6,109.2,53.0,66.0,59.0,92.0,40.0,50.0
2022-10-28 01:20:00,0,14.6,114.6,-2.3,23.0,0.9754146341463414,14.8,1681.8,8.4,116.9,53.0,66.0,60.0,92.0,40.0,51.0
2022-10-28 01:30:00,0,14.9,119.6,3.4,23.0,0.9755121951219512,14.9,1681.9,9.4,116.2,53.0,66.0,60.0,92.0,40.0,51.0
2022-10-28 01:40:00,0,15.0,104.7,-11.5,23.0,0.9755609756097562,14.8,1679.9,9.8,116.2,53.0,66.0,61.0,93.0,40.0,52.0
2022-10-28 01:50:00,0,14.6,113.7,4.9,23.0,0.975219512195122,14.8,1681.6,8.7,108.9,53.0,66.0,61.0,93.0,40.0,52.0
2022-10-28 02:00:00,0,14.4,93.4,-16.8,23.0,0.975170731707317,14.8,1681.6,8.6,110.3,53.0,66.0,62.0,93.0,41.0,51.0
2022-10-28 02:10:00,0,15.5,134.1,15.9,23.0,0.9753658536585366,14.8,1680.7,10.4,118.3,54.0,66.0,62.0,94.0,41.0,44.0
2022-10-28 02:20:00,0,14.1,124.8,13.9,23.0,0.9754146341463414,14.8,1681.6,8.1,111.0,53.0,66.0,62.0,94.0,41.0,45.0
2022-10-28 02:30:00,0,15.6,111.8,0.8,23.0,0.9754634146341464,14.8,1680.6,11.1,111.0,53.0,66.0,62.0,94.0,40.0,47.0
2022-10-28 02:40:00,0,15.9,110.3,-0.7000000000000001,23.0,0.9755121951219512,14.9,1682.7,11.2,111.0,53.0,66.0,63.0,94.0,40.0,49.0
2022-10-28 02:50:00,0,15.6,103.3,-7.6,23.0,0.9753658536585366,14.8,1680.5,11.0,111.0,53.0,66.0,63.0,95.0,41.0,50.0
2022-10-28 03:00:00,0,15.7,105.4,-5.5,23.0,0.9752682926829268,14.9,1682.2,10.7,111.0,53.0,66.0,63.0,95.0,41.0,51.0
2022-10-28 03:10:00,0,15.1,115.4,4.5,23.0,0.9730731707317072,14.8,1682.0,9.2,111.0,53.0,66.0,63.0,95.0,41.0,52.0
2022-10-28 03:20:00,0,15.1,124.7,13.7,23.0,0.9752682926829268,14.8,1681.3,10.0,111.0,53.0,66.0,63.0,95.0,41.0,52.0
2022-10-28 03:30:00,0,13.5,112.8,1.8,23.0,0.9655121951219512,14.8,1680.5,6.2,111.0,54.0,66.0,63.0,95.0,41.0,47.0
2022-10-28 03:40:00,0,14.4,103.4,-7.6,23.0,0.9714634146341464,14.9,1682.3,7.9,111.0,54.0,66.0,63.0,95.0,41.0,44.0
2022-10-28 03:50:00,0,14.8,100.9,-10.1,23.0,0.9727317073170731,14.8,1681.7,8.8,111.0,53.0,66.0,63.0,95.0,41.0,46.0
2022-10-28 04:00:00,0,14.2,111.4,0.4,23.0,0.974829268292683,14.8,1680.8,8.0,111.0,53.0,66.0,63.0,95.0,41.0,48.0
2022-10-28 04:10:00,0,14.6,105.6,-5.7,23.0,0.9753170731707318,14.8,1680.8,8.7,111.3,53.0,66.0,63.0,95.0,41.0,49.0
2022-10-28 04:20:00,0,14.2,96.7,-7.2,23.0,0.9753170731707318,14.8,1681.8,8.4,103.9,53.0,66.0,63.0,96.0,41.0,51.0
2022-10-28 04:30:00,0,15.0,121.7,17.8,23.0,0.9755609756097562,14.8,1681.5,9.7,103.9,53.0,66.0,64.0,96.0,41.0,51.0
2022-10-28 04:40:00,0,16.1,93.4,-10.5,23.0,0.9755609756097562,14.8,1680.6,12.2,103.9,53.0,66.0,64.0,96.0,41.0,52.0
2022-10-28 04:50:00,0,16.8,106.4,2.5,23.0,0.9755609756097562,14.8,1681.2,13.0,103.9,54.0,66.0,64.0,96.0,41.0,53.0
2022-10-28 05:00:00,0,16.8,119.4,15.5,23.0,0.9755121951219512,14.8,1680.1,13.0,103.9,54.0,66.0,63.0,96.0,41.0,52.0
2022-10-28 05:10:00,0,15.9,120.8,16.8,23.0,0.9755609756097562,14.8,1681.0,11.2,103.9,54.0,67.0,63.0,96.0,41.0,45.0
2022-10-28 05:20:00,0,15.8,96.4,-7.5,22.0,0.9755609756097562,14.8,1680.3,11.2,103.9,54.0,67.0,63.0,96.0,41.0,44.0
2022-10-28 05:30:00,0,14.5,120.8,16.9,22.0,0.9734634146341464,14.9,1682.1,8.7,103.9,54.0,67.0,63.0,96.0,41.0,47.0
2022-10-28 05:40:00,0,13.8,106.9,-5.1,22.0,0.9688292682926828,14.8,1680.8,6.9,112.0,54.0,66.0,64.0,96.0,41.0,49.0
2022-10-28 05:50:00,0,13.3,123.0,3.7,22.0,0.9713658536585366,14.8,1679.5,6.0,119.3,53.0,66.0,64.0,96.0,41.0,50.0
2022-10-28 06:00:00,0,14.6,104.4,-14.9,23.0,0.9741951219512196,14.8,1681.5,8.4,119.3,53.0,66.0,63.0,96.0,41.0,52.0
2022-10-28 06:10:00,0,12.2,100.5,-18.8,22.0,0.9346341463414636,14.8,1676.9,3.0,119.3,53.0,66.0,63.0,96.0,41.0,52.0
2022-10-28 06:20:00,0,11.8,101.9,-17.4,22.0,0.8887317073170732,14.7,1670.3,2.3,119.3,53.0,66.0,63.0,95.0,42.0,47.0
2022-10-28 06:30:00,0,13.5,107.1,-12.3,22.0,0.965219512195122,14.8,1681.0,5.7,119.3,53.0,66.0,63.0,95.0,41.0,44.0
2022-10-28 06:40:00,0,12.4,110.4,-2.0,22.0,0.9497073170731708,14.8,1680.0,3.4,112.4,53.0,66.0,63.0,95.0,41.0,47.0
2022-10-28 06:50:00,0,12.3,103.3,-15.0,22.0,0.943609756097561,14.8,1677.6,3.0,118.3,53.0,66.0,63.0,95.0,40.0,49.0
2022-10-28 07:00:00,0,12.1,101.7,-17.0,22.0,0.907219512195122,14.8,1676.2,2.4,118.6,53.0,66.0,63.0,94.0,40.0,50.0
2022-10-28 07:10:00,0,14.9,127.5,8.9,22.0,0.9669268292682928,14.8,1679.4,9.0,118.6,53.0,66.0,63.0,94.0,40.0,51.0
2022-10-28 07:20:00,0,12.8,103.5,-14.5,22.0,0.9598048780487805,14.8,1681.5,4.4,117.9,53.0,66.0,63.0,94.0,40.0,52.0
2022-10-28 07:30:00,0,11.2,111.9,-6.1,22.0,0.859219512195122,14.7,1668.6,0.8,117.9,53.0,66.0,63.0,94.0,41.0,49.0
2022-10-28 07:40:00,0,10.2,124.1,6.2,22.0,0.7550243902439024,14.7,1660.0,-0.7000000000000001,117.9,52.0,65.0,62.0,93.0,41.0,43.0
2022-10-28 07:50:00,0,7.2,105.9,-12.1,22.0,0.3028292682926829,13.2,1492.2,-1.9,118.0,52.0,62.0,62.0,91.0,39.0,44.0
2022-10-28 08:00:00,0,6.1,136.7,9.6,22.0,0.1710243902439024,12.2,1385.7,-1.6,127.1,54.0,59.0,61.0,88.0,38.0,45.0
2022-10-28 08:10:00,0,6.6,120.6,-6.5,22.0,0.2214146341463414,12.7,1439.0,-1.8,127.0,54.0,59.0,60.0,85.0,37.0,46.0
2022-10-28 08:20:00,0,7.4,120.9,1.6,22.0,0.3047317073170732,13.4,1520.9,-2.0,119.3,54.0,59.0,59.0,82.0,37.0,46.0
2022-10-28 08:30:00,0,8.3,103.5,-15.8,22.0,0.4197560975609756,13.9,1575.9,-1.8,119.3,55.0,61.0,58.0,83.0,36.0,47.0
2022-10-28 08:40:00,0,7.4,94.0,-25.4,22.0,0.3230243902439024,13.4,1516.5,-2.0,119.3,55.0,60.0,56.0,82.0,36.0,47.0
2022-10-28 08:50:00,0,6.2,105.9,-13.5,21.0,0.1802439024390243,12.2,1382.3,-1.8,119.3,55.0,58.0,55.0,80.0,35.0,47.0
2022-10-28 09:00:00,0,6.8,112.4,-6.9,22.0,0.2315121951219512,12.8,1455.2,-2.0,119.3,55.0,58.0,54.0,78.0,35.0,48.0
2022-10-28 09:10:00,0,5.6,109.0,-10.3,22.0,0.1356097560975609,11.8,1341.0,-1.3,119.3,54.0,57.0,53.0,77.0,34.0,48.0
2022-10-28 09:20:00,0,5.4,127.3,14.9,22.0,0.1159512195121951,11.7,1326.0,-1.2,112.4,53.0,55.0,52.0,73.0,34.0,48.0
2022-10-28 09:30:00,0,6.0,127.5,7.1,22.0,0.1779512195121951,12.2,1378.0,-1.4,120.4,53.0,55.0,51.0,72.0,35.0,48.0
2022-10-28 09:40:00,0,7.9,114.5,0.4,22.0,0.4117073170731707,13.6,1544.0,-1.9,114.1,54.0,58.0,50.0,72.0,35.0,48.0
2022-10-28 09:50:00,0,8.8,136.8,22.7,22.0,0.5413170731707317,14.2,1607.5,-1.8,114.1,56.0,61.0,49.0,74.0,35.0,48.0
2022-10-28 10:00:00,0,9.4,102.1,-17.3,23.0,0.624390243902439,14.4,1630.5,-1.4,119.3,57.0,62.0,49.0,74.0,35.0,48.0
2022-10-28 10:10:00,0,7.9,121.9,2.5,23.0,0.403560975609756,13.7,1547.7,-1.9,119.4,52.0,61.0,49.0,71.0,35.0,48.0
2022-10-28 10:20:00,0,8.5,111.8,-19.4,23.0,0.4984878048780488,13.9,1572.6,-1.5,131.3,54.0,61.0,49.0,70.0,36.0,48.0
2022-10-28 10:30:00,0,6.9,136.9,10.9,23.0,0.288780487804878,12.8,1448.2,-1.3,126.0,55.0,59.0,49.0,67.0,36.0,48.0
2022-10-28 10:40:00,0,7.9,182.2,56.5,23.0,0.4033658536585365,13.6,1540.8,-1.8,125.7,55.0,60.0,49.0,66.0,36.0,48.0
2022-10-28 10:50:00,0,8.4,123.8,0.6000000000000001,23.0,0.4394146341463414,13.8,1560.4,-1.7000000000000002,123.2,56.0,61.0,49.0,67.0,35.0,48.0
2022-10-28 11:00:00,0,7.4,114.4,-12.7,23.0,-0.0093658536585365,0.2,49.4,88.3,127.1,55.0,58.0,48.0,65.0,35.0,48.0
2022-10-28 11:10:00,0,6.9,122.6,-17.4,23.0,-0.0128292682926829,0.0,14.1,89.5,140.1,54.0,55.0,47.0,62.0,34.0,48.0
2022-10-28 11:20:00,0,9.2,121.6,-18.4,24.0,0.1477073170731707,3.9,454.3,63.5,140.0,53.0,54.0,45.0,59.0,34.0,48.0
2022-10-28 11:30:00,0,9.2,115.1,-10.6,24.0,0.5641463414634146,14.1,1600.4,-1.2,125.7,56.0,60.0,45.0,65.0,34.0,48.0
2022-10-28 11:40:00,0,6.9,135.1,8.7,24.0,0.277609756097561,12.8,1453.1,-1.6,126.4,56.0,60.0,46.0,69.0,35.0,48.0
2022-10-28 11:50:00,0,8.3,112.3,-10.9,24.0,0.4370243902439024,14.0,1580.0,-1.8,123.2,56.0,60.0,46.0,71.0,35.0,48.0
2022-10-28 12:00:00,0,6.5,142.4,20.6,24.0,0.2380975609756097,12.4,1404.9,-1.5,121.8,56.0,59.0,47.0,71.0,35.0,48.0
2022-10-28 12:10:00,0,8.9,126.5,16.6,24.0,0.5384878048780488,13.7,1552.1,-0.8,109.9,56.0,61.0,47.0,72.0,35.0,48.0
2022-10-28 12:20:00,0,8.9,94.6,-28.6,24.0,0.5251219512195122,13.9,1573.2,-1.3,123.2,53.0,62.0,47.0,74.0,35.0,48.0
2022-10-28 12:30:00,0,10.7,117.3,-9.3,24.0,0.710439024390244,14.5,1645.6,0.3,126.7,51.0,62.0,48.0,75.0,36.0,48.0
2022-10-28 12:40:00,0,8.2,124.9,18.8,24.0,0.4215121951219512,13.8,1561.7,-1.8,106.1,51.0,61.0,48.0,76.0,37.0,48.0
2022-10-28 12:50:00,0,9.8,98.1,-18.1,24.0,0.622780487804878,14.3,1620.2,-0.8,116.2,55.0,61.0,49.0,77.0,37.0,49.0
2022-10-28 13:00:00,0,10.0,112.2,-4.0,24.0,0.669219512195122,14.5,1639.2,-0.8,116.2,56.0,63.0,49.0,78.0,36.0,49.0
2022-10-28 13:10:00,0,11.7,107.3,-8.9,24.0,0.8299512195121952,14.7,1659.3,2.1,116.2,53.0,64.0,50.0,79.0,36.0,49.0
2022-10-28 13:20:00,0,10.5,128.4,19.5,24.0,0.7359024390243902,14.6,1654.9,0.1,108.9,52.0,64.0,51.0,80.0,37.0,49.0
2022-10-28 13:30:00,0,11.5,105.3,-18.2,25.0,0.8074146341463415,14.7,1662.4,0.9,123.5,52.0,63.0,52.0,81.0,37.0,50.0
2022-10-28 13:40:00,0,9.5,115.5,-0.4,25.0,0.6166829268292683,14.3,1620.4,-1.1,115.9,51.0,62.0,52.0,82.0,37.0,50.0
2022-10-28 13:50:00,0,11.5,108.5,-7.3,25.0,0.8596585365853658,14.7,1669.9,1.8,115.9,51.0,63.0,53.0,82.0,37.0,50.0
2022-10-28 14:00:00,0,11.0,137.1,13.5,25.0,0.7767317073170732,14.6,1650.2,0.5,123.5,51.0,63.0,54.0,83.0,37.0,51.0
2022-10-28 14:10:00,0,11.0,118.3,1.8,25.0,0.8181463414634147,14.7,1662.1,0.7000000000000001,116.5,51.0,63.0,54.0,84.0,38.0,51.0
2022-10-28 14:20:00,0,10.9,100.8,-8.4,25.0,0.7559024390243902,14.6,1651.7,0.7000000000000001,109.2,51.0,63.0,55.0,85.0,38.0,51.0
2022-10-28 14:30:00,0,11.1,111.6,2.7,25.0,0.7482439024390244,14.6,1650.6,1.2,108.8,51.0,63.0,55.0,85.0,38.0,51.0
2022-10-28 14:40:00,0,12.9,121.9,13.0,25.0,0.9454634146341464,14.8,1676.5,4.4,108.8,52.0,64.0,56.0,86.0,38.0,52.0
2022-10-28 14:50:00,0,13.1,127.6,18.8,25.0,0.9305853658536586,14.8,1678.6,5.2,108.8,52.0,65.0,57.0,87.0,39.0,52.0
2022-10-28 15:00:00,0,11.8,106.6,-2.3,25.0,0.8407317073170731,14.7,1663.7,2.0,108.8,52.0,65.0,57.0,88.0,39.0,50.0
2022-10-28 15:10:00,0,11.9,104.5,-4.3,25.0,0.9193170731707316,14.8,1675.6,1.8,108.8,52.0,65.0,58.0,88.0,40.0,44.0
2022-10-28 15:20:00,0,11.1,80.3,-18.7,24.0,0.8190731707317073,14.7,1665.3,0.2,99.0,52.0,64.0,58.0,89.0,39.0,45.0
2022-10-28 15:30:00,0,11.6,99.1,-6.6,25.0,0.8805365853658537,14.7,1663.4,1.6,105.7,52.0,64.0,59.0,89.0,39.0,47.0
2022-10-28 15:40:00,0,12.9,101.0,-4.7,25.0,0.9612682926829268,14.8,1681.3,4.4,105.7,53.0,65.0,59.0,90.0,39.0,48.0
2022-10-28 15:50:00,0,13.1,97.4,0.1,25.0,0.9441463414634146,14.8,1679.1,4.3,97.3,53.0,65.0,60.0,90.0,40.0,50.0
2022-10-28 16:00:00,0,11.7,85.4,-13.0,24.0,0.9123902439024392,14.8,1675.6,2.0,98.3,53.0,65.0,60.0,91.0,40.0,51.0
2022-10-28 16:10:00,0,9.7,88.3,-9.7,24.0,0.6611219512195122,14.4,1629.1,-0.8,98.0,52.0,64.0,61.0,91.0,40.0,52.0
2022-10-28 16:20:00,0,10.6,89.0,-25.1,24.0,0.7354146341463415,14.6,1651.2,0.2,114.1,52.0,64.0,61.0,91.0,40.0,52.0
2022-10-28 16:30:00,0,10.5,109.3,6.7,25.0,0.7138048780487805,14.6,1649.8,-0.1,102.5,51.0,63.0,61.0,90.0,39.0,52.0
2022-10-28 16:40:00,0,10.7,98.3,-9.8,24.0,0.8181951219512195,14.7,1664.1,-0.6000000000000001,108.2,52.0,64.0,61.0,90.0,39.0,52.0
2022-10-28 16:50:00,0,11.2,133.1,17.2,24.0,0.8345853658536586,14.7,1665.3,0.2,115.8,52.0,64.0,61.0,90.0,39.0,52.0
2022-10-28 17:00:00,0,11.3,111.5,4.1,24.0,0.9070243902439024,14.7,1670.0,0.5,107.5,52.0,64.0,61.0,90.0,40.0,53.0
2022-10-28 17:10:00,0,11.5,124.6,6.6,24.0,0.9193658536585366,14.8,1675.0,1.4,118.0,52.0,65.0,61.0,90.0,40.0,53.0
2022-10-28 17:20:00,0,12.4,104.2,-20.8,24.0,0.949219512195122,14.8,1678.2,2.9,124.9,52.0,65.0,61.0,90.0,40.0,53.0
2022-10-28 17:30:00,0,12.2,120.2,3.3,24.0,0.9489756097560976,14.8,1677.9,2.5,116.9,53.0,65.0,61.0,91.0,40.0,46.0
2022-10-28 17:40:00,0,13.1,122.1,4.1,24.0,0.971609756097561,14.8,1680.8,5.3,117.9,53.0,65.0,61.0,92.0,41.0,44.0
2022-10-28 17:50:00,0,13.0,107.5,-12.8,24.0,0.9734634146341464,14.9,1682.4,5.5,120.4,53.0,65.0,61.0,92.0,40.0,47.0
2022-10-28 18:00:00,0,13.6,118.4,-2.0,24.0,0.9750731707317074,14.8,1681.9,6.5,120.4,53.0,66.0,62.0,93.0,41.0,49.0
2022-10-28 18:10:00,0,14.4,116.3,-4.1,24.0,0.9752682926829268,14.8,1680.9,8.4,120.4,53.0,66.0,62.0,93.0,41.0,50.0
2022-10-28 18:20:00,0,14.5,91.2,-20.5,24.0,0.9755121951219512,14.8,1681.5,8.6,111.7,53.0,66.0,62.0,93.0,41.0,51.0
2022-10-28 18:30:00,0,13.3,118.5,-0.5,24.0,0.9717073170731708,14.8,1680.8,6.0,119.0,53.0,66.0,62.0,94.0,41.0,52.0
2022-10-28 18:40:00,0,13.9,112.2,-6.0,23.0,0.9754634146341464,14.8,1681.0,7.6,118.3,53.0,66.0,63.0,94.0,41.0,53.0
2022-10-28 18:50:00,0,15.1,128.8,10.5,23.0,0.9755609756097562,14.8,1680.8,10.0,118.3,54.0,66.0,63.0,95.0,41.0,48.0
2022-10-28 19:00:00,0,14.9,137.6,19.3,23.0,0.9752682926829268,14.8,1681.0,9.7,118.3,54.0,66.0,63.0,95.0,41.0,43.0
2022-10-28 19:10:00,0,13.9,102.6,-15.8,23.0,0.9748780487804878,14.8,1681.1,7.1,118.3,53.0,66.0,63.0,95.0,41.0,46.0
2022-10-28 19:20:00,0,13.1,117.6,-0.7000000000000001,22.0,0.9685365853658536,14.8,1681.0,5.4,118.3,53.0,66.0,63.0,95.0,40.0,48.0
2022-10-28 19:30:00,0,12.7,114.0,-4.3,22.0,0.973219512195122,14.9,1683.5,4.4,118.3,53.0,65.0,63.0,95.0,40.0,49.0
2022-10-28 19:40:00,0,12.4,109.2,-9.1,22.0,0.9615609756097562,14.8,1681.6,3.3,118.3,53.0,65.0,63.0,95.0,40.0,51.0
2022-10-28 19:50:00,0,12.7,122.5,4.2,22.0,0.9719512195121952,14.8,1681.5,4.4,118.3,53.0,65.0,63.0,95.0,40.0,52.0
2022-10-28 20:00:00,0,12.6,116.7,-1.6,22.0,0.9646341463414634,14.9,1682.3,3.7,118.3,53.0,65.0,63.0,95.0,40.0,52.0
2022-10-28 20:10:00,0,12.6,107.3,-11.1,22.0,0.9621463414634148,14.8,1680.4,4.1,118.3,53.0,65.0,63.0,95.0,40.0,52.0
2022-10-28 20:20:00,0,11.1,103.7,-14.6,22.0,0.8746829268292683,14.7,1670.5,0.4,118.3,53.0,65.0,63.0,95.0,41.0,44.0
2022-10-28 20:30:00,0,11.9,121.5,-5.6,21.0,0.9390243902439024,14.8,1678.7,1.8,127.1,53.0,65.0,63.0,94.0,39.0,44.0
2022-10-28 20:40:00,0,11.2,130.9,3.9,21.0,0.898,14.7,1669.2,0.5,127.1,52.0,64.0,63.0,94.0,39.0,46.0
2022-10-28 20:50:00,0,11.9,119.1,-8.0,21.0,0.9441951219512196,14.8,1677.5,2.2,127.1,52.0,65.0,63.0,94.0,39.0,47.0
2022-10-28 21:00:00,0,11.5,120.5,-6.6,21.0,0.8805853658536585,14.8,1672.2,1.4,127.1,52.0,64.0,62.0,93.0,39.0,49.0
2022-10-28 21:10:00,0,10.8,145.9,18.8,21.0,0.8456585365853658,14.7,1668.9,-0.4,127.1,52.0,64.0,62.0,93.0,38.0,50.0
2022-10-28 21:20:00,0,10.0,118.5,-8.6,21.0,0.7187317073170733,14.6,1656.5,-1.2,127.1,51.0,63.0,62.0,92.0,38.0,50.0
2022-10-28 21:30:00,0,10.1,131.0,3.9,21.0,0.6955121951219512,14.7,1659.3,-1.1,127.0,51.0,62.0,61.0,91.0,38.0,50.0
2022-10-28 21:40:00,0,11.2,123.3,3.3,21.0,0.8864390243902439,14.8,1673.5,0.1,120.0,51.0,63.0,61.0,91.0,38.0,50.0
2022-10-28 21:50:00,0,11.1,126.9,6.9,21.0,0.8830243902439024,14.8,1671.3,0.4,120.0,51.0,63.0,61.0,90.0,38.0,50.0
2022-10-28 22:00:00,0,11.2,150.5,30.4,21.0,0.902829268292683,14.8,1673.8,0.3,120.1,51.0,63.0,60.0,90.0,38.0,50.0
2022-10-28 22:10:00,0,11.9,112.2,-14.4,21.0,0.9374634146341464,14.8,1679.7,2.0,126.7,51.0,64.0,60.0,90.0,38.0,51.0
2022-10-28 22:20:00,0,12.3,108.1,-11.6,21.0,0.9670731707317072,14.8,1681.2,2.9,119.7,51.0,64.0,60.0,90.0,38.0,51.0
2022-10-28 22:30:00,0,12.4,116.9,-3.1,21.0,0.966341463414634,14.9,1682.2,3.2,120.0,51.0,64.0,60.0,90.0,38.0,52.0
2022-10-28 22:40:00,0,13.0,103.8,-16.2,21.0,0.9747317073170731,14.8,1680.8,6.0,120.0,52.0,64.0,60.0,91.0,38.0,52.0
2022-10-28 22:50:00,0,14.9,129.3,9.2,21.0,0.9737073170731708,14.9,1682.1,10.0,120.0,52.0,64.0,60.0,91.0,38.0,52.0
2022-10-28 23:00:00,0,16.5,119.3,-0.4,21.0,0.9755121951219512,14.8,1680.3,12.7,119.7,52.0,64.0,60.0,91.0,38.0,53.0
2022-10-28 23:10:00,0,15.4,102.6,-17.5,21.0,0.9753658536585366,14.8,1680.7,10.8,120.0,52.0,65.0,60.0,92.0,39.0,52.0
2022-10-28 23:20:00,0,15.3,136.2,16.5,21.0,0.9753658536585366,14.9,1682.2,10.8,119.7,52.0,65.0,61.0,92.0,39.0,45.0
2022-10-28 23:30:00,0,15.4,125.3,-1.4,21.0,0.975609756097561,14.8,1681.1,10.9,126.7,52.0,65.0,61.0,92.0,39.0,45.0
2022-10-28 23:40:00,0,16.1,102.9,-17.5,21.0,0.9753170731707318,14.8,1681.5,11.9,120.4,52.0,65.0,61.0,93.0,39.0,47.0
2022-10-28 23:50:00,0,17.3,125.9,5.5,21.0,0.9755609756097562,14.8,1681.3,13.8,120.4,52.0,65.0,61.0,93.0,39.0,48.0
2022-10-29 00:00:00,0,18.3,131.9,11.5,21.0,0.9755121951219512,14.8,1680.4,15.3,120.4,52.0,65.0,61.0,93.0,39.0,49.0
2022-10-29 00:10:00,0,17.4,122.9,2.5,21.0,0.9755609756097562,14.8,1680.2,14.1,120.4,53.0,65.0,61.0,93.0,39.0,50.0
2022-10-29 00:20:00,0,15.9,107.9,-12.5,21.0,0.9755609756097562,14.8,1680.6,11.6,120.4,52.0,65.0,61.0,93.0,39.0,50.0
2022-10-29 00:30:00,0,15.2,112.4,-8.0,21.0,0.9755609756097562,14.8,1681.0,10.4,120.4,52.0,65.0,62.0,93.0,39.0,51.0
2022-10-29 00:40:00,0,14.9,127.9,7.5,21.0,0.9755121951219512,14.8,1680.3,9.5,120.4,52.0,65.0,62.0,93.0,39.0,51.0
2022-10-29 00:50:00,0,13.1,130.0,9.5,21.0,0.9745365853658536,14.8,1680.5,5.3,120.4,52.0,65.0,62.0,93.0,39.0,52.0
2022-10-29 01:00:00,0,12.0,138.3,17.8,21.0,0.9405853658536586,14.8,1677.8,2.0,120.4,52.0,65.0,62.0,93.0,39.0,52.0
2022-10-29 01:10:00,0,10.6,113.4,-12.9,21.0,0.7822926829268293,14.8,1671.5,-0.5,126.4,52.0,64.0,62.0,93.0,39.0,52.0
2022-10-29 01:20:00,0,9.9,141.2,14.9,21.0,0.6760975609756098,14.7,1664.7,-1.4,126.4,51.0,63.0,62.0,92.0,38.0,52.0
2022-10-29 01:30:00,0,11.1,125.1,-7.9,21.0,0.8021951219512196,14.8,1671.1,0.1,133.0,51.0,63.0,61.0,91.0,38.0,52.0
2022-10-29 01:40:00,0,9.7,112.3,-14.0,21.0,0.6587317073170732,14.5,1644.1,-1.2,126.4,51.0,63.0,61.0,90.0,37.0,52.0
2022-10-29 01:50:00,0,9.5,121.2,-4.8,21.0,0.5704878048780487,14.6,1651.0,-1.6,126.0,55.0,62.0,60.0,89.0,37.0,52.0
2022-10-29 02:00:00,0,7.0,103.8,-22.2,21.0,0.2664878048780487,13.0,1472.7,-1.9,126.0,55.0,61.0,60.0,87.0,37.0,52.0
2022-10-29 02:10:00,0,8.6,99.0,-26.3,21.0,0.5045853658536585,14.1,1594.0,-1.8,125.3,55.0,60.0,59.0,84.0,37.0,52.0
2022-10-29 02:20:00,0,9.2,135.5,16.8,21.0,0.5872682926829269,14.3,1625.2,-1.5,118.6,55.0,62.0,58.0,84.0,36.0,51.0
2022-10-29 02:30:00,0,10.6,108.9,-9.7,21.0,0.770390243902439,14.7,1664.4,-0.5,118.6,52.0,63.0,57.0,83.0,36.0,51.0
2022-10-29 02:40:00,0,10.5,139.8,21.2,21.0,0.7709268292682927,14.7,1664.2,-0.4,118.6,51.0,63.0,56.0,82.0,36.0,51.0
2022-10-29 02:50:00,0,11.3,111.7,-6.9,21.0,0.8501951219512196,14.7,1668.9,0.7000000000000001,118.6,51.0,63.0,56.0,80.0,36.0,51.0
2022-10-29 03:00:00,0,11.9,127.5,8.9,21.0,0.9204878048780488,14.8,1674.8,1.9,118.6,51.0,63.0,56.0,78.0,36.0,50.0
2022-10-29 03:10:00,0,11.8,114.0,-4.6,21.0,0.8815609756097561,14.7,1666.9,2.6,118.6,51.0,63.0,56.0,78.0,36.0,51.0
2022-10-29 03:20:00,0,12.1,112.5,-6.1,21.0,0.9081463414634148,14.8,1676.3,2.5,118.6,51.0,63.0,56.0,79.0,37.0,51.0
2022-10-29 03:30:00,0,12.3,98.7,-19.9,21.0,0.9478536585365852,14.8,1679.4,3.4,118.6,51.0,64.0,56.0,83.0,37.0,51.0
2022-10-29 03:40:00,0,12.2,92.6,-18.7,21.0,0.9547317073170732,14.8,1678.9,3.3,111.3,51.0,64.0,57.0,86.0,37.0,52.0
2022-10-29 03:50:00,0,12.4,116.3,5.0,21.0,0.957658536585366,14.8,1680.1,3.6,111.3,51.0,64.0,57.0,87.0,37.0,53.0
2022-10-29 04:00:00,0,12.4,101.4,-9.8,21.0,0.9397560975609756,14.8,1677.7,3.6,111.3,52.0,64.0,57.0,88.0,38.0,48.0
2022-10-29 04:10:00,0,11.9,127.7,10.4,21.0,0.9379512195121952,14.8,1674.1,2.0,117.2,52.0,64.0,58.0,89.0,38.0,44.0
2022-10-29 04:20:00,0,11.6,111.4,-5.1,21.0,0.880780487804878,14.7,1670.6,1.4,116.5,51.0,64.0,58.0,90.0,37.0,46.0
2022-10-29 04:30:00,0,10.9,117.4,6.1,21.0,0.8405365853658536,14.7,1666.5,0.3,111.3,51.0,63.0,58.0,90.0,37.0,47.0
2022-10-29 04:40:00,0,11.6,108.7,-2.6,21.0,0.8990731707317072,14.8,1674.5,1.8,111.3,51.0,63.0,59.0,90.0,37.0,48.0
2022-10-29 04:50:00,0,12.1,113.4,2.1,21.0,0.9416097560975608,14.8,1674.0,2.7,111.3,51.0,64.0,59.0,90.0,37.0,49.0
2022-10-29 05:00:00,0,12.1,127.8,16.5,21.0,0.9474634146341464,14.8,1678.3,3.3,111.3,51.0,64.0,59.0,90.0,37.0,50.0
2022-10-29 05:10:00,0,12.3,108.8,-2.5,21.0,0.942341463414634,14.8,1677.7,3.0,111.3,51.0,64.0,59.0,90.0,37.0,51.0
2022-10-29 05:20:00,0,11.5,115.4,4.1,21.0,0.914829268292683,14.8,1676.0,1.5,111.3,51.0,64.0,59.0,90.0,37.0,51.0
2022-10-29 05:30:00,0,11.4,123.5,12.2,21.0,0.9258536585365854,14.8,1673.5,1.6,111.3,51.0,64.0,59.0,91.0,37.0,52.0
2022-10-29 05:40:00,0,11.9,111.8,-6.4,21.0,0.904780487804878,14.8,1671.8,2.2,118.3,51.0,63.0,59.0,91.0,37.0,52.0
2022-10-29 05:50:00,0,11.8,117.5,-0.8,21.0,0.9123902439024392,14.8,1672.2,2.3,118.3,51.0,64.0,59.0,91.0,37.0,53.0
2022-10-29 06:00:00,0,11.7,117.4,-0.9,21.0,0.8851219512195122,14.8,1672.6,1.6,118.3,51.0,63.0,60.0,91.0,37.0,53.0
2022-10-29 06:10:00,0,10.4,119.2,8.6,21.0,0.7883414634146341,14.7,1665.3,-0.8,110.6,51.0,63.0,59.0,90.0,38.0,49.0
2022-10-29 06:20:00,0,11.4,103.7,-6.9,21.0,0.8860487804878049,14.8,1674.3,1.5,110.6,51.0,63.0,59.0,90.0,38.0,42.0
2022-10-29 06:30:00,0,12.3,100.5,-10.0,21.0,0.9585365853658536,14.8,1680.7,3.2,110.6,51.0,64.0,59.0,90.0,37.0,44.0
2022-10-29 06:40:00,0,12.9,108.5,-2.0,21.0,0.9597073170731708,14.8,1681.3,4.8,110.6,51.0,64.0,59.0,90.0,37.0,46.0
2022-10-29 06:50:00,0,13.0,133.8,23.2,21.0,0.9632682926829268,14.8,1680.8,4.6,110.6,51.0,64.0,59.0,91.0,37.0,48.0
2022-10-29 07:00:00,0,12.1,95.4,-15.1,21.0,0.9362439024390244,14.8,1679.2,2.7,110.6,51.0,64.0,59.0,91.0,37.0,49.0
2022-10-29 07:10:00,0,12.0,116.0,11.7,21.0,0.934780487804878,14.8,1677.7,2.4,104.3,51.0,64.0,60.0,91.0,37.0,50.0
2022-10-29 07:20:00,0,12.5,121.9,9.9,21.0,0.9409756097560976,14.8,1678.2,3.7,112.0,51.0,64.0,60.0,91.0,38.0,51.0
2022-10-29 07:30:00,0,11.3,120.8,17.2,21.0,0.8717073170731707,14.7,1667.9,1.0,103.6,51.0,63.0,60.0,91.0,37.0,51.0
2022-10-29 07:40:00,0,12.7,129.4,18.4,21.0,0.9455609756097562,14.8,1679.4,4.1,111.0,51.0,64.0,60.0,91.0,37.0,52.0
2022-10-29 07:50:00,0,13.2,119.9,8.9,21.0,0.961658536585366,14.8,1679.1,5.5,111.0,51.0,64.0,60.0,91.0,37.0,52.0
2022-10-29 08:00:00,0,12.1,109.6,-1.3,21.0,0.9294146341463414,14.8,1674.6,2.7,110.9,51.0,64.0,60.0,91.0,37.0,53.0
2022-10-29 08:10:00,0,13.6,143.7,40.8,21.0,0.969170731707317,14.8,1681.5,6.0,102.9,51.0,64.0,60.0,91.0,38.0,52.0
2022-10-29 08:20:00,0,11.8,107.8,4.9,21.0,0.9392682926829268,14.8,1677.5,1.9,102.9,51.0,64.0,60.0,92.0,38.0,44.0
2022-10-29 08:30:00,0,11.5,98.7,-6.6,20.0,0.9103902439024392,14.8,1674.2,1.3,105.3,51.0,64.0,60.0,91.0,38.0,44.0
2022-10-29 08:40:00,0,11.9,99.1,-3.1,20.0,0.9304878048780488,14.8,1675.3,2.1,102.2,51.0,64.0,60.0,91.0,38.0,46.0
2022-10-29 08:50:00,0,11.1,91.6,-18.7,20.0,0.8451219512195122,14.7,1666.7,0.1,110.3,51.0,63.0,60.0,91.0,37.0,47.0
2022-10-29 09:00:00,0,12.3,100.1,-10.2,21.0,0.936,14.8,1676.4,3.3,110.3,51.0,63.0,60.0,91.0,37.0,48.0
2022-10-29 09:10:00,0,12.9,87.7,-22.5,21.0,0.9606829268292684,14.8,1682.1,4.5,110.2,51.0,64.0,60.0,91.0,37.0,49.0
2022-10-29 09:20:00,0,13.0,101.2,-2.3,21.0,0.9573170731707316,14.8,1679.4,5.5,103.6,51.0,64.0,60.0,91.0,38.0,50.0
2022-10-29 09:30:00,0,13.5,100.2,-3.3,21.0,0.9734634146341464,14.9,1683.0,6.5,103.6,51.0,64.0,60.0,91.0,38.0,51.0
2022-10-29 09:40:00,0,14.2,115.2,4.9,21.0,0.9711707317073172,14.8,1680.8,7.9,110.3,51.0,64.0,60.0,92.0,38.0,52.0
2022-10-29 09:50:00,0,13.2,111.1,0.9,21.0,0.9718536585365852,14.8,1680.4,5.9,110.3,51.0,64.0,60.0,92.0,38.0,52.0
2022-10-29 10:00:00,0,14.6,96.7,-13.5,21.0,0.9742439024390244,14.9,1682.7,8.1,110.2,52.0,64.0,60.0,92.0,39.0,46.0
2022-10-29 10:10:00,0,13.4,117.7,14.8,21.0,0.964,14.8,1679.6,6.2,102.9,52.0,64.0,60.0,92.0,38.0,44.0
2022-10-29 10:20:00,0,12.4,109.8,-0.1,21.0,0.9201951219512196,14.8,1673.7,3.8,109.9,52.0,64.0,60.0,92.0,38.0,47.0
2022-10-29 10:30:00,0,14.0,107.4,-2.5,21.0,0.9740487804878049,14.8,1681.4,7.2,109.9,52.0,64.0,61.0,92.0,38.0,48.0
2022-10-29 10:40:00,0,14.2,87.8,-15.8,21.0,0.9740975609756098,14.9,1682.7,7.8,103.6,52.0,64.0,61.0,93.0,38.0,50.0
2022-10-29 10:50:00,0,13.8,118.2,14.6,21.0,0.9692682926829268,14.8,1679.9,6.9,103.6,52.0,64.0,61.0,93.0,39.0,51.0
2022-10-29 11:00:00,0,12.9,107.5,3.9,22.0,0.9598048780487805,14.8,1679.2,4.5,103.6,52.0,64.0,61.0,93.0,39.0,52.0
2022-10-29 11:10:00,0,12.7,88.8,-14.8,22.0,0.9523902439024392,14.8,1680.7,4.4,103.6,52.0,64.0,61.0,93.0,39.0,52.0
2022-10-29 11:20:00,0,12.7,111.0,0.0,22.0,0.906439024390244,14.8,1674.0,3.9,111.0,52.0,65.0,61.0,93.0,39.0,50.0
2022-10-29 11:30:00,0,13.5,91.8,-22.6,22.0,0.9483902439024392,14.8,1680.7,6.1,114.4,52.0,64.0,61.0,93.0,39.0,43.0
2022-10-29 11:40:00,0,12.7,96.9,-9.5,22.0,0.9526341463414636,14.8,1677.5,4.5,106.4,52.0,65.0,61.0,93.0,39.0,46.0
2022-10-29 11:50:00,0,13.5,123.5,17.1,22.0,0.956390243902439,14.8,1677.8,5.7,106.4,52.0,65.0,61.0,93.0,39.0,48.0
2022-10-29 12:00:00,0,12.4,139.2,32.8,22.0,0.9185365853658536,14.8,1674.0,3.3,106.4,52.0,64.0,61.0,93.0,39.0,49.0
2022-10-29 12:10:00,0,12.7,113.8,8.1,22.0,0.9537073170731708,14.8,1679.2,4.1,105.7,52.0,65.0,62.0,93.0,40.0,50.0
2022-10-29 12:20:00,0,14.7,101.3,-6.1,22.0,0.9724878048780488,14.9,1681.9,8.6,107.4,52.0,65.0,62.0,93.0,40.0,51.0
2022-10-29 12:30:00,0,13.8,90.0,-17.5,23.0,0.9700975609756096,14.9,1682.7,6.7,107.5,53.0,65.0,62.0,93.0,40.0,52.0
2022-10-29 12:40:00,0,16.2,98.3,-16.5,23.0,0.9754634146341464,14.8,1681.1,11.4,114.8,53.0,65.0,62.0,93.0,40.0,50.0
2022-10-29 12:50:00,0,16.4,93.0,-14.4,23.0,0.9755121951219512,14.8,1680.5,11.8,107.4,53.0,66.0,62.0,94.0,41.0,44.0
2022-10-29 13:00:00,0,16.9,107.9,0.5,23.0,0.9752682926829268,14.8,1681.4,12.7,107.4,53.0,66.0,62.0,94.0,40.0,45.0
2022-10-29 13:10:00,0,16.3,104.9,-2.5,23.0,0.9748780487804878,14.8,1679.9,11.9,107.4,53.0,66.0,62.0,94.0,40.0,47.0
2022-10-29 13:20:00,0,15.3,117.8,10.3,23.0,0.9751219512195122,14.8,1681.6,9.9,107.4,53.0,66.0,62.0,94.0,41.0,49.0
2022-10-29 13:30:00,0,14.0,94.2,-13.3,23.0,0.9732682926829268,14.8,1681.0,7.4,107.4,53.0,66.0,62.0,94.0,41.0,50.0
2022-10-29 13:40:00,0,14.3,110.1,1.2,23.0,0.962341463414634,14.8,1679.9,7.8,108.9,53.0,66.0,63.0,94.0,41.0,51.0
2022-10-29 13:50:00,0,14.2,123.3,8.4,23.0,0.9708780487804878,14.9,1682.2,7.3,114.8,53.0,66.0,63.0,94.0,41.0,52.0
2022-10-29 14:00:00,0,15.1,115.4,0.6000000000000001,23.0,0.973560975609756,14.9,1683.7,9.5,114.8,54.0,66.0,63.0,94.0,41.0,51.0
2022-10-29 14:10:00,0,16.7,115.6,1.5,23.0,0.9755121951219512,14.8,1680.2,12.6,114.1,54.0,66.0,63.0,95.0,42.0,44.0
2022-10-29 14:20:00,0,15.2,115.9,3.6,23.0,0.9749756097560976,14.8,1681.1,9.9,112.3,54.0,66.0,63.0,95.0,41.0,45.0
2022-10-29 14:30:00,0,14.7,127.8,17.9,23.0,0.969609756097561,14.8,1680.6,8.4,109.9,54.0,66.0,63.0,95.0,41.0,48.0
2022-10-29 14:40:00,0,13.1,139.3,25.5,23.0,0.951219512195122,14.8,1681.0,5.1,113.8,54.0,66.0,63.0,95.0,41.0,49.0
2022-10-29 14:50:00,0,14.0,117.3,3.6,23.0,0.9735121951219512,14.9,1682.8,7.3,113.8,54.0,66.0,63.0,95.0,42.0,51.0
2022-10-29 15:00:00,0,16.1,113.3,-0.4,23.0,0.9753658536585366,14.8,1681.4,11.5,113.7,54.0,66.0,63.0,95.0,42.0,52.0
2022-10-29 15:10:00,0,16.0,109.4,3.3,23.0,0.9750731707317074,14.8,1680.1,11.1,106.1,54.0,66.0,64.0,95.0,42.0,50.0
2022-10-29 15:20:00,0,14.4,132.2,16.7,23.0,0.9709756097560976,14.8,1681.6,8.1,115.5,54.0,66.0,63.0,95.0,42.0,44.0
2022-10-29 15:30:00,0,14.5,105.8,-9.7,23.0,0.9739024390243902,14.8,1680.8,8.5,115.5,54.0,66.0,64.0,95.0,42.0,45.0
2022-10-29 15:40:00,0,15.0,100.4,-0.7000000000000001,23.0,0.974390243902439,14.8,1681.3,9.1,101.1,54.0,66.0,64.0,95.0,41.0,47.0
2022-10-29 15:50:00,0,13.9,108.3,-0.6000000000000001,23.0,0.9674146341463414,14.8,1681.0,6.7,108.8,54.0,66.0,64.0,95.0,41.0,49.0
2022-10-29 16:00:00,0,13.0,118.5,9.3,23.0,0.9397560975609756,14.8,1677.4,4.3,109.2,54.0,66.0,64.0,95.0,41.0,50.0
2022-10-29 16:10:00,0,12.4,91.0,-19.3,23.0,0.9299512195121952,14.8,1674.5,3.0,110.3,54.0,66.0,64.0,94.0,42.0,51.0
2022-10-29 16:20:00,0,13.2,132.0,21.8,23.0,0.9542926829268292,14.8,1680.2,5.1,110.2,54.0,66.0,64.0,94.0,41.0,52.0
2022-10-29 16:30:00,0,12.8,107.6,-1.2,23.0,0.9439512195121952,14.8,1679.1,3.9,108.8,54.0,66.0,64.0,94.0,41.0,53.0
2022-10-29 16:40:00,0,12.3,88.9,-9.8,23.0,0.8867317073170732,14.8,1671.6,3.6,98.7,54.0,66.0,64.0,94.0,42.0,48.0
2022-10-29 16:50:00,0,11.2,110.5,7.2,23.0,0.8474146341463414,14.7,1665.1,0.9,103.2,54.0,65.0,64.0,94.0,42.0,43.0
2022-10-29 17:00:00,0,10.9,104.1,-5.4,23.0,0.7831707317073171,14.6,1655.2,0.8,109.5,53.0,65.0,63.0,93.0,41.0,45.0
2022-10-29 17:10:00,0,11.5,101.2,-1.0,23.0,0.860390243902439,14.7,1663.0,2.2,102.2,53.0,65.0,63.0,93.0,41.0,47.0
2022-10-29 17:20:00,0,11.4,108.6,-2.3,23.0,0.8848292682926829,14.7,1669.3,0.9,111.0,53.0,65.0,63.0,92.0,41.0,48.0
2022-10-29 17:30:00,0,10.6,127.7,9.7,23.0,0.7622439024390244,14.6,1649.2,-0.1,117.9,52.0,64.0,63.0,92.0,40.0,49.0
2022-10-29 17:40:00,0,11.1,114.3,-4.3,23.0,0.8382439024390245,14.7,1663.6,0.4,118.6,52.0,64.0,63.0,91.0,39.0,50.0
2022-10-29 17:50:00,0,11.2,121.3,18.0,23.0,0.869219512195122,14.7,1667.5,1.2,103.2,52.0,64.0,62.0,91.0,40.0,50.0
2022-10-29 18:00:00,0,11.9,116.6,13.3,22.0,0.8645365853658536,14.8,1670.0,2.5,103.2,52.0,65.0,62.0,91.0,40.0,51.0
2022-10-29 18:10:00,0,12.2,81.7,-29.5,22.0,0.923609756097561,14.8,1674.6,2.8,111.3,52.0,64.0,62.0,90.0,39.0,51.0
2022-10-29 18:20:00,0,12.5,103.8,-0.1,22.0,0.9531219512195124,14.8,1680.3,3.2,103.9,52.0,65.0,62.0,90.0,39.0,52.0
2022-10-29 18:30:00,0,9.3,104.1,0.1,22.0,0.6325365853658537,14.4,1631.1,-1.7000000000000002,104.0,52.0,64.0,61.0,90.0,39.0,52.0
2022-10-29 18:40:00,0,11.1,102.8,-10.2,22.0,0.8272682926829269,14.7,1662.1,0.6000000000000001,113.0,51.0,63.0,61.0,89.0,38.0,52.0
2022-10-29 18:50:00,0,10.2,111.3,6.3,22.0,0.725170731707317,14.6,1659.3,-1.0,105.0,51.0,63.0,61.0,88.0,38.0,52.0
2022-10-29 19:00:00,0,11.2,107.0,-6.1,22.0,0.847609756097561,14.7,1666.8,0.2,113.1,51.0,63.0,60.0,87.0,38.0,52.0
2022-10-29 19:10:00,0,10.5,103.8,-9.2,22.0,0.7300487804878049,14.7,1664.2,-0.8,113.0,51.0,63.0,60.0,87.0,38.0,52.0
2022-10-29 19:20:00,0,10.8,98.7,-5.2,21.0,0.8583414634146341,14.8,1671.0,-0.4,103.9,51.0,63.0,60.0,86.0,37.0,52.0
2022-10-29 19:30:00,0,10.0,115.3,11.3,21.0,0.7328780487804879,14.6,1654.3,-1.2,103.9,53.0,63.0,59.0,84.0,37.0,52.0
2022-10-29 19:40:00,0,10.4,107.2,3.2,21.0,0.7837073170731707,14.7,1664.5,-0.9,103.9,56.0,64.0,59.0,83.0,37.0,52.0
2022-10-29 19:50:00,0,9.7,105.6,1.7000000000000002,21.0,0.6910731707317074,14.6,1655.1,-1.3,103.9,52.0,64.0,59.0,81.0,37.0,52.0
2022-10-29 20:00:00,0,10.0,122.6,18.7,21.0,0.686390243902439,14.6,1655.2,-1.0,103.9,51.0,62.0,58.0,80.0,36.0,52.0
2022-10-29 20:10:00,0,10.6,113.7,9.0,21.0,0.7933170731707316,14.7,1670.0,-0.7000000000000001,104.6,51.0,63.0,58.0,79.0,36.0,51.0
2022-10-29 20:20:00,0,9.6,117.5,12.9,21.0,0.6304878048780488,14.7,1660.5,-1.7000000000000002,104.6,52.0,62.0,57.0,78.0,36.0,51.0
2022-10-29 20:30:00,0,9.3,102.6,-9.1,21.0,0.5977560975609757,14.6,1658.7,-1.8,111.7,56.0,62.0,57.0,77.0,36.0,51.0
2022-10-29 20:40:00,0,9.3,94.6,-17.0,21.0,0.5683414634146341,14.6,1656.4,-1.9,111.7,57.0,63.0,56.0,76.0,35.0,51.0
2022-10-29 20:50:00,0,9.5,98.4,-13.3,20.0,0.5799512195121952,14.6,1655.1,-1.7000000000000002,111.7,55.0,63.0,56.0,74.0,35.0,51.0
2022-10-29 21:00:00,0,9.8,115.3,3.7,20.0,0.6619024390243903,14.7,1663.5,-1.5,111.6,51.0,62.0,55.0,73.0,34.0,51.0
2022-10-29 21:10:00,0,9.8,115.8,11.9,20.0,0.6248780487804878,14.7,1663.9,-1.6,103.9,51.0,62.0,55.0,71.0,35.0,50.0
2022-10-29 21:20:00,0,10.2,103.8,-0.2,20.0,0.7380975609756097,14.7,1666.4,-1.2,103.9,55.0,62.0,54.0,69.0,36.0,50.0
2022-10-29 21:30:00,0,9.9,93.8,-10.2,20.0,0.6883902439024391,14.7,1664.4,-1.4,103.9,55.0,63.0,54.0,68.0,35.0,50.0
2022-10-29 21:40:00,0,8.9,104.6,0.7000000000000001,20.0,0.5222926829268293,14.5,1641.1,-2.0,103.9,51.0,61.0,54.0,66.0,35.0,50.0
2022-10-29 21:50:00,0,9.2,108.6,4.6,20.0,0.5614634146341464,14.6,1648.8,-1.8,103.9,54.0,61.0,53.0,65.0,34.0,50.0
2022-10-29 22:00:00,0,9.3,104.4,0.4,20.0,0.5616585365853659,14.6,1655.5,-1.9,103.9,56.0,62.0,53.0,64.0,34.0,49.0
2022-10-29 22:10:00,0,9.2,106.7,2.8,20.0,0.5498048780487804,14.6,1652.7,-1.9,103.9,57.0,62.0,53.0,62.0,34.0,49.0
2022-10-29 22:20:00,0,9.7,104.8,0.9,20.0,0.6221951219512195,14.7,1664.4,-1.6,103.9,52.0,62.0,52.0,62.0,35.0,49.0
2022-10-29 22:30:00,0,9.3,102.7,-1.2,20.0,0.5470731707317074,14.6,1653.9,-1.8,103.9,51.0,61.0,52.0,61.0,35.0,49.0
2022-10-29 22:40:00,0,9.4,92.8,-11.1,20.0,0.5959024390243902,14.7,1659.5,-1.8,103.9,55.0,61.0,52.0,60.0,35.0,49.0
2022-10-29 22:50:00,0,7.8,110.5,6.5,20.0,0.3779024390243902,13.8,1565.7,-2.1,103.9,56.0,61.0,51.0,59.0,34.0,49.0
2022-10-29 23:00:00,0,8.3,115.5,11.6,20.0,0.4407317073170732,14.4,1626.8,-2.2,103.9,56.0,61.0,51.0,58.0,34.0,49.0
2022-10-29 23:10:00,0,8.4,105.8,-6.2,20.0,0.4161463414634146,14.3,1622.2,-2.1,112.0,56.0,61.0,50.0,57.0,34.0,48.0
2022-10-29 23:20:00,0,8.9,101.0,-3.3,20.0,0.5118536585365854,14.6,1652.1,-2.2,104.3,55.0,62.0,50.0,57.0,34.0,48.0
2022-10-29 23:30:00,0,8.7,129.9,25.6,20.0,0.5104878048780488,14.5,1645.4,-2.1,104.3,51.0,61.0,50.0,56.0,34.0,48.0
2022-10-29 23:40:00,0,8.9,86.6,-17.7,20.0,0.5434146341463415,14.5,1645.8,-2.0,104.3,55.0,61.0,49.0,56.0,34.0,48.0
2022-10-29 23:50:00,0,8.8,86.5,-17.8,20.0,0.4659024390243902,14.5,1638.7,-2.1,104.3,56.0,61.0,49.0,55.0,34.0,48.0
2022-10-30 00:00:00,0,8.3,107.2,-3.4,20.0,0.4218536585365853,14.3,1623.1,-2.2,110.6,56.0,61.0,49.0,55.0,34.0,48.0
2022-10-30 00:10:00,0,8.9,97.2,-6.0,20.0,0.5374146341463415,14.5,1640.4,-2.0,103.2,56.0,61.0,49.0,54.0,34.0,48.0
2022-10-30 00:20:00,0,9.9,93.0,-10.2,20.0,0.699170731707317,14.7,1661.3,-1.3,103.2,52.0,62.0,48.0,54.0,34.0,48.0
2022-10-30 00:30:00,0,9.4,103.1,-0.1,20.0,0.6131707317073171,14.6,1657.1,-1.8,103.2,51.0,61.0,48.0,54.0,35.0,48.0
2022-10-30 00:40:00,0,9.5,98.0,-5.3,20.0,0.6405853658536586,14.6,1657.9,-1.7000000000000002,103.2,55.0,61.0,49.0,55.0,35.0,48.0
2022-10-30 00:50:00,0,10.4,112.9,9.7,20.0,0.7550731707317073,14.7,1669.9,-1.0,103.2,55.0,62.0,49.0,55.0,34.0,48.0
2022-10-30 01:00:00,0,10.7,104.2,0.9,20.0,0.8130243902439025,14.8,1671.2,-0.6000000000000001,103.2,52.0,63.0,49.0,55.0,33.0,47.0
2022-10-30 01:10:00,0,10.6,120.0,16.7,20.0,0.7985853658536585,14.7,1667.8,-0.7000000000000001,103.2,51.0,62.0,49.0,56.0,35.0,47.0
2022-10-30 01:20:00,0,11.0,85.1,-18.1,20.0,0.889219512195122,14.8,1672.8,0.0,103.2,51.0,63.0,50.0,57.0,35.0,47.0
2022-10-30 01:30:00,0,11.5,93.6,-9.7,20.0,0.8933170731707317,14.8,1674.7,0.9,103.2,51.0,63.0,51.0,59.0,35.0,47.0
2022-10-30 01:40:00,0,11.4,91.9,-11.3,20.0,0.9130243902439024,14.8,1673.4,0.9,103.2,56.0,63.0,51.0,60.0,35.0,47.0
2022-10-30 01:50:00,0,11.1,91.8,-11.4,20.0,0.8853658536585366,14.8,1673.9,0.1,103.2,53.0,64.0,52.0,61.0,35.0,47.0
2022-10-30 02:00:00,0,10.2,107.3,-2.2,20.0,0.7539512195121951,14.7,1660.8,-0.8,109.6,56.0,63.0,55.0,68.0,35.0,49.0
2022-10-30 02:10:00,0,10.7,111.4,1.9,20.0,0.8086829268292682,14.7,1666.1,-0.5,109.6,52.0,63.0,55.0,69.0,35.0,49.0
2022-10-30 02:20:00,0,10.8,103.7,-5.8,20.0,0.8266829268292684,14.7,1663.7,-0.3,109.6,51.0,63.0,55.0,69.0,35.0,49.0
2022-10-30 02:30:00,0,10.0,95.0,-14.5,19.0,0.7000975609756098,14.7,1662.0,-1.3,109.6,51.0,62.0,55.0,69.0,35.0,49.0
2022-10-30 02:40:00,0,10.3,106.5,-3.0,19.0,0.7359024390243902,14.7,1664.8,-1.1,109.6,55.0,62.0,55.0,69.0,35.0,49.0
2022-10-30 02:50:00,0,10.1,112.7,3.2,19.0,0.7286829268292683,14.7,1661.4,-1.2,109.6,55.0,63.0,55.0,69.0,35.0,49.0
2022-10-30 03:00:00,0,10.9,102.4,-7.1,20.0,0.8268780487804878,14.7,1670.5,-0.4,109.6,52.0,63.0,55.0,69.0,35.0,49.0
2022-10-30 03:10:00,0,10.4,117.4,7.9,19.0,0.765219512195122,14.7,1668.2,-0.9,109.6,51.0,62.0,55.0,69.0,34.0,48.0
2022-10-30 03:20:00,0,10.2,109.0,-0.5,20.0,0.730780487804878,14.7,1662.8,-1.2,109.6,53.0,62.0,55.0,68.0,34.0,48.0
2022-10-30 03:30:00,0,9.7,91.5,-18.1,19.0,0.6266829268292683,14.7,1663.9,-1.6,109.6,56.0,62.0,55.0,68.0,33.0,48.0
2022-10-30 03:40:00,0,9.4,114.2,4.6,19.0,0.5677073170731707,14.6,1655.4,-1.8,109.6,56.0,62.0,54.0,67.0,34.0,48.0
2022-10-30 03:50:00,0,8.8,98.2,-11.3,19.0,0.4740487804878048,14.5,1641.4,-2.1,109.6,51.0,61.0,54.0,66.0,35.0,48.0
2022-10-30 04:00:00,0,8.8,104.5,-5.0,19.0,0.4746829268292683,14.4,1635.5,-2.0,109.6,54.0,60.0,53.0,65.0,34.0,48.0
2022-10-30 04:10:00,0,8.6,99.2,-10.3,19.0,0.43,14.5,1639.7,-2.2,109.6,55.0,61.0,53.0,63.0,33.0,48.0
2022-10-30 04:20:00,0,8.3,102.0,-7.5,19.0,0.3829268292682927,14.3,1616.9,-2.2,109.6,56.0,61.0,52.0,62.0,33.0,48.0
2022-10-30 04:30:00,0,8.0,111.2,1.7000000000000002,19.0,0.3595121951219512,14.2,1606.2,-2.2,109.6,56.0,60.0,51.0,60.0,33.0,48.0
2022-10-30 04:40:00,0,8.1,107.2,-2.3,19.0,0.3887317073170732,14.2,1608.9,-2.2,109.6,56.0,60.0,51.0,59.0,33.0,48.0
2022-10-30 04:50:00,0,8.2,121.1,11.6,19.0,0.4058536585365854,14.2,1603.3,-2.1,109.6,56.0,60.0,50.0,57.0,33.0,48.0
2022-10-30 05:00:00,0,7.9,105.4,-4.1,19.0,0.3752195121951219,14.0,1589.2,-2.2,109.6,57.0,61.0,49.0,56.0,33.0,47.0
2022-10-30 05:10:00,0,7.5,113.1,3.6,19.0,0.2986829268292683,13.6,1541.3,-2.1,109.6,56.0,60.0,49.0,55.0,33.0,47.0
2022-10-30 05:20:00,0,7.7,118.1,8.6,19.0,0.3118048780487805,13.8,1561.3,-2.2,109.6,56.0,59.0,48.0,55.0,33.0,47.0
2022-10-30 05:30:00,0,7.7,116.2,6.7,19.0,0.3075609756097561,13.9,1577.9,-2.2,109.6,56.0,60.0,48.0,64.0,33.0,47.0
2022-10-30 05:40:00,0,7.4,99.2,-10.4,19.0,0.283170731707317,13.6,1540.6,-2.1,109.6,56.0,59.0,47.0,70.0,33.0,47.0
2022-10-30 05:50:00,0,8.1,118.1,8.6,19.0,0.3413170731707317,14.2,1608.8,-2.2,109.6,56.0,60.0,47.0,72.0,33.0,47.0
2022-10-30 06:00:00,0,8.4,102.5,-7.0,19.0,0.4239024390243902,14.3,1624.7,-2.2,109.6,56.0,60.0,46.0,73.0,33.0,47.0
2022-10-30 06:10:00,0,7.3,125.3,15.8,19.0,0.2923414634146341,13.5,1530.1,-2.1,109.6,56.0,60.0,46.0,73.0,33.0,47.0
2022-10-30 06:20:00,0,8.3,119.1,9.6,19.0,0.3701463414634146,14.3,1616.4,-2.2,109.6,56.0,59.0,46.0,73.0,33.0,47.0
2022-10-30 06:30:00,0,9.2,106.3,-3.2,19.0,0.526,14.6,1656.2,-2.0,109.6,54.0,61.0,45.0,74.0,33.0,46.0
2022-10-30 06:40:00,0,8.8,94.6,-14.9,19.0,0.4460487804878049,14.6,1650.9,-2.1,109.5,53.0,60.0,45.0,74.0,33.0,46.0
2022-10-30 06:50:00,0,8.0,101.9,-0.6000000000000001,19.0,0.3921951219512195,14.1,1602.0,-2.2,102.5,55.0,60.0,45.0,74.0,33.0,46.0
2022-10-30 07:00:00,0,8.3,115.0,11.8,19.0,0.3695609756097561,14.4,1628.1,-2.2,103.2,55.0,60.0,45.0,74.0,33.0,46.0
2022-10-30 07:10:00,0,9.1,104.0,-5.5,19.0,0.5015609756097561,14.6,1655.3,-2.0,109.6,56.0,61.0,45.0,74.0,33.0,46.0
2022-10-30 07:20:00,0,8.9,96.2,-13.3,19.0,0.4729756097560976,14.6,1658.3,-2.2,109.5,57.0,61.0,45.0,75.0,32.0,46.0
2022-10-30 07:30:00,0,8.4,103.9,1.4,19.0,0.4552195121951219,14.5,1643.0,-2.3,102.5,57.0,61.0,45.0,74.0,33.0,46.0
2022-10-30 07:40:00,0,7.9,106.6,4.1,19.0,0.3931219512195122,14.0,1587.4,-2.2,102.5,52.0,60.0,45.0,74.0,33.0,46.0
2022-10-30 07:50:00,0,7.9,90.2,-12.3,19.0,0.3300975609756097,14.3,1615.1,-2.2,102.5,54.0,59.0,45.0,74.0,33.0,46.0
2022-10-30 08:00:00,0,7.8,149.1,46.5,19.0,0.3398048780487805,14.0,1590.0,-2.2,102.5,55.0,59.0,45.0,73.0,32.0,46.0
2022-10-30 08:10:00,0,7.9,100.2,-2.4,19.0,0.3762439024390244,14.1,1593.6,-2.2,102.5,55.0,59.0,45.0,73.0,32.0,46.0
2022-10-30 08:20:00,0,8.5,96.5,-6.0,19.0,0.4453658536585366,14.4,1630.2,-2.2,102.5,56.0,60.0,45.0,73.0,32.0,46.0
2022-10-30 08:30:00,0,8.8,104.5,1.9,19.0,0.4632682926829268,14.6,1652.0,-2.2,102.5,56.0,61.0,45.0,73.0,32.0,46.0
2022-10-30 08:40:00,0,8.9,91.9,-10.6,19.0,0.479609756097561,14.5,1646.0,-2.1,102.5,57.0,61.0,45.0,74.0,32.0,46.0
2022-10-30 08:50:00,0,8.8,115.3,12.8,19.0,0.4920975609756097,14.6,1649.9,-2.2,102.5,56.0,61.0,45.0,74.0,33.0,46.0
2022-10-30 09:00:00,0,8.3,99.2,-3.3,19.0,0.4394634146341463,14.3,1618.9,-2.2,102.5,51.0,60.0,45.0,74.0,33.0,46.0
2022-10-30 09:10:00,0,7.9,100.1,-2.4,20.0,0.3604390243902439,14.1,1598.7,-2.2,102.5,54.0,59.0,45.0,74.0,33.0,46.0
2022-10-30 09:20:00,0,7.7,111.1,8.6,20.0,0.366,13.8,1557.6,-2.1,102.5,55.0,59.0,45.0,73.0,33.0,46.0
2022-10-30 09:30:00,0,8.0,108.2,-1.3,20.0,0.3991219512195122,14.1,1592.5,-2.2,109.6,55.0,60.0,45.0,73.0,33.0,46.0
2022-10-30 09:40:00,0,9.1,120.3,10.8,20.0,0.5516585365853659,14.4,1632.1,-1.8,109.6,56.0,61.0,45.0,73.0,33.0,46.0
2022-10-30 09:50:00,0,8.5,104.4,-5.2,21.0,0.4860487804878048,14.2,1608.7,-2.0,109.6,57.0,61.0,45.0,74.0,33.0,46.0
2022-10-30 10:00:00,0,8.9,101.1,-8.5,21.0,0.5246829268292682,14.3,1624.9,-1.9,109.6,52.0,61.0,46.0,74.0,33.0,45.0
2022-10-30 10:10:00,0,10.4,108.5,-8.1,21.0,0.7482439024390244,14.7,1662.3,-0.7000000000000001,116.5,52.0,61.0,46.0,75.0,33.0,45.0
2022-10-30 10:20:00,0,11.2,127.2,17.0,21.0,0.866780487804878,14.8,1672.3,0.4,110.3,55.0,63.0,46.0,76.0,34.0,45.0
2022-10-30 10:30:00,0,9.5,89.9,-20.3,21.0,0.6288780487804878,14.5,1639.6,-1.3,110.3,51.0,62.0,47.0,77.0,35.0,46.0
2022-10-30 10:40:00,0,11.8,120.5,10.2,21.0,0.9023414634146342,14.8,1677.3,1.2,110.3,51.0,63.0,48.0,78.0,35.0,46.0
2022-10-30 10:50:00,0,10.7,94.6,-21.6,22.0,0.7722926829268293,14.7,1665.6,-0.5,116.2,52.0,62.0,49.0,79.0,35.0,46.0
2022-10-30 11:00:00,0,11.0,105.1,-3.0,22.0,0.8338048780487805,14.8,1674.8,0.0,108.1,56.0,63.0,50.0,80.0,35.0,46.0
2022-10-30 11:10:00,0,10.2,112.8,4.6,22.0,0.7149268292682927,14.7,1661.7,-1.0,108.1,52.0,63.0,50.0,81.0,35.0,46.0
2022-10-30 11:20:00,0,9.8,116.0,8.6,22.0,0.6292682926829268,14.6,1650.6,-1.3,107.5,52.0,62.0,51.0,82.0,35.0,47.0
2022-10-30 11:30:00,0,9.5,129.6,14.8,22.0,0.6013658536585366,14.6,1655.9,-1.6,114.8,55.0,62.0,51.0,82.0,35.0,47.0
2022-10-30 11:40:00,0,8.6,107.0,1.7000000000000002,22.0,0.5164878048780488,14.1,1597.6,-1.8,105.3,56.0,62.0,52.0,82.0,35.0,47.0
2022-10-30 11:50:00,0,8.9,114.9,9.6,22.0,0.5357560975609756,14.3,1622.3,-1.9,105.3,55.0,62.0,52.0,81.0,34.0,47.0
2022-10-30 12:00:00,0,8.5,120.9,15.6,22.0,0.461170731707317,14.1,1598.6,-1.9,105.3,51.0,61.0,52.0,80.0,35.0,47.0
2022-10-30 12:10:00,0,8.9,96.2,-9.1,23.0,0.5322926829268293,14.4,1630.4,-1.9,105.3,52.0,61.0,52.0,81.0,36.0,47.0
2022-10-30 12:20:00,0,8.2,87.1,-18.3,23.0,0.4347317073170731,13.9,1572.2,-2.0,105.4,55.0,61.0,52.0,80.0,36.0,47.0
2022-10-30 12:30:00,0,9.5,115.2,-0.7000000000000001,23.0,0.6051707317073171,14.4,1634.3,-1.4,115.9,56.0,61.0,52.0,79.0,36.0,48.0
2022-10-30 12:40:00,0,9.8,122.5,1.1,23.0,0.6581463414634147,14.6,1656.0,-1.3,121.5,53.0,63.0,51.0,80.0,36.0,48.0
2022-10-30 12:50:00,0,9.9,137.0,15.5,23.0,0.6533170731707317,14.6,1650.2,-1.1,121.5,51.0,63.0,52.0,80.0,35.0,48.0
2022-10-30 13:00:00,0,11.1,131.5,9.6,23.0,0.797951219512195,14.7,1664.3,0.3,121.8,51.0,62.0,52.0,81.0,35.0,48.0
2022-10-30 13:10:00,0,9.9,130.2,6.7,23.0,0.6811707317073171,14.6,1650.5,-1.2,123.6,51.0,62.0,52.0,81.0,36.0,48.0
2022-10-30 13:20:00,0,9.5,154.4,23.4,23.0,0.6076585365853658,14.5,1643.1,-1.5,130.9,54.0,62.0,52.0,82.0,36.0,48.0
2022-10-30 13:30:00,0,10.4,140.1,10.3,23.0,0.7283414634146341,14.6,1655.9,-0.6000000000000001,129.9,56.0,63.0,53.0,82.0,36.0,48.0
2022-10-30 13:40:00,0,11.1,134.8,7.4,23.0,0.8211219512195121,14.8,1671.5,-0.3,127.4,53.0,64.0,53.0,82.0,36.0,48.0
2022-10-30 13:50:00,0,10.9,119.6,0.3,23.0,0.8290243902439024,14.7,1669.2,-0.4,119.4,52.0,64.0,53.0,83.0,36.0,48.0
2022-10-30 14:00:00,0,10.1,111.7,-13.7,23.0,0.7168780487804878,14.6,1654.0,-1.0,125.3,51.0,63.0,54.0,83.0,36.0,48.0
2022-10-30 14:10:00,0,10.7,114.5,-13.3,23.0,0.8120975609756097,14.7,1663.8,-0.4,127.8,51.0,63.0,54.0,84.0,37.0,48.0
2022-10-30 14:20:00,0,10.7,133.9,6.1,23.0,0.7553658536585366,14.7,1665.6,-0.2,127.8,51.0,63.0,54.0,84.0,37.0,48.0
2022-10-30 14:30:00,0,9.7,110.1,-16.3,23.0,0.6231707317073171,14.6,1655.1,-1.5,126.4,52.0,62.0,55.0,85.0,37.0,49.0
2022-10-30 14:40:00,0,8.8,160.4,26.7,23.0,0.4775609756097561,14.3,1616.3,-1.8,133.7,55.0,62.0,55.0,84.0,37.0,49.0
2022-10-30 14:50:00,0,8.5,112.9,-11.8,23.0,0.4469268292682927,14.1,1598.8,-1.9,124.6,56.0,62.0,55.0,84.0,36.0,49.0
2022-10-30 15:00:00,0,8.5,130.3,5.7,23.0,0.4630731707317073,14.1,1596.9,-1.8,124.6,57.0,62.0,55.0,83.0,37.0,49.0
2022-10-30 15:10:00,0,8.5,125.5,0.9,23.0,0.4440975609756097,14.3,1617.9,-2.0,124.6,53.0,62.0,54.0,82.0,36.0,49.0
2022-10-30 15:20:00,0,8.3,120.5,-9.4,23.0,0.43,14.1,1594.4,-2.0,129.9,51.0,61.0,54.0,81.0,36.0,49.0
2022-10-30 15:30:00,0,7.4,122.3,-15.3,23.0,0.3298048780487805,13.4,1515.4,-2.0,137.6,53.0,60.0,54.0,80.0,36.0,49.0
2022-10-30 15:40:00,0,7.1,122.2,-15.4,24.0,0.2731707317073171,13.2,1491.6,-1.9,137.6,54.0,59.0,53.0,79.0,35.0,49.0
2022-10-30 15:50:00,0,7.6,127.3,-2.9,23.0,0.3515121951219512,13.7,1557.2,-2.1,130.2,55.0,60.0,52.0,78.0,35.0,49.0
2022-10-30 16:00:00,0,7.3,120.2,-17.3,23.0,0.2919024390243902,13.4,1517.0,-2.0,137.6,55.0,60.0,52.0,77.0,35.0,49.0
2022-10-30 16:10:00,0,7.4,125.2,-9.6,23.0,0.301170731707317,13.4,1519.0,-2.0,134.8,55.0,60.0,51.0,76.0,35.0,49.0
2022-10-30 16:20:00,0,6.8,143.3,8.5,23.0,0.2555121951219512,12.9,1462.7,-1.9,134.8,55.0,59.0,51.0,73.0,35.0,49.0
2022-10-30 16:30:00,0,6.9,133.3,7.2,23.0,0.2494146341463414,13.0,1475.4,-2.0,126.0,55.0,59.0,50.0,71.0,36.0,49.0
2022-10-30 16:40:00,0,7.0,133.7,5.6,23.0,0.2572195121951219,13.1,1483.4,-2.0,128.1,55.0,59.0,50.0,71.0,36.0,49.0
2022-10-30 16:50:00,0,6.1,127.7,-0.4,23.0,0.1915121951219512,12.4,1407.0,-1.6,128.1,55.0,59.0,50.0,70.0,36.0,49.0
2022-10-30 17:00:00,0,5.5,106.1,-22.0,24.0,0.1032682926829268,11.6,1317.0,-1.3,128.1,54.0,56.0,49.0,65.0,35.0,49.0
2022-10-30 17:10:00,0,7.4,89.4,-17.0,23.0,0.3341463414634146,13.2,1497.1,-1.8,106.4,54.0,57.0,49.0,63.0,35.0,49.0
2022-10-30 17:20:00,0,8.2,112.4,-1.3,23.0,0.404390243902439,14.2,1606.9,-2.1,113.8,56.0,60.0,48.0,67.0,35.0,49.0
2022-10-30 17:30:00,0,7.2,117.6,3.9,23.0,0.284,13.2,1497.6,-2.0,113.7,56.0,60.0,48.0,67.0,35.0,49.0
2022-10-30 17:40:00,0,8.5,88.9,-14.4,22.0,0.4236097560975609,14.4,1629.2,-2.1,103.2,56.0,61.0,48.0,66.0,35.0,49.0
2022-10-30 17:50:00,0,8.7,98.7,-4.5,22.0,0.4694146341463414,14.4,1630.1,-2.0,103.2,56.0,62.0,48.0,67.0,35.0,49.0
2022-10-30 18:00:00,0,8.3,114.0,10.8,21.0,0.4065365853658536,14.2,1609.7,-2.2,103.2,51.0,61.0,48.0,67.0,35.0,49.0
2022-10-30 18:10:00,0,8.4,95.4,-7.8,21.0,0.4018536585365853,14.4,1628.5,-2.2,103.2,53.0,60.0,48.0,67.0,35.0,49.0
2022-10-30 18:20:00,0,8.7,90.9,-12.3,21.0,0.4250243902439024,14.5,1638.5,-2.2,103.2,55.0,60.0,48.0,67.0,35.0,49.0
2022-10-30 18:30:00,0,9.1,110.8,7.6,20.0,0.4880487804878048,14.6,1650.6,-2.0,103.2,56.0,61.0,48.0,67.0,34.0,49.0
2022-10-30 18:40:00,0,9.0,85.9,-17.3,20.0,0.5,14.7,1659.6,-2.1,103.2,57.0,62.0,48.0,67.0,34.0,48.0
2022-10-30 18:50:00,0,7.1,103.5,7.3,20.0,0.2715609756097561,13.3,1510.3,-2.1,96.2,56.0,61.0,48.0,66.0,34.0,48.0
2022-10-30 19:00:00,0,6.9,100.4,4.1,20.0,0.2222926829268292,12.9,1461.6,-2.1,96.2,55.0,59.0,48.0,63.0,34.0,48.0
2022-10-30 19:10:00,0,8.1,95.8,-0.4,20.0,0.3595121951219512,14.4,1631.0,-2.3,96.2,56.0,60.0,47.0,64.0,34.0,48.0
2022-10-30 19:20:00,0,7.5,96.9,0.7000000000000001,19.0,0.3088292682926829,13.8,1560.1,-2.2,96.2,56.0,60.0,47.0,64.0,34.0,48.0
2022-10-30 19:30:00,0,7.3,101.8,5.6,19.0,0.2821463414634146,13.5,1532.2,-2.1,96.2,56.0,59.0,47.0,63.0,33.0,48.0
2022-10-30 19:40:00,0,7.9,98.8,2.6,19.0,0.353219512195122,14.2,1610.5,-2.2,96.2,56.0,60.0,46.0,63.0,33.0,48.0
2022-10-30 19:50:00,0,8.1,96.4,0.1,19.0,0.3593170731707317,14.4,1628.1,-2.3,96.2,56.0,60.0,46.0,63.0,33.0,48.0
2022-10-30 20:00:00,0,7.0,95.8,-0.4,19.0,0.2380975609756097,13.2,1491.4,-2.1,96.2,56.0,59.0,46.0,62.0,33.0,48.0
2022-10-30 20:10:00,0,7.6,101.8,5.6,19.0,0.2709268292682926,13.8,1558.5,-2.2,96.2,55.0,59.0,46.0,59.0,32.0,47.0
2022-10-30 20:20:00,0,7.7,107.3,3.7,19.0,0.3041463414634146,14.0,1587.1,-2.2,103.6,56.0,59.0,45.0,60.0,32.0,47.0
2022-10-30 20:30:00,0,7.6,96.2,-7.4,19.0,0.2697560975609756,13.9,1576.0,-2.2,103.6,55.0,59.0,45.0,58.0,32.0,47.0
2022-10-30 20:40:00,0,8.5,110.2,6.6,19.0,0.3700975609756097,14.5,1641.2,-2.2,103.6,56.0,59.0,45.0,59.0,32.0,47.0
2022-10-30 20:50:00,0,9.6,82.3,-21.3,19.0,0.5264390243902439,14.7,1666.8,-1.8,103.6,57.0,61.0,44.0,60.0,32.0,47.0
2022-10-30 21:00:00,0,8.0,112.2,8.6,19.0,0.3733658536585366,13.9,1578.1,-2.1,103.6,57.0,61.0,44.0,58.0,32.0,46.0
2022-10-30 21:10:00,0,7.0,112.8,9.2,19.0,0.2614146341463415,13.1,1484.2,-2.0,103.6,56.0,59.0,44.0,55.0,31.0,46.0
2022-10-30 21:20:00,0,6.2,110.1,6.4,19.0,0.1808292682926829,12.2,1380.2,-1.8,103.6,55.0,57.0,44.0,52.0,31.0,46.0
2022-10-30 21:30:00,0,5.2,119.7,8.4,19.0,0.0852682926829268,11.3,1284.2,-1.2,111.3,54.0,54.0,44.0,50.0,31.0,46.0
2022-10-30 21:40:00,0,6.1,103.3,-8.0,19.0,0.151170731707317,11.9,1350.7,-1.8,111.3,53.0,54.0,43.0,48.0,31.0,46.0
2022-10-30 21:50:00,0,6.8,110.5,-0.4,19.0,0.2107317073170731,12.8,1450.1,-2.0,110.9,53.0,55.0,43.0,47.0,31.0,46.0
2022-10-30 22:00:00,0,7.0,115.2,11.6,19.0,0.2677073170731707,13.1,1488.6,-2.0,103.6,53.0,57.0,42.0,47.0,31.0,46.0
2022-10-30 22:10:00,0,7.0,120.2,16.6,19.0,0.2494634146341463,13.1,1483.3,-2.0,103.6,53.0,56.0,42.0,47.0,31.0,46.0
2022-10-30 22:20:00,0,7.6,105.2,1.6,19.0,0.3124390243902439,13.8,1568.6,-2.2,103.6,54.0,58.0,42.0,46.0,31.0,46.0
2022-10-30 22:30:00,0,7.6,110.2,6.6,19.0,0.279609756097561,13.9,1575.9,-2.2,103.6,54.0,58.0,42.0,46.0,31.0,45.0
2022-10-30 22:40:00,0,7.6,97.2,-6.4,19.0,0.2805853658536585,13.9,1574.8,-2.2,103.6,54.0,58.0,42.0,46.0,31.0,45.0
2022-10-30 22:50:00,0,8.9,103.2,-0.4,19.0,0.4354634146341463,14.6,1650.2,-2.1,103.6,54.0,59.0,42.0,47.0,31.0,45.0
2022-10-30 23:00:00,0,8.7,92.3,-11.3,19.0,0.418390243902439,14.5,1645.0,-2.2,103.6,55.0,60.0,42.0,47.0,31.0,45.0
2022-10-30 23:10:00,0,8.3,105.2,1.6,19.0,0.3658536585365853,14.3,1615.1,-2.2,103.6,55.0,59.0,43.0,47.0,31.0,45.0
2022-10-30 23:20:00,0,8.4,101.0,-2.6,19.0,0.392,14.4,1627.4,-2.2,103.6,55.0,60.0,43.0,47.0,31.0,45.0
2022-10-30 23:30:00,0,7.9,104.3,0.7000000000000001,19.0,0.3407804878048781,14.1,1602.5,-2.2,103.6,55.0,59.0,43.0,47.0,31.0,45.0
2022-10-30 23:40:00,0,7.5,112.1,8.5,19.0,0.298390243902439,13.8,1563.3,-2.2,103.6,55.0,59.0,43.0,47.0,30.0,45.0
2022-10-30 23:50:00,0,7.5,102.2,-1.4,19.0,0.2882439024390243,13.7,1546.8,-2.2,103.6,55.0,58.0,43.0,47.0,30.0,45.0
2022-10-31 00:00:00,0,8.2,104.2,0.6000000000000001,19.0,0.3939024390243902,14.2,1610.9,-2.2,103.6,55.0,59.0,43.0,47.0,30.0,45.0
2022-10-31 00:10:00,0,8.7,111.5,7.9,19.0,0.4736097560975609,14.5,1640.4,-2.1,103.6,56.0,60.0,43.0,47.0,31.0,45.0
2022-10-31 00:20:00,0,8.8,105.8,2.2,19.0,0.521609756097561,14.5,1638.7,-2.1,103.6,57.0,61.0,43.0,47.0,31.0,45.0
2022-10-31 00:30:00,0,8.6,99.2,-4.4,19.0,0.4828292682926829,14.3,1625.2,-2.1,103.6,57.0,61.0,43.0,47.0,31.0,45.0
2022-10-31 00:40:00,0,7.9,102.2,-1.3,19.0,0.3745853658536585,13.8,1567.4,-2.1,103.6,57.0,60.0,43.0,48.0,31.0,45.0
2022-10-31 00:50:00,0,7.9,105.2,1.6,19.0,0.3830731707317072,14.0,1589.1,-2.2,103.6,57.0,60.0,43.0,48.0,31.0,45.0
2022-10-31 01:00:00,0,7.5,104.2,0.6000000000000001,19.0,0.3333170731707316,13.6,1540.9,-2.1,103.6,56.0,59.0,44.0,48.0,31.0,45.0
2022-10-31 01:10:00,0,8.0,95.0,-15.9,19.0,0.3873170731707317,14.1,1592.6,-2.2,111.0,56.0,60.0,44.0,47.0,31.0,45.0
2022-10-31 01:20:00,0,9.0,120.5,9.6,19.0,0.5246829268292682,14.4,1635.1,-1.9,111.0,55.0,60.0,44.0,47.0,31.0,44.0
2022-10-31 01:30:00,0,8.0,99.7,-11.2,19.0,0.3906341463414634,14.0,1591.0,-2.1,111.0,52.0,60.0,44.0,48.0,31.0,44.0
2022-10-31 01:40:00,0,8.0,110.5,-0.4,19.0,0.3834146341463414,14.0,1588.0,-2.2,111.0,55.0,59.0,44.0,48.0,31.0,44.0
2022-10-31 01:50:00,0,8.4,103.6,-7.4,19.0,0.4107317073170731,14.3,1624.4,-2.2,111.0,55.0,59.0,44.0,47.0,31.0,44.0
2022-10-31 02:00:00,0,8.6,104.3,-6.6,19.0,0.468780487804878,14.4,1627.6,-2.1,111.0,56.0,60.0,44.0,48.0,31.0,44.0
2022-10-31 02:10:00,0,8.4,107.1,-3.8,19.0,0.4405853658536585,14.3,1618.7,-2.2,111.0,56.0,60.0,44.0,48.0,31.0,44.0
2022-10-31 02:20:00,0,7.6,110.5,-0.4,19.0,0.3219024390243902,13.7,1554.7,-2.1,111.0,56.0,60.0,44.0,48.0,31.0,44.0
2022-10-31 02:30:00,0,7.5,111.5,0.6000000000000001,19.0,0.3149268292682927,13.6,1543.2,-2.1,111.0,56.0,59.0,44.0,48.0,31.0,44.0
2022-10-31 02:40:00,0,8.2,114.5,3.6,19.0,0.4050731707317073,14.3,1618.3,-2.2,111.0,56.0,59.0,44.0,48.0,31.0,44.0
2022-10-31 02:50:00,0,8.7,119.7,8.8,19.0,0.4822439024390244,14.4,1631.0,-2.1,111.0,56.0,60.0,44.0,48.0,31.0,44.0
2022-10-31 03:00:00,0,8.1,107.6,-3.3,19.0,0.3840487804878048,14.2,1602.8,-2.2,111.0,57.0,60.0,44.0,48.0,31.0,44.0
2022-10-31 03:10:00,0,7.5,104.6,-6.4,19.0,0.3049268292682927,13.6,1542.1,-2.1,111.0,56.0,59.0,44.0,48.0,31.0,44.0
2022-10-31 03:20:00,0,7.4,109.5,-1.4,19.0,0.3000487804878048,13.6,1541.2,-2.1,111.0,56.0,59.0,44.0,47.0,31.0,44.0
2022-10-31 03:30:00,0,7.3,107.6,-3.4,19.0,0.2916097560975609,13.4,1515.4,-2.0,111.0,56.0,59.0,44.0,47.0,31.0,44.0
2022-10-31 03:40:00,0,6.3,121.1,10.2,19.0,0.184390243902439,12.2,1384.6,-1.8,111.0,55.0,57.0,44.0,47.0,31.0,44.0
2022-10-31 03:50:00,0,5.9,105.8,-5.1,19.0,0.1466341463414634,11.9,1344.8,-1.7000000000000002,111.0,54.0,55.0,43.0,46.0,31.0,44.0
2022-10-31 04:00:00,0,5.9,120.7,9.8,19.0,0.1386341463414634,11.8,1335.2,-1.8,111.0,53.0,55.0,43.0,46.0,31.0,44.0
2022-10-31 04:10:00,0,6.8,98.1,-12.8,19.0,0.2155609756097561,12.9,1457.2,-2.0,111.0,53.0,55.0,42.0,45.0,30.0,44.0
2022-10-31 04:20:00,0,6.9,113.6,2.6,19.0,0.2353658536585365,13.0,1475.3,-2.1,111.0,53.0,56.0,42.0,45.0,30.0,44.0
2022-10-31 04:30:00,0,6.8,111.5,0.5,19.0,0.2373658536585366,12.9,1457.5,-2.0,111.0,53.0,56.0,42.0,45.0,30.0,44.0
2022-10-31 04:40:00,0,6.6,114.3,3.3,19.0,0.2264390243902439,12.7,1433.4,-1.9,111.0,53.0,56.0,42.0,44.0,30.0,44.0
2022-10-31 04:50:00,0,6.9,132.7,13.0,19.0,0.196780487804878,13.0,1475.9,-2.0,119.7,53.0,55.0,42.0,44.0,30.0,44.0
2022-10-31 05:00:00,0,7.3,118.3,-1.4,19.0,0.2237073170731707,13.5,1528.1,-2.1,119.7,53.0,56.0,42.0,44.0,30.0,44.0
2022-10-31 05:10:00,0,7.3,123.3,3.6,19.0,0.2436585365853658,13.6,1535.5,-2.1,119.7,53.0,56.0,42.0,44.0,30.0,44.0
2022-10-31 05:20:00,0,6.9,122.3,2.6,19.0,0.2079512195121951,13.0,1474.2,-2.1,119.7,52.0,56.0,42.0,44.0,30.0,44.0
2022-10-31 05:30:00,0,6.9,133.9,14.2,19.0,0.2240975609756097,13.0,1475.6,-2.0,119.7,52.0,55.0,42.0,44.0,30.0,44.0
2022-10-31 05:40:00,0,6.7,128.3,8.6,19.0,0.1993170731707317,12.8,1447.7,-2.0,119.7,52.0,55.0,42.0,44.0,30.0,45.0
2022-10-31 05:50:00,0,7.0,120.0,0.3,18.0,0.2300487804878049,13.1,1488.1,-2.1,119.7,52.0,55.0,42.0,44.0,30.0,45.0
2022-10-31 06:00:00,0,7.0,125.0,5.3,19.0,0.2509268292682927,13.1,1486.7,-2.0,119.7,52.0,55.0,41.0,43.0,30.0,45.0
2022-10-31 06:10:00,0,7.3,109.3,-10.4,19.0,0.2798048780487805,13.4,1517.2,-2.1,119.7,52.0,56.0,41.0,43.0,30.0,45.0
2022-10-31 06:20:00,0,7.6,126.3,6.6,19.0,0.3351707317073171,13.8,1562.2,-2.2,119.7,53.0,57.0,42.0,44.0,30.0,45.0
2022-10-31 06:30:00,0,7.3,110.3,-9.4,19.0,0.2779024390243902,13.4,1521.7,-2.1,119.7,53.0,57.0,42.0,44.0,30.0,45.0
2022-10-31 06:40:00,0,8.0,108.5,-11.2,19.0,0.3706829268292683,14.1,1598.4,-2.2,119.7,53.0,57.0,42.0,44.0,30.0,45.0
2022-10-31 06:50:00,0,8.2,126.7,7.0,19.0,0.3918536585365853,14.3,1617.9,-2.2,119.7,54.0,58.0,42.0,44.0,30.0,45.0
2022-10-31 07:00:00,0,8.4,115.4,-4.3,19.0,0.458390243902439,14.2,1613.5,-2.1,119.7,54.0,59.0,42.0,45.0,31.0,45.0
2022-10-31 07:10:00,0,8.7,123.9,4.2,19.0,0.534,14.3,1614.8,-1.8,119.7,55.0,60.0,43.0,45.0,31.0,45.0
2022-10-31 07:20:00,0,8.9,107.3,-12.4,19.0,0.530829268292683,14.5,1642.7,-2.0,119.7,55.0,60.0,43.0,46.0,31.0,45.0
2022-10-31 07:30:00,0,9.2,106.5,-13.2,19.0,0.5867317073170731,14.6,1650.9,-1.9,119.7,56.0,61.0,43.0,46.0,31.0,45.0
2022-10-31 07:40:00,0,9.4,122.6,2.9,19.0,0.6046829268292683,14.5,1647.9,-1.7000000000000002,119.7,55.0,62.0,44.0,47.0,31.0,45.0
2022-10-31 07:50:00,0,9.4,108.4,-11.3,19.0,0.624780487804878,14.6,1650.6,-1.7000000000000002,119.7,53.0,61.0,44.0,48.0,31.0,45.0
2022-10-31 08:00:00,0,9.2,124.4,4.7,19.0,0.5639024390243902,14.5,1641.1,-1.8,119.7,52.0,61.0,45.0,49.0,32.0,45.0
2022-10-31 08:10:00,0,9.4,105.4,-14.3,19.0,0.5951219512195122,14.5,1648.1,-1.7000000000000002,119.7,52.0,61.0,45.0,49.0,32.0,45.0
2022-10-31 08:20:00,0,9.6,124.5,4.8,20.0,0.6266341463414634,14.5,1642.9,-1.5,119.7,52.0,61.0,46.0,50.0,32.0,45.0
2022-10-31 08:30:00,0,10.2,115.6,-4.1,20.0,0.7244390243902439,14.7,1663.0,-1.0,119.7,52.0,61.0,46.0,53.0,32.0,45.0
2022-10-31 08:40:00,0,10.1,108.7,-11.0,20.0,0.7267804878048781,14.6,1658.9,-1.1,119.7,52.0,62.0,47.0,60.0,33.0,45.0
2022-10-31 08:50:00,0,9.4,113.6,-6.1,20.0,0.6114146341463416,14.5,1642.4,-1.5,119.7,52.0,61.0,47.0,63.0,33.0,45.0
2022-10-31 09:00:00,0,10.0,113.6,-6.1,20.0,0.7264390243902439,14.6,1654.2,-1.1,119.7,52.0,62.0,48.0,64.0,32.0,45.0
2022-10-31 09:10:00,0,9.3,114.5,-5.2,20.0,0.6182439024390244,14.4,1636.0,-1.7000000000000002,119.7,52.0,61.0,48.0,65.0,32.0,45.0
2022-10-31 09:20:00,0,9.6,109.2,-10.5,20.0,0.6427317073170731,14.5,1642.4,-1.4,119.7,52.0,61.0,48.0,65.0,33.0,45.0
2022-10-31 09:30:00,0,11.0,115.5,-4.1,20.0,0.8285853658536585,14.7,1669.5,0.1,119.7,52.0,62.0,49.0,66.0,33.0,46.0
2022-10-31 09:40:00,0,10.9,110.2,-1.8,21.0,0.8295609756097561,14.7,1664.6,0.4,112.0,53.0,63.0,49.0,67.0,33.0,46.0
2022-10-31 09:50:00,0,11.3,113.2,1.2,21.0,0.8780975609756098,14.7,1668.8,0.5,112.0,53.0,63.0,50.0,68.0,33.0,46.0
2022-10-31 10:00:00,0,11.3,121.5,9.5,21.0,0.844780487804878,14.7,1669.0,0.9,112.0,54.0,63.0,51.0,70.0,33.0,46.0
2022-10-31 10:10:00,0,12.0,103.4,-8.6,21.0,0.8970731707317073,14.8,1674.1,2.4,112.0,54.0,64.0,52.0,71.0,34.0,47.0
2022-10-31 10:20:00,0,11.2,102.4,-9.6,21.0,0.8594634146341464,14.7,1665.8,0.6000000000000001,112.0,55.0,64.0,53.0,73.0,34.0,47.0
2022-10-31 10:30:00,0,12.0,106.3,-5.7,21.0,0.9234146341463416,14.8,1676.0,2.1,112.0,55.0,65.0,53.0,74.0,35.0,48.0
2022-10-31 10:40:00,0,12.2,111.2,-0.8,22.0,0.9266829268292684,14.8,1679.1,2.4,112.0,55.0,65.0,54.0,76.0,35.0,48.0
2022-10-31 10:50:00,0,12.6,138.8,26.8,22.0,0.9541951219512196,14.8,1680.2,3.8,112.0,53.0,65.0,55.0,77.0,36.0,48.0
2022-10-31 11:00:00,0,12.4,109.0,-3.0,22.0,0.966048780487805,14.8,1679.4,3.7,112.0,53.0,65.0,56.0,79.0,37.0,49.0
2022-10-31 11:10:00,0,12.1,98.8,-13.2,22.0,0.931658536585366,14.8,1677.2,2.3,112.0,53.0,65.0,57.0,80.0,37.0,50.0
2022-10-31 11:20:00,0,11.6,111.2,-0.8,22.0,0.8753658536585366,14.8,1671.9,1.0,112.0,52.0,64.0,57.0,81.0,37.0,50.0
2022-10-31 11:30:00,0,11.6,105.8,2.2,22.0,0.9144390243902438,14.8,1674.8,1.7000000000000002,103.6,52.0,64.0,58.0,82.0,37.0,50.0
2022-10-31 11:40:00,0,11.6,109.9,0.1,22.0,0.8552682926829268,14.7,1666.9,1.5,109.9,52.0,64.0,58.0,82.0,37.0,51.0
2022-10-31 11:50:00,0,12.2,107.8,-2.0,22.0,0.9012682926829269,14.8,1676.8,2.4,109.9,52.0,64.0,58.0,82.0,37.0,51.0
2022-10-31 12:00:00,0,11.8,117.3,7.4,23.0,0.9259024390243902,14.8,1675.8,1.6,109.9,52.0,64.0,59.0,83.0,38.0,51.0
2022-10-31 12:10:00,0,12.4,96.6,-13.3,23.0,0.9255121951219512,14.8,1676.8,3.1,109.9,52.0,64.0,59.0,83.0,38.0,51.0
2022-10-31 12:20:00,0,12.4,105.6,2.0,23.0,0.9541463414634146,14.8,1680.4,3.3,103.6,52.0,65.0,59.0,84.0,38.0,51.0
2022-10-31 12:30:00,0,12.4,100.3,-12.3,23.0,0.9371707317073172,14.8,1677.7,3.4,112.7,52.0,64.0,60.0,85.0,38.0,52.0
2022-10-31 12:40:00,0,11.8,119.8,13.7,23.0,0.9010243902439024,14.8,1676.1,1.9,106.1,52.0,64.0,60.0,85.0,39.0,52.0
2022-10-31 12:50:00,0,10.4,107.1,-6.3,23.0,0.7535609756097561,14.6,1653.4,-0.7000000000000001,113.4,52.0,64.0,60.0,85.0,39.0,52.0
2022-10-31 13:00:00,0,11.2,105.1,-7.2,23.0,0.8095121951219513,14.6,1657.6,0.6000000000000001,112.4,51.0,63.0,60.0,84.0,38.0,52.0
2022-10-31 13:10:00,0,10.8,96.6,-15.4,23.0,0.7780487804878049,14.6,1656.5,0.0,112.0,51.0,63.0,60.0,84.0,38.0,52.0
2022-10-31 13:20:00,0,11.6,104.8,-7.2,23.0,0.8837073170731707,14.7,1670.3,0.8,112.0,51.0,64.0,60.0,84.0,38.0,52.0
2022-10-31 13:30:00,0,12.0,96.3,-8.0,23.0,0.9347317073170732,14.8,1678.6,2.6,104.3,52.0,64.0,60.0,83.0,39.0,52.0
2022-10-31 13:40:00,0,13.7,102.5,-11.2,23.0,0.9667317073170733,14.8,1681.2,5.8,113.7,52.0,65.0,60.0,84.0,39.0,53.0
2022-10-31 13:50:00,0,12.1,103.7,-3.0,23.0,0.9122439024390244,14.8,1673.3,2.8,106.8,52.0,65.0,60.0,85.0,39.0,53.0
2022-10-31 14:00:00,0,11.2,107.6,-5.5,24.0,0.7831219512195122,14.6,1658.1,1.0,113.0,52.0,64.0,61.0,86.0,39.0,53.0
2022-10-31 14:10:00,0,12.0,105.0,-1.4,23.0,0.9442439024390245,14.8,1678.3,1.9,106.4,52.0,65.0,61.0,89.0,39.0,53.0
2022-10-31 14:20:00,0,11.6,141.0,34.6,23.0,0.8904878048780488,14.8,1674.1,0.9,106.4,52.0,65.0,61.0,91.0,39.0,50.0
2022-10-31 14:30:00,0,11.6,88.2,-18.2,23.0,0.9080487804878048,14.8,1673.1,1.8,106.4,52.0,65.0,61.0,92.0,40.0,43.0
2022-10-31 14:40:00,0,11.4,81.3,-25.0,23.0,0.8717073170731707,14.7,1669.8,1.0,106.4,52.0,65.0,61.0,92.0,39.0,44.0
2022-10-31 14:50:00,0,12.2,108.9,-4.5,23.0,0.9296585365853658,14.8,1677.7,2.3,113.4,52.0,65.0,61.0,93.0,39.0,46.0
2022-10-31 15:00:00,0,12.4,104.2,-0.8,23.0,0.9462926829268292,14.8,1678.9,3.2,105.0,52.0,65.0,61.0,93.0,39.0,48.0
2022-10-31 15:10:00,0,10.4,103.1,-9.5,23.0,0.7446341463414634,14.6,1650.2,-0.3,112.7,52.0,64.0,61.0,93.0,40.0,49.0
2022-10-31 15:20:00,0,11.9,91.8,-23.0,23.0,0.9031707317073172,14.8,1673.3,1.2,114.8,52.0,64.0,61.0,93.0,39.0,49.0
2022-10-31 15:30:00,0,11.3,113.6,6.8,23.0,0.8512195121951219,14.7,1667.4,0.8,106.7,52.0,64.0,61.0,92.0,39.0,50.0
2022-10-31 15:40:00,0,12.0,120.8,14.0,23.0,0.927658536585366,14.8,1678.7,2.3,106.7,52.0,64.0,61.0,92.0,39.0,50.0
2022-10-31 15:50:00,0,11.1,103.1,-3.6,23.0,0.8566829268292683,14.7,1668.8,0.3,106.7,52.0,64.0,61.0,92.0,39.0,51.0
2022-10-31 16:00:00,0,11.1,106.3,-0.4,23.0,0.8464390243902439,14.7,1663.4,0.4,106.7,52.0,64.0,61.0,92.0,39.0,51.0
2022-10-31 16:10:00,0,10.7,111.5,4.8,23.0,0.7826341463414634,14.7,1663.4,-0.5,106.7,52.0,64.0,61.0,92.0,39.0,51.0
2022-10-31 16:20:00,0,11.3,89.7,-14.5,23.0,0.8387317073170732,14.7,1668.5,0.7000000000000001,104.3,51.0,64.0,61.0,91.0,39.0,51.0
2022-10-31 16:30:00,0,12.2,99.3,-12.7,23.0,0.932,14.8,1677.5,2.0,112.0,52.0,64.0,61.0,91.0,39.0,51.0
2022-10-31 16:40:00,0,9.6,100.0,-12.0,23.0,0.645609756097561,14.4,1636.9,-1.2,112.0,51.0,63.0,61.0,91.0,39.0,51.0
2022-10-31 16:50:00,0,9.6,102.2,-9.8,23.0,0.6287317073170732,14.4,1632.1,-1.1,112.0,51.0,62.0,60.0,90.0,38.0,51.0
2022-10-31 17:00:00,0,10.7,101.4,-10.6,22.0,0.8005365853658536,14.7,1665.9,-0.4,112.0,56.0,64.0,60.0,90.0,38.0,51.0
2022-10-31 17:10:00,0,10.7,114.0,8.6,22.0,0.7854146341463414,14.7,1663.2,0.0,105.4,54.0,64.0,60.0,90.0,38.0,51.0
2022-10-31 17:20:00,0,10.4,110.8,-3.2,22.0,0.7318536585365853,14.7,1659.6,-0.7000000000000001,114.1,52.0,63.0,59.0,90.0,37.0,51.0
2022-10-31 17:30:00,0,10.4,108.2,-5.9,22.0,0.7530731707317073,14.7,1661.0,-0.5,114.1,51.0,63.0,59.0,89.0,37.0,51.0
2022-10-31 17:40:00,0,9.2,99.1,-7.2,22.0,0.5823902439024391,14.4,1636.7,-1.7000000000000002,106.4,51.0,62.0,59.0,88.0,37.0,51.0
2022-10-31 17:50:00,0,10.1,106.6,-6.0,21.0,0.6827804878048781,14.6,1652.2,-1.0,112.7,54.0,62.0,58.0,87.0,37.0,51.0
2022-10-31 18:00:00,0,10.5,109.7,4.3,21.0,0.7774146341463415,14.7,1668.6,-0.8,105.3,55.0,64.0,58.0,87.0,37.0,51.0
2022-10-31 18:10:00,0,10.5,105.1,-0.3,21.0,0.7610731707317073,14.7,1663.9,-0.6000000000000001,105.3,52.0,63.0,57.0,87.0,36.0,51.0
2022-10-31 18:20:00,0,10.4,98.3,-9.8,21.0,0.8096585365853658,14.7,1667.4,-0.9,108.1,51.0,63.0,57.0,86.0,36.0,51.0
2022-10-31 18:30:00,0,9.8,123.0,14.8,21.0,0.6821463414634147,14.7,1665.8,-1.5,108.1,51.0,62.0,57.0,86.0,36.0,51.0
2022-10-31 18:40:00,0,9.4,98.0,-10.1,20.0,0.6120975609756097,14.6,1650.1,-1.7000000000000002,108.1,55.0,62.0,56.0,86.0,36.0,51.0
2022-10-31 18:50:00,0,8.1,116.1,7.9,20.0,0.4231219512195122,14.1,1599.8,-2.2,108.1,55.0,61.0,56.0,85.0,36.0,50.0
2022-10-31 19:00:00,0,8.1,113.7,5.6,20.0,0.4395609756097561,13.9,1579.4,-2.0,108.2,56.0,61.0,55.0,83.0,35.0,50.0
2022-10-31 19:10:00,0,7.1,105.2,-11.4,20.0,0.2917073170731707,13.1,1488.0,-2.0,116.5,56.0,60.0,55.0,81.0,34.0,50.0
2022-10-31 19:20:00,0,7.9,118.1,1.6,20.0,0.3808780487804878,13.8,1557.4,-2.0,116.5,56.0,60.0,54.0,79.0,34.0,50.0
2022-10-31 19:30:00,0,8.1,111.2,-5.3,20.0,0.4151219512195122,14.0,1588.9,-2.1,116.5,56.0,61.0,53.0,78.0,34.0,50.0
2022-10-31 19:40:00,0,8.2,116.2,-0.3,20.0,0.4233170731707317,14.1,1592.8,-2.0,116.5,57.0,61.0,52.0,77.0,34.0,49.0
2022-10-31 19:50:00,0,8.9,133.1,16.6,20.0,0.5029756097560976,14.3,1620.5,-1.8,116.5,55.0,61.0,51.0,75.0,34.0,49.0
2022-10-31 20:00:00,0,9.1,111.2,-5.3,20.0,0.5383902439024391,14.5,1637.7,-1.8,116.5,51.0,61.0,51.0,76.0,34.0,49.0
2022-10-31 20:10:00,0,9.4,115.4,-1.2,20.0,0.5710731707317074,14.6,1656.5,-1.7000000000000002,116.5,55.0,61.0,50.0,78.0,34.0,49.0
2022-10-31 20:20:00,0,8.2,115.7,-0.8,20.0,0.398780487804878,14.2,1613.5,-2.2,116.5,56.0,61.0,50.0,78.0,34.0,48.0
2022-10-31 20:30:00,0,8.3,118.4,9.6,20.0,0.4602926829268293,14.2,1604.0,-2.1,108.8,56.0,61.0,50.0,78.0,34.0,48.0
2022-10-31 20:40:00,0,8.4,106.5,-2.4,20.0,0.4869268292682927,14.3,1619.7,-2.1,108.8,57.0,61.0,49.0,77.0,34.0,48.0
2022-10-31 20:50:00,0,8.5,75.2,-33.7,20.0,0.4752682926829268,14.2,1606.7,-2.0,108.9,52.0,61.0,49.0,77.0,34.0,48.0
2022-10-31 21:00:00,0,8.6,100.0,-15.5,20.0,0.5070731707317073,14.3,1623.6,-2.0,115.5,53.0,60.0,49.0,77.0,34.0,48.0
2022-10-31 21:10:00,0,8.8,118.5,3.0,20.0,0.535609756097561,14.3,1624.1,-1.9,115.5,56.0,61.0,48.0,77.0,34.0,48.0
2022-10-31 21:20:00,0,8.7,103.6,-11.9,20.0,0.4979512195121951,14.4,1632.7,-2.0,115.5,56.0,61.0,48.0,77.0,34.0,48.0
2022-10-31 21:30:00,0,9.6,97.1,-18.4,20.0,0.614390243902439,14.5,1644.2,-1.4,115.5,53.0,62.0,48.0,77.0,34.0,48.0
2022-10-31 21:40:00,0,9.3,94.4,-21.1,20.0,0.6095121951219512,14.5,1641.4,-1.7000000000000002,115.5,52.0,61.0,48.0,77.0,35.0,47.0
2022-10-31 21:50:00,0,10.1,104.8,-10.7,20.0,0.7394146341463415,14.6,1656.6,-1.2,115.5,56.0,62.0,48.0,77.0,35.0,47.0
2022-10-31 22:00:00,0,10.1,104.4,-11.1,20.0,0.7826829268292683,14.6,1656.2,-1.1,115.5,53.0,63.0,49.0,78.0,34.0,47.0
2022-10-31 22:10:00,0,9.9,116.2,0.7000000000000001,20.0,0.7246341463414634,14.6,1652.7,-1.2,115.5,51.0,62.0,49.0,78.0,33.0,47.0
2022-10-31 22:20:00,0,11.4,102.1,-13.4,20.0,0.8865365853658537,14.8,1673.0,0.4,115.5,50.0,62.0,49.0,79.0,35.0,47.0
2022-10-31 22:30:00,0,10.9,103.9,-11.6,20.0,0.8990731707317072,14.7,1670.2,0.1,115.5,51.0,63.0,50.0,80.0,35.0,47.0
2022-10-31 22:40:00,0,10.6,108.2,-0.3,20.0,0.8614146341463416,14.7,1669.7,-0.3,108.5,52.0,63.0,51.0,81.0,35.0,47.0
2022-10-31 22:50:00,0,10.7,114.7,6.2,20.0,0.840780487804878,14.7,1663.4,-0.3,108.5,56.0,63.0,51.0,82.0,35.0,47.0
2022-10-31 23:00:00,0,10.6,109.9,-6.6,20.0,0.7824390243902439,14.7,1662.5,-0.6000000000000001,116.5,52.0,63.0,52.0,82.0,35.0,47.0
2022-10-31 23:10:00,0,12.2,107.9,-8.6,20.0,0.9498536585365854,14.8,1679.0,2.7,116.5,51.0,63.0,53.0,83.0,35.0,48.0
2022-10-31 23:20:00,0,11.7,107.8,-1.8,20.0,0.9318048780487804,14.8,1676.5,1.2,109.6,51.0,64.0,53.0,84.0,35.0,48.0
2022-10-31 23:30:00,0,11.2,107.7,-1.8,20.0,0.8897560975609756,14.7,1671.0,0.2,109.6,51.0,63.0,54.0,84.0,35.0,48.0
2022-10-31 23:40:00,0,10.9,108.8,-0.8,20.0,0.858780487804878,14.7,1670.8,-0.3,109.6,50.0,63.0,54.0,85.0,35.0,48.0
2022-10-31 23:50:00,0,10.1,87.3,-22.3,20.0,0.7381463414634146,14.7,1660.8,-1.1,109.6,53.0,62.0,55.0,85.0,35.0,48.0
2022-11-01 00:00:00,0,9.5,113.4,3.8,20.0,0.6495121951219512,14.6,1649.1,-1.6,109.6,56.0,62.0,55.0,85.0,35.0,48.0
2022-11-01 00:10:00,0,10.1,100.2,-9.4,20.0,0.7294146341463414,14.7,1662.1,-1.2,109.6,55.0,63.0,55.0,85.0,35.0,48.0
2022-11-01 00:20:00,0,10.5,101.0,-8.6,20.0,0.8140975609756098,14.7,1661.1,-0.6000000000000001,109.6,52.0,63.0,55.0,85.0,35.0,48.0
2022-11-01 00:30:00,0,9.3,107.1,-2.4,20.0,0.6260487804878049,14.4,1635.9,-1.6,109.6,51.0,62.0,55.0,85.0,35.0,48.0
2022-11-01 00:40:00,0,9.2,107.1,-2.4,20.0,0.583609756097561,14.5,1644.5,-1.8,109.5,54.0,61.0,55.0,84.0,34.0,48.0
2022-11-01 00:50:00,0,9.4,107.3,-1.2,20.0,0.6225365853658537,14.5,1646.4,-1.7000000000000002,108.5,56.0,62.0,54.0,83.0,34.0,48.0
2022-11-01 01:00:00,0,10.3,106.0,-2.5,20.0,0.7358048780487806,14.7,1663.0,-1.0,108.5,55.0,63.0,54.0,83.0,35.0,48.0
2022-11-01 01:10:00,0,9.0,116.1,7.6,20.0,0.5638536585365854,14.5,1637.4,-1.8,108.5,51.0,62.0,54.0,82.0,35.0,48.0
2022-11-01 01:20:00,0,8.7,121.2,4.7,20.0,0.5222926829268293,14.2,1613.3,-1.8,116.5,53.0,61.0,53.0,82.0,34.0,48.0
2022-11-01 01:30:00,0,10.9,126.3,9.7,20.0,0.8564878048780488,14.7,1667.6,-0.1,116.5,56.0,63.0,53.0,81.0,34.0,48.0
2022-11-01 01:40:00,0,10.4,115.4,-1.1,20.0,0.7663414634146342,14.6,1657.1,-0.7000000000000001,116.5,52.0,63.0,53.0,82.0,35.0,48.0
2022-11-01 01:50:00,0,11.4,137.3,20.7,20.0,0.8965853658536586,14.7,1669.2,0.8,116.5,51.0,63.0,53.0,82.0,35.0,48.0
2022-11-01 02:00:00,0,10.5,115.1,-1.4,20.0,0.823170731707317,14.7,1660.7,-0.6000000000000001,116.5,51.0,63.0,53.0,82.0,35.0,48.0
2022-11-01 02:10:00,0,10.3,105.5,-11.0,20.0,0.7601463414634146,14.7,1661.3,-0.8,116.5,52.0,62.0,53.0,83.0,35.0,48.0
2022-11-01 02:20:00,0,9.6,127.2,10.6,20.0,0.66,14.5,1642.6,-1.4,116.5,56.0,62.0,54.0,83.0,35.0,48.0
2022-11-01 02:30:00,0,10.4,99.3,-17.3,20.0,0.7473170731707317,14.6,1650.5,-0.6000000000000001,116.5,55.0,63.0,54.0,82.0,35.0,48.0
2022-11-01 02:40:00,0,11.1,132.7,16.1,20.0,0.8183414634146341,14.7,1663.9,0.0,116.5,52.0,63.0,54.0,82.0,33.0,48.0
2022-11-01 02:50:00,0,10.5,131.1,20.8,20.0,0.7992682926829269,14.7,1661.7,-0.4,110.3,51.0,63.0,54.0,82.0,35.0,48.0
2022-11-01 03:00:00,0,11.1,100.0,-10.2,20.0,0.8695121951219512,14.7,1668.2,0.0,110.3,50.0,63.0,54.0,82.0,35.0,48.0
2022-11-01 03:10:00,0,10.4,173.5,63.2,20.0,0.8062439024390243,14.7,1664.0,-0.5,110.3,51.0,63.0,54.0,83.0,35.0,48.0
2022-11-01 03:20:00,0,9.9,97.4,-12.9,20.0,0.7163414634146341,14.5,1637.3,-0.8,110.3,56.0,63.0,54.0,84.0,35.0,48.0
2022-11-01 03:30:00,0,9.0,119.4,9.1,20.0,0.5744390243902439,14.3,1621.9,-1.7000000000000002,110.3,56.0,62.0,54.0,84.0,35.0,48.0
2022-11-01 03:40:00,0,9.9,131.5,13.8,20.0,0.704390243902439,14.6,1652.6,-1.2,117.6,54.0,63.0,54.0,84.0,35.0,48.0
2022-11-01 03:50:00,0,10.7,102.1,-15.5,20.0,0.8114634146341464,14.7,1661.8,-0.4,117.6,52.0,63.0,54.0,84.0,34.0,48.0
2022-11-01 04:00:00,0,9.9,101.9,-15.7,20.0,0.6992682926829268,14.6,1654.9,-1.2,117.6,51.0,62.0,54.0,84.0,35.0,48.0
2022-11-01 04:10:00,0,9.2,87.0,-30.6,20.0,0.5798048780487804,14.3,1624.8,-1.7000000000000002,117.6,55.0,61.0,54.0,84.0,35.0,48.0
2022-11-01 04:20:00,0,9.8,124.4,6.8,20.0,0.6720487804878049,14.6,1649.8,-1.3,117.6,56.0,62.0,54.0,84.0,34.0,48.0
2022-11-01 04:30:00,0,10.2,132.4,14.8,20.0,0.749219512195122,14.7,1662.6,-1.0,117.6,53.0,63.0,54.0,83.0,34.0,48.0
2022-11-01 04:40:00,0,10.7,110.3,-7.3,20.0,0.7869756097560976,14.7,1667.2,-0.6000000000000001,117.6,51.0,63.0,53.0,83.0,35.0,48.0
2022-11-01 04:50:00,0,9.8,120.2,2.6,20.0,0.7138536585365854,14.6,1656.1,-1.3,117.6,51.0,62.0,53.0,83.0,35.0,48.0
2022-11-01 05:00:00,0,10.5,119.3,1.7000000000000002,20.0,0.7776097560975609,14.7,1668.5,-0.9,117.6,56.0,63.0,53.0,83.0,35.0,48.0
2022-11-01 05:10:00,0,10.3,115.6,-2.0,20.0,0.7730243902439025,14.7,1663.7,-1.1,117.6,54.0,63.0,53.0,83.0,35.0,48.0
2022-11-01 05:20:00,0,10.8,109.7,-7.9,20.0,0.8227804878048781,14.8,1671.0,-0.4,117.6,51.0,63.0,54.0,83.0,35.0,48.0
2022-11-01 05:30:00,0,10.6,127.6,10.0,20.0,0.8335609756097561,14.7,1669.3,-0.5,117.6,51.0,63.0,54.0,84.0,35.0,48.0
2022-11-01 05:40:00,0,10.1,118.0,0.4,20.0,0.7399512195121951,14.7,1663.6,-1.2,117.6,51.0,62.0,54.0,84.0,35.0,48.0
2022-11-01 05:50:00,0,10.3,129.5,11.9,20.0,0.7725853658536586,14.7,1661.1,-1.0,117.6,56.0,63.0,54.0,84.0,35.0,48.0
2022-11-01 06:00:00,0,11.8,105.9,-19.0,20.0,0.9325853658536584,14.8,1678.9,1.8,124.9,54.0,64.0,54.0,84.0,35.0,48.0
2022-11-01 06:10:00,0,10.8,111.2,-5.7,20.0,0.8158536585365853,14.7,1666.4,-0.2,116.9,51.0,63.0,54.0,85.0,35.0,48.0
2022-11-01 06:20:00,0,10.5,121.8,-2.1,20.0,0.7756585365853658,14.7,1662.8,-0.6000000000000001,123.9,51.0,63.0,55.0,85.0,35.0,48.0
2022-11-01 06:30:00,0,11.5,109.8,-14.1,20.0,0.9065365853658536,14.8,1673.1,0.5,123.9,50.0,63.0,55.0,85.0,35.0,48.0
2022-11-01 06:40:00,0,10.0,133.4,17.1,20.0,0.7111707317073171,14.7,1660.2,-1.3,116.2,52.0,62.0,55.0,85.0,35.0,48.0
2022-11-01 06:50:00,0,9.5,115.2,-9.1,20.0,0.6306341463414634,14.6,1650.9,-1.6,124.3,55.0,62.0,55.0,85.0,35.0,48.0
2022-11-01 07:00:00,0,10.2,110.1,-14.1,20.0,0.7408780487804878,14.7,1664.0,-1.0,124.3,55.0,63.0,55.0,85.0,35.0,48.0
2022-11-01 07:10:00,0,8.9,122.7,-1.2,20.0,0.554,14.4,1626.6,-1.8,123.9,51.0,62.0,55.0,84.0,34.0,48.0
2022-11-01 07:20:00,0,8.9,135.0,11.0,20.0,0.5273658536585365,14.2,1613.8,-1.8,123.9,54.0,60.0,54.0,83.0,34.0,48.0
2022-11-01 07:30:00,0,11.6,110.4,-14.2,20.0,0.8651219512195122,14.8,1675.1,1.7000000000000002,124.6,56.0,63.0,54.0,83.0,35.0,48.0
2022-11-01 07:40:00,0,12.2,118.7,1.8,20.0,0.948341463414634,14.8,1677.8,3.7,116.9,52.0,64.0,54.0,83.0,35.0,48.0
2022-11-01 07:50:00,0,11.3,122.6,5.0,20.0,0.9109756097560976,14.8,1675.9,0.7000000000000001,117.6,52.0,64.0,54.0,84.0,35.0,48.0
2022-11-01 08:00:00,0,9.9,102.0,-15.6,20.0,0.7238536585365855,14.7,1662.3,-1.3,117.6,51.0,62.0,54.0,84.0,35.0,48.0
2022-11-01 08:10:00,0,9.2,113.7,-3.9,20.0,0.5914146341463415,14.6,1649.9,-1.8,117.6,53.0,62.0,54.0,84.0,35.0,48.0
2022-11-01 08:20:00,0,9.7,111.4,-6.2,20.0,0.6673170731707317,14.6,1658.3,-1.6,117.6,56.0,62.0,54.0,84.0,35.0,48.0
2022-11-01 08:30:00,0,9.5,119.3,1.7000000000000002,20.0,0.652829268292683,14.6,1657.8,-1.7000000000000002,117.6,56.0,63.0,54.0,83.0,34.0,48.0
2022-11-01 08:40:00,0,8.6,123.3,5.7,20.0,0.4927804878048781,14.4,1625.6,-2.0,117.6,51.0,61.0,54.0,83.0,34.0,48.0
2022-11-01 08:50:00,0,8.2,120.6,2.9,20.0,0.4333170731707317,14.1,1592.8,-2.1,117.6,54.0,60.0,53.0,82.0,34.0,48.0
2022-11-01 09:00:00,0,7.4,101.2,-16.3,20.0,0.3191219512195122,13.6,1535.9,-2.1,117.6,55.0,59.0,53.0,80.0,34.0,48.0
2022-11-01 09:10:00,0,7.0,124.2,6.6,20.0,0.2621463414634146,13.0,1476.3,-2.0,117.6,55.0,59.0,52.0,78.0,34.0,48.0
2022-11-01 09:20:00,0,7.4,126.2,8.3,20.0,0.3259512195121951,13.5,1532.8,-2.1,118.0,54.0,58.0,51.0,76.0,34.0,48.0
2022-11-01 09:30:00,0,8.9,132.6,7.7,20.0,0.5444390243902438,14.4,1634.0,-1.9,125.0,56.0,60.0,51.0,76.0,34.0,48.0
2022-11-01 09:40:00,0,10.1,113.8,-11.1,20.0,0.7165365853658537,14.6,1653.3,-0.9,124.9,56.0,62.0,50.0,76.0,34.0,48.0
2022-11-01 09:50:00,0,10.9,112.7,-3.8,21.0,0.8630731707317073,14.7,1670.0,0.0,116.5,52.0,63.0,50.0,77.0,35.0,47.0
2022-11-01 10:00:00,0,11.2,113.6,-2.9,21.0,0.8639512195121951,14.7,1668.7,0.4,116.6,52.0,63.0,50.0,77.0,36.0,47.0
2022-11-01 10:10:00,0,10.2,128.0,0.9,21.0,0.7328780487804879,14.6,1652.4,-0.7000000000000001,127.1,51.0,62.0,51.0,76.0,35.0,47.0
2022-11-01 10:20:00,0,11.0,109.8,-17.2,21.0,0.844829268292683,14.7,1662.0,0.4,127.1,50.0,62.0,51.0,75.0,35.0,48.0
2022-11-01 10:30:00,0,11.0,111.8,-14.6,21.0,0.8450731707317074,14.7,1663.7,0.4,126.4,54.0,63.0,52.0,75.0,35.0,48.0
2022-11-01 10:40:00,0,11.8,123.2,-3.1,21.0,0.9306829268292685,14.8,1676.6,1.8,126.3,55.0,64.0,53.0,75.0,35.0,48.0
2022-11-01 10:50:00,0,11.9,108.4,-10.6,21.0,0.903658536585366,14.8,1674.3,1.8,119.0,52.0,64.0,53.0,76.0,36.0,48.0
2022-11-01 11:00:00,0,11.4,102.0,-17.0,22.0,0.9045365853658536,14.8,1671.8,1.1,119.0,52.0,64.0,54.0,78.0,36.0,48.0
2022-11-01 11:10:00,0,11.9,122.0,3.0,22.0,0.9393658536585366,14.8,1677.8,2.0,119.0,52.0,64.0,55.0,82.0,36.0,49.0
2022-11-01 11:20:00,0,11.8,121.2,2.2,22.0,0.9466341463414634,14.8,1676.5,1.8,119.0,52.0,64.0,55.0,85.0,36.0,49.0
2022-11-01 11:30:00,0,12.9,111.6,-7.4,22.0,0.9566829268292684,14.8,1679.0,3.9,119.0,52.0,64.0,56.0,86.0,37.0,50.0
2022-11-01 11:40:00,0,12.5,114.5,-4.5,22.0,0.9642439024390244,14.8,1680.6,3.5,119.0,52.0,64.0,56.0,87.0,37.0,50.0
2022-11-01 11:50:00,0,11.2,141.9,22.9,23.0,0.8337560975609757,14.7,1669.0,0.7000000000000001,119.0,52.0,64.0,57.0,88.0,37.0,51.0
2022-11-01 12:00:00,0,11.8,125.8,6.8,23.0,0.927121951219512,14.8,1676.9,1.5,119.0,51.0,64.0,57.0,89.0,37.0,51.0
2022-11-01 12:10:00,0,11.6,115.4,-3.6,23.0,0.8727317073170732,14.8,1673.8,1.1,119.0,51.0,64.0,58.0,89.0,38.0,51.0
2022-11-01 12:20:00,0,10.8,116.7,-10.3,23.0,0.813609756097561,14.7,1663.5,-0.4,127.0,51.0,63.0,58.0,90.0,37.0,51.0
2022-11-01 12:30:00,0,10.6,120.4,0.7000000000000001,23.0,0.8078536585365853,14.7,1668.2,-0.7000000000000001,119.7,51.0,63.0,59.0,89.0,37.0,51.0
2022-11-01 12:40:00,0,10.2,127.0,7.2,23.0,0.7232682926829268,14.5,1637.5,-0.4,119.7,51.0,63.0,59.0,89.0,38.0,51.0
2022-11-01 12:50:00,0,9.9,130.2,4.2,23.0,0.680829268292683,14.5,1640.2,-1.1,126.0,55.0,63.0,59.0,89.0,38.0,51.0
2022-11-01 13:00:00,0,10.9,134.6,8.6,23.0,0.8660487804878049,14.8,1672.0,-0.1,126.0,55.0,64.0,58.0,88.0,38.0,51.0
2022-11-01 13:10:00,0,11.0,143.1,17.0,23.0,0.843170731707317,14.7,1668.7,0.0,126.0,53.0,64.0,59.0,88.0,38.0,51.0
2022-11-01 13:20:00,0,11.0,117.2,-8.7,23.0,0.850390243902439,14.7,1667.7,0.1,126.0,52.0,64.0,59.0,88.0,38.0,51.0
2022-11-01 13:30:00,0,11.6,127.6,1.6,23.0,0.8962439024390244,14.8,1673.7,1.0,126.0,52.0,64.0,59.0,89.0,38.0,51.0
2022-11-01 13:40:00,0,10.9,112.7,-4.9,23.0,0.8178048780487804,14.7,1664.1,-0.1,117.6,52.0,64.0,59.0,89.0,38.0,51.0
2022-11-01 13:50:00,0,10.1,103.8,-20.8,24.0,0.7219024390243903,14.5,1644.2,-0.9,124.6,51.0,63.0,59.0,89.0,38.0,51.0
2022-11-01 14:00:00,0,11.4,132.8,8.1,23.0,0.8610243902439024,14.8,1672.2,0.1,124.6,51.0,64.0,59.0,89.0,38.0,51.0
2022-11-01 14:10:00,0,9.4,109.8,-14.9,24.0,0.6035121951219512,14.5,1641.1,-1.6,124.6,51.0,63.0,59.0,89.0,38.0,51.0
2022-11-01 14:20:00,0,10.1,110.5,-14.1,24.0,0.6811219512195121,14.7,1664.4,-1.3,124.6,51.0,62.0,59.0,88.0,38.0,51.0
2022-11-01 14:30:00,0,9.1,125.8,-6.2,24.0,0.5199512195121951,14.4,1633.7,-1.7000000000000002,132.0,53.0,62.0,59.0,87.0,37.0,51.0
2022-11-01 14:40:00,0,8.0,124.2,0.6000000000000001,24.0,0.3933658536585366,14.0,1584.1,-2.1,123.6,55.0,61.0,58.0,86.0,38.0,51.0
2022-11-01 14:50:00,0,7.5,131.1,7.6,24.0,0.3225365853658536,13.5,1526.8,-2.0,123.6,55.0,61.0,58.0,85.0,38.0,51.0
2022-11-01 15:00:00,0,8.5,104.5,-19.4,24.0,0.4713170731707317,14.2,1607.0,-2.0,123.9,56.0,61.0,57.0,83.0,37.0,51.0
2022-11-01 15:10:00,0,8.6,142.8,8.7,24.0,0.4881463414634147,14.4,1626.4,-2.1,134.1,56.0,63.0,56.0,82.0,37.0,51.0
2022-11-01 15:20:00,0,9.0,129.6,-4.5,24.0,0.5064390243902439,14.5,1639.7,-1.8,134.1,52.0,63.0,56.0,82.0,36.0,51.0
2022-11-01 15:30:00,0,8.5,119.2,-14.9,24.0,0.4662439024390243,14.3,1618.6,-2.1,134.1,51.0,61.0,55.0,81.0,37.0,51.0
2022-11-01 15:40:00,0,9.1,131.9,-2.2,24.0,0.516,14.6,1648.4,-2.0,134.1,53.0,61.0,55.0,80.0,37.0,51.0
2022-11-01 15:50:00,0,8.0,130.8,-3.3,24.0,0.3771219512195122,13.9,1579.5,-2.1,134.1,55.0,62.0,54.0,78.0,36.0,51.0
2022-11-01 16:00:00,0,8.0,116.3,-10.0,24.0,0.3990243902439024,14.0,1589.8,-2.2,126.4,56.0,62.0,54.0,75.0,36.0,51.0
2022-11-01 16:10:00,0,8.4,118.3,-8.1,24.0,0.4526829268292683,14.2,1612.2,-2.1,126.4,57.0,62.0,53.0,73.0,35.0,51.0
2022-11-01 16:20:00,0,8.3,106.8,-19.6,24.0,0.436,14.1,1602.2,-2.1,126.4,55.0,62.0,53.0,72.0,36.0,51.0
2022-11-01 16:30:00,0,8.7,131.8,5.4,24.0,0.4904878048780487,14.4,1628.1,-2.0,126.4,51.0,62.0,53.0,71.0,36.0,51.0
2022-11-01 16:40:00,0,8.4,127.7,1.3,24.0,0.4562926829268292,14.2,1607.2,-2.1,126.4,51.0,61.0,52.0,70.0,36.0,51.0
2022-11-01 16:50:00,0,7.3,101.3,-25.1,24.0,0.3199512195121951,13.3,1511.0,-2.0,126.4,54.0,60.0,52.0,68.0,36.0,50.0
2022-11-01 17:00:00,0,7.8,126.0,-0.4,23.0,0.3669268292682927,13.7,1549.1,-2.0,126.4,55.0,60.0,52.0,66.0,37.0,50.0
2022-11-01 17:10:00,0,9.0,109.1,-17.2,23.0,0.5291707317073171,14.4,1636.4,-1.9,126.4,56.0,62.0,51.0,66.0,36.0,50.0
2022-11-01 17:20:00,0,8.6,108.0,-18.4,23.0,0.4787317073170731,14.2,1607.7,-1.9,126.4,55.0,63.0,51.0,66.0,36.0,50.0
2022-11-01 17:30:00,0,8.3,128.0,1.6,23.0,0.4411219512195122,14.2,1608.2,-2.1,126.4,51.0,61.0,51.0,65.0,35.0,50.0
2022-11-01 17:40:00,0,8.7,136.9,10.6,23.0,0.4773170731707317,14.3,1620.8,-1.9,126.4,53.0,61.0,51.0,64.0,35.0,50.0
2022-11-01 17:50:00,0,8.6,130.3,3.9,23.0,0.498390243902439,14.3,1618.2,-2.0,126.4,56.0,62.0,51.0,63.0,35.0,50.0
2022-11-01 18:00:00,0,7.4,116.5,-9.9,22.0,0.3267317073170731,13.5,1529.3,-2.0,126.4,56.0,61.0,51.0,61.0,35.0,50.0
2022-11-01 18:10:00,0,8.7,103.0,-23.4,22.0,0.4556585365853658,14.4,1627.9,-2.0,126.4,56.0,61.0,50.0,60.0,35.0,50.0
2022-11-01 18:20:00,0,8.4,120.1,-6.2,22.0,0.4306829268292683,14.4,1626.1,-2.2,126.4,54.0,62.0,50.0,59.0,35.0,50.0
2022-11-01 18:30:00,0,8.9,116.3,-10.1,22.0,0.4993658536585366,14.5,1644.8,-2.0,126.4,51.0,61.0,50.0,58.0,35.0,49.0
2022-11-01 18:40:00,0,8.9,127.2,0.8,21.0,0.4961951219512195,14.6,1648.8,-2.0,126.4,55.0,61.0,50.0,58.0,35.0,49.0
2022-11-01 18:50:00,0,9.0,130.7,4.3,21.0,0.5507317073170732,14.5,1647.9,-2.0,126.4,56.0,62.0,50.0,57.0,35.0,49.0
2022-11-01 19:00:00,0,9.7,118.1,-8.3,21.0,0.6655609756097561,14.7,1661.0,-1.5,126.4,55.0,63.0,49.0,57.0,36.0,49.0
2022-11-01 19:10:00,0,9.7,114.2,-12.1,21.0,0.6616585365853659,14.7,1664.0,-1.6,126.4,52.0,62.0,50.0,57.0,35.0,49.0
2022-11-01 19:20:00,0,9.2,128.2,1.8,21.0,0.597170731707317,14.6,1654.3,-1.9,126.4,52.0,61.0,50.0,57.0,35.0,49.0
2022-11-01 19:30:00,0,9.4,118.2,-8.1,21.0,0.6467317073170732,14.5,1648.1,-1.7000000000000002,126.4,56.0,62.0,50.0,57.0,34.0,49.0
2022-11-01 19:40:00,0,8.8,129.7,3.3,20.0,0.5170243902439025,14.4,1632.5,-2.0,126.4,57.0,62.0,50.0,57.0,34.0,48.0
2022-11-01 19:50:00,0,8.4,107.0,-19.3,20.0,0.464780487804878,14.3,1618.0,-2.1,126.4,57.0,62.0,50.0,57.0,34.0,48.0
2022-11-01 20:00:00,0,8.5,106.8,-19.6,20.0,0.4637560975609756,14.3,1622.3,-2.1,126.4,52.0,61.0,50.0,56.0,34.0,48.0
2022-11-01 20:10:00,0,8.4,122.6,-3.8,20.0,0.4736097560975609,14.2,1613.5,-2.1,126.4,53.0,60.0,49.0,56.0,34.0,48.0
2022-11-01 20:20:00,0,9.0,131.7,5.3,20.0,0.5567317073170731,14.6,1649.7,-2.0,126.4,56.0,61.0,49.0,55.0,34.0,48.0
2022-11-01 20:30:00,0,9.2,133.7,7.3,20.0,0.595170731707317,14.6,1654.9,-1.9,126.4,56.0,62.0,49.0,55.0,34.0,48.0
2022-11-01 20:40:00,0,8.9,124.0,-2.3,20.0,0.5576097560975609,14.4,1636.6,-2.0,126.4,51.0,61.0,49.0,55.0,35.0,48.0
2022-11-01 20:50:00,0,9.5,114.2,-12.1,20.0,0.6070731707317073,14.7,1660.0,-1.8,126.4,52.0,61.0,49.0,55.0,35.0,48.0
2022-11-01 21:00:00,0,9.3,127.2,0.8,20.0,0.5737073170731707,14.6,1653.8,-1.9,126.4,56.0,62.0,49.0,55.0,34.0,48.0
2022-11-01 21:10:00,0,8.5,130.7,4.3,20.0,0.4525853658536585,14.4,1628.7,-2.2,126.4,56.0,61.0,49.0,55.0,33.0,48.0
2022-11-01 21:20:00,0,9.1,116.6,-9.7,20.0,0.5611707317073171,14.6,1650.5,-2.0,126.4,56.0,62.0,49.0,55.0,33.0,48.0
2022-11-01 21:30:00,0,10.1,118.1,-8.3,20.0,0.7120975609756097,14.7,1663.0,-1.3,126.4,51.0,62.0,49.0,55.0,34.0,48.0
2022-11-01 21:40:00,0,10.8,123.9,-2.4,20.0,0.7847317073170732,14.7,1670.8,-0.6000000000000001,126.4,51.0,62.0,49.0,56.0,34.0,48.0
2022-11-01 21:50:00,0,10.5,124.7,-1.7000000000000002,21.0,0.7504878048780488,14.7,1664.1,-0.8,126.4,51.0,62.0,50.0,56.0,35.0,47.0
2022-11-01 22:00:00,0,9.8,128.6,2.3,21.0,0.6103414634146341,14.6,1658.3,-1.5,126.4,55.0,62.0,50.0,57.0,35.0,47.0
2022-11-01 22:10:00,0,5.6,120.9,-5.5,20.0,0.1455121951219512,12.1,1369.5,-1.2,126.3,54.0,59.0,50.0,57.0,33.0,47.0
2022-11-01 22:20:00,0,2.3,167.7,49.4,19.0,-0.013560975609756,2.0,289.0,22.5,118.3,52.0,51.0,49.0,57.0,32.0,47.0
2022-11-01 22:30:00,0,4.0,140.8,27.1,19.0,0.0361951219512195,8.7,993.6,5.2,113.8,51.0,49.0,47.0,55.0,32.0,47.0
2022-11-01 22:40:00,0,5.1,119.7,-1.0,20.0,0.0957560975609756,11.2,1271.3,-1.1,120.7,51.0,51.0,47.0,52.0,32.0,47.0
2022-11-01 22:50:00,0,4.9,116.5,-4.2,20.0,0.0802439024390243,11.1,1262.4,-1.0,120.7,50.0,52.0,46.0,51.0,32.0,47.0
2022-11-01 23:00:00,0,5.9,130.3,9.5,20.0,0.1693170731707317,11.8,1335.7,-1.7000000000000002,120.7,50.0,53.0,45.0,49.0,32.0,47.0
2022-11-01 23:10:00,0,6.8,133.9,13.1,20.0,0.2638048780487804,12.8,1453.1,-2.0,120.7,51.0,55.0,45.0,49.0,32.0,47.0
2022-11-01 23:20:00,0,6.6,122.9,2.1,20.0,0.2262439024390244,12.6,1431.5,-1.9,120.8,51.0,55.0,45.0,48.0,32.0,47.0
2022-11-01 23:30:00,0,7.4,135.0,6.5,20.0,0.2930731707317073,13.5,1534.9,-2.1,128.5,52.0,56.0,45.0,48.0,32.0,47.0
2022-11-01 23:40:00,0,7.8,120.1,-8.4,20.0,0.3570243902439024,14.0,1583.3,-2.2,128.5,53.0,58.0,44.0,48.0,32.0,47.0
2022-11-01 23:50:00,0,7.7,126.8,4.6,20.0,0.3661463414634146,13.8,1566.2,-2.2,122.2,53.0,58.0,44.0,48.0,32.0,47.0
2022-11-02 00:00:00,0,7.2,114.8,-7.4,20.0,0.2937073170731707,13.3,1509.6,-2.1,122.2,53.0,58.0,44.0,48.0,32.0,47.0
2022-11-02 00:10:00,0,6.4,112.3,-9.8,20.0,0.1995609756097561,12.4,1401.2,-1.9,122.2,53.0,57.0,44.0,48.0,32.0,46.0
2022-11-02 00:20:00,0,5.4,123.5,1.3,20.0,0.118780487804878,11.5,1304.2,-1.4,122.2,52.0,55.0,44.0,47.0,32.0,46.0
2022-11-02 00:30:00,0,4.6,130.7,8.5,19.0,0.0546341463414634,11.1,1254.6,-0.8,122.1,51.0,52.0,43.0,46.0,31.0,46.0
2022-11-02 00:40:00,0,4.0,111.3,-3.4,19.0,0.024390243902439,11.0,1250.1,-0.1,114.8,49.0,50.0,43.0,45.0,31.0,46.0
2022-11-02 00:50:00,0,4.8,113.1,-9.0,20.0,0.067170731707317,11.1,1260.4,-0.9,122.2,49.0,50.0,42.0,45.0,31.0,46.0
2022-11-02 01:00:00,0,5.3,129.8,7.6,20.0,0.106,11.4,1286.7,-1.3,122.2,49.0,52.0,42.0,44.0,31.0,46.0
2022-11-02 01:10:00,0,4.2,93.7,-28.4,19.0,0.0296097560975609,11.0,1249.4,-0.3,122.2,48.0,50.0,41.0,43.0,30.0,46.0
2022-11-02 01:20:00,0,4.4,138.1,15.9,19.0,0.034780487804878,11.0,1251.2,-0.5,122.2,47.0,49.0,41.0,43.0,30.0,46.0
2022-11-02 01:30:00,0,4.8,115.6,-6.5,19.0,0.0710243902439024,11.2,1266.7,-1.0,122.2,47.0,49.0,41.0,43.0,30.0,46.0
2022-11-02 01:40:00,0,4.7,106.8,-15.4,19.0,0.0615121951219512,11.1,1257.7,-0.8,122.2,47.0,50.0,41.0,42.0,30.0,46.0
2022-11-02 01:50:00,0,4.6,127.3,5.1,19.0,0.0570731707317073,11.1,1255.0,-0.8,122.2,46.0,49.0,41.0,42.0,30.0,46.0
2022-11-02 02:00:00,0,4.1,112.7,-9.4,19.0,0.0358536585365853,11.0,1250.2,-0.3,122.2,46.0,49.0,40.0,42.0,30.0,46.0
2022-11-02 02:10:00,0,5.0,110.2,-11.9,19.0,0.0717560975609756,11.3,1276.7,-1.0,122.1,45.0,48.0,40.0,42.0,30.0,46.0
2022-11-02 02:20:00,0,4.9,115.7,-0.5,19.0,0.078390243902439,11.2,1267.0,-1.0,116.2,46.0,50.0,40.0,42.0,30.0,46.0
2022-11-02 02:30:00,0,4.2,121.4,5.2,19.0,0.0317073170731707,11.0,1249.5,-0.4,116.2,45.0,48.0,40.0,41.0,30.0,46.0
2022-11-02 02:40:00,0,4.1,106.1,-8.0,19.0,0.0279512195121951,11.0,1248.6,-0.2,114.1,45.0,47.0,40.0,41.0,30.0,46.0
2022-11-02 02:50:00,0,3.8,107.7,-2.8,19.0,0.0056585365853658,9.2,1048.7,7.2,110.6,44.0,47.0,40.0,41.0,30.0,46.0
2022-11-02 03:00:00,0,4.3,106.1,7.1,19.0,0.0401951219512195,11.0,1249.8,-0.5,99.1,44.0,46.0,40.0,41.0,30.0,45.0
2022-11-02 03:10:00,0,4.2,118.7,3.6,19.0,0.0288292682926829,11.0,1249.7,-0.4,115.1,44.0,46.0,40.0,41.0,29.0,45.0
2022-11-02 03:20:00,0,4.3,92.8,-15.6,19.0,0.0358048780487804,11.0,1249.2,-0.5,108.5,43.0,46.0,39.0,41.0,29.0,46.0
2022-11-02 03:30:00,0,4.2,105.0,-0.7000000000000001,19.0,0.0308292682926829,11.0,1249.3,-0.4,105.7,43.0,46.0,39.0,41.0,29.0,46.0
2022-11-02 03:40:00,0,4.1,123.9,18.2,19.0,0.0242439024390243,11.0,1250.0,0.1,105.7,43.0,46.0,39.0,40.0,29.0,46.0
2022-11-02 03:50:00,0,4.3,121.8,16.1,19.0,0.0415121951219512,11.1,1253.2,-0.4,105.7,43.0,46.0,39.0,40.0,29.0,46.0
2022-11-02 04:00:00,0,4.0,96.0,-18.7,19.0,0.0201463414634146,11.0,1249.1,-0.2,114.8,43.0,46.0,39.0,40.0,29.0,46.0
2022-11-02 04:10:00,0,3.7,113.5,4.6,19.0,0.01,10.6,1196.0,3.6,108.8,42.0,45.0,39.0,40.0,29.0,46.0
2022-11-02 04:20:00,0,3.1,97.1,-10.7,19.0,-0.0104390243902439,1.6,187.5,44.1,107.8,42.0,44.0,39.0,40.0,28.0,45.0
2022-11-02 04:30:00,0,4.4,112.3,2.4,19.0,0.0390243902439024,10.8,1221.2,-0.5,109.9,42.0,45.0,37.0,40.0,29.0,45.0
2022-11-02 04:40:00,0,4.0,133.3,23.4,19.0,0.0205853658536585,11.0,1248.8,-0.2,109.9,42.0,46.0,37.0,39.0,29.0,45.0
2022-11-02 04:50:00,0,3.8,74.5,-26.6,19.0,0.0199024390243902,11.0,1249.1,0.0,101.1,42.0,46.0,36.0,39.0,29.0,45.0
2022-11-02 05:00:00,0,4.1,87.4,-13.8,19.0,0.0364878048780487,11.0,1250.7,0.2,101.1,42.0,46.0,36.0,39.0,29.0,45.0
2022-11-02 05:10:00,0,4.2,119.4,7.7,19.0,0.0428292682926829,11.0,1250.7,-0.3,111.7,42.0,47.0,35.0,39.0,29.0,45.0
2022-11-02 05:20:00,0,3.4,123.5,11.8,19.0,0.004,9.8,1111.7,4.2,111.6,42.0,45.0,35.0,39.0,28.0,45.0
2022-11-02 05:30:00,0,4.0,120.8,18.2,19.0,0.0306829268292682,11.0,1248.9,-0.1,102.5,42.0,46.0,35.0,38.0,28.0,45.0
2022-11-02 05:40:00,0,3.3,101.0,-1.5,19.0,-0.0013658536585365,7.2,817.2,12.2,102.5,42.0,45.0,35.0,38.0,28.0,45.0
2022-11-02 05:50:00,0,3.2,129.2,31.5,19.0,-0.0068780487804878,5.7,649.6,15.6,97.6,41.0,44.0,34.0,38.0,28.0,45.0
2022-11-02 06:00:00,0,3.9,92.0,2.0,19.0,0.0162926829268292,7.9,901.8,8.1,89.9,41.0,44.0,33.0,38.0,28.0,45.0
2022-11-02 06:10:00,0,4.5,109.8,3.1,19.0,0.0520975609756097,11.1,1253.0,-0.7000000000000001,106.7,42.0,46.0,33.0,37.0,29.0,45.0
2022-11-02 06:20:00,0,4.0,109.5,2.7,19.0,0.0351219512195122,11.0,1241.4,0.6000000000000001,106.8,42.0,47.0,34.0,37.0,29.0,45.0
2022-11-02 06:30:00,0,2.3,133.7,18.5,19.0,-0.0054146341463414,1.6,207.3,24.2,115.2,42.0,44.0,34.0,37.0,28.0,45.0
2022-11-02 06:40:00,0,3.1,114.6,-0.6000000000000001,19.0,-0.003560975609756,3.5,401.8,19.9,115.2,41.0,43.0,33.0,37.0,28.0,46.0
2022-11-02 06:50:00,0,3.9,116.2,-8.8,19.0,0.0293170731707317,11.1,1251.9,0.1,125.0,42.0,45.0,33.0,36.0,28.0,46.0
2022-11-02 07:00:00,0,2.4,101.9,-23.0,19.0,-0.0056097560975609,2.9,323.3,22.5,124.9,41.0,44.0,33.0,36.0,28.0,46.0
2022-11-02 07:10:00,0,2.4,101.7,-7.9,19.0,-0.0054146341463414,1.5,216.6,24.0,109.6,41.0,42.0,32.0,36.0,28.0,46.0
2022-11-02 07:20:00,0,3.1,127.2,2.6,19.0,-0.0023414634146341,6.8,767.5,11.8,124.6,41.0,43.0,32.0,35.0,28.0,46.0
2022-11-02 07:30:00,0,2.9,158.9,33.3,19.0,-0.0053658536585365,2.1,241.1,24.0,125.6,41.0,42.0,32.0,35.0,27.0,46.0
2022-11-02 07:40:00,0,3.4,122.5,6.6,19.0,-0.003560975609756,6.6,752.2,13.0,115.9,41.0,42.0,31.0,34.0,27.0,46.0
2022-11-02 07:50:00,0,3.1,96.1,-19.7,19.0,-0.0053658536585365,2.4,271.2,24.0,115.9,41.0,42.0,31.0,33.0,27.0,46.0
2022-11-02 08:00:00,0,2.8,134.1,25.2,19.0,-0.0055121951219512,2.6,298.3,21.4,108.9,40.0,41.0,30.0,33.0,27.0,46.0
2022-11-02 08:10:00,0,3.6,112.4,-9.1,19.0,0.0054146341463414,10.1,1138.8,3.2,121.5,41.0,43.0,30.0,32.0,27.0,46.0
2022-11-02 08:20:00,0,4.4,128.9,6.0,19.0,0.0415609756097561,11.0,1250.9,-0.6000000000000001,122.9,42.0,46.0,31.0,32.0,27.0,46.0
2022-11-02 08:30:00,0,5.0,121.1,-1.8,19.0,0.0837073170731707,11.2,1270.5,-1.1,122.9,42.0,48.0,31.0,32.0,28.0,46.0
2022-11-02 08:40:00,0,5.0,111.5,-11.4,19.0,0.0874634146341463,11.2,1270.2,-1.1,122.9,43.0,48.0,32.0,33.0,28.0,46.0
2022-11-02 08:50:00,0,5.0,118.3,-4.5,19.0,0.0940487804878048,11.2,1270.7,-1.1,122.9,43.0,48.0,33.0,34.0,28.0,46.0
2022-11-02 09:00:00,0,4.8,139.2,16.3,19.0,0.0835121951219512,11.2,1269.8,-0.9,122.8,43.0,48.0,33.0,35.0,29.0,46.0
2022-11-02 09:10:00,0,4.4,96.8,-18.3,20.0,0.0620487804878048,11.1,1256.4,-0.6000000000000001,115.2,43.0,48.0,34.0,35.0,29.0,46.0
2022-11-02 09:20:00,0,3.5,116.9,1.7000000000000002,20.0,0.0128780487804878,10.0,1137.9,2.9,115.2,42.0,46.0,34.0,36.0,28.0,46.0
2022-11-02 09:30:00,0,3.5,116.1,3.0,20.0,0.0096097560975609,9.0,1019.9,7.4,113.1,42.0,45.0,34.0,36.0,29.0,46.0
2022-11-02 09:40:00,0,2.6,128.0,10.4,20.0,-0.0054146341463414,1.8,220.4,24.0,117.6,41.0,44.0,34.0,37.0,28.0,46.0
2022-11-02 09:50:00,0,4.0,86.3,-27.1,20.0,0.0321951219512195,9.7,1106.7,2.8,113.4,42.0,44.0,34.0,37.0,29.0,46.0
2022-11-02 10:00:00,0,4.0,111.8,-10.7,21.0,0.0339024390243902,11.0,1250.4,-0.2,122.5,42.0,46.0,34.0,37.0,29.0,46.0
2022-11-02 10:10:00,0,3.0,79.1,-43.1,21.0,-0.0058536585365853,3.6,406.3,20.6,122.1,42.0,45.0,34.0,37.0,29.0,46.0
2022-11-02 10:20:00,0,3.2,92.5,-15.6,21.0,-0.0053658536585365,2.3,265.3,24.0,108.2,41.0,43.0,34.0,37.0,29.0,47.0
2022-11-02 10:30:00,0,3.4,107.7,-9.5,22.0,0.0019512195121951,6.8,773.9,12.1,117.2,41.0,43.0,33.0,36.0,29.0,47.0
2022-11-02 10:40:00,0,4.5,129.8,19.9,22.0,0.0530243902439024,11.0,1243.9,-0.4,109.9,42.0,46.0,34.0,36.0,29.0,46.0
2022-11-02 10:50:00,0,3.0,116.7,6.4,22.0,-0.002,6.3,718.0,12.8,110.3,42.0,45.0,34.0,36.0,29.0,46.0
2022-11-02 11:00:00,0,3.9,133.8,3.3,22.0,0.0353658536585365,11.1,1252.9,0.0,130.6,42.0,46.0,34.0,36.0,30.0,47.0
2022-11-02 11:10:00,0,4.3,162.6,37.7,23.0,0.0508780487804878,11.1,1261.6,-0.2,125.0,42.0,47.0,35.0,36.0,30.0,47.0
2022-11-02 11:20:00,0,4.3,126.3,-1.8,23.0,0.0559024390243902,11.1,1259.9,-0.5,128.1,43.0,48.0,35.0,37.0,30.0,47.0
2022-11-02 11:30:00,0,5.4,152.3,22.8,23.0,0.1167317073170731,11.4,1295.8,-1.4,129.5,44.0,49.0,36.0,38.0,31.0,47.0
2022-11-02 11:40:00,0,5.5,146.2,24.0,23.0,0.1200975609756097,11.3,1285.6,-1.5,122.2,44.0,50.0,36.0,39.0,31.0,47.0
2022-11-02 11:50:00,0,4.3,152.3,22.0,23.0,0.0573170731707317,11.1,1253.5,-0.5,130.2,44.0,49.0,37.0,39.0,31.0,47.0
2022-11-02 12:00:00,0,5.1,122.5,-3.8,24.0,0.0985853658536585,11.3,1280.3,-1.1,126.4,44.0,49.0,37.0,40.0,32.0,48.0
2022-11-02 12:10:00,0,4.6,140.7,12.9,24.0,0.0708292682926829,11.1,1256.2,-0.7000000000000001,127.8,44.0,49.0,38.0,41.0,32.0,48.0
2022-11-02 12:20:00,0,4.8,108.6,-19.1,24.0,0.0742926829268292,11.1,1257.9,-0.9,127.8,44.0,49.0,38.0,41.0,32.0,48.0
2022-11-02 12:30:00,0,4.6,124.2,-5.0,24.0,0.0664390243902438,11.1,1256.9,-0.7000000000000001,129.1,44.0,49.0,39.0,42.0,32.0,48.0
2022-11-02 12:40:00,0,4.2,117.8,0.5,24.0,0.0497560975609756,11.1,1252.5,-0.2,117.3,44.0,49.0,39.0,43.0,33.0,48.0
2022-11-02 12:50:00,0,4.2,106.6,-22.6,25.0,0.0410243902439024,11.0,1246.8,-0.2,129.2,44.0,48.0,40.0,43.0,33.0,48.0
2022-11-02 13:00:00,0,4.0,131.1,2.6,25.0,0.0388780487804878,11.1,1253.8,0.0,128.5,44.0,48.0,40.0,43.0,33.0,48.0
2022-11-02 13:10:00,0,4.1,134.2,9.9,25.0,0.0506829268292682,11.1,1253.0,-0.3,124.3,44.0,49.0,40.0,44.0,33.0,49.0
2022-11-02 13:20:00,0,4.5,110.4,-25.4,25.0,0.0588292682926829,11.1,1260.0,-0.6000000000000001,135.8,44.0,49.0,41.0,44.0,34.0,49.0
2022-11-02 13:30:00,0,5.2,114.5,-16.8,25.0,0.108,11.3,1282.4,-1.3,131.3,45.0,50.0,41.0,44.0,34.0,49.0
2022-11-02 13:40:00,0,4.5,142.9,8.1,25.0,0.0601951219512195,11.1,1255.5,-0.7000000000000001,134.8,45.0,50.0,41.0,45.0,33.0,49.0
2022-11-02 13:50:00,0,3.9,162.0,26.5,26.0,0.0314634146341463,11.1,1253.1,0.0,135.5,45.0,49.0,40.0,45.0,33.0,49.0
2022-11-02 14:00:00,0,4.4,137.1,-2.2,26.0,0.0437560975609756,11.1,1251.7,-0.5,139.3,45.0,49.0,40.0,45.0,34.0,49.0
2022-11-02 14:10:00,0,4.0,141.0,19.9,26.0,0.0328780487804878,11.0,1250.8,0.1,121.1,45.0,49.0,40.0,45.0,34.0,49.0
2022-11-02 14:20:00,0,3.7,129.5,-10.9,26.0,0.016390243902439,10.9,1237.2,0.3,140.4,44.0,48.0,40.0,45.0,34.0,49.0
2022-11-02 14:30:00,0,3.0,162.3,-11.4,26.0,-0.0010731707317073,4.5,562.1,15.1,173.6,44.0,46.0,40.0,45.0,34.0,49.0
2022-11-02 14:40:00,0,3.2,156.4,-1.5,26.0,0.0017073170731707,11.0,1248.0,1.3,157.9,44.0,46.0,40.0,44.0,34.0,49.0
2022-11-02 14:50:00,0,3.1,164.4,8.6,26.0,-0.0040975609756097,8.5,957.4,8.5,155.8,43.0,46.0,40.0,44.0,34.0,49.0
2022-11-02 15:00:00,0,3.7,152.5,-18.0,26.0,0.0142926829268292,10.3,1164.3,2.0,170.5,43.0,46.0,39.0,44.0,34.0,49.0
2022-11-02 15:10:00,0,3.5,164.0,-3.3,26.0,0.0144390243902439,11.0,1248.8,0.3,167.4,43.0,47.0,39.0,43.0,34.0,49.0
2022-11-02 15:20:00,0,3.6,192.1,19.8,26.0,0.0065853658536585,9.8,1112.1,5.0,172.3,43.0,47.0,39.0,43.0,34.0,49.0
2022-11-02 15:30:00,0,3.6,174.0,9.8,26.0,0.0075121951219512,9.9,1126.4,4.6,164.2,43.0,47.0,39.0,43.0,34.0,49.0
2022-11-02 15:40:00,0,2.8,220.1,52.8,26.0,-0.0078048780487804,1.9,223.1,24.0,167.4,43.0,45.0,39.0,43.0,33.0,49.0
2022-11-02 15:50:00,0,3.2,173.8,14.4,26.0,-0.0022439024390243,7.5,855.4,9.1,159.4,43.0,45.0,38.0,43.0,34.0,50.0
2022-11-02 16:00:00,0,2.9,215.3,10.7,26.0,-0.0076585365853658,1.7000000000000002,233.7,24.0,204.6,42.0,44.0,38.0,42.0,33.0,50.0
2022-11-02 16:10:00,0,3.2,205.1,-19.7,26.0,-0.0066341463414634,2.3,259.6,24.0,224.9,42.0,43.0,37.0,41.0,33.0,50.0
2022-11-02 16:20:00,0,3.1,238.7,4.4,26.0,-0.0047317073170731,3.8,435.8,18.4,234.3,42.0,42.0,37.0,41.0,33.0,50.0
2022-11-02 16:30:00,0,2.9,217.9,4.6,26.0,-0.0057560975609756,3.6,412.8,21.4,213.3,42.0,44.0,36.0,40.0,33.0,50.0
2022-11-02 16:40:00,0,2.8,238.7,51.3,26.0,-0.0056097560975609,1.8,222.0,24.0,187.4,42.0,43.0,36.0,39.0,33.0,51.0
2022-11-02 16:50:00,0,2.8,194.5,2.6,26.0,-0.0053658536585365,2.0,225.0,24.0,191.9,41.0,42.0,36.0,39.0,33.0,51.0
2022-11-02 17:00:00,0,2.2,229.8,27.0,26.0,-0.0052682926829268,1.1,173.2,24.0,202.8,41.0,42.0,35.0,38.0,33.0,51.0
2022-11-02 17:10:00,0,2.2,253.4,50.6,26.0,-0.0053170731707317,0.6000000000000001,158.8,24.0,202.8,41.0,41.0,35.0,37.0,33.0,52.0
2022-11-02 17:20:00,0,1.9,230.9,28.1,26.0,-0.0050243902439024,0.0,130.0,24.0,202.8,41.0,41.0,35.0,37.0,32.0,52.0
2022-11-02 17:30:00,0,2.5,173.1,-29.6,26.0,-0.0038048780487804,1.3,186.2,24.0,202.8,41.0,41.0,34.0,36.0,33.0,52.0
2022-11-02 17:40:00,0,2.7,194.8,-8.0,25.0,-0.0038536585365853,2.0,222.6,24.0,202.8,41.0,41.0,34.0,36.0,34.0,53.0
2022-11-02 17:50:00,0,2.5,225.7,29.2,25.0,-0.0041951219512195,1.8,199.8,24.0,196.5,41.0,41.0,34.0,35.0,34.0,50.0
2022-11-02 18:00:00,0,1.9,200.0,3.5,25.0,-0.004,0.1,144.4,24.0,196.5,41.0,41.0,34.0,35.0,34.0,44.0
2022-11-02 18:10:00,0,1.6,227.6,31.1,25.0,-0.0038048780487804,0.0,105.2,24.0,196.5,41.0,40.0,34.0,35.0,34.0,44.0
2022-11-02 18:20:00,0,1.2,215.3,18.8,25.0,-0.0036585365853658,0.0,51.7,24.0,196.5,40.0,40.0,34.0,35.0,34.0,46.0
2022-11-02 18:30:00,0,0.9,245.5,49.0,25.0,-0.0036585365853658,0.0,0.0,24.0,196.5,40.0,40.0,34.0,35.0,34.0,47.0
2022-11-02 18:40:00,0,1.4,258.5,62.0,25.0,-0.0036097560975609,0.0,0.0,24.0,196.5,40.0,39.0,34.0,34.0,34.0,48.0
2022-11-02 18:50:00,0,1.8,281.7,85.2,24.0,-0.0036585365853658,0.0,0.0,24.0,196.5,40.0,39.0,33.0,34.0,33.0,49.0
2022-11-02 19:00:00,0,1.5,275.3,78.9,24.0,-0.0036585365853658,0.0,0.0,24.0,196.5,39.0,38.0,33.0,34.0,33.0,50.0
2022-11-02 19:10:00,0,1.4,352.1,155.6,24.0,-0.0036585365853658,0.0,0.0,24.0,196.5,39.0,38.0,33.0,34.0,33.0,50.0
2022-11-02 19:20:00,0,1.9,54.4,-142.0,23.0,-0.0036585365853658,0.0,0.0,24.0,196.5,39.0,38.0,33.0,33.0,33.0,51.0
2022-11-02 19:30:00,0,2.5,85.0,-111.4,23.0,-0.0051219512195121,0.0,0.0,24.0,196.5,38.0,37.0,32.0,33.0,32.0,51.0
2022-11-02 19:40:00,0,2.6,89.3,-107.2,23.0,-0.004390243902439,0.0,0.0,24.0,196.5,38.0,37.0,32.0,33.0,31.0,51.0
2022-11-02 19:50:00,0,2.7,159.6,-36.8,22.0,-0.0041951219512195,0.0,0.3,24.0,196.4,38.0,37.0,32.0,32.0,32.0,52.0
2022-11-02 20:00:00,0,3.0,92.0,-64.4,22.0,-0.0046829268292682,1.7000000000000002,207.5,24.0,156.4,39.0,37.0,32.0,32.0,32.0,52.0
2022-11-02 20:10:00,0,2.8,47.9,-31.5,22.0,-0.0042439024390243,2.1,239.6,24.0,79.4,39.0,38.0,31.0,32.0,31.0,52.0
2022-11-02 20:20:00,0,4.1,64.7,-23.4,22.0,0.0392682926829268,8.5,970.4,6.0,88.2,40.0,41.0,31.0,32.0,31.0,52.0
2022-11-02 20:30:00,0,3.4,91.9,3.7,22.0,0.0199512195121951,11.0,1248.8,0.4,88.2,41.0,46.0,32.0,33.0,31.0,52.0
2022-11-02 20:40:00,0,3.4,102.5,14.3,22.0,0.0161951219512195,11.0,1248.5,0.5,88.2,42.0,47.0,34.0,34.0,31.0,52.0
2022-11-02 20:50:00,0,2.7,72.9,-15.3,21.0,-0.0029268292682926,6.5,727.8,13.9,88.1,41.0,46.0,35.0,35.0,31.0,52.0
2022-11-02 21:00:00,0,2.5,64.3,-9.1,21.0,-0.0040487804878048,2.0,228.8,24.0,73.4,41.0,44.0,35.0,35.0,31.0,52.0
2022-11-02 21:10:00,0,2.9,81.0,7.6,21.0,-0.0041463414634146,2.1,240.6,24.0,73.4,40.0,43.0,35.0,35.0,31.0,52.0
2022-11-02 21:20:00,0,2.6,84.8,5.3,21.0,-0.0040975609756097,1.9,210.6,24.0,79.4,40.0,42.0,35.0,35.0,31.0,52.0
2022-11-02 21:30:00,0,2.8,68.9,-10.5,21.0,-0.0041951219512195,2.0,223.2,24.0,79.4,40.0,41.0,35.0,35.0,31.0,52.0
2022-11-02 21:40:00,0,2.4,91.4,3.6,20.0,-0.0040975609756097,1.1,179.3,24.0,87.8,40.0,41.0,35.0,35.0,30.0,52.0
2022-11-02 21:50:00,0,2.7,79.4,-8.4,20.0,-0.0042439024390243,1.4,193.9,24.0,87.8,40.0,40.0,35.0,35.0,30.0,52.0
2022-11-02 22:00:00,0,2.6,92.4,5.6,21.0,-0.0041463414634146,1.7000000000000002,193.0,24.0,86.8,40.0,40.0,35.0,35.0,30.0,52.0
2022-11-02 22:10:00,0,2.7,55.0,-31.7,20.0,-0.0042926829268292,1.8,199.0,24.0,86.7,39.0,40.0,35.0,35.0,30.0,52.0
2022-11-02 22:20:00,0,2.6,89.5,26.2,20.0,-0.0040975609756097,1.8,200.9,24.0,63.3,39.0,39.0,34.0,35.0,30.0,52.0
2022-11-02 22:30:00,0,2.6,64.8,1.5,20.0,-0.0040975609756097,1.7000000000000002,193.6,24.0,63.3,39.0,39.0,34.0,35.0,29.0,52.0
2022-11-02 22:40:00,0,2.6,82.0,18.7,20.0,-0.0040975609756097,1.7000000000000002,197.2,24.0,63.3,39.0,39.0,34.0,34.0,29.0,52.0
2022-11-02 22:50:00,0,3.0,98.1,34.8,20.0,-0.0040975609756097,2.2,248.2,24.0,63.3,39.0,39.0,34.0,34.0,29.0,52.0
2022-11-02 23:00:00,0,3.5,73.6,-14.9,21.0,0.0036585365853658,4.4,498.0,18.3,88.5,39.0,39.0,34.0,34.0,29.0,52.0
2022-11-02 23:10:00,0,3.2,114.1,18.2,21.0,0.01,10.5,1191.1,2.9,95.8,40.0,43.0,34.0,34.0,29.0,52.0
2022-11-02 23:20:00,0,3.3,99.8,20.8,20.0,-0.0041463414634146,2.5,278.3,24.0,79.0,40.0,43.0,35.0,35.0,29.0,51.0
2022-11-02 23:30:00,0,3.8,82.9,3.4,20.0,0.0082439024390243,6.1,696.1,13.3,79.4,40.0,42.0,35.0,35.0,29.0,51.0
2022-11-02 23:40:00,0,4.2,86.4,0.0,20.0,0.0261463414634146,11.0,1248.8,-0.4,86.4,41.0,46.0,35.0,35.0,29.0,51.0
2022-11-02 23:50:00,0,3.5,84.4,-2.0,20.0,0.0070731707317073,11.0,1249.0,0.5,86.4,41.0,46.0,36.0,36.0,29.0,51.0
2022-11-03 00:00:00,0,3.6,87.9,1.5,20.0,-0.000780487804878,8.9,1013.2,9.2,86.4,41.0,46.0,36.0,36.0,28.0,50.0
2022-11-03 00:10:00,0,3.5,56.2,-34.1,20.0,-0.005560975609756,2.7,312.9,25.1,90.3,41.0,45.0,35.0,37.0,28.0,50.0
2022-11-03 00:20:00,0,3.5,87.5,-11.9,20.0,-0.0053658536585365,2.5,282.0,24.0,99.4,40.0,43.0,35.0,37.0,28.0,50.0
2022-11-03 00:30:00,0,3.1,90.3,-9.0,21.0,-0.0054146341463414,2.5,279.1,24.0,99.4,40.0,42.0,34.0,36.0,28.0,50.0
2022-11-03 00:40:00,0,3.0,99.1,-9.3,21.0,-0.0056585365853658,2.6,295.5,23.2,108.5,40.0,41.0,33.0,36.0,28.0,50.0
2022-11-03 00:50:00,0,3.1,101.6,-0.2,21.0,0.0245365853658536,11.0,1245.4,0.7000000000000001,101.8,41.0,44.0,33.0,35.0,28.0,49.0
2022-11-03 01:00:00,0,4.2,86.5,-7.2,22.0,0.0714146341463414,11.0,1251.1,-0.4,93.8,42.0,47.0,33.0,35.0,29.0,49.0
2022-11-03 01:10:00,0,5.0,94.5,0.7000000000000001,21.0,0.0722439024390243,11.1,1259.7,-1.1,93.8,42.0,49.0,34.0,35.0,29.0,49.0
2022-11-03 01:20:00,0,4.4,100.5,6.7,21.0,0.0578048780487804,11.0,1251.4,-0.6000000000000001,93.8,42.0,48.0,35.0,36.0,30.0,49.0
2022-11-03 01:30:00,0,4.0,91.0,-2.8,21.0,0.0395609756097561,11.0,1249.0,-0.2,93.8,42.0,48.0,35.0,37.0,30.0,49.0
2022-11-03 01:40:00,0,3.6,86.7,-7.1,22.0,0.0349756097560975,11.0,1248.6,0.3,93.8,42.0,48.0,36.0,38.0,30.0,49.0
2022-11-03 01:50:00,0,3.5,80.3,-13.4,22.0,0.0300487804878048,11.0,1248.8,0.3,93.7,42.0,48.0,36.0,38.0,30.0,49.0
2022-11-03 02:00:00,0,3.8,94.0,7.9,22.0,0.0355609756097561,11.0,1248.9,0.1,86.1,43.0,48.0,37.0,39.0,30.0,49.0
2022-11-03 02:10:00,0,4.1,94.5,1.4,22.0,0.0520487804878048,11.0,1250.1,-0.2,93.1,43.0,48.0,37.0,40.0,31.0,49.0
2022-11-03 02:20:00,0,5.3,109.8,8.7,22.0,0.0895121951219512,11.4,1294.7,-1.3,101.1,43.0,49.0,38.0,41.0,31.0,49.0
2022-11-03 02:30:00,0,5.0,49.1,-52.0,22.0,0.0580487804878048,11.1,1260.1,-1.1,101.1,44.0,49.0,38.0,41.0,31.0,49.0
2022-11-03 02:40:00,0,4.5,83.4,-3.0,21.0,0.0390731707317073,11.0,1249.6,-0.7000000000000001,86.4,43.0,48.0,38.0,42.0,31.0,49.0
2022-11-03 02:50:00,0,4.3,87.3,0.8,22.0,0.0518536585365853,11.0,1250.5,-0.5,86.4,43.0,48.0,39.0,42.0,31.0,49.0
2022-11-03 03:00:00,0,3.6,102.5,1.4,22.0,0.0385853658536585,11.0,1248.9,0.2,101.1,43.0,48.0,39.0,43.0,31.0,49.0
2022-11-03 03:10:00,0,4.1,97.4,-3.7,22.0,0.050390243902439,11.0,1249.7,-0.3,101.1,43.0,48.0,39.0,43.0,31.0,49.0
2022-11-03 03:20:00,0,3.9,118.8,17.6,22.0,0.0382926829268292,11.0,1249.2,-0.1,101.1,43.0,48.0,38.0,43.0,31.0,49.0
2022-11-03 03:30:00,0,3.7,101.5,0.4,21.0,0.0215609756097561,11.0,1248.5,0.1,101.1,43.0,47.0,38.0,42.0,30.0,49.0
2022-11-03 03:40:00,0,3.0,99.8,-2.7,21.0,-0.0072682926829268,4.5,528.5,29.9,102.6,42.0,46.0,38.0,42.0,30.0,48.0
2022-11-03 03:50:00,0,3.3,133.4,9.9,21.0,-0.0074634146341463,2.5,286.6,24.0,123.6,42.0,43.0,36.0,42.0,29.0,48.0
2022-11-03 04:00:00,0,3.4,127.9,4.3,20.0,-0.0075121951219512,2.6,290.9,24.0,123.6,42.0,42.0,35.0,41.0,29.0,48.0
2022-11-03 04:10:00,0,2.6,129.8,6.2,20.0,-0.007170731707317,2.0,229.6,24.0,123.6,41.0,41.0,34.0,40.0,29.0,48.0
2022-11-03 04:20:00,0,2.2,111.3,-12.3,20.0,-0.0052682926829268,0.9,183.0,24.0,123.6,41.0,41.0,34.0,39.0,28.0,48.0
2022-11-03 04:30:00,0,2.8,112.4,-11.2,20.0,-0.0054634146341463,2.1,235.4,24.0,123.5,41.0,40.0,33.0,38.0,29.0,48.0
2022-11-03 04:40:00,0,3.3,130.0,10.7,21.0,-0.0053658536585365,2.4,272.8,24.0,119.3,41.0,40.0,32.0,37.0,29.0,48.0
2022-11-03 04:50:00,0,3.3,100.4,-10.9,21.0,-0.0053170731707317,2.5,287.1,24.0,111.3,40.0,40.0,32.0,36.0,29.0,48.0
2022-11-03 05:00:00,0,2.9,103.3,-7.9,21.0,-0.0054146341463414,2.2,243.6,24.0,111.3,40.0,40.0,31.0,35.0,28.0,48.0
2022-11-03 05:10:00,0,2.5,105.2,3.4,21.0,-0.0053170731707317,2.1,236.6,24.0,101.8,40.0,40.0,31.0,34.0,28.0,48.0
2022-11-03 05:20:00,0,3.0,124.4,22.5,21.0,-0.0053658536585365,2.4,268.2,24.0,101.8,40.0,39.0,30.0,34.0,28.0,49.0
2022-11-03 05:30:00,0,3.3,115.2,5.3,21.0,0.0100975609756097,9.2,1039.3,5.2,109.9,41.0,41.0,30.0,33.0,28.0,48.0
2022-11-03 05:40:00,0,4.2,89.9,-11.9,21.0,0.0353658536585365,11.0,1249.5,-0.3,101.8,42.0,46.0,31.0,33.0,29.0,48.0
2022-11-03 05:50:00,0,3.7,98.2,-3.6,22.0,0.0366341463414634,11.0,1248.9,0.2,101.8,42.0,47.0,32.0,33.0,29.0,48.0
2022-11-03 06:00:00,0,4.8,95.8,2.1,21.0,0.0484390243902439,11.1,1254.1,-0.9,93.8,42.0,48.0,33.0,34.0,29.0,48.0
2022-11-03 06:10:00,0,5.0,89.6,-4.1,21.0,0.0532682926829268,11.1,1256.2,-1.1,93.8,42.0,48.0,34.0,35.0,30.0,48.0
2022-11-03 06:20:00,0,4.3,99.0,5.2,22.0,0.0484878048780487,11.0,1250.2,-0.4,93.8,42.0,48.0,35.0,36.0,30.0,48.0
2022-11-03 06:30:00,0,4.5,85.0,-16.4,22.0,0.0605853658536585,11.1,1253.4,-0.6000000000000001,101.5,43.0,48.0,35.0,37.0,30.0,48.0
2022-11-03 06:40:00,0,4.8,74.4,-20.7,21.0,0.0663414634146341,11.1,1257.7,-0.9,95.1,43.0,49.0,36.0,38.0,30.0,48.0
2022-11-03 06:50:00,0,5.1,89.3,1.8,21.0,0.0783414634146341,11.1,1261.5,-1.2,87.5,43.0,49.0,36.0,38.0,31.0,48.0
2022-11-03 07:00:00,0,5.5,88.3,0.9,21.0,0.1019024390243902,11.2,1271.3,-1.6,87.5,44.0,49.0,36.0,39.0,31.0,48.0
2022-11-03 07:10:00,0,5.4,85.6,-1.9,21.0,0.1273170731707317,11.3,1276.6,-1.5,87.5,44.0,50.0,37.0,40.0,31.0,48.0
2022-11-03 07:20:00,0,4.7,90.6,-4.6,21.0,0.0655121951219512,11.1,1259.9,-0.8,95.2,44.0,50.0,37.0,40.0,31.0,48.0
2022-11-03 07:30:00,0,4.9,93.2,-2.0,21.0,0.064,11.1,1257.2,-1.1,95.2,44.0,48.0,38.0,41.0,31.0,48.0
2022-11-03 07:40:00,0,5.7,99.3,-3.6,21.0,0.1264390243902439,11.5,1303.7,-1.6,102.9,44.0,50.0,38.0,41.0,31.0,48.0
2022-11-03 07:50:00,0,3.7,91.6,-11.2,20.0,0.0261951219512195,9.2,1042.1,13.5,102.9,44.0,49.0,38.0,42.0,31.0,48.0
2022-11-03 08:00:00,0,3.0,84.7,-10.5,20.0,-0.0056585365853658,1.7000000000000002,203.6,37.9,95.2,43.0,46.0,38.0,42.0,30.0,48.0
2022-11-03 08:10:00,0,3.7,106.3,13.9,20.0,0.0074634146341463,8.5,965.9,6.7,92.4,43.0,45.0,37.0,41.0,30.0,48.0
2022-11-03 08:20:00,0,3.2,93.8,-9.1,20.0,0.0078536585365853,11.0,1248.8,0.7000000000000001,102.9,43.0,46.0,37.0,41.0,30.0,48.0
2022-11-03 08:30:00,0,2.8,120.3,-2.2,21.0,-0.0058048780487804,3.7,426.8,22.9,122.5,42.0,45.0,37.0,41.0,30.0,48.0
2022-11-03 08:40:00,0,2.5,126.0,-1.1,20.0,-0.0052682926829268,2.0,224.9,24.0,127.1,42.0,43.0,36.0,41.0,30.0,48.0
2022-11-03 08:50:00,0,2.9,113.2,-13.8,20.0,-0.0053658536585365,2.2,252.8,24.0,127.0,42.0,42.0,35.0,40.0,29.0,48.0
2022-11-03 09:00:00,0,2.8,114.5,2.5,20.0,-0.0056097560975609,2.6,295.9,22.6,112.0,41.0,42.0,35.0,39.0,29.0,48.0
2022-11-03 09:10:00,0,4.3,115.8,-4.6,21.0,0.046780487804878,11.0,1251.7,-0.4,120.4,42.0,44.0,34.0,38.0,30.0,48.0
2022-11-03 09:20:00,0,3.7,117.1,-3.4,21.0,0.0300487804878048,11.0,1249.1,0.1,120.4,42.0,46.0,35.0,37.0,30.0,48.0
2022-11-03 09:30:00,0,2.8,116.2,-12.3,21.0,4.878048780487805e-05,6.9,788.9,11.8,128.4,42.0,46.0,35.0,37.0,29.0,48.0
2022-11-03 09:40:00,0,1.9,56.0,-54.9,21.0,-0.0052195121951219,0.0,118.7,24.0,111.0,41.0,44.0,35.0,37.0,29.0,48.0
2022-11-03 09:50:00,0,1.7000000000000002,27.1,-83.8,21.0,-0.0052195121951219,0.0,110.9,24.0,111.0,41.0,42.0,34.0,37.0,29.0,48.0
2022-11-03 10:00:00,0,1.7000000000000002,56.3,-54.7,22.0,-0.005170731707317,0.0,98.9,24.0,111.0,41.0,41.0,33.0,37.0,29.0,48.0
2022-11-03 10:10:00,0,2.0,100.2,-10.7,22.0,-0.0044878048780487,0.2,151.9,24.0,111.0,40.0,41.0,32.0,36.0,29.0,48.0
2022-11-03 10:20:00,0,2.0,99.9,-11.0,23.0,-0.0037560975609756,0.4,157.8,24.0,111.0,40.0,40.0,32.0,35.0,30.0,49.0
2022-11-03 10:30:00,0,2.2,140.3,29.3,23.0,-0.0038048780487804,1.2,180.8,24.0,111.0,40.0,40.0,32.0,35.0,31.0,49.0
2022-11-03 10:40:00,0,2.6,119.0,8.0,23.0,-0.0039024390243902,1.8,220.5,24.0,111.0,40.0,40.0,32.0,34.0,31.0,49.0
2022-11-03 10:50:00,0,4.2,109.6,-23.4,24.0,0.043170731707317,10.2,1154.3,1.9,133.0,42.0,43.0,32.0,34.0,31.0,50.0
2022-11-03 11:00:00,0,4.4,139.5,8.9,24.0,0.0619512195121951,11.1,1257.2,-0.5,130.6,42.0,47.0,33.0,34.0,31.0,49.0
2022-11-03 11:10:00,0,3.8,136.9,-2.0,24.0,0.0366341463414634,11.0,1250.2,0.0,139.0,43.0,48.0,34.0,35.0,31.0,49.0
2022-11-03 11:20:00,0,4.8,161.2,29.2,23.0,0.0858048780487805,11.2,1265.4,-0.9,132.0,43.0,48.0,35.0,36.0,31.0,49.0
2022-11-03 11:30:00,0,5.6,114.9,-17.0,24.0,0.1239512195121951,11.6,1310.0,-1.5,132.0,44.0,50.0,35.0,36.0,31.0,49.0
2022-11-03 11:40:00,0,5.2,115.4,-9.9,24.0,0.1075609756097561,11.3,1284.4,-1.3,125.3,44.0,50.0,36.0,38.0,32.0,49.0
2022-11-03 11:50:00,0,6.3,137.5,12.2,24.0,0.1812195121951219,12.3,1396.0,-1.8,125.3,45.0,52.0,37.0,39.0,32.0,49.0
2022-11-03 12:00:00,0,6.3,125.8,0.5,24.0,0.1873170731707317,12.3,1393.2,-1.9,125.3,46.0,53.0,38.0,40.0,33.0,49.0
2022-11-03 12:10:00,0,5.5,124.9,-0.4,24.0,0.1217560975609756,11.6,1319.2,-1.4,125.3,46.0,53.0,38.0,41.0,33.0,49.0
2022-11-03 12:20:00,0,4.7,119.6,-5.7,25.0,0.0722439024390243,11.2,1264.6,-0.9,125.4,46.0,51.0,39.0,42.0,33.0,50.0
2022-11-03 12:30:00,0,4.8,180.1,30.9,25.0,0.0753170731707317,11.2,1271.1,-0.8,149.1,46.0,50.0,39.0,42.0,33.0,50.0
2022-11-03 12:40:00,0,6.1,166.9,16.3,25.0,0.1482926829268292,12.0,1357.9,-1.8,150.5,46.0,52.0,40.0,46.0,33.0,50.0
2022-11-03 12:50:00,0,5.6,144.4,-7.5,25.0,0.1246341463414634,11.7,1326.5,-1.5,151.9,47.0,53.0,40.0,56.0,34.0,50.0
2022-11-03 13:00:00,0,4.6,126.3,-8.8,25.0,0.074780487804878,11.1,1260.9,-0.7000000000000001,135.1,47.0,52.0,41.0,60.0,34.0,50.0
2022-11-03 13:10:00,0,5.0,131.2,-3.9,25.0,0.0862926829268292,11.2,1268.1,-1.1,135.1,46.0,51.0,41.0,61.0,34.0,50.0
2022-11-03 13:20:00,0,4.7,140.2,8.6,25.0,0.0626341463414634,11.1,1254.9,-0.8,131.6,46.0,51.0,41.0,62.0,33.0,50.0
2022-11-03 13:30:00,0,4.9,107.6,-17.7,25.0,0.0769268292682926,11.1,1259.5,-1.1,125.3,46.0,51.0,41.0,62.0,34.0,50.0
2022-11-03 13:40:00,0,5.0,93.7,-22.5,25.0,0.0901951219512195,11.3,1284.7,-1.0,116.2,46.0,51.0,40.0,62.0,34.0,50.0
2022-11-03 13:50:00,0,6.2,118.9,0.9,26.0,0.1775609756097561,12.2,1387.6,-1.8,117.9,47.0,53.0,40.0,64.0,34.0,50.0
2022-11-03 14:00:00,0,6.1,132.6,14.7,26.0,0.1712682926829268,12.1,1368.3,-1.7000000000000002,117.9,48.0,54.0,41.0,66.0,34.0,50.0
2022-11-03 14:10:00,0,6.7,103.7,-14.2,26.0,0.2211219512195122,12.7,1438.6,-2.0,117.9,48.0,55.0,41.0,67.0,34.0,50.0
2022-11-03 14:20:00,0,6.7,118.3,1.1,26.0,0.2091219512195122,12.8,1446.3,-2.0,117.2,49.0,55.0,41.0,68.0,34.0,50.0
2022-11-03 14:30:00,0,6.0,102.5,0.4,26.0,0.1662926829268292,12.0,1356.1,-1.7000000000000002,102.2,49.0,55.0,41.0,68.0,35.0,50.0
2022-11-03 14:40:00,0,5.4,106.6,4.7,26.0,0.1260975609756097,11.5,1302.1,-1.3,101.8,49.0,54.0,41.0,66.0,35.0,50.0
2022-11-03 14:50:00,0,5.8,113.4,4.1,26.0,0.1424390243902439,11.7,1320.1,-1.7000000000000002,109.2,49.0,54.0,42.0,66.0,35.0,50.0
2022-11-03 15:00:00,0,6.1,101.4,-16.8,26.0,0.1722926829268292,12.0,1360.6,-1.7000000000000002,118.3,49.0,54.0,42.0,66.0,35.0,50.0
2022-11-03 15:10:00,0,6.4,110.2,-1.1,26.0,0.1873170731707317,12.3,1396.8,-1.8,111.3,50.0,55.0,42.0,67.0,35.0,50.0
2022-11-03 15:20:00,0,6.0,113.2,-5.8,26.0,0.1654634146341463,12.0,1361.4,-1.7000000000000002,119.0,50.0,55.0,43.0,67.0,35.0,50.0
2022-11-03 15:30:00,0,6.2,110.8,-8.1,26.0,0.1554634146341463,12.0,1361.7,-1.8,119.0,50.0,55.0,44.0,67.0,35.0,50.0
2022-11-03 15:40:00,0,6.2,122.2,3.2,26.0,0.1602926829268292,12.1,1365.7,-1.8,119.0,50.0,55.0,45.0,66.0,35.0,50.0
2022-11-03 15:50:00,0,6.0,122.3,3.3,26.0,0.1421463414634146,11.8,1334.5,-1.8,119.0,50.0,55.0,45.0,66.0,35.0,50.0
2022-11-03 16:00:00,0,4.9,112.7,-6.3,26.0,0.0757560975609756,11.2,1265.6,-1.0,119.0,50.0,54.0,46.0,65.0,35.0,50.0
2022-11-03 16:10:00,0,5.8,100.2,-18.8,26.0,0.1449268292682927,12.0,1359.9,-1.5,119.0,50.0,54.0,46.0,64.0,35.0,50.0
2022-11-03 16:20:00,0,6.0,126.6,0.6000000000000001,26.0,0.1497560975609756,12.0,1361.1,-1.8,126.0,50.0,56.0,46.0,66.0,35.0,50.0
2022-11-03 16:30:00,0,5.8,116.9,-2.1,26.0,0.1211219512195122,11.7,1329.3,-1.6,119.0,50.0,55.0,46.0,65.0,35.0,50.0
2022-11-03 16:40:00,0,6.9,104.6,-6.0,26.0,0.2357073170731707,13.0,1477.7,-2.1,110.6,51.0,56.0,46.0,67.0,35.0,50.0
2022-11-03 16:50:00,0,6.5,112.1,1.5,25.0,0.1892195121951219,12.4,1406.7,-2.0,110.6,51.0,57.0,46.0,68.0,35.0,50.0
2022-11-03 17:00:00,0,5.6,121.4,10.8,25.0,0.1140487804878048,11.5,1304.3,-1.5,110.6,51.0,56.0,46.0,66.0,35.0,50.0
2022-11-03 17:10:00,0,4.6,104.4,1.5,25.0,0.0528780487804878,11.1,1252.9,-0.7000000000000001,102.9,50.0,53.0,46.0,64.0,35.0,50.0
2022-11-03 17:20:00,0,5.0,92.2,-10.7,25.0,0.0668292682926829,11.1,1260.0,-1.1,102.9,50.0,53.0,46.0,63.0,35.0,50.0
2022-11-03 17:30:00,0,4.6,77.3,-17.2,24.0,0.0330731707317073,11.0,1249.7,-0.7000000000000001,94.4,49.0,52.0,46.0,62.0,34.0,50.0
2022-11-03 17:40:00,0,5.0,92.5,6.1,24.0,0.0626829268292682,11.1,1254.1,-1.1,86.4,49.0,52.0,46.0,61.0,34.0,50.0
2022-11-03 17:50:00,0,4.5,93.7,0.6000000000000001,24.0,0.0564878048780487,11.1,1252.7,-0.7000000000000001,93.1,48.0,52.0,45.0,61.0,34.0,50.0
2022-11-03 18:00:00,0,4.8,100.9,-0.2,24.0,0.072,11.1,1261.1,-0.9,101.1,48.0,52.0,45.0,60.0,34.0,49.0
2022-11-03 18:10:00,0,3.1,122.3,12.4,24.0,-0.0121463414634146,4.2,515.4,19.8,109.9,48.0,49.0,45.0,58.0,34.0,49.0
2022-11-03 18:20:00,0,3.6,107.0,-20.0,24.0,0.0097560975609756,10.5,1183.7,1.5,127.1,47.0,48.0,44.0,54.0,34.0,49.0
2022-11-03 18:30:00,0,4.3,140.8,0.1,24.0,0.0491219512195122,9.3,1052.5,4.0,140.7,47.0,48.0,43.0,51.0,33.0,49.0
2022-11-03 18:40:00,0,5.7,124.7,6.7,24.0,0.140390243902439,11.8,1334.1,-1.5,117.9,47.0,51.0,43.0,50.0,34.0,48.0
2022-11-03 18:50:00,0,5.7,153.7,35.7,24.0,0.1306341463414634,11.7,1322.1,-1.5,118.0,48.0,53.0,43.0,55.0,34.0,48.0
2022-11-03 19:00:00,0,4.7,121.2,-3.1,23.0,0.0730731707317073,11.2,1265.5,-0.8,124.3,48.0,52.0,43.0,54.0,33.0,48.0
2022-11-03 19:10:00,0,6.3,136.1,3.4,24.0,0.1782926829268292,12.3,1396.8,-1.8,132.7,48.0,53.0,43.0,55.0,33.0,48.0
2022-11-03 19:20:00,0,5.5,125.1,-7.6,23.0,0.1135121951219512,11.7,1321.3,-1.4,132.7,48.0,54.0,43.0,57.0,33.0,48.0
2022-11-03 19:30:00,0,3.1,117.9,-14.8,23.0,0.0042439024390243,8.8,1006.3,11.1,132.7,47.0,50.0,43.0,56.0,33.0,48.0
2022-11-03 19:40:00,0,1.7000000000000002,189.3,33.5,23.0,-0.0129268292682926,0.0,59.2,32.9,155.8,46.0,48.0,42.0,53.0,33.0,48.0
2022-11-03 19:50:00,0,1.8,156.1,0.3,23.0,-0.0112195121951219,0.0,120.3,24.0,155.8,46.0,46.0,41.0,51.0,33.0,48.0
2022-11-03 20:00:00,0,1.6,197.3,41.4,23.0,-0.0081951219512195,0.0,53.1,24.0,155.8,45.0,44.0,40.0,49.0,32.0,48.0
2022-11-03 20:10:00,0,1.9,222.4,66.5,23.0,-0.0076097560975609,0.0,10.2,24.0,155.8,44.0,43.0,38.0,47.0,32.0,48.0
2022-11-03 20:20:00,0,1.9,240.2,84.4,23.0,-0.0059512195121951,0.0,0.0,24.0,155.8,44.0,42.0,37.0,45.0,32.0,49.0
2022-11-03 20:30:00,0,3.3,257.6,101.6,23.0,-0.0014634146341463,1.9,238.6,20.9,155.9,44.0,42.0,36.0,43.0,32.0,49.0
2022-11-03 20:40:00,0,5.2,210.9,-4.8,23.0,0.0888780487804878,11.3,1282.7,-1.2,215.8,45.0,46.0,36.0,42.0,32.0,49.0
2022-11-03 20:50:00,0,6.5,225.3,7.8,23.0,0.2166829268292683,12.5,1413.6,-1.9,217.5,47.0,52.0,36.0,46.0,32.0,49.0
2022-11-03 21:00:00,0,5.6,213.2,-4.3,23.0,0.1441951219512195,11.6,1309.1,-1.5,217.5,47.0,52.0,37.0,50.0,32.0,49.0
2022-11-03 21:10:00,0,6.1,199.0,-18.5,23.0,0.1990731707317073,12.1,1372.0,-1.7000000000000002,217.5,48.0,53.0,37.0,52.0,32.0,48.0
2022-11-03 21:20:00,0,5.9,219.2,1.7000000000000002,23.0,0.1571219512195122,11.8,1332.8,-1.7000000000000002,217.5,48.0,54.0,38.0,53.0,32.0,48.0
2022-11-03 21:30:00,0,4.5,228.8,5.0,23.0,0.0756097560975609,11.1,1257.8,-0.6000000000000001,223.9,48.0,52.0,38.0,54.0,32.0,48.0
2022-11-03 21:40:00,0,4.9,221.7,-26.6,23.0,0.0899512195121951,11.3,1277.4,-1.0,248.4,47.0,51.0,39.0,55.0,32.0,48.0
2022-11-03 21:50:00,0,3.6,262.6,-4.0,23.0,0.0140487804878048,10.9,1238.5,0.6000000000000001,266.6,47.0,50.0,39.0,55.0,32.0,48.0
2022-11-03 22:00:00,0,3.7,294.5,30.3,23.0,0.0227317073170731,11.0,1249.3,0.2,264.1,46.0,48.0,39.0,55.0,32.0,48.0
2022-11-03 22:10:00,0,4.1,243.5,-25.2,23.0,0.0368780487804878,11.1,1260.6,0.2,268.7,46.0,49.0,39.0,54.0,32.0,48.0
2022-11-03 22:20:00,0,4.1,234.8,-27.3,23.0,0.028,11.0,1249.5,-0.2,262.1,46.0,48.0,40.0,53.0,33.0,48.0
2022-11-03 22:30:00,0,3.7,278.6,2.9,23.0,0.0102926829268292,10.9,1236.8,0.4,275.7,45.0,48.0,40.0,51.0,33.0,48.0
2022-11-03 22:40:00,0,3.3,264.4,-30.6,22.0,-0.006780487804878,6.7,763.2,14.4,295.0,44.0,46.0,40.0,51.0,32.0,48.0
2022-11-03 22:50:00,0,3.2,297.5,11.3,22.0,-0.0022926829268292,6.0,677.6,14.2,286.2,44.0,45.0,39.0,51.0,32.0,48.0
2022-11-03 23:00:00,0,2.2,309.4,33.3,22.0,-0.0060975609756097,0.9,165.5,24.0,276.0,43.0,43.0,38.0,49.0,31.0,48.0
2022-11-03 23:10:00,0,1.8,322.6,38.4,21.0,-0.0059512195121951,0.0,104.1,24.0,284.1,42.0,42.0,37.0,47.0,31.0,48.0
2022-11-03 23:20:00,0,2.5,354.5,70.4,21.0,-0.0059024390243902,0.0,23.9,24.0,284.1,42.0,41.0,36.0,46.0,31.0,49.0
2022-11-03 23:30:00,0,2.9,353.4,69.1,21.0,-0.0066341463414634,0.3,54.3,24.0,284.3,42.0,41.0,35.0,44.0,31.0,49.0
2022-11-03 23:40:00,0,3.5,9.4,-22.3,21.0,-0.0061951219512195,2.5,284.4,24.0,31.7,42.0,41.0,34.0,42.0,31.0,49.0
2022-11-03 23:50:00,0,4.0,18.7,-11.9,21.0,0.0174634146341463,7.3,828.5,9.9,30.6,43.0,42.0,34.0,40.0,30.0,49.0
2022-11-04 00:00:00,0,2.9,18.2,4.0,21.0,-0.0017560975609756,6.9,782.3,12.1,14.2,43.0,45.0,34.0,39.0,30.0,48.0
2022-11-04 00:10:00,0,3.6,3.7,-1.0,21.0,0.0029268292682926,7.4,844.7,9.8,4.8,42.0,44.0,34.0,38.0,30.0,48.0
2022-11-04 00:20:00,0,4.2,53.5,21.4,21.0,0.0510731707317073,11.0,1250.8,-0.4,32.1,43.0,46.0,34.0,38.0,30.0,48.0
2022-11-04 00:30:00,0,5.8,55.0,7.5,21.0,0.1462439024390244,11.7,1325.0,-1.6,47.5,44.0,49.0,35.0,41.0,30.0,48.0
2022-11-04 00:40:00,0,4.5,52.7,5.2,20.0,0.0555609756097561,11.1,1251.6,-0.7000000000000001,47.5,44.0,49.0,35.0,45.0,30.0,48.0
2022-11-04 00:50:00,0,5.0,53.8,-2.1,20.0,0.0925365853658536,11.2,1266.6,-1.1,55.9,44.0,49.0,35.0,47.0,30.0,48.0
2022-11-04 01:00:00,0,6.7,60.3,2.2,20.0,0.2277560975609756,12.6,1428.4,-2.0,58.0,45.0,51.0,36.0,50.0,31.0,48.0
2022-11-04 01:10:00,0,6.3,69.2,3.4,21.0,0.1956585365853658,12.2,1386.4,-1.9,65.7,46.0,53.0,36.0,53.0,31.0,48.0
2022-11-04 01:20:00,0,8.2,72.5,-1.7000000000000002,20.0,0.4133170731707317,14.3,1619.5,-2.2,74.1,48.0,56.0,37.0,56.0,31.0,48.0
2022-11-04 01:30:00,0,8.1,70.1,-4.1,20.0,0.3983414634146341,14.3,1614.6,-2.2,74.1,49.0,57.0,38.0,61.0,30.0,48.0
2022-11-04 01:40:00,0,8.0,65.8,-8.4,20.0,0.3889756097560976,14.3,1625.4,-2.2,74.2,50.0,58.0,38.0,63.0,30.0,48.0
2022-11-04 01:50:00,0,7.1,115.1,32.5,20.0,0.2279024390243902,13.4,1512.1,-2.1,82.6,50.0,57.0,39.0,63.0,31.0,48.0
2022-11-04 02:00:00,0,6.1,79.7,-2.8,20.0,0.1440975609756097,11.8,1341.8,-1.9,82.6,49.0,54.0,39.0,61.0,31.0,48.0
2022-11-04 02:10:00,0,3.3,99.7,17.2,20.0,0.0166829268292682,7.6,861.0,8.9,82.5,48.0,50.0,38.0,57.0,30.0,48.0
2022-11-04 02:20:00,0,2.3,66.1,-6.4,20.0,-0.007560975609756,1.7000000000000002,204.6,24.0,72.4,47.0,46.0,37.0,53.0,29.0,48.0
2022-11-04 02:30:00,0,3.9,109.6,29.2,20.0,0.0195121951219512,9.8,1114.0,2.5,80.5,46.0,45.0,36.0,50.0,29.0,48.0
2022-11-04 02:40:00,0,5.6,85.3,-3.5,20.0,0.117560975609756,11.5,1305.1,-1.5,88.9,46.0,48.0,36.0,47.0,30.0,48.0
2022-11-04 02:50:00,0,5.6,99.5,10.7,20.0,0.1158536585365853,11.4,1287.7,-1.6,88.9,47.0,51.0,36.0,45.0,30.0,48.0
2022-11-04 03:00:00,0,4.2,93.0,4.2,20.0,0.0306341463414634,11.0,1248.5,-0.4,88.9,46.0,49.0,36.0,44.0,30.0,48.0
2022-11-04 03:10:00,0,2.5,88.0,-0.9,20.0,-0.0045853658536585,5.3,644.6,14.4,88.9,45.0,47.0,36.0,44.0,29.0,47.0
2022-11-04 03:20:00,0,2.6,57.9,-23.9,20.0,-0.0076097560975609,1.5,194.0,24.0,81.8,44.0,44.0,35.0,43.0,28.0,47.0
2022-11-04 03:30:00,0,2.1,67.6,0.5,20.0,-0.007560975609756,0.6000000000000001,150.7,24.0,67.1,43.0,42.0,34.0,42.0,28.0,48.0
2022-11-04 03:40:00,0,1.8,39.0,-28.1,20.0,-0.006,0.0,60.7,24.0,67.1,43.0,41.0,33.0,41.0,28.0,48.0
2022-11-04 03:50:00,0,2.0,21.9,-45.2,20.0,-0.0050731707317073,0.0,0.0,24.0,67.1,42.0,41.0,32.0,40.0,28.0,48.0
2022-11-04 04:00:00,0,1.9,352.3,-74.8,21.0,-0.005170731707317,0.0,34.2,24.0,67.1,42.0,40.0,32.0,39.0,29.0,48.0
2022-11-04 04:10:00,0,1.8,84.7,17.6,21.0,-0.005170731707317,0.0,90.8,24.0,67.1,42.0,40.0,31.0,37.0,29.0,48.0
2022-11-04 04:20:00,0,2.5,33.1,-34.0,21.0,-0.0052195121951219,0.8,167.7,24.0,67.1,43.0,40.0,31.0,36.0,29.0,48.0
2022-11-04 04:30:00,0,2.6,27.8,-39.3,21.0,-0.0052682926829268,1.9,217.4,24.0,67.1,43.0,40.0,31.0,36.0,28.0,48.0
2022-11-04 04:40:00,0,3.8,69.7,2.5,21.0,0.0222439024390243,7.5,849.0,9.3,67.1,43.0,42.0,30.0,35.0,29.0,48.0
2022-11-04 04:50:00,0,4.9,83.1,16.3,22.0,0.0874634146341463,11.1,1259.7,-1.1,66.8,44.0,46.0,31.0,35.0,29.0,48.0
2022-11-04 05:00:00,0,5.9,85.2,9.9,22.0,0.1552195121951219,11.7,1325.9,-1.8,75.2,45.0,49.0,32.0,35.0,30.0,48.0
2022-11-04 05:10:00,0,7.2,75.7,-6.5,22.0,0.2762439024390243,13.4,1522.1,-2.1,82.2,46.0,53.0,33.0,37.0,30.0,48.0
2022-11-04 05:20:00,0,7.4,84.8,2.6,22.0,0.3272195121951219,13.7,1551.5,-2.2,82.2,48.0,55.0,35.0,43.0,30.0,48.0
2022-11-04 05:30:00,0,7.6,96.5,6.5,22.0,0.3042439024390244,14.0,1585.0,-2.2,89.9,48.0,56.0,36.0,51.0,30.0,48.0
2022-11-04 05:40:00,0,7.6,84.5,-5.4,22.0,0.332780487804878,14.0,1587.8,-2.2,89.9,49.0,57.0,37.0,55.0,31.0,48.0
2022-11-04 05:50:00,0,6.7,94.5,4.6,22.0,0.2097560975609756,12.8,1445.6,-2.0,89.9,49.0,56.0,37.0,56.0,31.0,48.0
2022-11-04 06:00:00,0,6.1,87.6,-2.3,21.0,0.1537073170731707,11.9,1348.8,-1.9,89.9,49.0,54.0,38.0,55.0,32.0,48.0
2022-11-04 06:10:00,0,6.3,69.4,-13.2,20.0,0.1839024390243902,12.1,1369.1,-2.0,82.6,49.0,54.0,38.0,55.0,31.0,48.0
2022-11-04 06:20:00,0,6.0,96.4,13.8,21.0,0.1741951219512195,11.7,1321.6,-1.9,82.6,49.0,54.0,39.0,55.0,32.0,48.0
2022-11-04 06:30:00,0,6.7,106.6,8.6,22.0,0.2176097560975609,12.7,1439.1,-2.1,98.0,49.0,54.0,39.0,56.0,31.0,48.0
2022-11-04 06:40:00,0,6.1,106.1,-0.6000000000000001,22.0,0.137170731707317,12.1,1369.9,-1.8,106.7,49.0,54.0,39.0,57.0,31.0,48.0
2022-11-04 06:50:00,0,4.8,91.9,-0.4,21.0,0.0685853658536585,11.1,1255.6,-1.0,92.4,48.0,52.0,39.0,53.0,31.0,48.0
2022-11-04 07:00:00,0,3.0,79.5,-5.1,21.0,-0.0060975609756097,5.7,639.7,15.5,84.6,47.0,48.0,38.0,50.0,30.0,48.0
2022-11-04 07:10:00,0,3.0,73.1,-3.5,21.0,-0.006780487804878,4.9,558.4,16.9,76.6,46.0,45.0,37.0,48.0,30.0,48.0
2022-11-04 07:20:00,0,2.6,78.6,-6.0,21.0,-0.0077073170731707,3.2,362.0,22.2,84.7,45.0,44.0,36.0,46.0,30.0,48.0
2022-11-04 07:30:00,0,2.6,80.6,-4.0,21.0,-0.0075121951219512,2.0,225.9,24.0,84.7,45.0,42.0,35.0,45.0,29.0,48.0
2022-11-04 07:40:00,0,2.9,122.6,32.4,21.0,-0.0061463414634146,2.1,239.7,24.0,90.3,45.0,41.0,34.0,43.0,30.0,48.0
2022-11-04 07:50:00,0,3.5,81.2,-6.3,22.0,0.0046341463414634,9.1,1039.1,5.1,87.5,44.0,42.0,34.0,41.0,30.0,48.0
2022-11-04 08:00:00,0,4.2,128.7,10.0,23.0,0.0284390243902439,11.0,1248.9,-0.4,118.6,44.0,45.0,35.0,40.0,30.0,47.0
2022-11-04 08:10:00,0,4.3,104.0,-14.7,23.0,0.0464878048780487,11.0,1249.7,-0.5,118.6,44.0,47.0,35.0,40.0,31.0,48.0
2022-11-04 08:20:00,0,3.7,101.4,-9.6,22.0,0.0266829268292682,11.0,1248.5,0.2,110.9,44.0,48.0,36.0,40.0,31.0,48.0
2022-11-04 08:30:00,0,3.4,103.0,0.1,22.0,0.0025853658536585,7.7,882.2,12.6,102.9,44.0,46.0,36.0,41.0,31.0,48.0
2022-11-04 08:40:00,0,4.2,109.8,7.0,22.0,0.0270243902439024,10.4,1186.1,0.5,102.9,43.0,46.0,36.0,41.0,31.0,47.0
2022-11-04 08:50:00,0,5.0,89.0,-2.3,22.0,0.070780487804878,11.1,1253.6,-1.1,91.3,44.0,48.0,37.0,41.0,31.0,48.0
2022-11-04 09:00:00,0,3.9,76.6,-14.7,22.0,0.022,11.0,1248.7,0.0,91.3,44.0,48.0,37.0,42.0,31.0,48.0
2022-11-04 09:10:00,0,3.1,78.4,-11.8,22.0,-0.0052682926829268,5.1,579.0,18.5,90.2,43.0,46.0,37.0,42.0,31.0,48.0
2022-11-04 09:20:00,0,4.1,81.8,6.2,22.0,0.0292682926829268,7.2,819.5,10.0,75.5,43.0,45.0,37.0,42.0,31.0,48.0
2022-11-04 09:30:00,0,5.1,75.5,7.3,22.0,0.0947317073170731,11.1,1259.3,-1.2,68.2,44.0,48.0,37.0,42.0,32.0,48.0
2022-11-04 09:40:00,0,4.5,69.8,1.6,22.0,0.0653658536585365,11.0,1251.1,-0.7000000000000001,68.2,44.0,48.0,37.0,42.0,32.0,48.0
2022-11-04 09:50:00,0,3.4,80.4,12.3,22.0,0.0120975609756097,9.4,1065.2,6.1,68.2,44.0,47.0,37.0,42.0,31.0,48.0
2022-11-04 10:00:00,0,3.1,59.6,-8.6,21.0,-0.0052682926829268,2.4,266.3,24.0,68.2,43.0,45.0,37.0,42.0,31.0,48.0
2022-11-04 10:10:00,0,3.9,77.3,9.1,22.0,0.0163414634146341,9.2,1049.8,4.2,68.2,43.0,44.0,37.0,42.0,31.0,48.0
2022-11-04 10:20:00,0,4.1,71.8,3.6,22.0,0.027560975609756,11.0,1248.8,-0.3,68.2,43.0,46.0,37.0,41.0,31.0,48.0
2022-11-04 10:30:00,0,3.7,72.6,-3.2,22.0,0.0120487804878048,11.0,1248.7,0.2,75.9,43.0,46.0,37.0,41.0,31.0,48.0
2022-11-04 10:40:00,0,3.7,65.4,-10.4,22.0,0.0093170731707317,11.0,1249.0,0.3,75.9,43.0,46.0,37.0,42.0,31.0,48.0
2022-11-04 10:50:00,0,3.0,91.0,7.4,22.0,-0.0058536585365853,2.1,243.9,45.2,83.6,42.0,45.0,37.0,42.0,31.0,48.0
2022-11-04 11:00:00,0,3.2,87.8,3.1,23.0,-0.0054146341463414,2.5,278.3,24.0,84.7,42.0,44.0,37.0,42.0,31.0,48.0
2022-11-04 11:10:00,0,2.8,110.9,7.7,23.0,-0.0053658536585365,2.2,246.6,24.0,103.3,42.0,42.0,36.0,41.0,31.0,49.0
2022-11-04 11:20:00,0,2.0,126.6,2.0,23.0,-0.0052682926829268,0.6000000000000001,158.9,24.0,124.6,42.0,41.0,35.0,40.0,30.0,49.0
2022-11-04 11:30:00,0,2.3,157.9,33.2,24.0,-0.0042439024390243,0.9,172.6,24.0,124.6,41.0,41.0,35.0,40.0,31.0,49.0
2022-11-04 11:40:00,0,3.3,121.9,-2.8,24.0,0.0101463414634146,9.6,1082.8,4.7,124.7,43.0,44.0,35.0,39.0,32.0,49.0
2022-11-04 11:50:00,0,3.6,168.0,16.0,25.0,0.0069756097560975,6.9,790.1,10.6,152.0,43.0,46.0,35.0,38.0,33.0,49.0
2022-11-04 12:00:00,0,3.1,166.8,13.5,25.0,-0.0014146341463414,7.7,866.4,10.9,153.3,44.0,48.0,35.0,38.0,33.0,50.0
2022-11-04 12:10:00,0,2.9,169.3,24.3,25.0,-0.0039512195121951,1.9,231.2,24.0,144.9,43.0,46.0,35.0,39.0,33.0,50.0
2022-11-04 12:20:00,0,3.2,126.5,-21.6,25.0,0.000780487804878,8.5,967.6,7.0,148.1,43.0,46.0,36.0,38.0,33.0,50.0
2022-11-04 12:30:00,0,2.8,126.3,-13.4,25.0,-0.0040975609756097,3.2,355.2,22.4,139.7,44.0,47.0,36.0,38.0,34.0,50.0
2022-11-04 12:40:00,0,2.7,122.8,-20.4,25.0,-0.0038048780487804,1.9,220.8,24.0,143.2,43.0,45.0,36.0,38.0,34.0,51.0
2022-11-04 12:50:00,0,2.3,148.5,5.3,25.0,-0.0037560975609756,1.5,178.8,24.0,143.2,42.0,44.0,35.0,38.0,34.0,52.0
2022-11-04 13:00:00,0,2.0,188.4,45.2,25.0,-0.0038536585365853,0.0,151.3,24.0,143.2,42.0,43.0,35.0,37.0,34.0,52.0
2022-11-04 13:10:00,0,1.4,146.6,3.4,25.0,-0.0037073170731707,0.0,85.6,24.0,143.2,42.0,43.0,35.0,37.0,34.0,52.0
2022-11-04 13:20:00,0,1.4,110.8,-32.3,25.0,-0.004,0.0,69.6,24.0,143.2,42.0,42.0,35.0,37.0,34.0,51.0
2022-11-04 13:30:00,0,1.3,96.4,-46.8,26.0,-0.0039512195121951,0.0,28.9,24.0,143.2,41.0,42.0,34.0,36.0,35.0,44.0
2022-11-04 13:40:00,0,1.3,101.4,-41.7,26.0,-0.0036097560975609,0.0,6.1,24.0,143.2,41.0,41.0,34.0,36.0,34.0,44.0
2022-11-04 13:50:00,0,1.3,70.5,-72.7,26.0,-0.0036097560975609,0.0,0.0,24.0,143.2,41.0,41.0,34.0,36.0,35.0,46.0
2022-11-04 14:00:00,0,1.5,86.9,-56.3,26.0,-0.0036585365853658,0.0,1.8,24.0,143.2,41.0,40.0,34.0,35.0,34.0,47.0
2022-11-04 14:10:00,0,5.3,267.4,124.0,25.0,0.0594146341463414,3.4,439.1,17.6,143.5,41.0,41.0,34.0,35.0,34.0,48.0
2022-11-04 14:20:00,0,8.3,301.1,1.6,23.0,0.4532195121951219,14.1,1599.1,-2.0,299.5,46.0,52.0,35.0,38.0,33.0,48.0
2022-11-04 14:30:00,0,8.6,284.7,0.6000000000000001,23.0,0.4917560975609756,14.4,1631.3,-2.1,284.1,48.0,57.0,36.0,49.0,32.0,49.0
2022-11-04 14:40:00,0,8.4,299.0,15.3,23.0,0.4570731707317073,14.3,1623.3,-2.2,283.8,49.0,59.0,37.0,54.0,32.0,49.0
2022-11-04 14:50:00,0,7.8,244.1,-39.7,23.0,0.3665365853658536,13.8,1559.7,-2.1,283.8,50.0,59.0,38.0,57.0,33.0,49.0
2022-11-04 15:00:00,0,6.4,285.3,1.6,23.0,0.2330731707317073,12.6,1425.6,-1.7000000000000002,283.8,50.0,57.0,39.0,57.0,33.0,49.0
2022-11-04 15:10:00,0,4.9,290.8,6.7,23.0,0.0917073170731707,11.2,1274.3,-1.0,284.1,49.0,54.0,40.0,56.0,33.0,49.0
2022-11-04 15:20:00,0,4.7,308.9,15.6,23.0,0.0732195121951219,11.3,1278.9,-0.7000000000000001,293.2,48.0,52.0,40.0,55.0,34.0,50.0
2022-11-04 15:30:00,0,5.0,300.6,1.1,23.0,0.0962439024390243,11.3,1280.2,-1.0,299.5,48.0,52.0,41.0,53.0,34.0,50.0
2022-11-04 15:40:00,0,4.8,290.2,0.1,23.0,0.0773170731707317,11.1,1262.4,-0.9,290.1,48.0,52.0,41.0,52.0,33.0,50.0
2022-11-04 15:50:00,0,3.3,308.9,13.9,23.0,0.0054146341463414,8.5,954.4,8.4,295.0,47.0,50.0,40.0,50.0,32.0,50.0
2022-11-04 16:00:00,0,2.9,292.3,4.0,24.0,-0.0077560975609756,2.1,235.1,24.0,288.3,46.0,46.0,39.0,49.0,32.0,50.0
2022-11-04 16:10:00,0,3.2,276.4,-2.1,24.0,-0.0009756097560975,5.5,622.4,14.1,278.5,46.0,44.0,38.0,47.0,32.0,50.0
2022-11-04 16:20:00,0,3.1,263.2,3.9,24.0,-0.0038048780487804,3.6,411.1,20.1,259.2,45.0,44.0,38.0,45.0,32.0,49.0
2022-11-04 16:30:00,0,3.2,255.6,0.9,24.0,-0.002390243902439,6.1,690.7,14.6,254.6,45.0,44.0,37.0,44.0,32.0,49.0
2022-11-04 16:40:00,0,4.3,237.8,-7.4,23.0,0.0417073170731707,10.3,1166.7,1.5,245.2,44.0,45.0,37.0,43.0,32.0,49.0
2022-11-04 16:50:00,0,4.8,254.3,11.6,23.0,0.0829268292682926,11.2,1268.6,-0.9,242.8,45.0,48.0,37.0,42.0,32.0,49.0
2022-11-04 17:00:00,0,6.2,236.4,-6.3,23.0,0.2015121951219512,12.3,1392.5,-1.7000000000000002,242.8,46.0,51.0,37.0,42.0,32.0,49.0
2022-11-04 17:10:00,0,5.8,246.1,1.6,23.0,0.1504878048780487,11.8,1332.8,-1.6,244.5,47.0,53.0,37.0,45.0,32.0,49.0
2022-11-04 17:20:00,0,6.3,250.6,-2.3,22.0,0.1961951219512195,12.2,1384.7,-1.8,252.9,47.0,53.0,38.0,45.0,32.0,49.0
2022-11-04 17:30:00,0,6.0,259.5,6.6,22.0,0.1819512195121951,12.2,1381.6,-1.5,252.9,48.0,54.0,38.0,49.0,32.0,49.0
2022-11-04 17:40:00,0,4.2,272.9,16.8,22.0,0.0456097560975609,11.0,1251.3,-0.4,256.0,47.0,51.0,38.0,49.0,31.0,49.0
2022-11-04 17:50:00,0,3.9,250.2,0.4,22.0,0.0298048780487804,11.0,1250.8,0.1,249.7,46.0,49.0,38.0,47.0,31.0,49.0
2022-11-04 18:00:00,0,3.0,243.4,1.7000000000000002,22.0,-0.0056097560975609,5.7,640.3,15.8,241.7,45.0,47.0,37.0,46.0,31.0,49.0
2022-11-04 18:10:00,0,2.6,240.0,6.1,22.0,-0.0077073170731707,1.9,210.1,24.0,234.0,44.0,44.0,36.0,45.0,30.0,49.0
2022-11-04 18:20:00,0,3.0,191.7,-26.2,22.0,-0.007560975609756,2.2,245.5,24.0,217.9,44.0,43.0,35.0,44.0,30.0,49.0
2022-11-04 18:30:00,0,3.0,238.9,11.9,22.0,-0.0058536585365853,6.4,726.0,12.8,226.9,44.0,43.0,35.0,42.0,30.0,49.0
2022-11-04 18:40:00,0,3.0,211.2,-9.4,22.0,-0.0056097560975609,2.1,241.2,24.0,220.7,43.0,42.0,35.0,41.0,30.0,49.0
2022-11-04 18:50:00,0,2.5,243.9,17.6,22.0,-0.0054634146341463,1.3,186.6,24.0,226.2,43.0,41.0,34.0,40.0,30.0,49.0
2022-11-04 19:00:00,0,2.1,204.2,7.0,22.0,-0.0053170731707317,0.8,165.7,24.0,197.2,42.0,41.0,33.0,39.0,30.0,49.0
2022-11-04 19:10:00,0,1.9,161.4,-35.8,22.0,-0.0053170731707317,0.1,143.6,24.0,197.2,42.0,41.0,33.0,37.0,29.0,49.0
2022-11-04 19:20:00,0,2.7,212.6,15.4,22.0,-0.0054634146341463,1.9,217.2,24.0,197.2,42.0,40.0,32.0,36.0,29.0,49.0
2022-11-04 19:30:00,0,3.1,183.2,-23.5,22.0,-0.005560975609756,2.3,261.6,24.0,206.6,42.0,40.0,32.0,35.0,29.0,50.0
2022-11-04 19:40:00,0,3.3,200.0,-8.7,22.0,-0.0009756097560975,6.9,778.9,11.1,208.7,42.0,42.0,31.0,35.0,29.0,49.0
2022-11-04 19:50:00,0,3.5,182.1,-16.8,21.0,0.0102439024390243,10.9,1230.8,0.3,198.9,42.0,44.0,32.0,34.0,29.0,49.0
2022-11-04 20:00:00,0,3.4,203.2,9.9,21.0,0.0103414634146341,10.6,1203.1,1.5,193.3,42.0,45.0,33.0,35.0,30.0,49.0
2022-11-04 20:10:00,0,3.3,187.0,-7.4,21.0,0.0030731707317073,8.2,929.2,7.4,194.4,42.0,45.0,33.0,35.0,30.0,49.0
2022-11-04 20:20:00,0,3.8,202.4,-6.6,21.0,0.0413658536585365,11.1,1262.6,0.1,209.1,42.0,46.0,33.0,35.0,30.0,48.0
2022-11-04 20:30:00,0,4.2,216.5,14.4,21.0,0.0389756097560975,11.0,1250.1,-0.3,202.1,43.0,47.0,34.0,36.0,30.0,48.0
2022-11-04 20:40:00,0,3.3,196.4,-9.2,21.0,0.001560975609756,9.8,1117.4,4.8,205.6,42.0,46.0,34.0,38.0,30.0,48.0
2022-11-04 20:50:00,0,3.1,183.1,-18.9,21.0,-0.0009268292682926,10.0,1134.2,3.7,202.1,42.0,45.0,35.0,38.0,30.0,48.0
2022-11-04 21:00:00,0,3.2,210.2,13.4,21.0,-0.0016585365853658,6.0,679.5,15.0,196.8,42.0,44.0,35.0,38.0,30.0,48.0
2022-11-04 21:10:00,0,4.1,168.2,-20.2,21.0,0.0424390243902439,11.1,1259.5,-0.1,188.4,42.0,46.0,35.0,38.0,30.0,48.0
2022-11-04 21:20:00,0,4.5,163.0,-5.5,20.0,0.0746341463414634,11.2,1271.3,-0.6000000000000001,168.5,43.0,48.0,35.0,39.0,30.0,48.0
2022-11-04 21:30:00,0,4.1,187.3,-12.0,20.0,0.0713658536585366,11.1,1261.0,-0.3,199.3,43.0,48.0,35.0,40.0,30.0,48.0
2022-11-04 21:40:00,0,3.5,206.1,6.9,20.0,0.03,11.0,1249.5,0.4,199.2,43.0,47.0,36.0,40.0,30.0,48.0
2022-11-04 21:50:00,0,5.6,175.5,2.8,20.0,0.1404878048780488,11.9,1345.5,-1.3,172.6,44.0,49.0,36.0,41.0,30.0,48.0
2022-11-04 22:00:00,0,4.4,155.0,-18.0,20.0,0.0841951219512195,11.2,1266.6,-0.6000000000000001,173.0,44.0,49.0,36.0,42.0,30.0,48.0
2022-11-04 22:10:00,0,4.0,211.7,22.2,20.0,0.058780487804878,11.1,1252.2,-0.1,189.5,44.0,48.0,37.0,42.0,30.0,48.0
2022-11-04 22:20:00,0,3.4,195.4,-4.2,20.0,0.0197073170731707,11.0,1248.9,0.4,199.6,43.0,47.0,37.0,42.0,30.0,48.0
2022-11-04 22:30:00,0,3.8,194.0,-3.9,20.0,0.0545365853658536,11.2,1263.5,0.1,197.9,43.0,47.0,37.0,42.0,30.0,48.0
2022-11-04 22:40:00,0,4.3,201.2,2.3,21.0,0.0759512195121951,11.1,1262.3,-0.4,198.9,44.0,48.0,38.0,43.0,31.0,48.0
2022-11-04 22:50:00,0,4.4,196.1,3.5,21.0,0.0859024390243902,11.2,1267.6,-0.5,192.6,44.0,49.0,38.0,44.0,31.0,48.0
2022-11-04 23:00:00,0,4.1,203.0,9.0,21.0,0.0644878048780487,11.1,1259.9,-0.2,194.0,44.0,48.0,38.0,44.0,31.0,48.0
2022-11-04 23:10:00,0,4.1,192.9,7.9,21.0,0.0545365853658536,11.1,1255.8,-0.3,184.9,44.0,48.0,38.0,44.0,31.0,48.0
2022-11-04 23:20:00,0,4.1,175.2,-18.1,21.0,0.058390243902439,11.1,1262.6,-0.2,193.3,44.0,48.0,39.0,44.0,31.0,48.0
2022-11-04 23:30:00,0,4.5,188.3,4.5,21.0,0.0949756097560975,11.2,1269.6,-0.6000000000000001,183.9,44.0,49.0,39.0,44.0,31.0,48.0
2022-11-04 23:40:00,0,4.6,190.2,1.1,21.0,0.1017073170731707,11.3,1281.2,-0.7000000000000001,189.1,44.0,49.0,39.0,44.0,31.0,48.0
2022-11-04 23:50:00,0,4.8,179.2,-15.1,21.0,0.1119512195121951,11.3,1280.8,-0.8,194.4,45.0,50.0,38.0,44.0,31.0,48.0
2022-11-05 00:00:00,0,5.8,222.0,26.2,21.0,0.1919024390243902,12.0,1356.0,-1.4,195.8,45.0,51.0,38.0,44.0,31.0,48.0
2022-11-05 00:10:00,0,6.0,202.6,3.0,21.0,0.2018048780487804,12.2,1380.4,-1.5,199.6,46.0,52.0,38.0,45.0,31.0,48.0
2022-11-05 00:20:00,0,5.7,204.3,4.7,21.0,0.1811219512195122,11.8,1341.4,-1.4,199.6,46.0,52.0,38.0,45.0,31.0,48.0
2022-11-05 00:30:00,0,7.2,215.3,15.7,20.0,0.3444390243902439,13.2,1499.8,-1.9,199.6,48.0,54.0,38.0,45.0,31.0,48.0
2022-11-05 00:40:00,0,8.3,212.3,12.6,20.0,0.4563414634146341,14.2,1604.5,-2.2,199.6,49.0,57.0,38.0,47.0,31.0,48.0
2022-11-05 00:50:00,0,8.5,220.3,11.9,20.0,0.5021951219512195,14.4,1631.5,-2.2,208.4,50.0,58.0,39.0,53.0,31.0,48.0
2022-11-05 01:00:00,0,7.8,196.0,-22.6,20.0,0.3893170731707317,13.8,1567.7,-2.1,218.6,51.0,58.0,41.0,57.0,31.0,48.0
2022-11-05 01:10:00,0,7.2,223.5,4.6,20.0,0.3346829268292683,13.2,1498.7,-2.0,218.9,51.0,58.0,42.0,59.0,31.0,48.0
2022-11-05 01:20:00,0,6.5,235.6,16.6,20.0,0.2300487804878049,12.6,1424.6,-1.9,218.9,51.0,56.0,42.0,58.0,31.0,48.0
2022-11-05 01:30:00,0,7.5,227.9,7.2,20.0,0.3461463414634146,13.5,1532.7,-2.1,220.7,51.0,56.0,43.0,60.0,31.0,47.0
2022-11-05 01:40:00,0,8.5,226.6,5.6,21.0,0.4621463414634146,14.2,1607.5,-2.0,221.0,52.0,58.0,43.0,62.0,31.0,47.0
2022-11-05 01:50:00,0,9.1,209.8,-10.9,20.0,0.6226829268292683,14.4,1636.7,-1.9,220.7,54.0,60.0,44.0,63.0,32.0,47.0
2022-11-05 02:00:00,0,9.9,202.0,-11.3,20.0,0.6902926829268292,14.5,1647.8,-1.1,213.3,55.0,61.0,44.0,65.0,32.0,47.0
2022-11-05 02:10:00,0,11.8,218.7,5.4,18.0,0.8380975609756097,14.7,1665.6,1.8,213.3,56.0,63.0,45.0,66.0,32.0,47.0
2022-11-05 02:20:00,0,9.9,224.0,1.2,18.0,0.744780487804878,14.5,1645.1,-1.1,222.8,54.0,63.0,46.0,68.0,32.0,47.0
2022-11-05 02:30:00,0,7.7,230.2,6.7,19.0,0.3942439024390244,13.6,1536.4,-2.0,223.5,52.0,60.0,46.0,70.0,32.0,47.0
2022-11-05 02:40:00,0,6.2,211.1,-12.4,19.0,0.1636585365853658,12.3,1388.6,-1.8,223.4,51.0,57.0,46.0,67.0,31.0,47.0
2022-11-05 02:50:00,0,6.7,187.9,-17.7,19.0,0.214,12.9,1458.4,-1.8,205.6,52.0,55.0,46.0,65.0,31.0,47.0
2022-11-05 03:00:00,0,6.0,203.8,-1.5,19.0,0.1690731707317073,12.1,1370.4,-1.6,205.2,52.0,55.0,46.0,65.0,31.0,47.0
2022-11-05 03:10:00,0,6.5,191.8,-13.4,19.0,0.2196097560975609,12.5,1419.0,-1.8,205.2,52.0,55.0,46.0,64.0,31.0,47.0
2022-11-05 03:20:00,0,4.7,195.1,-10.1,19.0,0.0962926829268292,11.3,1275.3,-0.7000000000000001,205.2,51.0,53.0,45.0,61.0,31.0,47.0
2022-11-05 03:30:00,0,5.9,213.2,9.3,19.0,0.1702439024390244,11.7,1328.8,-1.7000000000000002,203.9,51.0,54.0,45.0,59.0,31.0,47.0
2022-11-05 03:40:00,0,5.0,209.9,-17.4,19.0,0.0770243902439024,11.2,1273.5,-1.1,227.3,50.0,52.0,44.0,56.0,31.0,47.0
2022-11-05 03:50:00,0,5.1,211.1,0.2,18.0,0.0758048780487804,11.3,1282.6,-1.1,210.9,49.0,51.0,44.0,53.0,30.0,47.0
2022-11-05 04:00:00,0,6.3,212.2,1.3,18.0,0.1626341463414634,12.3,1392.9,-1.8,210.9,49.0,52.0,43.0,53.0,30.0,47.0
2022-11-05 04:10:00,0,5.6,222.2,11.3,18.0,0.1515121951219512,11.9,1349.1,-1.4,210.8,49.0,53.0,43.0,61.0,30.0,47.0
2022-11-05 04:20:00,0,5.6,204.9,0.0,19.0,0.154,11.8,1338.1,-1.4,204.9,49.0,53.0,42.0,64.0,30.0,46.0
2022-11-05 04:30:00,0,6.1,188.6,-16.3,19.0,0.1871219512195122,12.2,1376.7,-1.7000000000000002,204.9,49.0,53.0,42.0,65.0,30.0,46.0
2022-11-05 04:40:00,0,5.8,207.8,2.9,19.0,0.1638048780487805,12.0,1357.6,-1.5,204.9,49.0,53.0,42.0,66.0,30.0,46.0
2022-11-05 04:50:00,0,4.4,182.9,-21.9,19.0,0.1113170731707317,11.1,1256.1,-0.5,204.9,49.0,52.0,42.0,65.0,30.0,46.0
2022-11-05 05:00:00,0,6.3,211.5,6.6,19.0,0.2419512195121951,12.4,1409.7,-1.6,204.9,49.0,53.0,41.0,64.0,30.0,46.0
2022-11-05 05:10:00,0,8.0,202.5,-2.4,19.0,0.3956585365853658,14.0,1583.0,-2.1,204.9,50.0,56.0,41.0,67.0,30.0,46.0
2022-11-05 05:20:00,0,6.6,203.0,-1.9,19.0,0.2917560975609756,12.7,1440.3,-1.8,204.9,51.0,57.0,42.0,68.0,30.0,46.0
2022-11-05 05:30:00,0,4.4,197.8,-7.0,19.0,0.0828780487804878,11.2,1266.0,-0.5,204.8,50.0,53.0,42.0,67.0,30.0,46.0
2022-11-05 05:40:00,0,3.7,203.3,17.0,19.0,0.0336585365853658,11.1,1253.3,0.2,186.3,48.0,50.0,41.0,65.0,30.0,46.0
2022-11-05 05:50:00,0,3.3,165.7,-34.2,19.0,0.0109268292682926,9.8,1111.6,4.3,200.0,47.0,48.0,41.0,63.0,29.0,46.0
2022-11-05 06:00:00,0,3.1,185.1,-8.9,19.0,-0.0122439024390243,2.4,276.6,23.7,194.0,46.0,45.0,40.0,59.0,29.0,46.0
2022-11-05 06:10:00,0,3.5,169.8,-22.8,19.0,0.0181463414634146,10.9,1234.1,0.2,192.6,45.0,45.0,40.0,56.0,29.0,46.0
2022-11-05 06:20:00,0,4.4,202.9,3.2,19.0,0.0846341463414634,11.2,1266.5,-0.5,199.6,46.0,47.0,39.0,59.0,29.0,46.0
2022-11-05 06:30:00,0,4.5,180.3,-19.4,19.0,0.0785365853658536,11.2,1268.9,-0.6000000000000001,199.6,46.0,49.0,39.0,60.0,29.0,46.0
2022-11-05 06:40:00,0,4.1,216.9,17.3,19.0,0.0400975609756097,11.1,1258.2,-0.2,199.6,45.0,48.0,39.0,60.0,29.0,46.0
2022-11-05 06:50:00,0,5.0,201.5,20.1,19.0,0.0996097560975609,11.5,1297.6,-0.9,181.4,46.0,49.0,39.0,60.0,29.0,46.0
2022-11-05 07:00:00,0,4.5,161.6,-24.0,19.0,0.0702926829268292,11.3,1274.9,-0.5,185.6,45.0,49.0,39.0,60.0,29.0,45.0
2022-11-05 07:10:00,0,4.6,194.7,9.0,19.0,0.0766341463414634,11.3,1281.2,-0.6000000000000001,185.6,45.0,49.0,39.0,59.0,29.0,45.0
2022-11-05 07:20:00,0,5.2,200.3,-3.2,19.0,0.1261951219512195,11.5,1306.4,-1.1,203.5,46.0,50.0,39.0,60.0,29.0,45.0
2022-11-05 07:30:00,0,4.9,176.8,-27.4,19.0,0.098,11.3,1284.9,-0.9,204.2,46.0,50.0,39.0,60.0,29.0,45.0
2022-11-05 07:40:00,0,4.7,204.5,8.3,19.0,0.0949268292682926,11.2,1270.8,-0.8,196.1,45.0,49.0,39.0,59.0,29.0,45.0
2022-11-05 07:50:00,0,3.9,183.0,-14.5,19.0,0.049560975609756,11.1,1258.8,-0.1,197.5,45.0,49.0,39.0,59.0,29.0,45.0
2022-11-05 08:00:00,0,4.3,172.6,-27.8,19.0,0.061170731707317,11.1,1262.7,-0.3,200.3,44.0,48.0,39.0,58.0,29.0,45.0
2022-11-05 08:10:00,0,5.4,228.3,28.0,19.0,0.1102926829268292,11.4,1295.3,-1.4,200.3,45.0,49.0,39.0,58.0,29.0,45.0
2022-11-05 08:20:00,0,5.8,202.9,2.5,19.0,0.1181951219512195,11.7,1325.7,-1.6,200.3,45.0,50.0,40.0,58.0,29.0,45.0
2022-11-05 08:30:00,0,7.5,218.0,9.3,19.0,0.2612195121951219,13.8,1567.5,-2.2,208.7,47.0,53.0,40.0,61.0,30.0,45.0
2022-11-05 08:40:00,0,5.3,210.4,1.6,19.0,0.1657073170731707,12.0,1354.8,-1.0,208.7,47.0,54.0,40.0,64.0,30.0,45.0
2022-11-05 08:50:00,0,3.2,198.8,-4.6,19.0,0.0139512195121951,10.2,1149.9,3.9,203.4,46.0,49.0,40.0,61.0,29.0,45.0
2022-11-05 09:00:00,0,3.5,197.6,11.7,19.0,0.0057073170731707,8.4,951.9,8.4,186.0,44.0,46.0,40.0,58.0,29.0,45.0
2022-11-05 09:10:00,0,3.3,193.2,7.2,19.0,0.0013170731707317,9.1,1029.5,6.5,186.0,44.0,45.0,39.0,56.0,29.0,45.0
2022-11-05 09:20:00,0,4.5,205.9,15.0,19.0,0.084390243902439,11.3,1280.2,-0.5,190.9,44.0,46.0,38.0,56.0,29.0,45.0
2022-11-05 09:30:00,0,4.7,195.5,-3.4,19.0,0.1046829268292682,11.2,1270.5,-0.8,198.9,44.0,48.0,38.0,57.0,29.0,45.0
2022-11-05 09:40:00,0,4.3,214.0,15.1,19.0,0.0686829268292683,11.1,1259.3,-0.4,198.9,44.0,48.0,37.0,57.0,29.0,45.0
2022-11-05 09:50:00,0,4.3,217.0,18.1,19.0,0.0603414634146341,11.1,1257.4,-0.4,198.9,44.0,48.0,36.0,57.0,29.0,45.0
2022-11-05 10:00:00,0,4.2,149.6,-49.3,20.0,0.0662439024390244,11.1,1258.8,-0.3,198.9,44.0,47.0,36.0,57.0,29.0,45.0
2022-11-05 10:10:00,0,4.7,210.9,19.4,20.0,0.1034146341463414,11.3,1278.5,-0.8,191.6,44.0,48.0,36.0,57.0,29.0,45.0
2022-11-05 10:20:00,0,5.9,199.8,2.6,20.0,0.1837073170731707,12.0,1358.4,-1.6,197.2,45.0,51.0,36.0,57.0,29.0,45.0
2022-11-05 10:30:00,0,5.4,139.8,-65.1,20.0,0.136390243902439,11.5,1305.6,-1.3,204.9,45.0,51.0,36.0,57.0,30.0,45.0
2022-11-05 10:40:00,0,6.5,211.5,6.6,20.0,0.2329756097560975,12.6,1426.0,-1.9,204.9,46.0,52.0,36.0,59.0,30.0,45.0
2022-11-05 10:50:00,0,6.8,209.1,-3.5,20.0,0.2611707317073171,12.8,1454.8,-1.9,212.6,47.0,53.0,36.0,60.0,30.0,45.0
2022-11-05 11:00:00,0,6.9,222.5,-9.3,20.0,0.2605365853658536,13.0,1472.6,-2.0,231.9,48.0,54.0,37.0,61.0,30.0,46.0
2022-11-05 11:10:00,0,8.7,227.8,2.6,20.0,0.5260487804878049,14.3,1619.1,-1.8,225.2,49.0,57.0,37.0,64.0,30.0,46.0
2022-11-05 11:20:00,0,7.6,237.8,12.6,20.0,0.3646829268292683,13.5,1532.6,-2.0,225.2,50.0,57.0,38.0,65.0,30.0,46.0
2022-11-05 11:30:00,0,8.4,217.2,1.4,20.0,0.4594146341463414,14.1,1592.0,-2.0,215.7,51.0,58.0,40.0,67.0,30.0,46.0
2022-11-05 11:40:00,0,9.5,222.6,21.2,19.0,0.6879512195121951,14.5,1641.4,-1.5,201.4,52.0,60.0,41.0,68.0,30.0,46.0
2022-11-05 11:50:00,0,9.7,249.7,22.3,18.0,0.7406829268292683,14.5,1646.2,-1.5,227.3,54.0,61.0,42.0,69.0,31.0,46.0
2022-11-05 12:00:00,0,11.3,238.4,2.7,18.0,0.9004390243902439,14.7,1666.1,2.3,235.8,55.0,62.0,43.0,71.0,31.0,45.0
2022-11-05 12:10:00,0,10.7,224.2,-20.3,18.0,0.8593170731707317,14.6,1658.7,1.9,244.5,55.0,63.0,44.0,73.0,32.0,46.0
2022-11-05 12:20:00,0,9.3,241.7,6.0,18.0,0.6290243902439024,14.5,1644.7,-1.9,235.7,53.0,62.0,45.0,74.0,32.0,46.0
2022-11-05 12:30:00,0,7.3,246.4,10.6,18.0,0.3480487804878048,13.3,1512.0,-2.1,235.7,51.0,59.0,46.0,74.0,31.0,46.0
2022-11-05 12:40:00,0,7.4,244.4,0.6000000000000001,18.0,0.3373658536585366,13.5,1524.0,-2.0,243.8,53.0,57.0,46.0,72.0,31.0,46.0
2022-11-05 12:50:00,0,7.4,234.4,-9.4,19.0,0.3166829268292683,13.5,1535.2,-2.1,243.8,53.0,57.0,46.0,72.0,31.0,46.0
2022-11-05 13:00:00,0,8.5,230.2,-7.3,18.0,0.5654146341463414,14.2,1606.3,-2.0,237.5,54.0,59.0,46.0,72.0,31.0,46.0
2022-11-05 13:10:00,0,11.4,269.1,11.6,17.0,0.9256585365853658,14.7,1665.6,2.7,257.5,56.0,62.0,46.0,73.0,31.0,46.0
2022-11-05 13:20:00,0,10.2,242.8,-8.6,18.0,0.8077560975609757,14.6,1650.8,-0.9,251.5,54.0,63.0,47.0,74.0,31.0,46.0
2022-11-05 13:30:00,0,8.4,231.6,-13.3,18.0,0.504,14.2,1605.1,-2.0,244.8,52.0,61.0,47.0,74.0,32.0,46.0
2022-11-05 13:40:00,0,7.7,234.1,-11.1,19.0,0.4313170731707317,13.7,1555.6,-2.1,245.2,51.0,59.0,47.0,73.0,32.0,46.0
2022-11-05 13:50:00,0,6.8,239.3,-5.9,19.0,0.2578536585365854,12.9,1459.7,-2.0,245.2,52.0,57.0,48.0,70.0,32.0,46.0
2022-11-05 14:00:00,0,5.0,233.1,-12.1,19.0,0.0962439024390243,11.7,1320.5,-0.8,245.1,52.0,54.0,47.0,67.0,31.0,46.0
2022-11-05 14:10:00,0,5.3,201.6,-2.2,19.0,0.1335609756097561,11.4,1292.8,-1.3,203.9,51.0,53.0,47.0,61.0,31.0,46.0
2022-11-05 14:20:00,0,5.2,228.5,6.8,19.0,0.1128780487804878,11.3,1275.9,-1.3,221.7,50.0,53.0,46.0,57.0,31.0,46.0
2022-11-05 14:30:00,0,4.0,243.6,4.4,19.0,0.0279512195121951,9.3,1058.1,12.8,239.2,49.0,51.0,45.0,54.0,30.0,46.0
2022-11-05 14:40:00,0,3.9,145.9,-49.2,19.0,0.0270731707317073,8.1,923.3,19.4,195.1,48.0,49.0,44.0,52.0,30.0,46.0
2022-11-05 14:50:00,0,4.5,220.4,17.5,19.0,0.0559512195121951,11.1,1260.0,-0.4,202.8,48.0,49.0,43.0,49.0,30.0,46.0
2022-11-05 15:00:00,0,5.0,226.2,16.1,19.0,0.0853170731707317,11.2,1268.5,-1.0,210.2,48.0,50.0,43.0,48.0,30.0,46.0
2022-11-05 15:10:00,0,5.7,225.0,6.0,20.0,0.1276097560975609,11.5,1306.5,-1.6,218.9,48.0,51.0,43.0,47.0,31.0,46.0
2022-11-05 15:20:00,0,5.0,219.1,-7.5,20.0,0.0818048780487804,11.2,1271.5,-1.1,226.6,48.0,51.0,42.0,46.0,31.0,46.0
2022-11-05 15:30:00,0,3.8,236.9,10.2,20.0,0.028390243902439,11.1,1259.0,0.3,226.6,47.0,49.0,42.0,46.0,30.0,46.0
2022-11-05 15:40:00,0,6.7,243.7,-0.1,21.0,0.251609756097561,12.7,1443.1,-1.7000000000000002,243.8,48.0,52.0,42.0,46.0,31.0,46.0
2022-11-05 15:50:00,0,8.5,255.8,3.9,21.0,0.4441951219512195,14.2,1611.2,-2.1,251.8,50.0,56.0,42.0,48.0,31.0,46.0
2022-11-05 16:00:00,0,7.8,233.8,-11.0,21.0,0.3710243902439024,13.8,1564.0,-2.0,244.8,51.0,58.0,43.0,54.0,32.0,46.0
2022-11-05 16:10:00,0,8.0,232.1,-5.4,21.0,0.4302926829268292,13.8,1567.8,-2.0,237.5,52.0,58.0,43.0,56.0,32.0,46.0
2022-11-05 16:20:00,0,8.2,252.9,8.0,21.0,0.4530243902439024,14.0,1583.2,-2.0,244.8,52.0,59.0,43.0,58.0,32.0,46.0
2022-11-05 16:30:00,0,10.2,247.8,2.9,21.0,0.7350731707317074,14.6,1649.2,-0.8,244.8,54.0,61.0,44.0,59.0,32.0,46.0
2022-11-05 16:40:00,0,8.5,249.6,4.8,21.0,0.525609756097561,14.1,1602.2,-2.0,244.8,55.0,61.0,45.0,60.0,33.0,46.0
2022-11-05 16:50:00,0,7.5,260.2,15.4,21.0,0.380390243902439,13.4,1521.1,-2.0,244.8,55.0,60.0,45.0,60.0,33.0,46.0
2022-11-05 17:00:00,0,8.9,225.6,-19.2,21.0,0.5367804878048781,14.3,1622.3,-1.9,244.8,55.0,60.0,46.0,61.0,33.0,47.0
2022-11-05 17:10:00,0,9.4,252.3,-0.6000000000000001,21.0,0.6329756097560976,14.5,1640.2,-1.6,252.9,56.0,62.0,46.0,62.0,33.0,47.0
2022-11-05 17:20:00,0,8.8,248.2,2.9,21.0,0.535609756097561,14.3,1617.8,-2.0,245.2,56.0,62.0,46.0,63.0,33.0,47.0
2022-11-05 17:30:00,0,9.2,256.7,11.4,21.0,0.576,14.4,1627.8,-1.7000000000000002,245.2,53.0,62.0,47.0,63.0,33.0,47.0
2022-11-05 17:40:00,0,8.0,251.3,6.1,21.0,0.4365853658536585,14.0,1585.8,-2.1,245.2,52.0,60.0,47.0,63.0,34.0,47.0
2022-11-05 17:50:00,0,8.0,259.6,14.4,21.0,0.4345853658536585,13.9,1575.5,-2.1,245.2,52.0,60.0,47.0,64.0,34.0,47.0
2022-11-05 18:00:00,0,9.0,244.0,-1.3,21.0,0.569609756097561,14.3,1624.7,-1.8,245.2,52.0,60.0,47.0,64.0,34.0,47.0
2022-11-05 18:10:00,0,6.6,244.8,-18.9,21.0,0.2443414634146341,12.7,1437.2,-1.8,263.8,51.0,58.0,48.0,63.0,34.0,47.0
2022-11-05 18:20:00,0,7.1,275.3,19.6,20.0,0.3038048780487805,13.2,1491.4,-2.0,255.7,52.0,57.0,47.0,60.0,33.0,47.0
2022-11-05 18:30:00,0,7.8,256.3,0.6000000000000001,20.0,0.3780975609756097,13.6,1544.9,-2.0,255.7,53.0,58.0,47.0,59.0,33.0,47.0
2022-11-05 18:40:00,0,8.3,239.8,-15.9,20.0,0.440780487804878,14.2,1607.1,-2.1,255.7,54.0,59.0,47.0,59.0,33.0,47.0
2022-11-05 18:50:00,0,8.8,243.2,-12.5,20.0,0.515219512195122,14.5,1637.1,-2.1,255.7,55.0,60.0,47.0,61.0,33.0,47.0
2022-11-05 19:00:00,0,8.2,261.3,5.6,20.0,0.4324390243902439,14.1,1600.7,-2.2,255.7,55.0,60.0,47.0,62.0,33.0,47.0
2022-11-05 19:10:00,0,7.1,236.4,-19.3,20.0,0.3043414634146341,13.2,1489.8,-2.0,255.7,55.0,60.0,47.0,61.0,33.0,47.0
2022-11-05 19:20:00,0,6.6,245.6,-10.1,20.0,0.2209268292682926,12.7,1438.1,-1.9,255.7,54.0,58.0,47.0,58.0,33.0,47.0
2022-11-05 19:30:00,0,7.2,256.3,0.6000000000000001,20.0,0.319170731707317,13.3,1505.5,-2.0,255.7,55.0,58.0,46.0,55.0,33.0,47.0
2022-11-05 19:40:00,0,6.5,250.0,-5.7,20.0,0.2339512195121951,12.5,1412.4,-1.8,255.7,54.0,57.0,46.0,54.0,33.0,47.0
2022-11-05 19:50:00,0,7.3,263.2,7.5,20.0,0.3032195121951219,13.4,1521.8,-2.1,255.7,54.0,58.0,46.0,52.0,32.0,47.0
2022-11-05 20:00:00,0,7.8,255.3,-0.4,20.0,0.3818048780487805,13.7,1556.6,-2.1,255.7,55.0,58.0,46.0,51.0,33.0,47.0
2022-11-05 20:10:00,0,6.2,253.3,-2.4,20.0,0.2063414634146341,12.2,1380.8,-1.7000000000000002,255.7,54.0,58.0,45.0,51.0,32.0,47.0
2022-11-05 20:20:00,0,5.5,256.1,0.3,20.0,0.1357073170731707,11.5,1306.8,-1.4,255.7,53.0,55.0,45.0,49.0,32.0,47.0
2022-11-05 20:30:00,0,5.9,257.0,-6.7,20.0,0.1707317073170731,12.0,1362.6,-1.5,263.8,53.0,55.0,45.0,49.0,32.0,47.0
2022-11-05 20:40:00,0,5.5,274.0,10.2,20.0,0.129170731707317,11.6,1310.8,-1.4,263.8,52.0,54.0,44.0,48.0,32.0,47.0
2022-11-05 20:50:00,0,6.1,244.4,-19.4,20.0,0.1818048780487804,12.1,1375.7,-1.6,263.8,52.0,55.0,44.0,47.0,32.0,47.0
2022-11-05 21:00:00,0,6.0,278.6,14.9,20.0,0.166,12.0,1360.6,-1.6,263.8,52.0,54.0,44.0,47.0,32.0,47.0
2022-11-05 21:10:00,0,6.3,275.1,11.4,20.0,0.1778048780487804,12.3,1392.4,-1.8,263.8,52.0,55.0,43.0,46.0,32.0,47.0
2022-11-05 21:20:00,0,8.3,242.0,-13.0,20.0,0.4220975609756097,14.0,1590.2,-2.0,255.0,52.0,57.0,43.0,46.0,32.0,47.0
2022-11-05 21:30:00,0,8.6,249.2,-5.8,20.0,0.4865365853658536,14.3,1615.7,-2.0,255.0,54.0,59.0,43.0,47.0,32.0,47.0
2022-11-05 21:40:00,0,8.6,257.7,2.7,20.0,0.4891219512195122,14.3,1620.4,-2.1,255.0,55.0,60.0,44.0,47.0,32.0,47.0
2022-11-05 21:50:00,0,9.0,245.0,-10.0,20.0,0.5430243902439025,14.5,1639.2,-2.0,255.0,55.0,60.0,44.0,48.0,32.0,47.0
2022-11-05 22:00:00,0,9.7,253.6,-1.3,20.0,0.6464878048780488,14.6,1654.9,-1.5,255.0,56.0,61.0,45.0,49.0,32.0,47.0
2022-11-05 22:10:00,0,9.2,256.9,1.8,20.0,0.5789268292682926,14.5,1643.5,-1.8,255.0,55.0,62.0,45.0,50.0,32.0,47.0
2022-11-05 22:20:00,0,9.6,253.4,-1.6,20.0,0.6298536585365854,14.5,1646.0,-1.5,255.0,53.0,61.0,46.0,50.0,32.0,47.0
2022-11-05 22:30:00,0,9.1,260.7,5.7,20.0,0.6112682926829268,14.3,1624.6,-1.7000000000000002,255.0,53.0,61.0,46.0,51.0,33.0,47.0
2022-11-05 22:40:00,0,7.9,269.6,14.5,20.0,0.4070243902439024,13.6,1536.5,-1.9,255.0,51.0,59.0,46.0,52.0,33.0,47.0
2022-11-05 22:50:00,0,8.8,252.3,-15.7,20.0,0.5480975609756097,14.3,1624.3,-1.9,268.0,51.0,60.0,47.0,52.0,33.0,47.0
2022-11-05 23:00:00,0,9.4,291.2,12.6,19.0,0.604780487804878,14.3,1624.0,-0.9,278.5,51.0,60.0,47.0,52.0,33.0,47.0
2022-11-05 23:10:00,0,6.5,285.8,-13.3,18.0,0.2101951219512195,12.6,1426.3,-1.8,299.2,51.0,57.0,47.0,52.0,33.0,47.0
2022-11-05 23:20:00,0,5.7,294.0,4.3,18.0,0.1530243902439024,11.8,1339.7,-1.5,289.8,51.0,55.0,47.0,51.0,31.0,47.0
2022-11-05 23:30:00,0,7.0,317.3,7.2,18.0,0.2956585365853658,13.1,1485.6,-2.0,310.1,51.0,55.0,46.0,50.0,31.0,47.0
2022-11-05 23:40:00,0,7.4,346.2,10.5,17.0,0.2880487804878048,13.6,1542.0,-2.1,335.6,52.0,57.0,46.0,50.0,31.0,47.0
2022-11-05 23:50:00,0,5.6,275.3,-45.6,16.0,0.1415121951219512,11.8,1339.2,-1.3,320.9,51.0,54.0,45.0,49.0,30.0,46.0
2022-11-06 00:00:00,0,6.1,338.1,-8.8,16.0,0.1642439024390244,12.2,1385.6,-1.7000000000000002,346.9,51.0,54.0,44.0,48.0,30.0,46.0
2022-11-06 00:10:00,0,5.2,341.9,0.6000000000000001,16.0,0.0936097560975609,11.3,1286.2,-1.2,341.3,50.0,52.0,44.0,47.0,30.0,46.0
2022-11-06 00:20:00,0,4.5,317.4,-30.9,15.0,0.0565853658536585,11.3,1274.2,-0.5,348.3,49.0,51.0,43.0,46.0,29.0,46.0
2022-11-06 00:30:00,0,3.5,347.6,-6.5,15.0,0.002780487804878,9.8,1112.2,4.8,354.2,48.0,48.0,42.0,45.0,28.0,46.0
2022-11-06 00:40:00,0,3.4,330.0,-10.8,15.0,-0.0070243902439024,5.1,580.2,15.8,340.9,47.0,45.0,41.0,44.0,27.0,45.0
2022-11-06 00:50:00,0,3.0,343.4,2.9,15.0,-0.0108780487804878,4.7,535.3,18.1,340.5,46.0,44.0,39.0,43.0,27.0,45.0
2022-11-06 01:00:00,0,3.3,306.9,-17.5,15.0,-0.0079512195121951,2.3,266.6,23.6,324.4,45.0,41.0,38.0,42.0,26.0,45.0
2022-11-06 01:10:00,0,4.8,309.7,-8.1,15.0,0.0693170731707317,11.1,1260.8,-0.9,317.8,45.0,43.0,36.0,40.0,27.0,45.0
2022-11-06 01:20:00,0,5.6,307.3,-7.7,15.0,0.0997560975609756,11.7,1329.2,-1.3,315.0,46.0,47.0,35.0,39.0,27.0,45.0
2022-11-06 01:30:00,0,3.7,322.1,-6.1,15.0,0.0161951219512195,9.3,1050.6,5.3,328.3,45.0,46.0,35.0,38.0,26.0,44.0
2022-11-06 01:40:00,0,4.2,336.3,8.0,15.0,0.0411219512195122,11.0,1247.8,-0.3,328.3,44.0,45.0,34.0,37.0,26.0,44.0
2022-11-06 01:50:00,0,3.9,325.2,5.0,15.0,0.0233170731707317,11.0,1249.0,-0.1,320.2,44.0,45.0,33.0,37.0,26.0,44.0
2022-11-06 02:00:00,0,3.2,316.0,-10.1,15.0,0.0024390243902439,11.0,1248.9,1.4,326.1,43.0,44.0,33.0,36.0,25.0,44.0
2022-11-06 02:10:00,0,3.7,315.8,-0.9,15.0,0.004,6.7,762.6,14.6,316.7,42.0,43.0,32.0,36.0,25.0,44.0
2022-11-06 02:20:00,0,3.7,324.2,-3.7,15.0,0.0154634146341463,11.0,1249.9,0.1,327.9,42.0,44.0,32.0,36.0,25.0,43.0
2022-11-06 02:30:00,0,4.7,323.9,-3.4,15.0,0.0578536585365853,11.1,1255.2,-0.8,327.2,43.0,45.0,32.0,35.0,25.0,44.0
2022-11-06 02:40:00,0,4.9,334.0,-1.3,15.0,0.0766829268292682,11.2,1263.9,-1.0,335.3,43.0,47.0,32.0,35.0,25.0,44.0
2022-11-06 02:50:00,0,5.6,321.7,-13.6,15.0,0.1253658536585365,11.5,1307.4,-1.5,335.3,44.0,48.0,32.0,35.0,25.0,44.0
2022-11-06 03:00:00,0,6.9,343.0,-1.1,15.0,0.2461463414634146,13.0,1476.4,-2.0,344.1,45.0,51.0,32.0,36.0,25.0,44.0
2022-11-06 03:10:00,0,6.9,344.0,-0.4,15.0,0.2428292682926829,13.0,1470.9,-2.0,344.4,46.0,53.0,32.0,38.0,25.0,44.0
2022-11-06 03:20:00,0,6.2,3.3,18.9,15.0,0.1732195121951219,12.1,1373.9,-1.8,344.4,46.0,52.0,33.0,39.0,25.0,44.0
2022-11-06 03:30:00,0,5.8,342.3,-2.1,14.0,0.1402439024390244,11.6,1316.8,-1.7000000000000002,344.4,46.0,51.0,33.0,39.0,25.0,44.0
2022-11-06 03:40:00,0,5.1,343.5,6.1,14.0,0.0995121951219512,11.3,1279.3,-1.2,337.4,45.0,50.0,33.0,39.0,25.0,44.0
2022-11-06 03:50:00,0,4.2,349.2,11.8,14.0,0.0458048780487804,11.1,1252.6,-0.4,337.4,45.0,48.0,33.0,39.0,25.0,44.0
2022-11-06 04:00:00,0,4.8,329.9,-7.5,14.0,0.0724878048780487,11.1,1261.9,-0.9,337.4,44.0,47.0,33.0,38.0,25.0,44.0
2022-11-06 04:10:00,0,4.4,342.5,7.6,14.0,0.0551219512195121,11.1,1256.2,-0.5,334.9,44.0,47.0,33.0,38.0,25.0,44.0
2022-11-06 04:20:00,0,4.5,335.6,0.7000000000000001,14.0,0.0446341463414634,11.1,1253.0,-0.6000000000000001,335.0,43.0,46.0,33.0,38.0,25.0,44.0
2022-11-06 04:30:00,0,3.9,336.6,-7.1,14.0,0.0204878048780487,11.0,1249.4,0.3,343.7,43.0,45.0,32.0,38.0,25.0,44.0
2022-11-06 04:40:00,0,4.1,322.7,-6.2,14.0,0.0208780487804878,11.0,1249.6,-0.2,329.0,42.0,44.0,32.0,37.0,25.0,44.0
2022-11-06 04:50:00,0,4.3,325.1,-3.8,14.0,0.0404878048780487,11.0,1250.7,-0.5,329.0,42.0,45.0,32.0,37.0,25.0,44.0
2022-11-06 05:00:00,0,4.5,336.1,-0.3,14.0,0.0501951219512195,11.1,1251.9,-0.7000000000000001,336.3,42.0,45.0,32.0,37.0,25.0,44.0
2022-11-06 05:10:00,0,4.2,342.0,5.7,14.0,0.0349268292682926,11.1,1252.8,-0.3,336.3,42.0,45.0,32.0,37.0,25.0,44.0
2022-11-06 05:20:00,0,3.9,333.5,-2.8,14.0,0.0205365853658536,11.0,1250.2,-0.1,336.3,41.0,44.0,32.0,37.0,25.0,44.0
2022-11-06 05:30:00,0,5.0,335.0,-1.3,14.0,0.0720975609756097,11.2,1264.8,-1.1,336.3,42.0,45.0,32.0,37.0,25.0,44.0
2022-11-06 05:40:00,0,5.8,341.9,12.5,14.0,0.154,11.8,1334.3,-1.6,329.3,43.0,48.0,32.0,37.0,25.0,43.0
2022-11-06 05:50:00,0,6.3,335.5,6.1,14.0,0.2044390243902439,12.3,1393.4,-1.8,329.3,44.0,50.0,32.0,38.0,25.0,43.0
2022-11-06 06:00:00,0,6.7,326.9,-2.4,14.0,0.2248780487804878,12.8,1444.6,-1.9,329.3,45.0,52.0,32.0,38.0,25.0,43.0
2022-11-06 06:10:00,0,6.4,314.7,-14.6,14.0,0.1834146341463414,12.4,1407.1,-1.9,329.3,45.0,52.0,33.0,39.0,25.0,43.0
2022-11-06 06:20:00,0,5.8,323.0,-6.3,14.0,0.1678048780487805,11.8,1331.3,-1.6,329.3,45.0,51.0,33.0,39.0,25.0,43.0
2022-11-06 06:30:00,0,6.2,335.7,6.4,14.0,0.1664878048780488,12.1,1370.1,-1.9,329.3,45.0,50.0,33.0,39.0,25.0,43.0
2022-11-06 06:40:00,0,6.1,319.2,-16.8,14.0,0.1698048780487805,12.0,1355.2,-1.9,336.0,46.0,51.0,33.0,39.0,25.0,43.0
2022-11-06 06:50:00,0,5.1,331.7,-4.3,13.0,0.0930731707317073,11.4,1292.7,-1.1,336.0,45.0,49.0,33.0,39.0,25.0,43.0
2022-11-06 07:00:00,0,4.8,332.5,4.2,13.0,0.0782926829268292,11.2,1271.1,-0.9,328.3,44.0,48.0,33.0,38.0,25.0,43.0
2022-11-06 07:10:00,0,5.5,327.6,-0.6000000000000001,13.0,0.1328292682926829,11.4,1297.0,-1.4,328.3,44.0,48.0,32.0,38.0,24.0,43.0
2022-11-06 07:20:00,0,5.4,320.7,-7.6,13.0,0.1259024390243902,11.4,1296.8,-1.4,328.3,45.0,49.0,32.0,38.0,24.0,43.0
2022-11-06 07:30:00,0,5.4,333.9,5.6,13.0,0.1080487804878048,11.3,1284.9,-1.4,328.3,45.0,49.0,32.0,37.0,24.0,43.0
2022-11-06 07:40:00,0,5.1,355.2,21.0,12.0,0.0877073170731707,11.2,1269.8,-1.2,334.2,44.0,48.0,32.0,37.0,24.0,43.0
2022-11-06 07:50:00,0,5.2,332.8,5.9,12.0,0.0985365853658536,11.2,1272.3,-1.2,326.9,44.0,48.0,32.0,37.0,24.0,43.0
2022-11-06 08:00:00,0,5.4,314.2,-20.1,12.0,0.1069268292682926,11.4,1289.2,-1.4,334.2,44.0,48.0,32.0,37.0,24.0,43.0
2022-11-06 08:10:00,0,4.7,338.3,4.0,12.0,0.0668780487804878,11.1,1259.2,-0.8,334.2,44.0,47.0,32.0,37.0,24.0,43.0
2022-11-06 08:20:00,0,4.4,354.1,19.8,12.0,0.0394146341463414,11.1,1253.2,-0.6000000000000001,334.3,43.0,46.0,32.0,36.0,24.0,43.0
2022-11-06 08:30:00,0,4.0,339.6,-3.4,12.0,0.0261463414634146,11.0,1251.1,-0.2,343.0,42.0,44.0,31.0,36.0,23.0,43.0
2022-11-06 08:40:00,0,4.4,290.3,-46.0,12.0,0.0515609756097561,11.1,1254.7,-0.6000000000000001,336.3,42.0,44.0,31.0,36.0,23.0,43.0
2022-11-06 08:50:00,0,5.8,338.6,2.2,12.0,0.138390243902439,11.8,1332.9,-1.6,336.3,43.0,47.0,31.0,36.0,23.0,43.0
2022-11-06 09:00:00,0,7.0,343.1,-0.9,12.0,0.2432682926829268,13.2,1495.9,-2.1,344.1,44.0,50.0,31.0,36.0,23.0,43.0
2022-11-06 09:10:00,0,6.2,327.7,-16.4,12.0,0.168780487804878,12.2,1380.4,-1.8,344.1,45.0,51.0,32.0,37.0,23.0,42.0
2022-11-06 09:20:00,0,4.7,340.3,-3.7,12.0,0.0644390243902439,11.3,1275.7,-0.8,344.1,44.0,48.0,32.0,37.0,23.0,42.0
2022-11-06 09:30:00,0,3.6,332.2,-11.9,13.0,0.0061951219512195,7.5,847.6,10.5,344.0,42.0,44.0,31.0,36.0,24.0,42.0
2022-11-06 09:40:00,0,3.9,331.0,-7.4,13.0,0.0237073170731707,11.0,1250.2,0.0,338.4,42.0,44.0,31.0,36.0,23.0,42.0
2022-11-06 09:50:00,0,3.4,351.5,20.7,13.0,0.0068780487804878,11.0,1249.5,0.8,330.7,42.0,44.0,31.0,35.0,23.0,42.0
2022-11-06 10:00:00,0,3.0,342.6,10.4,14.0,-0.0065365853658536,2.1,263.8,23.9,332.1,41.0,42.0,30.0,35.0,24.0,42.0
2022-11-06 10:10:00,0,3.2,315.7,-3.4,14.0,-0.0031219512195121,3.6,413.3,19.4,319.2,41.0,41.0,29.0,35.0,25.0,42.0
2022-11-06 10:20:00,0,3.3,325.4,-1.1,14.0,-0.0028780487804878,5.9,674.0,17.1,326.5,41.0,42.0,29.0,34.0,25.0,42.0
2022-11-06 10:30:00,0,3.7,309.0,-8.7,14.0,0.0141463414634146,8.7,986.0,6.1,317.8,41.0,43.0,29.0,33.0,25.0,42.0
2022-11-06 10:40:00,0,3.3,299.6,-18.2,14.0,0.0036585365853658,9.5,1071.2,5.3,317.8,42.0,44.0,29.0,33.0,25.0,42.0
2022-11-06 10:50:00,0,2.8,334.7,20.8,15.0,-0.0045853658536585,1.8,225.6,24.0,313.9,41.0,43.0,29.0,33.0,26.0,42.0
2022-11-06 11:00:00,0,3.9,322.6,1.0,14.0,0.020390243902439,10.5,1187.0,1.0,321.6,41.0,44.0,29.0,32.0,25.0,43.0
2022-11-06 11:10:00,0,2.9,307.5,-22.2,15.0,-0.0050731707317073,3.9,449.6,19.6,329.7,41.0,43.0,29.0,32.0,25.0,43.0
2022-11-06 11:20:00,0,3.4,274.2,-48.1,15.0,-0.0046829268292682,2.5,280.4,24.0,322.3,40.0,42.0,29.0,32.0,26.0,43.0
2022-11-06 11:30:00,0,3.9,321.7,-2.0,15.0,0.0205853658536585,8.8,995.9,5.5,323.7,41.0,43.0,28.0,31.0,25.0,43.0
2022-11-06 11:40:00,0,3.5,320.1,-3.6,16.0,0.0066829268292682,11.0,1248.0,0.9,323.7,41.0,45.0,29.0,31.0,25.0,43.0
2022-11-06 11:50:00,0,3.5,351.4,23.2,16.0,0.0066341463414634,9.2,1043.5,6.3,328.3,41.0,45.0,29.0,31.0,25.0,43.0
2022-11-06 12:00:00,0,4.2,338.4,8.1,16.0,0.028390243902439,8.9,1020.6,9.1,330.4,41.0,45.0,30.0,34.0,26.0,43.0
2022-11-06 12:10:00,0,4.1,331.1,5.3,16.0,0.0473658536585365,11.1,1256.1,-0.3,325.8,42.0,46.0,30.0,46.0,26.0,43.0
2022-11-06 12:20:00,0,4.7,316.4,-12.3,16.0,0.0692682926829268,11.2,1266.1,-0.8,328.6,42.0,48.0,31.0,52.0,26.0,43.0
2022-11-06 12:30:00,0,4.9,344.8,23.8,16.0,0.0833170731707317,11.2,1264.1,-1.0,320.9,43.0,48.0,31.0,55.0,26.0,43.0
2022-11-06 12:40:00,0,4.8,310.5,-10.4,16.0,0.0796585365853658,11.2,1270.5,-0.9,320.9,43.0,48.0,32.0,57.0,26.0,44.0
2022-11-06 12:50:00,0,5.1,328.5,-6.4,17.0,0.0982439024390244,11.3,1280.7,-1.1,334.9,43.0,48.0,32.0,58.0,26.0,44.0
2022-11-06 13:00:00,0,5.0,338.4,2.1,17.0,0.0931219512195122,11.2,1273.4,-1.1,336.3,43.0,48.0,33.0,59.0,26.0,44.0
2022-11-06 13:10:00,0,5.3,324.3,-12.0,17.0,0.1005365853658536,11.5,1297.7,-1.2,336.3,44.0,49.0,33.0,60.0,27.0,44.0
2022-11-06 13:20:00,0,5.3,351.2,40.8,17.0,0.1131219512195122,11.4,1289.3,-1.3,310.4,44.0,49.0,34.0,61.0,27.0,44.0
2022-11-06 13:30:00,0,5.5,326.1,-1.8,17.0,0.1154146341463414,11.4,1292.7,-1.5,327.9,44.0,49.0,34.0,61.0,27.0,45.0
2022-11-06 13:40:00,0,4.6,341.4,20.5,17.0,0.0700975609756097,11.2,1269.8,-0.7000000000000001,320.9,44.0,49.0,35.0,62.0,28.0,45.0
2022-11-06 13:50:00,0,4.1,294.3,-19.3,17.0,0.0422439024390243,11.1,1253.9,-0.2,313.6,44.0,48.0,35.0,61.0,28.0,45.0
2022-11-06 14:00:00,0,4.0,302.1,-19.8,17.0,0.0342439024390243,11.0,1251.0,-0.2,322.0,43.0,47.0,35.0,61.0,28.0,45.0
2022-11-06 14:10:00,0,5.0,312.7,-13.1,17.0,0.0925365853658536,11.3,1274.6,-1.1,325.8,44.0,48.0,35.0,62.0,29.0,45.0
2022-11-06 14:20:00,0,4.9,331.0,13.6,17.0,0.0862926829268292,11.2,1265.6,-1.0,317.4,44.0,48.0,36.0,62.0,29.0,45.0
2022-11-06 14:30:00,0,4.9,314.0,-7.2,17.0,0.0994634146341463,11.4,1287.5,-0.9,321.3,44.0,49.0,36.0,62.0,29.0,45.0
2022-11-06 14:40:00,0,5.2,322.8,1.6,17.0,0.1004878048780487,11.3,1285.5,-1.2,321.3,45.0,50.0,36.0,63.0,29.0,46.0
2022-11-06 14:50:00,0,4.9,321.8,-1.5,17.0,0.0862926829268292,11.4,1286.0,-0.9,323.4,44.0,49.0,37.0,63.0,29.0,46.0
2022-11-06 15:00:00,0,5.0,329.9,-0.8,17.0,0.0920975609756097,11.2,1268.8,-1.1,330.7,45.0,49.0,37.0,63.0,29.0,46.0
2022-11-06 15:10:00,0,5.0,330.5,7.5,17.0,0.0858536585365853,11.2,1268.3,-1.1,323.0,45.0,49.0,37.0,63.0,29.0,46.0
2022-11-06 15:20:00,0,4.6,309.2,-13.1,18.0,0.0802926829268292,11.2,1269.8,-0.7000000000000001,322.3,45.0,49.0,37.0,63.0,30.0,46.0
2022-11-06 15:30:00,0,5.1,313.0,-8.9,17.0,0.0899512195121951,11.3,1282.2,-1.1,322.0,45.0,49.0,37.0,63.0,30.0,46.0
2022-11-06 15:40:00,0,5.4,332.7,18.8,17.0,0.1084390243902439,11.6,1309.3,-1.3,313.9,45.0,49.0,37.0,64.0,29.0,46.0
2022-11-06 15:50:00,0,5.7,312.2,-9.8,17.0,0.1239512195121951,11.6,1318.7,-1.6,322.0,45.0,50.0,37.0,64.0,29.0,46.0
2022-11-06 16:00:00,0,5.5,302.5,-12.8,17.0,0.1434146341463414,11.7,1321.7,-1.4,315.3,45.0,50.0,37.0,64.0,29.0,46.0
2022-11-06 16:10:00,0,5.7,336.6,14.2,17.0,0.1395609756097561,11.7,1330.2,-1.5,322.3,45.0,50.0,36.0,64.0,29.0,46.0
2022-11-06 16:20:00,0,5.9,311.5,-18.5,17.0,0.15,11.9,1349.3,-1.6,330.0,46.0,51.0,36.0,64.0,29.0,45.0
2022-11-06 16:30:00,0,5.4,314.2,-17.1,17.0,0.1046829268292682,11.5,1301.8,-1.3,331.4,45.0,50.0,36.0,64.0,29.0,45.0
2022-11-06 16:40:00,0,5.8,286.9,-20.4,17.0,0.1482926829268292,11.8,1332.5,-1.6,307.3,45.0,50.0,36.0,63.0,29.0,45.0
2022-11-06 16:50:00,0,5.5,316.0,-1.8,17.0,0.1234634146341463,11.4,1293.8,-1.5,317.8,45.0,50.0,36.0,63.0,29.0,45.0
2022-11-06 17:00:00,0,5.3,294.6,-23.1,17.0,0.1069268292682926,11.5,1302.8,-1.2,317.8,45.0,50.0,35.0,63.0,29.0,45.0
2022-11-06 17:10:00,0,5.1,295.0,-16.1,17.0,0.1066829268292682,11.4,1286.5,-1.1,311.1,45.0,49.0,35.0,62.0,28.0,45.0
2022-11-06 17:20:00,0,5.1,296.2,-12.8,17.0,0.1000487804878048,11.3,1285.4,-1.1,309.0,45.0,49.0,35.0,62.0,28.0,44.0
2022-11-06 17:30:00,0,5.6,313.7,4.7,17.0,0.1379512195121951,11.6,1315.6,-1.5,309.0,45.0,49.0,35.0,62.0,28.0,44.0
2022-11-06 17:40:00,0,6.1,312.2,0.4,17.0,0.1762439024390244,12.0,1363.9,-1.8,311.8,46.0,51.0,35.0,62.0,28.0,44.0
2022-11-06 17:50:00,0,5.3,292.6,-18.8,17.0,0.1113170731707317,11.5,1303.3,-1.3,311.5,45.0,50.0,35.0,62.0,28.0,44.0
2022-11-06 18:00:00,0,5.1,325.3,13.5,17.0,0.1048292682926829,11.3,1277.4,-1.1,311.8,45.0,49.0,35.0,62.0,28.0,44.0
2022-11-06 18:10:00,0,5.8,308.6,-3.2,16.0,0.158780487804878,11.8,1335.2,-1.7000000000000002,311.8,45.0,50.0,35.0,62.0,28.0,44.0
2022-11-06 18:20:00,0,4.5,322.5,10.7,16.0,0.0629268292682926,11.1,1257.3,-0.7000000000000001,311.8,45.0,48.0,35.0,61.0,27.0,44.0
2022-11-06 18:30:00,0,4.0,324.2,6.0,16.0,0.0387317073170731,11.1,1251.7,-0.2,318.1,44.0,46.0,34.0,60.0,27.0,44.0
2022-11-06 18:40:00,0,4.0,327.3,9.2,16.0,0.024780487804878,11.0,1250.1,0.0,318.1,43.0,46.0,34.0,60.0,27.0,44.0
2022-11-06 18:50:00,0,3.4,325.3,6.5,16.0,-0.0078048780487804,5.0,571.1,18.1,318.8,42.0,43.0,34.0,57.0,26.0,43.0
2022-11-06 19:00:00,0,3.7,339.6,14.1,16.0,0.010390243902439,10.4,1174.5,2.4,325.5,42.0,44.0,33.0,55.0,26.0,43.0
2022-11-06 19:10:00,0,2.7,299.1,-18.2,16.0,-0.0076585365853658,1.9,215.9,24.0,317.4,42.0,42.0,32.0,53.0,26.0,43.0
2022-11-06 19:20:00,0,2.8,280.9,-20.4,16.0,-0.006,2.0,223.7,24.0,301.3,41.0,41.0,31.0,48.0,26.0,43.0
2022-11-06 19:30:00,0,2.6,291.0,1.3,16.0,-0.0053170731707317,1.8,199.1,24.0,289.7,41.0,41.0,30.0,45.0,26.0,43.0
2022-11-06 19:40:00,0,2.5,265.5,-24.2,16.0,-0.0052195121951219,1.7000000000000002,197.1,24.0,289.7,41.0,40.0,30.0,42.0,25.0,44.0
2022-11-06 19:50:00,0,2.6,272.9,-16.8,16.0,-0.0050243902439024,1.7000000000000002,191.6,24.0,289.7,41.0,39.0,29.0,39.0,25.0,44.0
2022-11-06 20:00:00,0,2.6,270.3,-19.5,16.0,-0.005170731707317,1.9,220.9,24.0,289.7,40.0,39.0,28.0,37.0,25.0,44.0
2022-11-06 20:10:00,0,3.1,278.7,-22.2,16.0,-0.0050731707317073,2.2,249.7,24.0,300.9,40.0,39.0,28.0,35.0,25.0,44.0
2022-11-06 20:20:00,0,3.0,275.9,-25.0,16.0,-0.0044878048780487,2.1,236.4,24.0,300.9,40.0,39.0,27.0,33.0,26.0,44.0
2022-11-06 20:30:00,0,2.6,301.3,9.8,16.0,-0.0034634146341463,1.9,220.2,24.0,291.5,40.0,38.0,27.0,32.0,26.0,44.0
2022-11-06 20:40:00,0,2.8,321.7,30.2,16.0,-0.0032682926829268,2.1,244.5,24.0,291.5,40.0,38.0,27.0,31.0,26.0,45.0
2022-11-06 20:50:00,0,4.1,307.0,-10.0,16.0,0.0286341463414634,8.5,963.2,6.0,317.1,40.0,40.0,27.0,33.0,27.0,45.0
2022-11-06 21:00:00,0,4.0,329.3,4.8,16.0,0.0267317073170731,11.0,1249.2,-0.2,324.4,41.0,45.0,28.0,45.0,27.0,45.0
2022-11-06 21:10:00,0,3.5,343.0,11.9,15.0,0.0026829268292682,6.3,714.9,32.0,331.1,41.0,44.0,29.0,49.0,27.0,45.0
2022-11-06 21:20:00,0,3.9,328.0,-11.5,15.0,0.0271219512195121,11.0,1250.2,-0.1,339.5,42.0,46.0,30.0,52.0,27.0,44.0
2022-11-06 21:30:00,0,3.2,349.2,9.7,15.0,0.0034146341463414,9.0,1013.8,7.3,339.5,41.0,45.0,32.0,55.0,28.0,44.0
2022-11-06 21:40:00,0,3.3,356.6,10.5,15.0,-0.003170731707317,2.6,289.4,24.0,346.1,41.0,43.0,33.0,51.0,28.0,45.0
2022-11-06 21:50:00,0,3.4,335.0,-2.4,15.0,0.0032195121951219,9.4,1063.3,4.8,337.4,41.0,44.0,33.0,51.0,28.0,45.0
2022-11-06 22:00:00,0,3.1,354.5,9.4,15.0,-0.0031219512195121,2.4,269.0,24.0,345.1,41.0,43.0,34.0,50.0,28.0,45.0
2022-11-06 22:10:00,0,3.3,339.5,-16.1,15.0,-0.0006341463414634,6.2,701.3,13.7,355.6,41.0,42.0,34.0,48.0,28.0,45.0
2022-11-06 22:20:00,0,3.0,7.6,19.0,15.0,-0.0030731707317073,2.3,255.2,24.0,348.6,41.0,42.0,34.0,48.0,28.0,45.0
2022-11-06 22:30:00,0,2.8,5.0,16.3,15.0,-0.0031219512195121,2.1,237.5,24.0,348.6,40.0,41.0,34.0,45.0,28.0,46.0
2022-11-06 22:40:00,0,2.9,354.2,-1.8,15.0,-0.0030243902439024,2.0,229.6,24.0,356.0,40.0,40.0,34.0,43.0,28.0,46.0
2022-11-06 22:50:00,0,2.3,333.1,-22.9,15.0,-0.0030243902439024,1.1,176.8,24.0,356.0,40.0,40.0,34.0,41.0,27.0,46.0
2022-11-06 23:00:00,0,2.2,292.2,-63.7,15.0,-0.0030731707317073,0.7000000000000001,164.1,24.0,356.0,39.0,39.0,34.0,39.0,27.0,47.0
2022-11-06 23:10:00,0,2.4,333.5,-22.4,15.0,-0.0030731707317073,1.6,190.4,24.0,356.0,39.0,39.0,34.0,38.0,27.0,47.0
2022-11-06 23:20:00,0,3.2,343.3,-12.6,15.0,0.004780487804878,3.6,415.4,19.2,355.9,39.0,38.0,33.0,37.0,27.0,47.0
2022-11-06 23:30:00,0,3.8,339.5,-3.5,15.0,0.0226829268292682,9.7,1093.7,4.2,343.0,40.0,42.0,34.0,45.0,27.0,47.0
2022-11-06 23:40:00,0,3.6,359.0,16.2,15.0,0.010780487804878,11.0,1248.6,0.5,343.0,41.0,45.0,34.0,51.0,27.0,46.0
2022-11-06 23:50:00,0,3.5,337.9,-5.0,15.0,0.0113658536585365,11.0,1248.6,0.3,343.0,41.0,46.0,35.0,55.0,26.0,46.0
2022-11-07 00:00:00,0,3.5,327.9,-8.5,15.0,0.0090731707317073,11.0,1248.8,0.4,336.3,41.0,45.0,35.0,57.0,26.0,46.0
2022-11-07 00:10:00,0,3.9,328.5,-7.8,15.0,0.0234634146341463,11.0,1249.1,0.0,336.3,41.0,46.0,34.0,58.0,26.0,46.0
2022-11-07 00:20:00,0,4.2,338.5,2.2,15.0,0.0316097560975609,11.0,1249.4,-0.4,336.3,42.0,46.0,34.0,59.0,26.0,46.0
2022-11-07 00:30:00,0,4.8,339.6,3.2,15.0,0.0589756097560975,11.1,1255.6,-0.9,336.3,42.0,47.0,34.0,59.0,26.0,46.0
2022-11-07 00:40:00,0,4.3,354.1,17.7,15.0,0.0336585365853658,11.0,1249.8,-0.5,336.3,42.0,47.0,35.0,60.0,26.0,46.0
2022-11-07 00:50:00,0,3.8,311.3,-25.0,14.0,0.0194634146341463,11.0,1249.6,0.4,336.3,42.0,46.0,35.0,60.0,26.0,46.0
2022-11-07 01:00:00,0,3.4,348.4,6.1,14.0,-0.0046829268292682,3.3,366.7,23.2,342.3,41.0,44.0,34.0,57.0,27.0,46.0
2022-11-07 01:10:00,0,3.4,338.8,-3.5,14.0,-0.0010243902439024,6.8,773.8,11.6,342.3,41.0,43.0,34.0,52.0,27.0,46.0
2022-11-07 01:20:00,0,3.4,344.6,2.3,14.0,0.0012682926829268,8.7,985.0,7.1,342.3,41.0,44.0,33.0,53.0,26.0,45.0
2022-11-07 01:30:00,0,4.1,339.0,-10.7,13.0,0.0237073170731707,11.0,1249.4,-0.3,349.6,41.0,45.0,33.0,55.0,26.0,45.0
2022-11-07 01:40:00,0,4.3,15.1,32.1,13.0,0.0370731707317073,11.1,1252.4,-0.4,343.0,42.0,46.0,33.0,57.0,26.0,45.0
2022-11-07 01:50:00,0,4.2,338.4,-4.6,13.0,0.0277560975609756,11.0,1251.2,-0.3,343.0,42.0,46.0,33.0,58.0,26.0,45.0
2022-11-07 02:00:00,0,4.5,324.2,-18.8,13.0,0.0454146341463414,11.1,1254.4,-0.7000000000000001,343.0,42.0,47.0,34.0,59.0,26.0,45.0
2022-11-07 02:10:00,0,4.5,343.1,0.1,13.0,0.0450243902439024,11.1,1253.2,-0.7000000000000001,343.0,42.0,47.0,34.0,59.0,25.0,45.0
2022-11-07 02:20:00,0,4.5,359.0,16.8,13.0,0.0384878048780487,11.0,1251.0,-0.6000000000000001,343.0,42.0,47.0,34.0,59.0,25.0,45.0
2022-11-07 02:30:00,0,4.1,350.4,7.4,12.0,0.032780487804878,11.0,1249.7,-0.3,343.0,42.0,46.0,34.0,59.0,25.0,45.0
2022-11-07 02:40:00,0,3.8,335.6,-7.4,12.0,0.0157560975609756,11.0,1249.7,0.0,343.0,42.0,46.0,34.0,59.0,25.0,45.0
2022-11-07 02:50:00,0,3.9,345.3,9.7,12.0,0.0185853658536585,11.0,1249.4,-0.1,335.6,42.0,46.0,34.0,60.0,25.0,45.0
2022-11-07 03:00:00,0,3.8,341.7,6.0,12.0,0.0200975609756097,11.0,1249.3,0.0,335.6,41.0,45.0,34.0,60.0,25.0,45.0
2022-11-07 03:10:00,0,3.5,330.2,-5.4,12.0,0.0062926829268292,11.0,1249.3,0.8,335.7,41.0,45.0,34.0,60.0,25.0,44.0
2022-11-07 03:20:00,0,3.4,322.8,-27.5,12.0,-0.0049756097560975,2.8,311.3,23.4,350.3,41.0,43.0,34.0,57.0,26.0,44.0
2022-11-07 03:30:00,0,4.1,328.4,-6.5,12.0,0.0299512195121951,11.0,1246.3,-0.3,334.9,41.0,44.0,33.0,55.0,25.0,44.0
2022-11-07 03:40:00,0,4.7,349.4,14.5,12.0,0.065170731707317,11.1,1260.3,-0.8,334.9,42.0,46.0,33.0,58.0,25.0,44.0
2022-11-07 03:50:00,0,5.5,344.0,1.7000000000000002,12.0,0.1173170731707317,11.5,1297.4,-1.5,342.3,43.0,48.0,33.0,59.0,24.0,44.0
2022-11-07 04:00:00,0,6.0,333.7,-8.6,12.0,0.1600975609756097,11.9,1345.1,-1.8,342.3,43.0,49.0,33.0,60.0,25.0,44.0
2022-11-07 04:10:00,0,4.8,339.9,-2.4,12.0,0.0744390243902439,11.3,1276.4,-0.9,342.3,43.0,48.0,33.0,61.0,25.0,44.0
2022-11-07 04:20:00,0,4.8,4.6,19.2,12.0,0.073170731707317,11.1,1260.4,-0.9,345.5,43.0,47.0,34.0,60.0,25.0,44.0
2022-11-07 04:30:00,0,4.0,344.1,-1.3,12.0,0.0287317073170731,11.1,1253.7,-0.1,345.5,42.0,46.0,34.0,60.0,25.0,44.0
2022-11-07 04:40:00,0,3.4,349.0,3.6,12.0,0.0056585365853658,9.7,1100.8,4.3,345.4,41.0,44.0,34.0,59.0,25.0,44.0
2022-11-07 04:50:00,0,4.3,326.8,-11.3,11.0,0.04,11.1,1256.3,-0.4,338.1,42.0,45.0,34.0,59.0,25.0,43.0
2022-11-07 05:00:00,0,3.5,335.7,2.5,11.0,0.0048780487804878,9.0,1015.1,7.9,333.2,41.0,44.0,34.0,59.0,25.0,43.0
2022-11-07 05:10:00,0,3.5,319.5,-14.0,11.0,0.0044390243902439,10.2,1155.8,1.0,333.5,41.0,43.0,33.0,57.0,25.0,43.0
2022-11-07 05:20:00,0,4.1,329.4,-6.9,11.0,0.0310731707317073,11.0,1250.7,-0.3,336.3,42.0,45.0,33.0,58.0,24.0,43.0
2022-11-07 05:30:00,0,4.6,345.3,1.6,11.0,0.0435121951219512,11.1,1254.9,-0.8,343.7,42.0,46.0,33.0,58.0,24.0,43.0
2022-11-07 05:40:00,0,4.6,314.0,-22.0,11.0,0.0485365853658536,11.1,1255.9,-0.7000000000000001,336.0,42.0,47.0,33.0,59.0,24.0,43.0
2022-11-07 05:50:00,0,3.9,336.4,0.4,11.0,0.0232682926829268,11.0,1250.1,0.0,336.0,42.0,46.0,33.0,59.0,24.0,43.0
2022-11-07 06:00:00,0,3.2,332.0,-10.2,11.0,-0.0039024390243902,6.3,718.1,13.5,342.3,41.0,44.0,33.0,57.0,25.0,43.0
2022-11-07 06:10:00,0,3.6,319.9,-14.6,10.0,0.0094146341463414,9.4,1069.9,5.3,334.6,41.0,44.0,32.0,55.0,24.0,43.0
2022-11-07 06:20:00,0,3.9,18.3,47.2,10.0,0.0240487804878048,11.0,1250.2,0.0,331.1,41.0,45.0,32.0,56.0,24.0,42.0
2022-11-07 06:30:00,0,4.8,339.2,0.1,10.0,0.0573170731707317,11.1,1261.1,-0.9,339.1,42.0,46.0,32.0,57.0,24.0,42.0
2022-11-07 06:40:00,0,4.4,328.6,-10.5,10.0,0.0544390243902439,11.1,1256.5,-0.6000000000000001,339.1,42.0,47.0,32.0,57.0,23.0,43.0
2022-11-07 06:50:00,0,3.5,340.2,1.1,10.0,0.0094634146341463,11.0,1248.9,0.3,339.1,41.0,44.0,32.0,57.0,24.0,42.0
2022-11-07 07:00:00,0,3.4,340.8,1.7000000000000002,10.0,-0.0036585365853658,5.7,640.3,16.3,339.1,41.0,43.0,32.0,56.0,24.0,43.0
2022-11-07 07:10:00,0,3.4,323.5,-15.7,10.0,-0.0024390243902439,6.1,689.5,13.6,339.1,41.0,42.0,31.0,51.0,24.0,42.0
2022-11-07 07:20:00,0,3.5,340.5,-0.7000000000000001,10.0,0.0017560975609756,8.1,920.9,9.0,341.3,41.0,43.0,31.0,50.0,24.0,42.0
2022-11-07 07:30:00,0,3.4,342.1,0.8,10.0,0.0019024390243902,6.7,763.0,12.3,341.3,41.0,43.0,30.0,50.0,23.0,42.0
2022-11-07 07:40:00,0,3.3,1.6,20.3,9.0,0.0002439024390243,7.0,788.5,12.2,341.3,41.0,44.0,30.0,51.0,23.0,42.0
2022-11-07 07:50:00,0,3.6,338.1,-17.5,9.0,-0.0046341463414634,2.5,284.9,24.0,355.6,40.0,42.0,29.0,46.0,24.0,42.0
2022-11-07 08:00:00,0,3.8,332.8,-22.8,9.0,-0.0016585365853658,5.1,580.2,16.5,355.6,40.0,41.0,28.0,42.0,23.0,42.0
2022-11-07 08:10:00,0,3.5,333.5,-14.0,9.0,0.0122439024390243,11.0,1251.6,0.5,347.6,41.0,43.0,28.0,47.0,22.0,42.0
2022-11-07 08:20:00,0,4.2,12.3,24.8,9.0,0.0372195121951219,11.1,1255.6,-0.3,347.6,41.0,45.0,28.0,50.0,21.0,41.0
2022-11-07 08:30:00,0,4.6,328.0,-19.6,9.0,0.0422439024390243,11.1,1258.9,-0.7000000000000001,347.6,41.0,46.0,28.0,52.0,21.0,41.0
2022-11-07 08:40:00,0,4.4,338.9,-8.7,9.0,0.0322926829268292,11.1,1257.6,-0.5,347.6,41.0,46.0,29.0,53.0,22.0,41.0
2022-11-07 08:50:00,0,4.1,324.8,-22.8,9.0,0.0125853658536585,11.0,1250.5,-0.3,347.6,41.0,45.0,29.0,53.0,22.0,41.0
2022-11-07 09:00:00,0,3.1,346.6,-1.0,9.0,-0.0034146341463414,5.7,647.5,15.4,347.6,41.0,44.0,29.0,52.0,22.0,41.0
2022-11-07 09:10:00,0,1.7000000000000002,307.9,-31.6,9.0,-0.0048780487804878,0.2,82.7,24.0,339.5,40.0,42.0,28.0,47.0,23.0,42.0
2022-11-07 09:20:00,0,1.6,111.4,131.9,10.0,-0.0048780487804878,0.0,20.2,24.0,339.5,39.0,40.0,27.0,43.0,23.0,42.0
2022-11-07 09:30:00,0,1.7000000000000002,258.6,-80.9,10.0,-0.0042926829268292,0.0,106.9,24.0,339.5,39.0,39.0,26.0,40.0,22.0,42.0
2022-11-07 09:40:00,0,1.7000000000000002,317.8,-21.6,10.0,-0.0042439024390243,0.0,78.1,24.0,339.5,38.0,38.0,26.0,37.0,22.0,42.0
2022-11-07 09:50:00,0,1.4,356.6,17.1,10.0,-0.0040975609756097,0.0,3.7,24.0,339.5,37.0,37.0,25.0,35.0,22.0,42.0
2022-11-07 10:00:00,0,1.6,226.5,-113.0,11.0,-0.0032682926829268,0.0,45.7,24.0,339.5,37.0,36.0,24.0,33.0,22.0,42.0
2022-11-07 10:10:00,0,1.9,282.0,-57.4,11.0,-0.0030731707317073,0.0,17.3,24.0,339.5,36.0,35.0,24.0,32.0,23.0,42.0
2022-11-07 10:20:00,0,1.7000000000000002,16.5,37.0,12.0,-0.0029756097560975,0.0,60.0,24.0,339.5,36.0,35.0,24.0,31.0,23.0,43.0
2022-11-07 10:30:00,0,1.5,3.4,23.9,12.0,-0.0028780487804878,0.0,27.5,24.0,339.5,36.0,34.0,24.0,30.0,23.0,43.0
2022-11-07 10:40:00,0,2.0,298.1,-41.4,12.0,-0.0028780487804878,0.3,127.8,24.0,339.5,36.0,34.0,24.0,29.0,23.0,43.0
2022-11-07 10:50:00,0,2.6,305.3,-34.2,12.0,-0.0031219512195121,1.4,197.9,24.0,339.5,37.0,34.0,24.0,29.0,23.0,44.0
2022-11-07 11:00:00,0,3.0,350.3,30.4,13.0,-0.0033658536585365,2.1,239.9,24.0,319.9,37.0,35.0,24.0,28.0,23.0,44.0
2022-11-07 11:10:00,0,2.7,56.7,101.4,13.0,-0.0030731707317073,1.8,203.6,24.0,315.3,37.0,35.0,24.0,27.0,23.0,44.0
2022-11-07 11:20:00,0,2.8,9.5,44.1,13.0,-0.0034146341463414,1.7000000000000002,209.2,24.0,325.5,37.0,35.0,24.0,27.0,23.0,44.0
2022-11-07 11:30:00,0,3.0,280.9,-47.1,13.0,0.001170731707317,4.4,513.0,16.6,327.9,37.0,36.0,24.0,27.0,24.0,44.0
2022-11-07 11:40:00,0,3.9,356.2,21.6,14.0,0.0276097560975609,11.0,1251.6,0.0,334.6,39.0,41.0,25.0,36.0,24.0,44.0
2022-11-07 11:50:00,0,4.1,319.9,-22.1,14.0,0.0448292682926829,10.1,1136.1,2.7,342.0,40.0,46.0,26.0,45.0,24.0,44.0
2022-11-07 12:00:00,0,4.0,29.0,33.8,14.0,0.0205365853658536,10.1,1145.7,2.1,355.2,40.0,45.0,28.0,48.0,24.0,43.0
2022-11-07 12:10:00,0,4.3,329.0,9.1,14.0,0.0458536585365853,11.1,1258.5,-0.3,319.9,41.0,47.0,29.0,51.0,25.0,43.0
2022-11-07 12:20:00,0,3.1,304.8,-3.5,14.0,0.0015121951219512,7.2,821.0,12.4,308.3,41.0,46.0,31.0,53.0,25.0,44.0
2022-11-07 12:30:00,0,4.9,307.9,-0.4,15.0,0.091170731707317,7.7,873.1,9.9,308.3,41.0,45.0,32.0,50.0,25.0,43.0
2022-11-07 12:40:00,0,5.1,302.9,-5.0,15.0,0.1061951219512195,11.5,1305.3,-1.1,307.9,42.0,49.0,33.0,55.0,24.0,43.0
2022-11-07 12:50:00,0,5.1,298.3,1.9,15.0,0.1008292682926829,11.5,1299.9,-1.0,296.4,42.0,48.0,33.0,56.0,24.0,43.0
2022-11-07 13:00:00,0,5.5,276.3,-25.4,15.0,0.1257560975609756,11.5,1307.0,-1.4,301.6,43.0,49.0,33.0,58.0,24.0,43.0
2022-11-07 13:10:00,0,5.8,307.2,-3.2,15.0,0.150390243902439,11.9,1347.8,-1.5,310.4,43.0,49.0,33.0,59.0,24.0,44.0
2022-11-07 13:20:00,0,5.0,312.0,10.0,16.0,0.0977073170731707,11.5,1299.0,-1.0,302.0,43.0,49.0,33.0,60.0,24.0,44.0
2022-11-07 13:30:00,0,5.5,282.6,-18.2,16.0,0.1262926829268292,11.7,1323.2,-1.3,300.9,44.0,50.0,34.0,61.0,24.0,44.0
2022-11-07 13:40:00,0,6.6,332.4,57.0,16.0,0.2230243902439024,12.7,1439.3,-1.7000000000000002,275.3,44.0,50.0,34.0,61.0,25.0,44.0
2022-11-07 13:50:00,0,5.9,286.6,4.5,16.0,0.1712682926829268,12.0,1361.8,-1.5,282.0,45.0,52.0,35.0,63.0,25.0,44.0
2022-11-07 14:00:00,0,6.5,273.1,-27.8,16.0,0.2060975609756097,12.5,1420.0,-1.9,300.9,46.0,52.0,35.0,63.0,25.0,44.0
2022-11-07 14:10:00,0,6.7,279.4,-4.7,15.0,0.2422439024390244,12.8,1445.2,-2.0,284.1,46.0,53.0,36.0,64.0,25.0,44.0
2022-11-07 14:20:00,0,6.8,315.0,24.6,16.0,0.2508292682926829,12.9,1455.6,-1.8,290.4,47.0,53.0,36.0,65.0,26.0,44.0
2022-11-07 14:30:00,0,7.2,297.7,2.7,16.0,0.2946829268292683,13.2,1500.4,-2.0,295.0,47.0,54.0,36.0,66.0,26.0,44.0
2022-11-07 14:40:00,0,6.9,315.9,8.6,16.0,0.2601951219512195,13.0,1472.3,-1.9,307.3,48.0,55.0,36.0,67.0,26.0,44.0
2022-11-07 14:50:00,0,6.2,324.9,9.2,16.0,0.2057073170731707,12.5,1412.1,-1.6,315.6,47.0,53.0,36.0,66.0,26.0,44.0
2022-11-07 15:00:00,0,6.9,330.9,28.5,16.0,0.2657560975609755,13.0,1477.1,-2.0,302.3,48.0,54.0,36.0,66.0,26.0,44.0
2022-11-07 15:10:00,0,7.3,325.5,22.7,16.0,0.2951219512195122,13.3,1504.0,-2.0,302.7,48.0,54.0,36.0,67.0,26.0,44.0
2022-11-07 15:20:00,0,7.3,306.8,0.2,16.0,0.3015609756097561,13.3,1508.2,-2.0,306.5,49.0,55.0,36.0,68.0,26.0,44.0
2022-11-07 15:30:00,0,7.4,310.0,-1.4,16.0,0.3262926829268293,13.4,1517.8,-2.0,311.5,50.0,56.0,36.0,68.0,26.0,44.0
2022-11-07 15:40:00,0,7.8,345.4,33.6,16.0,0.3809268292682927,13.6,1545.9,-2.0,311.8,50.0,56.0,37.0,68.0,26.0,44.0
2022-11-07 15:50:00,0,8.3,285.7,-17.3,16.0,0.435609756097561,13.9,1579.3,-2.0,303.0,51.0,57.0,37.0,69.0,26.0,44.0
2022-11-07 16:00:00,0,7.7,282.3,-4.6,16.0,0.3931707317073171,13.7,1551.2,-2.0,286.9,52.0,57.0,38.0,69.0,26.0,44.0
2022-11-07 16:10:00,0,8.5,284.8,-12.3,16.0,0.498390243902439,14.3,1621.9,-2.1,297.1,52.0,58.0,39.0,70.0,26.0,44.0
2022-11-07 16:20:00,0,8.3,322.3,13.6,16.0,0.4639512195121951,14.0,1587.9,-2.0,308.6,53.0,58.0,40.0,70.0,27.0,44.0
2022-11-07 16:30:00,0,8.6,312.3,10.7,16.0,0.5061463414634146,14.1,1602.0,-2.0,301.6,54.0,59.0,41.0,71.0,27.0,44.0
2022-11-07 16:40:00,0,8.9,312.9,6.7,16.0,0.541219512195122,14.3,1621.8,-1.9,306.2,54.0,59.0,42.0,71.0,27.0,44.0
2022-11-07 16:50:00,0,8.9,308.0,3.9,16.0,0.5733658536585367,14.5,1643.3,-2.0,304.1,55.0,60.0,42.0,72.0,27.0,44.0
2022-11-07 17:00:00,0,7.5,304.4,0.3,16.0,0.3688292682926829,13.4,1519.9,-1.9,304.1,55.0,60.0,43.0,72.0,27.0,44.0
2022-11-07 17:10:00,0,7.0,287.0,-25.1,16.0,0.305219512195122,13.1,1483.9,-2.0,312.2,54.0,57.0,43.0,71.0,27.0,44.0
2022-11-07 17:20:00,0,8.2,299.5,-21.3,16.0,0.4069268292682927,14.0,1580.9,-2.0,320.9,55.0,58.0,43.0,71.0,27.0,44.0
2022-11-07 17:30:00,0,7.5,299.3,-4.5,16.0,0.3601951219512195,13.4,1513.7,-2.0,303.8,55.0,59.0,43.0,71.0,28.0,44.0
2022-11-07 17:40:00,0,7.2,315.4,-3.4,17.0,0.2801951219512195,13.2,1498.8,-2.0,318.8,54.0,58.0,43.0,71.0,28.0,44.0
2022-11-07 17:50:00,0,6.2,308.8,-1.5,17.0,0.1946341463414634,12.3,1391.4,-1.8,310.4,54.0,56.0,43.0,70.0,28.0,44.0
2022-11-07 18:00:00,0,6.6,300.8,-1.8,17.0,0.2226341463414634,12.6,1431.1,-1.9,302.7,53.0,55.0,43.0,68.0,28.0,44.0
2022-11-07 18:10:00,0,7.5,293.9,-15.4,16.0,0.3302926829268293,13.6,1536.2,-2.1,309.3,54.0,57.0,43.0,69.0,28.0,44.0
2022-11-07 18:20:00,0,7.2,285.9,-15.7,16.0,0.2956585365853658,13.4,1513.0,-2.1,301.6,53.0,57.0,43.0,69.0,28.0,45.0
2022-11-07 18:30:00,0,7.7,308.2,6.6,16.0,0.3942926829268292,13.8,1562.7,-2.2,301.6,54.0,58.0,43.0,69.0,27.0,45.0
2022-11-07 18:40:00,0,6.9,310.2,8.5,15.0,0.2599024390243902,12.9,1465.9,-2.0,301.6,54.0,57.0,43.0,69.0,27.0,45.0
2022-11-07 18:50:00,0,6.7,283.9,-17.7,15.0,0.2198536585365853,12.8,1450.7,-1.9,301.6,53.0,56.0,42.0,68.0,27.0,44.0
2022-11-07 19:00:00,0,5.1,278.3,-17.1,15.0,0.1095121951219512,11.3,1283.0,-1.1,295.3,52.0,54.0,42.0,66.0,27.0,44.0
2022-11-07 19:10:00,0,5.2,296.6,1.6,15.0,0.1104878048780487,11.4,1285.9,-1.3,295.0,51.0,53.0,42.0,64.0,27.0,44.0
2022-11-07 19:20:00,0,5.9,273.7,-21.2,15.0,0.1578536585365853,11.8,1334.3,-1.7000000000000002,295.0,51.0,53.0,41.0,63.0,27.0,44.0
2022-11-07 19:30:00,0,5.5,278.0,-17.0,15.0,0.1186341463414634,11.6,1311.7,-1.4,295.0,50.0,53.0,41.0,63.0,27.0,44.0
2022-11-07 19:40:00,0,5.8,277.9,-17.0,15.0,0.1276097560975609,11.7,1327.9,-1.6,295.0,50.0,52.0,41.0,62.0,27.0,44.0
2022-11-07 19:50:00,0,5.7,300.1,5.1,15.0,0.1304878048780487,11.7,1319.9,-1.5,295.0,50.0,52.0,41.0,61.0,26.0,44.0
2022-11-07 20:00:00,0,4.8,299.4,-1.9,15.0,0.0754146341463414,11.2,1269.8,-0.9,301.3,49.0,51.0,40.0,60.0,27.0,44.0
2022-11-07 20:10:00,0,4.2,327.7,17.3,15.0,0.0462926829268292,11.1,1255.4,-0.4,310.4,48.0,49.0,40.0,57.0,26.0,44.0
2022-11-07 20:20:00,0,5.1,318.2,0.4,15.0,0.0800975609756097,11.2,1274.1,-1.1,317.8,48.0,50.0,40.0,54.0,26.0,44.0
2022-11-07 20:30:00,0,5.1,331.3,5.8,15.0,0.0926341463414634,11.2,1269.1,-1.2,325.5,47.0,50.0,40.0,51.0,26.0,44.0
2022-11-07 20:40:00,0,6.0,346.6,12.0,15.0,0.1468780487804878,11.7,1323.8,-1.9,334.6,47.0,51.0,39.0,48.0,26.0,44.0
2022-11-07 20:50:00,0,6.0,339.2,4.6,15.0,0.133170731707317,11.7,1322.9,-1.8,334.6,48.0,51.0,39.0,48.0,26.0,44.0
2022-11-07 21:00:00,0,5.9,336.0,1.4,15.0,0.1388780487804878,11.7,1323.4,-1.7000000000000002,334.6,47.0,51.0,39.0,47.0,26.0,44.0
2022-11-07 21:10:00,0,7.1,334.5,-0.1,15.0,0.2661463414634146,13.3,1502.4,-2.1,334.6,48.0,53.0,39.0,52.0,26.0,44.0
2022-11-07 21:20:00,0,6.9,353.1,18.5,15.0,0.2656585365853658,13.1,1478.8,-2.1,334.6,49.0,54.0,39.0,58.0,26.0,44.0
2022-11-07 21:30:00,0,6.3,337.5,-4.8,14.0,0.1750731707317073,12.2,1381.9,-1.9,342.3,48.0,53.0,39.0,59.0,26.0,44.0
2022-11-07 21:40:00,0,6.2,336.2,-6.0,14.0,0.1890243902439024,12.1,1375.2,-1.8,342.3,48.0,52.0,39.0,58.0,26.0,44.0
2022-11-07 21:50:00,0,8.6,337.8,-4.4,15.0,0.4654634146341463,14.4,1627.0,-2.1,342.3,49.0,55.0,39.0,60.0,26.0,44.0
2022-11-07 22:00:00,0,8.5,339.9,-2.3,15.0,0.4785853658536586,14.5,1641.3,-2.2,342.3,51.0,58.0,39.0,63.0,26.0,44.0
2022-11-07 22:10:00,0,6.9,342.9,0.6000000000000001,14.0,0.2341951219512195,13.0,1477.7,-2.1,342.3,51.0,56.0,40.0,63.0,26.0,44.0
2022-11-07 22:20:00,0,6.3,337.3,-4.9,14.0,0.1710243902439024,12.3,1389.9,-1.9,342.3,50.0,54.0,40.0,60.0,26.0,44.0
2022-11-07 22:30:00,0,5.8,343.3,1.0,14.0,0.1308780487804878,11.7,1321.5,-1.7000000000000002,342.3,49.0,52.0,40.0,56.0,26.0,44.0
2022-11-07 22:40:00,0,6.2,345.0,2.7,14.0,0.1578536585365853,12.0,1365.0,-1.9,342.3,49.0,52.0,39.0,54.0,26.0,44.0
2022-11-07 22:50:00,0,5.5,318.8,-23.5,13.0,0.1023414634146341,11.3,1284.1,-1.5,342.3,48.0,51.0,39.0,52.0,26.0,44.0
2022-11-07 23:00:00,0,5.4,325.4,-16.9,13.0,0.0961463414634146,11.3,1278.9,-1.5,342.3,48.0,50.0,39.0,48.0,26.0,43.0
2022-11-07 23:10:00,0,6.3,335.7,0.1,13.0,0.1738536585365853,12.2,1385.1,-1.9,335.6,48.0,51.0,39.0,46.0,25.0,43.0
2022-11-07 23:20:00,0,6.5,332.8,-2.8,13.0,0.1808292682926829,12.4,1410.2,-2.0,335.6,48.0,52.0,39.0,45.0,25.0,43.0
2022-11-07 23:30:00,0,5.8,342.5,6.9,13.0,0.1262926829268292,11.7,1324.0,-1.7000000000000002,335.6,48.0,52.0,39.0,44.0,25.0,43.0
2022-11-07 23:40:00,0,5.8,342.9,7.2,13.0,0.128780487804878,11.7,1319.9,-1.7000000000000002,335.6,47.0,51.0,38.0,43.0,25.0,43.0
2022-11-07 23:50:00,0,5.8,343.9,8.2,13.0,0.1254634146341463,11.7,1322.4,-1.6,335.6,47.0,50.0,38.0,42.0,25.0,43.0
2022-11-08 00:00:00,0,6.2,355.0,19.3,12.0,0.1681951219512195,12.0,1361.4,-1.8,335.6,47.0,51.0,38.0,42.0,24.0,43.0
2022-11-08 00:10:00,0,5.9,339.4,3.7,12.0,0.1422439024390244,11.8,1334.7,-1.7000000000000002,335.6,47.0,51.0,38.0,42.0,24.0,43.0
2022-11-08 00:20:00,0,5.4,348.0,5.0,12.0,0.1019512195121951,11.4,1290.5,-1.4,343.0,46.0,50.0,38.0,43.0,24.0,43.0
2022-11-08 00:30:00,0,5.9,343.3,0.3,13.0,0.1249756097560975,11.7,1325.3,-1.7000000000000002,343.0,46.0,50.0,37.0,42.0,24.0,43.0
2022-11-08 00:40:00,0,5.4,340.3,-2.7,13.0,0.1032682926829268,11.4,1289.6,-1.4,343.0,46.0,49.0,37.0,42.0,24.0,43.0
2022-11-08 00:50:00,0,4.8,346.8,3.8,12.0,0.0745853658536585,11.2,1264.0,-0.9,343.0,45.0,48.0,37.0,42.0,24.0,43.0
2022-11-08 01:00:00,0,4.6,12.3,29.3,12.0,0.051170731707317,11.1,1258.8,-0.8,343.0,44.0,47.0,37.0,41.0,24.0,43.0
2022-11-08 01:10:00,0,4.7,342.2,-0.8,12.0,0.0580975609756097,11.1,1258.4,-0.8,343.0,44.0,47.0,37.0,40.0,24.0,43.0
2022-11-08 01:20:00,0,4.6,336.6,-6.4,12.0,0.060780487804878,11.1,1258.7,-0.8,343.0,44.0,47.0,36.0,40.0,24.0,42.0
2022-11-08 01:30:00,0,5.7,357.6,14.6,12.0,0.1394146341463414,11.9,1345.0,-1.5,343.0,44.0,48.0,36.0,39.0,23.0,42.0
2022-11-08 01:40:00,0,6.4,352.3,9.3,12.0,0.1978536585365853,12.3,1397.9,-1.9,343.0,45.0,50.0,36.0,40.0,23.0,42.0
2022-11-08 01:50:00,0,6.8,22.9,39.9,12.0,0.2324390243902439,13.0,1467.4,-2.0,343.0,46.0,52.0,36.0,40.0,23.0,42.0
2022-11-08 02:00:00,0,6.3,333.1,-9.8,11.0,0.1806341463414634,12.2,1385.5,-1.8,343.0,46.0,52.0,36.0,40.0,23.0,42.0
2022-11-08 02:10:00,0,6.2,323.7,-19.3,11.0,0.1678048780487805,12.1,1367.3,-1.8,343.0,46.0,51.0,36.0,40.0,23.0,42.0
2022-11-08 02:20:00,0,6.5,343.0,0.0,11.0,0.1948292682926829,12.5,1412.5,-2.0,343.0,46.0,51.0,36.0,39.0,23.0,42.0
2022-11-08 02:30:00,0,6.1,348.8,5.8,11.0,0.1637073170731707,12.0,1357.4,-1.8,343.0,46.0,51.0,36.0,39.0,23.0,42.0
2022-11-08 02:40:00,0,5.7,343.8,0.8,11.0,0.1320487804878048,11.7,1328.5,-1.6,343.0,46.0,50.0,36.0,39.0,23.0,42.0
2022-11-08 02:50:00,0,3.4,38.0,55.0,10.0,0.0121951219512195,7.7,878.8,25.5,343.0,44.0,46.0,36.0,39.0,23.0,42.0
2022-11-08 03:00:00,0,3.0,354.1,9.4,10.0,-0.0070731707317073,1.6,192.6,32.1,344.7,43.0,43.0,34.0,38.0,23.0,41.0
2022-11-08 03:10:00,0,2.7,337.4,-0.6000000000000001,10.0,-0.0052682926829268,1.9,220.8,24.0,338.1,43.0,42.0,32.0,37.0,23.0,41.0
2022-11-08 03:20:00,0,2.3,139.1,173.6,10.0,-0.0045365853658536,1.6,197.0,24.0,325.5,42.0,41.0,31.0,36.0,24.0,41.0
2022-11-08 03:30:00,0,3.0,343.3,17.8,10.0,-0.0046829268292682,2.3,256.8,24.0,325.5,42.0,41.0,29.0,34.0,24.0,42.0
2022-11-08 03:40:00,0,2.6,331.4,0.7000000000000001,10.0,-0.0045365853658536,2.1,237.2,24.0,330.7,42.0,40.0,28.0,33.0,24.0,42.0
2022-11-08 03:50:00,0,2.6,318.9,-11.8,10.0,-0.0046829268292682,2.0,227.8,24.0,330.8,42.0,40.0,27.0,31.0,23.0,42.0
2022-11-08 04:00:00,0,2.6,329.8,-18.4,10.0,-0.0045853658536585,1.9,211.2,24.0,348.3,42.0,39.0,26.0,30.0,23.0,42.0
2022-11-08 04:10:00,0,2.9,354.3,6.0,10.0,-0.0036097560975609,2.1,233.5,24.0,348.3,41.0,39.0,26.0,29.0,23.0,42.0
2022-11-08 04:20:00,0,3.0,7.6,7.0,10.0,-0.0031219512195121,2.2,250.6,24.0,0.5,41.0,39.0,25.0,28.0,23.0,42.0
2022-11-08 04:30:00,0,2.7,325.6,-34.9,10.0,-0.0031219512195121,2.0,226.1,24.0,0.5,41.0,38.0,25.0,28.0,23.0,43.0
2022-11-08 04:40:00,0,3.2,344.8,-15.6,10.0,-0.003560975609756,2.3,262.0,24.0,0.5,40.0,38.0,25.0,27.0,23.0,43.0
2022-11-08 04:50:00,0,3.2,358.2,18.7,10.0,-0.003170731707317,5.6,635.6,14.4,339.5,41.0,39.0,25.0,28.0,23.0,43.0
2022-11-08 05:00:00,0,3.2,10.2,27.9,10.0,-0.0033170731707317,2.6,293.6,24.1,342.3,41.0,40.0,25.0,33.0,22.0,42.0
2022-11-08 05:10:00,0,3.1,344.6,-7.5,10.0,-0.0030731707317073,2.4,270.6,24.0,352.1,40.0,40.0,25.0,31.0,22.0,43.0
2022-11-08 05:20:00,0,3.0,331.8,-26.6,10.0,-0.0030731707317073,2.3,265.4,24.0,358.4,40.0,39.0,25.0,30.0,22.0,43.0
2022-11-08 05:30:00,0,3.1,351.7,-6.7,10.0,-0.0034634146341463,5.0,571.0,15.5,358.4,40.0,39.0,25.0,30.0,22.0,43.0
2022-11-08 05:40:00,0,2.9,349.1,-2.0,10.0,-0.0036097560975609,5.0,566.1,17.5,351.0,40.0,41.0,25.0,37.0,22.0,43.0
2022-11-08 05:50:00,0,3.1,4.9,13.8,10.0,0.0005365853658536,4.4,504.1,17.0,351.1,40.0,40.0,25.0,35.0,22.0,43.0
2022-11-08 06:00:00,0,3.5,8.6,3.1,10.0,0.0036585365853658,10.1,1142.4,3.0,5.4,41.0,43.0,25.0,41.0,22.0,42.0
2022-11-08 06:10:00,0,3.3,31.0,27.9,10.0,0.0030243902439024,9.4,1068.6,5.1,3.0,41.0,44.0,26.0,46.0,22.0,42.0
2022-11-08 06:20:00,0,3.2,2.2,-3.9,10.0,0.0053170731707317,11.0,1244.3,1.0,6.1,41.0,44.0,27.0,49.0,23.0,41.0
2022-11-08 06:30:00,0,3.8,8.4,2.9,10.0,0.0163414634146341,11.0,1249.4,0.1,5.5,41.0,45.0,28.0,51.0,23.0,42.0
2022-11-08 06:40:00,0,2.7,57.7,35.4,10.0,-0.0033170731707317,3.3,372.4,21.4,22.2,41.0,44.0,29.0,50.0,23.0,42.0
2022-11-08 06:50:00,0,2.2,7.7,-7.5,10.0,-0.0030731707317073,1.7000000000000002,187.4,24.0,15.2,40.0,42.0,29.0,45.0,23.0,42.0
2022-11-08 07:00:00,0,2.0,12.5,-2.7,10.0,-0.0030243902439024,0.5,155.0,24.0,15.2,39.0,40.0,29.0,42.0,23.0,43.0
2022-11-08 07:10:00,0,1.6,23.3,8.1,10.0,-0.0030243902439024,0.0,119.7,24.0,15.2,39.0,39.0,29.0,39.0,23.0,43.0
2022-11-08 07:20:00,0,1.6,349.5,-25.7,10.0,-0.0029268292682926,0.0,95.6,24.0,15.2,38.0,38.0,29.0,37.0,23.0,43.0
2022-11-08 07:30:00,0,2.0,339.2,-36.0,10.0,-0.0030243902439024,0.3,147.5,24.0,15.2,38.0,38.0,28.0,36.0,23.0,43.0
2022-11-08 07:40:00,0,2.1,318.9,-56.3,10.0,-0.0032682926829268,0.2,154.8,24.0,15.2,38.0,37.0,28.0,35.0,23.0,44.0
2022-11-08 07:50:00,0,2.5,330.1,-45.1,10.0,-0.0034634146341463,1.2,177.0,24.0,15.2,38.0,37.0,28.0,33.0,22.0,44.0
2022-11-08 08:00:00,0,1.9,293.3,-81.9,10.0,-0.0035121951219512,0.0,143.4,24.0,15.2,38.0,36.0,28.0,32.0,22.0,44.0
2022-11-08 08:10:00,0,2.0,9.6,-5.7,10.0,-0.0032195121951219,0.0,129.9,24.0,15.2,37.0,36.0,27.0,31.0,22.0,44.0
2022-11-08 08:20:00,0,1.8,320.4,-54.9,10.0,-0.0028780487804878,0.0,93.4,24.0,15.2,37.0,36.0,27.0,30.0,22.0,44.0
2022-11-08 08:30:00,0,1.7000000000000002,328.5,-46.7,10.0,-0.0028780487804878,0.0,54.3,24.0,15.2,36.0,35.0,27.0,30.0,22.0,44.0
2022-11-08 08:40:00,0,1.8,333.7,-41.5,11.0,-0.0028780487804878,0.0,123.3,24.0,15.2,36.0,35.0,27.0,29.0,22.0,44.0
2022-11-08 08:50:00,0,1.6,9.1,-6.1,11.0,-0.0028292682926829,0.0,97.4,24.0,15.2,37.0,35.0,27.0,29.0,22.0,44.0
2022-11-08 09:00:00,0,1.8,335.3,-39.9,11.0,-0.0028780487804878,0.0,107.2,24.0,15.2,36.0,34.0,26.0,28.0,22.0,45.0
2022-11-08 09:10:00,0,2.0,351.5,-23.7,11.0,-0.0029268292682926,0.0,126.0,24.0,15.2,37.0,34.0,26.0,28.0,22.0,45.0
2022-11-08 09:20:00,0,1.9,354.8,-20.5,11.0,-0.0028780487804878,0.0,127.1,24.0,15.2,37.0,34.0,26.0,28.0,22.0,45.0
2022-11-08 09:30:00,0,2.1,178.2,162.9,11.0,-0.0029268292682926,0.0,115.5,24.0,15.2,36.0,34.0,26.0,27.0,22.0,45.0
2022-11-08 09:40:00,0,2.0,0.3,-14.9,12.0,-0.0030731707317073,0.2,153.5,24.0,15.2,36.0,34.0,26.0,27.0,22.0,45.0
2022-11-08 09:50:00,0,1.7000000000000002,320.5,-54.8,12.0,-0.0029268292682926,0.2,120.8,24.0,15.2,36.0,34.0,26.0,27.0,22.0,45.0
2022-11-08 10:00:00,0,1.4,14.1,-1.1,12.0,-0.0028780487804878,0.0,107.7,24.0,15.2,36.0,34.0,26.0,27.0,23.0,45.0
2022-11-08 10:10:00,0,1.7000000000000002,359.0,-15.7,13.0,-0.0032682926829268,0.0,112.7,24.0,15.2,36.0,33.0,26.0,26.0,23.0,45.0
2022-11-08 10:20:00,0,1.8,13.0,-2.2,13.0,-0.0033658536585365,0.0,113.8,24.0,15.2,36.0,33.0,26.0,26.0,23.0,46.0
2022-11-08 10:30:00,0,1.9,8.7,-6.5,13.0,-0.0032195121951219,0.0,97.5,24.0,15.2,35.0,33.0,26.0,26.0,23.0,46.0
2022-11-08 10:40:00,0,1.9,331.9,-43.4,13.0,-0.0028780487804878,0.0,82.3,24.0,15.2,35.0,33.0,26.0,26.0,23.0,46.0
2022-11-08 10:50:00,0,2.4,334.5,-40.7,13.0,-0.0029756097560975,0.0,125.0,24.0,15.2,35.0,33.0,26.0,26.0,23.0,46.0
2022-11-08 11:00:00,0,2.1,300.4,-74.8,13.0,-0.0029268292682926,0.0,40.7,24.0,15.2,35.0,33.0,25.0,26.0,23.0,46.0
2022-11-08 11:10:00,0,2.8,43.1,27.9,14.0,-0.0035121951219512,0.8,121.9,24.0,15.2,34.0,32.0,25.0,26.0,23.0,46.0
2022-11-08 11:20:00,0,2.6,340.5,3.4,14.0,-0.003170731707317,1.3,189.0,24.0,337.0,35.0,33.0,25.0,26.0,23.0,46.0
2022-11-08 11:30:00,0,3.2,338.3,2.7,14.0,0.0081951219512195,3.6,479.2,16.6,335.6,35.0,33.0,25.0,26.0,23.0,46.0
2022-11-08 11:40:00,0,3.9,304.5,-15.7,14.0,0.0264878048780487,11.0,1250.4,0.0,320.2,37.0,40.0,26.0,38.0,23.0,46.0
2022-11-08 11:50:00,0,4.0,340.3,6.4,15.0,0.0241463414634146,11.1,1252.2,-0.2,333.9,38.0,44.0,27.0,46.0,24.0,46.0
2022-11-08 12:00:00,0,4.1,296.8,-25.2,15.0,0.0371219512195121,11.1,1252.6,-0.3,322.0,39.0,46.0,29.0,50.0,24.0,45.0
2022-11-08 12:10:00,0,4.3,354.3,30.5,15.0,0.0539512195121951,11.1,1256.3,-0.4,323.7,40.0,47.0,31.0,52.0,25.0,45.0
2022-11-08 12:20:00,0,4.8,305.4,-26.0,15.0,0.0768780487804878,11.2,1269.9,-0.9,331.4,41.0,48.0,32.0,54.0,24.0,45.0
2022-11-08 12:30:00,0,5.2,349.4,17.3,15.0,0.1140975609756097,11.6,1318.5,-1.1,332.1,41.0,49.0,32.0,55.0,23.0,45.0
2022-11-08 12:40:00,0,5.3,312.2,-4.9,15.0,0.1119024390243902,11.5,1301.9,-1.2,317.1,42.0,50.0,32.0,57.0,23.0,45.0
2022-11-08 12:50:00,0,5.6,351.0,26.6,15.0,0.1356097560975609,11.7,1329.6,-1.4,324.4,42.0,49.0,33.0,58.0,23.0,45.0
2022-11-08 13:00:00,0,5.4,324.4,4.9,15.0,0.1115121951219512,11.4,1293.2,-1.4,319.5,43.0,49.0,33.0,59.0,23.0,45.0
2022-11-08 13:10:00,0,5.2,310.0,-0.8,16.0,0.1072682926829268,11.4,1286.5,-1.3,310.8,43.0,49.0,33.0,59.0,24.0,44.0
2022-11-08 13:20:00,0,5.3,313.2,-6.6,16.0,0.1017560975609756,11.4,1285.9,-1.3,319.9,43.0,49.0,34.0,59.0,24.0,44.0
2022-11-08 13:30:00,0,4.2,322.5,7.9,16.0,0.0490243902439024,11.1,1256.5,0.0,314.6,42.0,47.0,34.0,59.0,24.0,44.0
2022-11-08 13:40:00,0,4.3,330.0,2.4,16.0,0.0496097560975609,11.1,1253.9,-0.5,327.6,42.0,47.0,34.0,59.0,25.0,44.0
2022-11-08 13:50:00,0,4.6,284.4,-45.6,17.0,0.0541951219512195,11.2,1266.4,-0.7000000000000001,330.0,42.0,47.0,35.0,59.0,25.0,44.0
2022-11-08 14:00:00,0,4.4,316.4,6.7,17.0,0.0463414634146341,11.2,1268.4,-0.4,309.7,42.0,46.0,35.0,59.0,25.0,44.0
2022-11-08 14:10:00,0,4.0,322.8,26.1,16.0,0.032780487804878,11.0,1242.7,-0.2,296.8,42.0,46.0,35.0,59.0,26.0,44.0
2022-11-08 14:20:00,0,4.2,329.5,-4.7,17.0,0.0292195121951219,10.1,1144.0,2.5,334.2,42.0,45.0,35.0,58.0,27.0,44.0
2022-11-08 14:30:00,0,5.0,294.6,8.7,17.0,0.1058536585365853,11.4,1292.5,-1.0,285.9,43.0,48.0,35.0,59.0,27.0,44.0
2022-11-08 14:40:00,0,5.3,296.7,9.1,16.0,0.1221463414634146,11.5,1305.2,-1.2,287.6,43.0,49.0,35.0,60.0,27.0,44.0
2022-11-08 14:50:00,0,4.4,290.0,10.4,17.0,0.0608292682926829,11.1,1257.4,-0.6000000000000001,279.5,43.0,48.0,35.0,60.0,27.0,44.0
2022-11-08 15:00:00,0,5.0,277.6,4.4,16.0,0.0989756097560975,11.2,1271.4,-1.0,273.2,43.0,48.0,36.0,60.0,27.0,44.0
2022-11-08 15:10:00,0,5.4,275.3,-4.9,16.0,0.1192195121951219,11.5,1305.8,-1.3,280.3,44.0,49.0,36.0,61.0,28.0,44.0
2022-11-08 15:20:00,0,5.6,290.5,3.9,16.0,0.1308780487804878,11.6,1318.3,-1.5,286.6,44.0,50.0,36.0,61.0,28.0,45.0
2022-11-08 15:30:00,0,5.4,278.1,-5.3,16.0,0.1166341463414634,11.5,1302.5,-1.4,283.4,44.0,49.0,36.0,61.0,28.0,45.0
2022-11-08 15:40:00,0,5.2,276.3,-5.4,16.0,0.1075121951219512,11.3,1279.5,-1.3,281.7,44.0,50.0,36.0,62.0,28.0,45.0
2022-11-08 15:50:00,0,5.5,308.8,16.6,16.0,0.1329756097560975,11.6,1312.3,-1.4,292.2,45.0,49.0,36.0,62.0,28.0,45.0
2022-11-08 16:00:00,0,5.4,294.5,2.0,16.0,0.1259024390243902,11.5,1301.6,-1.3,292.5,45.0,50.0,37.0,62.0,28.0,45.0
2022-11-08 16:10:00,0,5.1,303.2,1.6,16.0,0.0822926829268292,8.7,995.9,15.9,301.6,45.0,50.0,37.0,62.0,28.0,45.0
2022-11-08 16:20:00,0,4.6,309.5,9.7,17.0,-0.0044878048780487,0.0,9.5,86.0,299.9,44.0,47.0,36.0,58.0,29.0,45.0
2022-11-08 16:30:00,0,4.9,283.0,-5.6,17.0,-0.0045853658536585,0.0,22.9,86.0,288.7,42.0,45.0,35.0,54.0,30.0,46.0
2022-11-08 16:40:00,0,4.4,319.3,29.5,17.0,0.0542926829268292,9.1,1032.6,11.4,289.8,44.0,46.0,35.0,52.0,29.0,45.0
2022-11-08 16:50:00,0,4.6,278.4,-44.6,17.0,0.0730243902439024,11.2,1269.3,-0.7000000000000001,323.0,44.0,47.0,35.0,55.0,28.0,45.0
2022-11-08 17:00:00,0,4.2,316.2,0.2,16.0,0.0469756097560975,7.5,855.9,26.5,316.0,44.0,48.0,35.0,58.0,28.0,45.0
2022-11-08 17:10:00,0,4.9,314.5,6.9,16.0,0.0572195121951219,7.6,869.9,24.4,307.6,44.0,47.0,35.0,55.0,29.0,45.0
2022-11-08 17:20:00,0,4.8,298.4,6.6,16.0,0.0905853658536585,11.1,1261.9,-1.0,291.8,44.0,48.0,35.0,58.0,28.0,44.0
2022-11-08 17:30:00,0,4.7,334.2,35.0,16.0,0.0674146341463414,11.1,1257.9,-0.8,299.2,44.0,48.0,35.0,58.0,28.0,45.0
2022-11-08 17:40:00,0,4.5,300.5,-16.9,17.0,0.0622926829268292,11.1,1254.6,-0.7000000000000001,317.4,44.0,48.0,35.0,59.0,28.0,45.0
2022-11-08 17:50:00,0,4.5,322.9,4.8,17.0,0.067170731707317,11.1,1257.3,-0.6000000000000001,318.1,44.0,47.0,35.0,58.0,28.0,45.0
2022-11-08 18:00:00,0,4.0,305.4,-10.5,17.0,0.0372195121951219,11.1,1251.9,-0.1,316.0,43.0,47.0,35.0,58.0,28.0,45.0
2022-11-08 18:10:00,0,3.3,287.6,-10.5,16.0,0.0094634146341463,11.0,1249.1,0.8,298.1,43.0,45.0,35.0,58.0,28.0,45.0
2022-11-08 18:20:00,0,3.9,271.7,-27.8,15.0,0.027560975609756,11.0,1250.8,0.4,299.5,42.0,45.0,35.0,58.0,28.0,45.0
2022-11-08 18:30:00,0,4.4,286.5,-19.7,15.0,0.0425365853658536,11.1,1253.4,-0.6000000000000001,306.2,43.0,46.0,35.0,58.0,28.0,45.0
2022-11-08 18:40:00,0,3.6,301.6,1.7000000000000002,15.0,0.0147317073170731,11.0,1248.7,0.3,299.9,42.0,45.0,35.0,58.0,28.0,45.0
2022-11-08 18:50:00,0,3.2,320.4,13.1,15.0,0.0092195121951219,11.0,1249.5,0.6000000000000001,307.2,42.0,44.0,35.0,58.0,28.0,45.0
2022-11-08 19:00:00,0,4.5,297.3,-10.6,15.0,0.0558536585365853,11.1,1254.5,-0.7000000000000001,308.0,42.0,45.0,35.0,57.0,28.0,45.0
2022-11-08 19:10:00,0,4.6,307.9,-7.4,15.0,0.0594634146341463,11.1,1258.8,-0.7000000000000001,315.3,42.0,46.0,35.0,57.0,27.0,45.0
2022-11-08 19:20:00,0,4.0,312.2,2.8,14.0,0.0368780487804878,11.1,1252.0,-0.2,309.3,42.0,46.0,35.0,57.0,27.0,45.0
2022-11-08 19:30:00,0,3.6,310.1,0.7000000000000001,14.0,0.0184878048780487,11.0,1250.1,0.4,309.3,42.0,45.0,35.0,57.0,27.0,45.0
2022-11-08 19:40:00,0,3.8,307.9,-1.5,14.0,0.0215609756097561,11.0,1250.3,0.2,309.4,42.0,45.0,35.0,57.0,27.0,45.0
2022-11-08 19:50:00,0,3.0,352.8,36.5,14.0,-0.0049756097560975,3.0,341.8,22.8,316.4,41.0,43.0,35.0,54.0,28.0,45.0
2022-11-08 20:00:00,0,2.9,299.8,-9.6,14.0,-0.0045365853658536,2.1,243.5,24.0,309.3,41.0,42.0,34.0,50.0,28.0,45.0
2022-11-08 20:10:00,0,2.8,337.2,27.8,14.0,-0.0046829268292682,2.0,229.6,24.0,309.4,40.0,41.0,34.0,47.0,28.0,46.0
2022-11-08 20:20:00,0,3.0,321.3,2.5,14.0,-0.0046341463414634,2.3,260.2,24.0,318.8,40.0,40.0,33.0,44.0,27.0,46.0
2022-11-08 20:30:00,0,2.9,321.0,-5.9,14.0,-0.0044878048780487,2.2,248.0,24.0,326.8,40.0,39.0,32.0,41.0,27.0,46.0
2022-11-08 20:40:00,0,2.7,320.0,0.1,14.0,-0.004390243902439,2.0,224.6,24.0,319.9,40.0,39.0,31.0,39.0,26.0,46.0
2022-11-08 20:50:00,0,2.8,340.5,20.6,14.0,-0.004390243902439,2.2,252.5,24.0,319.9,40.0,38.0,30.0,36.0,26.0,46.0
2022-11-08 21:00:00,0,3.0,322.7,-5.2,14.0,-0.0042926829268292,2.2,246.5,24.0,327.9,39.0,38.0,29.0,35.0,26.0,46.0
2022-11-08 21:10:00,0,4.3,316.3,-11.6,14.0,0.0129268292682926,8.8,994.0,5.4,327.9,40.0,40.0,28.0,33.0,25.0,46.0
2022-11-08 21:20:00,0,2.7,323.6,-4.3,14.0,-0.0044390243902439,4.3,487.4,18.3,327.9,40.0,43.0,28.0,33.0,25.0,45.0
2022-11-08 21:30:00,0,2.8,302.2,-20.8,14.0,-0.0042439024390243,2.0,225.1,24.0,323.0,40.0,41.0,28.0,32.0,26.0,45.0
2022-11-08 21:40:00,0,2.6,345.5,22.4,13.0,-0.0043414634146341,2.0,227.8,24.0,323.0,39.0,40.0,27.0,31.0,26.0,45.0
2022-11-08 21:50:00,0,2.9,342.3,19.3,14.0,-0.0037073170731707,2.0,226.4,24.0,323.0,39.0,39.0,26.0,30.0,26.0,45.0
2022-11-08 22:00:00,0,2.8,297.7,-31.3,14.0,-0.0031219512195121,1.9,214.1,24.0,328.9,39.0,38.0,26.0,29.0,26.0,45.0
2022-11-08 22:10:00,0,2.3,314.2,-6.4,14.0,-0.0030731707317073,1.4,190.9,24.0,320.6,38.0,38.0,26.0,29.0,26.0,46.0
2022-11-08 22:20:00,0,2.1,278.8,-41.7,14.0,-0.0031219512195121,0.0,157.7,24.0,320.6,38.0,37.0,26.0,29.0,26.0,46.0
2022-11-08 22:30:00,0,2.2,312.2,-8.4,14.0,-0.0030731707317073,0.1,159.5,24.0,320.6,38.0,37.0,26.0,28.0,26.0,46.0
2022-11-08 22:40:00,0,2.6,290.7,-29.8,14.0,-0.0030731707317073,1.3,176.2,24.0,320.6,38.0,37.0,26.0,28.0,25.0,46.0
2022-11-08 22:50:00,0,2.2,313.6,-6.9,14.0,-0.0031219512195121,0.3,152.9,24.0,320.6,38.0,36.0,26.0,28.0,25.0,46.0
2022-11-08 23:00:00,0,2.0,333.5,12.9,14.0,-0.0031219512195121,0.0,149.6,24.0,320.6,38.0,36.0,26.0,27.0,25.0,46.0
2022-11-08 23:10:00,0,1.8,289.8,-30.7,14.0,-0.0030731707317073,0.0,107.2,24.0,320.6,37.0,36.0,26.0,27.0,25.0,47.0
2022-11-08 23:20:00,0,1.5,291.7,-28.9,14.0,-0.0029268292682926,0.0,55.1,24.0,320.6,37.0,36.0,26.0,27.0,25.0,47.0
2022-11-08 23:30:00,0,1.5,281.5,-39.1,13.0,-0.0028780487804878,0.0,8.0,24.0,320.6,36.0,35.0,25.0,27.0,25.0,47.0
2022-11-08 23:40:00,0,1.4,147.0,-173.6,13.0,-0.0030731707317073,0.0,0.2,24.0,320.6,36.0,34.0,25.0,26.0,24.0,47.0
2022-11-08 23:50:00,0,1.9,130.5,169.9,13.0,-0.0029756097560975,0.0,45.1,24.0,320.6,36.0,34.0,25.0,26.0,24.0,47.0
2022-11-09 00:00:00,0,2.0,164.9,-155.7,13.0,-0.0029268292682926,0.0,64.9,24.0,320.6,36.0,34.0,25.0,26.0,24.0,47.0
2022-11-09 00:10:00,0,1.7000000000000002,118.5,157.9,13.0,-0.0029756097560975,0.0,15.1,24.0,320.6,36.0,33.0,25.0,26.0,24.0,47.0
2022-11-09 00:20:00,0,1.6,130.2,169.6,13.0,-0.0032195121951219,0.0,0.0,24.0,320.6,35.0,33.0,25.0,25.0,24.0,47.0
2022-11-09 00:30:00,0,0.9,268.5,-52.0,13.0,-0.0029756097560975,0.0,0.0,24.0,320.6,34.0,32.0,25.0,25.0,23.0,47.0
2022-11-09 00:40:00,0,1.1,46.9,86.3,13.0,-0.0028780487804878,0.0,0.0,24.0,320.6,34.0,32.0,24.0,25.0,23.0,47.0
2022-11-09 00:50:00,0,1.8,41.6,81.0,13.0,-0.0028780487804878,0.0,0.0,24.0,320.6,33.0,32.0,24.0,24.0,23.0,47.0
2022-11-09 01:00:00,0,1.1,343.0,22.4,13.0,-0.0029268292682926,0.0,0.0,24.0,320.6,33.0,31.0,24.0,24.0,23.0,47.0
2022-11-09 01:10:00,0,1.1,84.2,123.6,13.0,-0.0029268292682926,0.0,0.0,24.0,320.6,32.0,31.0,24.0,24.0,23.0,47.0
2022-11-09 01:20:00,0,1.2,138.9,178.3,13.0,-0.0028780487804878,0.0,0.0,24.0,320.6,32.0,31.0,24.0,24.0,23.0,47.0
2022-11-09 01:30:00,0,1.1,102.6,142.0,13.0,-0.0031219512195121,0.0,0.0,24.0,320.6,32.0,30.0,24.0,23.0,23.0,47.0
2022-11-09 01:40:00,0,1.2,152.0,-168.6,13.0,-0.0030243902439024,0.0,0.0,24.0,320.6,31.0,30.0,24.0,23.0,23.0,47.0
2022-11-09 01:50:00,0,1.2,135.5,174.9,12.0,-0.0028780487804878,0.0,0.0,24.0,320.6,31.0,30.0,24.0,23.0,23.0,47.0
2022-11-09 02:00:00,0,1.3,101.9,141.4,12.0,-0.0028780487804878,0.0,0.0,24.0,320.6,31.0,29.0,23.0,22.0,23.0,47.0
2022-11-09 02:10:00,0,1.1,78.1,117.5,12.0,-0.0029268292682926,0.0,0.0,24.0,320.6,30.0,29.0,23.0,22.0,23.0,47.0
2022-11-09 02:20:00,0,1.4,316.2,-4.3,12.0,-0.0028780487804878,0.0,0.0,24.0,320.6,30.0,29.0,23.0,22.0,23.0,47.0
2022-11-09 02:30:00,0,1.5,141.4,-179.1,12.0,-0.0028780487804878,0.0,0.0,24.0,320.6,30.0,29.0,23.0,22.0,23.0,47.0
2022-11-09 02:40:00,0,1.4,128.6,168.1,12.0,-0.0030731707317073,0.0,0.0,24.0,320.6,30.0,28.0,23.0,22.0,23.0,47.0
2022-11-09 02:50:00,0,1.1,113.6,153.1,12.0,-0.0030731707317073,0.0,0.0,24.0,320.6,29.0,28.0,23.0,21.0,22.0,47.0
2022-11-09 03:00:00,0,1.0,99.3,138.8,12.0,-0.0028780487804878,0.0,0.0,24.0,320.6,29.0,28.0,23.0,21.0,22.0,47.0
2022-11-09 03:10:00,0,1.0,82.4,121.9,12.0,-0.0029268292682926,0.0,0.0,24.0,320.6,29.0,28.0,23.0,21.0,22.0,47.0
2022-11-09 03:20:00,0,0.8,186.4,-134.1,12.0,-0.0028780487804878,0.0,1.6,24.0,320.6,29.0,27.0,22.0,21.0,22.0,47.0
2022-11-09 03:30:00,0,0.9,207.7,-112.8,12.0,-0.0028780487804878,0.0,0.0,24.0,320.6,28.0,27.0,22.0,21.0,22.0,47.0
2022-11-09 03:40:00,0,0.8,325.0,4.4,13.0,-0.0028292682926829,0.0,0.0,24.0,320.6,28.0,27.0,22.0,20.0,22.0,47.0
2022-11-09 03:50:00,0,1.5,261.7,-58.8,13.0,-0.0028780487804878,0.0,39.4,24.0,320.6,28.0,27.0,22.0,20.0,22.0,47.0
2022-11-09 04:00:00,0,1.1,333.0,12.5,13.0,-0.0030731707317073,0.0,39.3,24.0,320.6,31.0,27.0,22.0,20.0,22.0,47.0
2022-11-09 04:10:00,0,1.5,331.2,10.7,13.0,-0.0034146341463414,0.0,23.6,24.0,320.6,31.0,27.0,22.0,20.0,22.0,47.0
2022-11-09 04:20:00,0,2.3,5.7,45.2,13.0,-0.0034146341463414,0.0,113.3,24.0,320.6,32.0,27.0,22.0,20.0,22.0,47.0
2022-11-09 04:30:00,0,2.8,357.4,36.8,13.0,-0.0035121951219512,1.9,224.0,24.0,320.6,33.0,29.0,22.0,20.0,22.0,47.0
2022-11-09 04:40:00,0,3.8,11.0,14.0,13.0,0.0074634146341463,7.7,877.5,8.5,357.0,33.0,32.0,22.0,21.0,22.0,46.0
2022-11-09 04:50:00,0,3.9,337.8,-11.5,13.0,0.0069268292682926,8.8,1001.2,6.8,349.3,35.0,38.0,23.0,23.0,22.0,45.0
2022-11-09 05:00:00,0,3.7,351.9,2.6,13.0,0.0028780487804878,6.4,727.2,32.0,349.3,36.0,40.0,24.0,25.0,22.0,45.0
2022-11-09 05:10:00,0,3.7,4.4,14.7,13.0,0.0081951219512195,11.0,1248.6,0.2,349.6,36.0,42.0,25.0,27.0,22.0,44.0
2022-11-09 05:20:00,0,4.1,352.8,3.2,13.0,0.0287317073170731,11.0,1250.4,-0.3,349.6,37.0,44.0,27.0,32.0,22.0,44.0
2022-11-09 05:30:00,0,3.7,359.0,8.1,13.0,0.0128780487804878,11.0,1249.1,0.2,351.7,38.0,45.0,28.0,37.0,23.0,44.0
2022-11-09 05:40:00,0,3.7,358.8,7.7,13.0,0.0045853658536585,8.9,1010.0,6.5,351.0,38.0,45.0,30.0,41.0,23.0,44.0
2022-11-09 05:50:00,0,3.8,356.9,5.8,13.0,0.0109268292682926,11.0,1250.9,0.0,351.0,39.0,45.0,31.0,42.0,23.0,43.0
2022-11-09 06:00:00,0,3.3,4.5,13.4,13.0,0.0049268292682926,11.0,1248.1,0.9,351.0,39.0,45.0,32.0,46.0,22.0,43.0
2022-11-09 06:10:00,0,3.3,339.7,-11.4,13.0,-0.0046341463414634,2.6,290.9,24.4,351.1,39.0,43.0,31.0,45.0,22.0,43.0
2022-11-09 06:20:00,0,3.1,348.3,-9.8,13.0,-0.0042926829268292,2.4,269.1,24.0,358.1,38.0,41.0,30.0,41.0,22.0,44.0
2022-11-09 06:30:00,0,3.3,337.0,-21.1,13.0,-0.0042439024390243,2.5,281.6,24.0,358.1,37.0,39.0,29.0,39.0,23.0,44.0
2022-11-09 06:40:00,0,3.2,330.1,-27.9,13.0,-0.0045365853658536,2.5,278.5,24.0,358.1,37.0,38.0,28.0,36.0,22.0,44.0
2022-11-09 06:50:00,0,3.3,355.6,-2.5,13.0,-0.004780487804878,2.6,289.1,24.0,358.1,37.0,38.0,28.0,34.0,22.0,44.0
2022-11-09 07:00:00,0,3.6,339.4,-18.7,13.0,-0.004780487804878,2.6,296.0,24.0,358.1,37.0,37.0,27.0,32.0,22.0,44.0
2022-11-09 07:10:00,0,3.7,325.1,-32.9,13.0,0.0024878048780487,7.0,792.1,11.0,358.1,37.0,38.0,26.0,31.0,22.0,44.0
2022-11-09 07:20:00,0,3.9,7.8,9.7,13.0,0.0154146341463414,11.0,1249.0,-0.1,358.1,38.0,42.0,27.0,31.0,23.0,43.0
2022-11-09 07:30:00,0,3.9,349.5,-8.6,13.0,0.0168780487804878,11.0,1249.5,-0.1,358.1,39.0,45.0,28.0,33.0,23.0,43.0
2022-11-09 07:40:00,0,3.1,316.2,-35.6,13.0,-0.0022926829268292,5.7,645.8,16.2,351.7,39.0,44.0,30.0,35.0,24.0,43.0
2022-11-09 07:50:00,0,3.1,352.5,-1.3,13.0,-0.0033170731707317,2.3,262.3,24.0,353.9,38.0,42.0,30.0,35.0,24.0,43.0
2022-11-09 08:00:00,0,2.9,7.0,4.3,13.0,-0.0030243902439024,2.2,250.7,24.0,2.6,38.0,40.0,30.0,34.0,24.0,44.0
2022-11-09 08:10:00,0,2.3,1.6,-1.0,13.0,-0.0032682926829268,1.7000000000000002,188.6,24.0,2.6,38.0,39.0,30.0,34.0,24.0,44.0
2022-11-09 08:20:00,0,2.4,341.5,-21.2,13.0,-0.0030243902439024,1.7000000000000002,208.6,24.0,2.6,37.0,38.0,30.0,33.0,24.0,44.0
2022-11-09 08:30:00,0,2.4,330.8,-31.8,13.0,-0.0031219512195121,2.0,224.4,24.0,2.6,37.0,37.0,30.0,32.0,24.0,45.0
2022-11-09 08:40:00,0,2.2,18.1,15.4,13.0,-0.003170731707317,1.6,187.8,24.0,2.6,37.0,37.0,30.0,32.0,24.0,45.0
2022-11-09 08:50:00,0,1.6,283.5,-79.1,13.0,-0.0030731707317073,0.0,131.1,24.0,2.6,37.0,36.0,30.0,32.0,24.0,45.0
2022-11-09 09:00:00,0,1.0,358.9,-3.7,14.0,-0.0029268292682926,0.0,69.5,24.0,2.6,36.0,36.0,29.0,31.0,24.0,45.0
2022-11-09 09:10:00,0,1.2,33.0,30.4,14.0,-0.0029756097560975,0.0,87.2,24.0,2.6,36.0,35.0,29.0,31.0,24.0,45.0
2022-11-09 09:20:00,0,1.6,43.6,40.9,14.0,-0.0030243902439024,0.1,127.5,24.0,2.6,36.0,35.0,29.0,30.0,24.0,45.0
2022-11-09 09:30:00,0,1.4,19.1,16.5,14.0,-0.0029268292682926,0.0,87.5,24.0,2.6,36.0,35.0,29.0,30.0,24.0,46.0
2022-11-09 09:40:00,0,1.4,6.3,3.6,14.0,-0.0029268292682926,0.0,98.3,24.0,2.6,35.0,35.0,29.0,30.0,24.0,46.0
2022-11-09 09:50:00,0,1.8,30.2,27.5,14.0,-0.0028780487804878,0.0,113.5,24.0,2.6,35.0,34.0,29.0,29.0,24.0,46.0
2022-11-09 10:00:00,0,1.9,353.6,-9.1,15.0,-0.0029268292682926,0.0,103.3,24.0,2.6,35.0,34.0,28.0,29.0,24.0,46.0
2022-11-09 10:10:00,0,1.7000000000000002,9.6,6.9,15.0,-0.0029268292682926,0.0,118.2,24.0,2.6,35.0,34.0,28.0,29.0,24.0,46.0
2022-11-09 10:20:00,0,1.3,22.4,19.7,15.0,-0.0029268292682926,0.0,95.4,24.0,2.6,35.0,34.0,28.0,29.0,24.0,46.0
2022-11-09 10:30:00,0,1.5,301.9,-60.7,16.0,-0.0028780487804878,0.0,94.1,24.0,2.6,35.0,33.0,28.0,29.0,24.0,47.0
2022-11-09 10:40:00,0,2.6,329.9,-32.6,16.0,-0.0032682926829268,0.4,149.3,24.0,2.6,35.0,33.0,28.0,29.0,24.0,47.0
2022-11-09 10:50:00,0,2.4,338.2,12.7,16.0,-0.0031219512195121,0.9,172.9,24.0,325.5,35.0,33.0,28.0,28.0,25.0,47.0
2022-11-09 11:00:00,0,2.0,314.5,-22.1,17.0,-0.0029756097560975,0.3,110.5,24.0,336.7,35.0,34.0,28.0,28.0,25.0,47.0
2022-11-09 11:10:00,0,1.8,351.4,14.7,17.0,-0.0028780487804878,0.0,20.0,24.0,336.7,34.0,33.0,28.0,28.0,25.0,47.0
2022-11-09 11:20:00,0,2.5,246.2,-90.4,17.0,-0.0028292682926829,0.0,17.1,24.0,336.7,34.0,33.0,28.0,28.0,25.0,47.0
2022-11-09 11:30:00,0,3.0,266.5,-70.1,17.0,-0.0034634146341463,1.3,175.5,24.0,336.6,34.0,33.0,28.0,28.0,25.0,47.0
2022-11-09 11:40:00,0,3.5,273.5,4.4,17.0,0.004390243902439,7.5,855.6,9.8,269.0,35.0,35.0,28.0,28.0,25.0,47.0
2022-11-09 11:50:00,0,3.6,300.3,16.9,18.0,0.0159024390243902,10.0,1136.4,3.6,283.4,36.0,40.0,29.0,33.0,25.0,46.0
2022-11-09 12:00:00,0,4.7,304.6,9.6,18.0,0.0792682926829268,11.2,1264.7,-0.8,295.0,38.0,45.0,30.0,40.0,26.0,45.0
2022-11-09 12:10:00,0,4.3,303.9,8.9,18.0,0.0485853658536585,11.1,1258.8,-0.3,294.9,40.0,48.0,31.0,46.0,26.0,45.0
2022-11-09 12:20:00,0,3.9,266.0,-11.1,18.0,0.0370243902439024,10.1,1148.2,3.1,277.1,39.0,46.0,33.0,47.0,26.0,45.0
2022-11-09 12:30:00,0,6.2,226.4,-50.0,18.0,0.196390243902439,12.1,1371.1,-1.8,276.4,42.0,50.0,34.0,51.0,26.0,45.0
2022-11-09 12:40:00,0,4.9,289.3,3.5,18.0,0.0866341463414634,11.2,1274.2,-1.0,285.8,42.0,50.0,34.0,53.0,25.0,45.0
2022-11-09 12:50:00,0,5.3,291.1,12.3,18.0,0.1108292682926829,11.5,1297.2,-1.2,278.8,42.0,48.0,34.0,54.0,26.0,45.0
2022-11-09 13:00:00,0,5.7,287.1,8.6,18.0,0.141170731707317,11.6,1317.8,-1.6,278.5,43.0,50.0,34.0,55.0,27.0,45.0
2022-11-09 13:10:00,0,4.6,265.1,-21.1,18.0,0.0721463414634146,11.2,1267.1,-0.7000000000000001,286.2,42.0,49.0,35.0,56.0,27.0,46.0
2022-11-09 13:20:00,0,4.9,267.3,-15.8,18.0,0.0789756097560975,11.2,1270.8,-1.0,283.0,43.0,48.0,35.0,56.0,27.0,46.0
2022-11-09 13:30:00,0,4.9,286.3,5.4,18.0,0.0820975609756097,11.2,1267.5,-1.0,280.9,43.0,48.0,35.0,56.0,27.0,46.0
2022-11-09 13:40:00,0,4.2,262.8,-11.2,18.0,0.0507317073170731,11.1,1253.3,-0.3,273.9,42.0,48.0,35.0,56.0,27.0,46.0
2022-11-09 13:50:00,0,4.0,276.2,3.3,18.0,0.0399024390243902,11.0,1251.5,-0.2,272.9,42.0,47.0,35.0,56.0,27.0,46.0
2022-11-09 14:00:00,0,3.8,325.7,52.4,18.0,0.0268780487804878,10.4,1178.3,2.4,273.2,42.0,46.0,36.0,56.0,28.0,46.0
2022-11-09 14:10:00,0,3.9,279.8,11.1,18.0,0.0297560975609756,11.0,1250.3,0.2,268.7,42.0,46.0,36.0,56.0,27.0,45.0
2022-11-09 14:20:00,0,3.3,271.7,8.2,18.0,0.0098048780487804,10.0,1132.7,4.3,263.4,42.0,46.0,36.0,56.0,28.0,45.0
2022-11-09 14:30:00,0,4.4,309.2,38.4,18.0,0.0561463414634146,7.4,842.7,9.7,270.8,42.0,45.0,36.0,54.0,28.0,45.0
2022-11-09 14:40:00,0,6.6,282.8,5.7,18.0,0.2461951219512195,12.7,1436.3,-1.9,277.1,44.0,50.0,36.0,57.0,28.0,45.0
2022-11-09 14:50:00,0,6.2,283.7,6.6,18.0,0.1904390243902439,12.3,1394.8,-1.7000000000000002,277.1,45.0,52.0,36.0,59.0,28.0,45.0
2022-11-09 15:00:00,0,6.4,280.3,10.6,18.0,0.222390243902439,12.4,1409.5,-1.8,269.7,46.0,52.0,36.0,60.0,28.0,46.0
2022-11-09 15:10:00,0,6.4,273.3,-3.8,18.0,0.214780487804878,12.5,1413.7,-1.8,277.1,46.0,53.0,37.0,61.0,28.0,46.0
2022-11-09 15:20:00,0,6.1,257.9,-10.0,18.0,0.1946341463414634,12.1,1374.1,-1.7000000000000002,268.0,46.0,53.0,37.0,61.0,28.0,46.0
2022-11-09 15:30:00,0,6.1,259.6,-8.3,18.0,0.196,12.1,1369.0,-1.7000000000000002,268.0,47.0,52.0,37.0,61.0,29.0,46.0
2022-11-09 15:40:00,0,5.6,257.0,-8.4,19.0,0.1515121951219512,11.7,1327.6,-1.4,265.5,47.0,52.0,38.0,61.0,28.0,46.0
2022-11-09 15:50:00,0,6.7,279.7,14.2,19.0,0.2457560975609756,12.8,1452.2,-1.9,265.5,47.0,53.0,37.0,61.0,28.0,46.0
2022-11-09 16:00:00,0,6.5,257.7,-14.8,19.0,0.2220487804878048,12.6,1425.8,-1.9,272.5,48.0,54.0,37.0,62.0,28.0,46.0
2022-11-09 16:10:00,0,6.4,257.5,-13.6,19.0,0.2236585365853658,12.4,1407.4,-1.8,271.1,48.0,54.0,37.0,62.0,28.0,46.0
2022-11-09 16:20:00,0,6.5,279.3,-3.7,19.0,0.1980975609756097,12.5,1415.3,-1.9,283.0,48.0,54.0,37.0,62.0,28.0,46.0
2022-11-09 16:30:00,0,6.4,280.4,4.7,19.0,0.2092682926829268,12.5,1412.0,-1.8,275.7,48.0,54.0,37.0,62.0,28.0,46.0
2022-11-09 16:40:00,0,7.0,277.2,1.5,19.0,0.2598536585365854,13.1,1478.6,-2.0,275.7,49.0,54.0,37.0,62.0,28.0,46.0
2022-11-09 16:50:00,0,7.1,283.3,0.6000000000000001,19.0,0.2835121951219512,13.2,1497.8,-2.0,282.7,49.0,55.0,37.0,63.0,28.0,46.0
2022-11-09 17:00:00,0,6.8,284.3,1.5,19.0,0.2558536585365853,13.0,1467.8,-1.9,282.7,50.0,55.0,38.0,63.0,28.0,46.0
2022-11-09 17:10:00,0,5.9,281.7,1.5,19.0,0.1628780487804877,12.0,1359.8,-1.5,280.2,49.0,54.0,38.0,61.0,29.0,46.0
2022-11-09 17:20:00,0,6.3,265.3,1.9,19.0,0.2275609756097561,12.4,1406.3,-1.7000000000000002,263.4,49.0,53.0,37.0,60.0,29.0,46.0
2022-11-09 17:30:00,0,5.5,288.8,25.0,19.0,0.1496585365853658,11.9,1347.5,-1.3,263.8,49.0,53.0,37.0,60.0,29.0,46.0
2022-11-09 17:40:00,0,5.3,261.6,-1.5,19.0,0.1140487804878048,11.5,1299.9,-1.3,263.1,49.0,52.0,37.0,58.0,29.0,46.0
2022-11-09 17:50:00,0,6.5,270.8,8.4,19.0,0.2245365853658536,12.5,1419.4,-1.9,262.4,49.0,53.0,37.0,56.0,29.0,46.0
2022-11-09 18:00:00,0,6.7,268.7,-2.1,19.0,0.2238048780487805,12.7,1438.5,-2.0,270.8,49.0,54.0,37.0,58.0,28.0,46.0
2022-11-09 18:10:00,0,6.1,269.6,-1.2,18.0,0.1751219512195121,12.1,1371.1,-1.7000000000000002,270.8,49.0,54.0,37.0,59.0,28.0,46.0
2022-11-09 18:20:00,0,5.2,246.2,-24.5,18.0,0.1093658536585365,11.4,1286.5,-1.2,270.8,49.0,52.0,37.0,58.0,29.0,46.0
2022-11-09 18:30:00,0,4.8,263.5,-7.2,18.0,0.0833170731707317,11.2,1270.7,-0.9,270.8,48.0,51.0,37.0,57.0,29.0,46.0
2022-11-09 18:40:00,0,4.5,287.8,25.7,18.0,0.0632682926829268,11.1,1260.8,-0.6000000000000001,262.0,47.0,50.0,37.0,56.0,28.0,46.0
2022-11-09 18:50:00,0,4.7,265.7,3.7,18.0,0.0729268292682926,11.1,1259.3,-0.8,262.0,47.0,50.0,36.0,54.0,29.0,46.0
2022-11-09 19:00:00,0,4.3,273.8,11.8,18.0,0.0505853658536585,11.1,1256.9,-0.4,262.0,46.0,49.0,36.0,52.0,28.0,46.0
2022-11-09 19:10:00,0,4.9,239.6,-14.0,18.0,0.0814634146341463,11.2,1266.2,-1.0,253.6,46.0,50.0,36.0,49.0,28.0,46.0
2022-11-09 19:20:00,0,5.1,259.0,5.8,18.0,0.0974146341463414,11.3,1277.9,-1.1,253.3,46.0,50.0,36.0,48.0,28.0,46.0
2022-11-09 19:30:00,0,4.4,266.0,6.4,18.0,0.0608292682926829,11.1,1260.6,-0.5,259.6,46.0,49.0,36.0,47.0,28.0,46.0
2022-11-09 19:40:00,0,4.5,254.4,-5.2,18.0,0.073170731707317,11.2,1264.3,-0.6000000000000001,259.6,45.0,49.0,36.0,47.0,28.0,46.0
2022-11-09 19:50:00,0,5.1,240.5,-19.1,18.0,0.1062926829268292,11.3,1274.5,-1.1,259.6,46.0,50.0,36.0,47.0,28.0,46.0
2022-11-09 20:00:00,0,6.1,239.8,-12.4,18.0,0.1838536585365853,12.0,1365.1,-1.7000000000000002,252.2,46.0,51.0,36.0,48.0,28.0,46.0
2022-11-09 20:10:00,0,6.7,249.5,-2.4,18.0,0.2609268292682927,12.8,1448.5,-1.9,251.9,47.0,53.0,36.0,51.0,28.0,46.0
2022-11-09 20:20:00,0,6.6,256.5,4.6,18.0,0.2674146341463415,12.7,1439.0,-1.9,251.9,48.0,54.0,36.0,55.0,28.0,46.0
2022-11-09 20:30:00,0,5.8,275.6,16.4,18.0,0.1657560975609756,12.0,1354.4,-1.5,259.2,48.0,53.0,36.0,54.0,28.0,46.0
2022-11-09 20:40:00,0,5.7,252.0,-7.2,18.0,0.1633658536585365,11.8,1335.7,-1.5,259.2,48.0,52.0,36.0,53.0,28.0,46.0
2022-11-09 20:50:00,0,7.6,279.7,20.5,18.0,0.3588780487804878,13.6,1545.5,-2.1,259.2,49.0,55.0,36.0,54.0,28.0,46.0
2022-11-09 21:00:00,0,6.3,292.5,24.5,18.0,0.2194146341463414,12.4,1403.0,-1.8,268.0,49.0,55.0,37.0,57.0,28.0,46.0
2022-11-09 21:10:00,0,6.2,245.9,-22.0,18.0,0.2017073170731707,12.2,1380.3,-1.7000000000000002,268.0,49.0,53.0,37.0,55.0,28.0,46.0
2022-11-09 21:20:00,0,6.2,245.9,-6.6,18.0,0.1997073170731707,12.2,1386.8,-1.8,252.6,49.0,54.0,37.0,55.0,28.0,46.0
2022-11-09 21:30:00,0,6.1,266.4,7.9,18.0,0.186780487804878,12.0,1364.2,-1.7000000000000002,258.5,49.0,53.0,37.0,55.0,28.0,46.0
2022-11-09 21:40:00,0,6.9,256.1,-2.4,18.0,0.2626829268292683,12.9,1462.6,-2.0,258.5,50.0,55.0,37.0,56.0,28.0,46.0
2022-11-09 21:50:00,0,5.8,237.4,-21.1,18.0,0.1732195121951219,11.9,1352.4,-1.5,258.5,49.0,54.0,37.0,55.0,29.0,46.0
2022-11-09 22:00:00,0,6.8,245.2,-13.3,19.0,0.2590731707317073,12.9,1459.0,-1.9,258.5,49.0,54.0,37.0,54.0,29.0,46.0
2022-11-09 22:10:00,0,6.8,270.6,12.1,19.0,0.2702439024390244,12.8,1455.1,-1.9,258.5,50.0,55.0,37.0,56.0,29.0,46.0
2022-11-09 22:20:00,0,6.9,277.6,18.1,19.0,0.2626341463414634,12.9,1463.3,-2.0,259.6,50.0,55.0,37.0,57.0,29.0,46.0
2022-11-09 22:30:00,0,6.1,259.4,6.4,19.0,0.2036097560975609,12.2,1386.6,-1.7000000000000002,252.9,50.0,55.0,37.0,57.0,29.0,46.0
2022-11-09 22:40:00,0,6.2,293.5,30.1,19.0,0.1862926829268292,12.3,1392.0,-1.7000000000000002,263.4,50.0,54.0,37.0,55.0,29.0,46.0
2022-11-09 22:50:00,0,6.7,278.4,22.0,19.0,0.2543414634146341,12.7,1441.9,-1.8,256.4,50.0,55.0,37.0,55.0,29.0,46.0
2022-11-09 23:00:00,0,6.2,261.2,-1.8,19.0,0.214390243902439,12.4,1402.6,-1.6,263.1,50.0,54.0,37.0,55.0,29.0,46.0
2022-11-09 23:10:00,0,6.9,246.5,-16.6,19.0,0.2877560975609756,12.9,1465.7,-1.8,263.1,51.0,55.0,38.0,55.0,29.0,46.0
2022-11-09 23:20:00,0,7.8,271.7,1.6,18.0,0.4070731707317073,13.7,1546.5,-2.0,270.1,52.0,57.0,38.0,58.0,29.0,46.0
2022-11-09 23:30:00,0,7.8,253.2,-10.3,18.0,0.3966829268292683,13.8,1565.6,-2.2,263.4,52.0,58.0,39.0,60.0,29.0,46.0
2022-11-09 23:40:00,0,6.6,273.9,11.6,19.0,0.2307317073170731,12.6,1427.3,-1.8,262.4,52.0,57.0,40.0,60.0,29.0,46.0
2022-11-09 23:50:00,0,7.4,251.5,-11.9,19.0,0.329170731707317,13.4,1518.1,-2.0,263.4,52.0,56.0,41.0,58.0,29.0,46.0
2022-11-10 00:00:00,0,7.3,241.2,-14.9,19.0,0.3485365853658536,13.3,1507.7,-2.0,256.1,53.0,58.0,42.0,60.0,29.0,46.0
2022-11-10 00:10:00,0,6.3,267.4,2.6,18.0,0.1989268292682927,12.5,1412.1,-1.7000000000000002,264.8,52.0,56.0,42.0,60.0,29.0,46.0
2022-11-10 00:20:00,0,8.4,267.1,2.2,17.0,0.3971219512195122,13.9,1574.7,-1.8,264.9,53.0,57.0,42.0,59.0,29.0,46.0
2022-11-10 00:30:00,0,7.6,283.3,-4.3,17.0,0.3293170731707317,13.8,1563.0,-2.2,287.6,54.0,58.0,42.0,62.0,29.0,46.0
2022-11-10 00:40:00,0,6.3,273.5,-5.3,17.0,0.1960487804878048,12.4,1399.2,-1.8,278.8,53.0,57.0,42.0,61.0,29.0,46.0
2022-11-10 00:50:00,0,6.2,272.1,0.9,17.0,0.1853658536585365,12.1,1365.9,-1.8,271.1,52.0,55.0,42.0,58.0,29.0,46.0
2022-11-10 01:00:00,0,7.6,278.1,-0.4,18.0,0.3752195121951219,13.8,1565.6,-2.2,278.5,53.0,57.0,42.0,59.0,29.0,46.0
2022-11-10 01:10:00,0,7.0,269.1,-9.4,18.0,0.2731219512195121,13.1,1485.4,-2.1,278.5,53.0,57.0,42.0,61.0,29.0,46.0
2022-11-10 01:20:00,0,6.6,280.8,2.3,18.0,0.2288292682926829,12.5,1416.8,-2.0,278.5,53.0,56.0,42.0,60.0,28.0,46.0
2022-11-10 01:30:00,0,6.8,282.8,4.2,18.0,0.2495609756097561,12.9,1458.5,-2.0,278.5,53.0,56.0,42.0,60.0,29.0,46.0
2022-11-10 01:40:00,0,6.2,286.8,0.9,18.0,0.1752682926829268,12.2,1387.6,-1.7000000000000002,285.9,52.0,55.0,42.0,58.0,29.0,46.0
2022-11-10 01:50:00,0,5.4,303.0,-1.1,18.0,0.1280975609756097,11.4,1296.8,-1.4,304.1,51.0,54.0,42.0,54.0,29.0,46.0
2022-11-10 02:00:00,0,4.9,332.4,14.2,18.0,0.0801463414634146,11.2,1264.2,-1.0,318.1,51.0,53.0,42.0,51.0,29.0,46.0
2022-11-10 02:10:00,0,5.3,326.5,1.4,17.0,0.1241463414634146,11.4,1294.3,-1.3,325.1,50.0,52.0,42.0,48.0,29.0,46.0
2022-11-10 02:20:00,0,6.0,344.0,12.5,17.0,0.17,12.0,1354.1,-1.7000000000000002,331.4,50.0,53.0,42.0,47.0,28.0,46.0
2022-11-10 02:30:00,0,6.1,338.0,-1.5,17.0,0.1629268292682927,11.9,1347.8,-1.8,339.5,50.0,53.0,41.0,47.0,28.0,46.0
2022-11-10 02:40:00,0,6.0,341.4,1.9,17.0,0.148390243902439,11.8,1335.3,-1.8,339.5,50.0,53.0,41.0,46.0,28.0,46.0
2022-11-10 02:50:00,0,5.8,334.9,-4.6,17.0,0.1315609756097561,11.7,1323.2,-1.7000000000000002,339.5,50.0,53.0,41.0,46.0,28.0,46.0
2022-11-10 03:00:00,0,5.8,319.7,-19.8,17.0,0.1346341463414634,11.7,1321.4,-1.7000000000000002,339.5,49.0,53.0,41.0,45.0,28.0,46.0
2022-11-10 03:10:00,0,5.9,335.0,2.2,17.0,0.1505365853658536,11.7,1322.5,-1.7000000000000002,332.8,49.0,53.0,41.0,44.0,28.0,46.0
2022-11-10 03:20:00,0,6.0,347.3,14.5,16.0,0.1689268292682927,11.9,1351.6,-1.7000000000000002,332.8,49.0,53.0,41.0,44.0,28.0,46.0
2022-11-10 03:30:00,0,6.5,315.2,-17.7,16.0,0.2397560975609756,12.6,1425.8,-1.9,332.8,49.0,54.0,40.0,44.0,28.0,46.0
2022-11-10 03:40:00,0,6.6,334.2,1.3,16.0,0.2229268292682927,12.6,1428.4,-2.0,332.8,50.0,54.0,40.0,45.0,28.0,46.0
2022-11-10 03:50:00,0,6.8,342.3,9.5,16.0,0.2421463414634146,12.9,1459.4,-2.0,332.8,50.0,55.0,40.0,45.0,28.0,46.0
2022-11-10 04:00:00,0,5.4,329.8,-3.0,16.0,0.1210731707317073,11.5,1302.5,-1.4,332.8,50.0,53.0,40.0,44.0,27.0,46.0
2022-11-10 04:10:00,0,5.1,319.7,-13.1,16.0,0.0942439024390243,11.3,1279.5,-1.1,332.8,49.0,51.0,40.0,44.0,27.0,46.0
2022-11-10 04:20:00,0,5.4,329.0,3.5,16.0,0.1213658536585366,11.6,1309.5,-1.3,325.5,48.0,52.0,40.0,43.0,27.0,46.0
2022-11-10 04:30:00,0,5.2,308.8,-16.6,16.0,0.0980975609756097,11.3,1282.4,-1.2,325.5,48.0,51.0,40.0,43.0,27.0,46.0
2022-11-10 04:40:00,0,4.6,351.2,25.7,16.0,0.0700975609756097,11.1,1259.5,-0.7000000000000001,325.5,48.0,50.0,40.0,43.0,27.0,45.0
2022-11-10 04:50:00,0,4.4,327.9,2.4,15.0,0.0547317073170731,11.1,1253.0,-0.6000000000000001,325.5,47.0,49.0,39.0,42.0,27.0,45.0
2022-11-10 05:00:00,0,4.6,318.5,-6.9,15.0,0.0448780487804878,11.1,1254.7,-0.8,325.5,46.0,49.0,39.0,42.0,27.0,45.0
2022-11-10 05:10:00,0,3.3,332.1,6.6,15.0,-0.0005853658536585,9.2,1041.7,7.4,325.5,45.0,47.0,39.0,42.0,27.0,45.0
2022-11-10 05:20:00,0,3.1,323.0,-9.1,15.0,-0.0093170731707317,2.3,261.7,24.0,332.1,44.0,44.0,38.0,41.0,27.0,45.0
2022-11-10 05:30:00,0,3.9,347.2,15.1,15.0,0.0094634146341463,9.1,1038.8,4.7,332.1,44.0,43.0,36.0,40.0,26.0,45.0
2022-11-10 05:40:00,0,3.7,336.6,11.5,15.0,0.0125853658536585,8.0,912.0,9.6,325.1,43.0,43.0,36.0,39.0,26.0,45.0
2022-11-10 05:50:00,0,4.5,324.9,2.2,15.0,0.0504878048780487,11.1,1252.9,-0.7000000000000001,322.7,44.0,45.0,35.0,39.0,26.0,44.0
2022-11-10 06:00:00,0,4.7,321.2,-2.9,15.0,0.0635609756097561,11.2,1264.0,-0.8,324.1,43.0,45.0,34.0,38.0,26.0,44.0
2022-11-10 06:10:00,0,4.8,320.5,-10.9,15.0,0.0808780487804878,11.2,1267.0,-0.9,331.4,44.0,47.0,34.0,38.0,26.0,44.0
2022-11-10 06:20:00,0,4.7,337.3,4.5,15.0,0.0607317073170731,11.1,1258.5,-0.9,332.8,44.0,47.0,34.0,38.0,26.0,44.0
2022-11-10 06:30:00,0,4.7,312.0,-20.8,15.0,0.0597073170731707,11.1,1262.3,-0.8,332.8,43.0,46.0,33.0,38.0,26.0,44.0
2022-11-10 06:40:00,0,5.7,308.6,-23.5,15.0,0.1412682926829268,11.6,1318.9,-1.6,332.1,44.0,48.0,33.0,38.0,26.0,44.0
2022-11-10 06:50:00,0,6.6,340.1,5.5,15.0,0.2246341463414634,12.6,1426.1,-2.0,334.6,45.0,51.0,33.0,38.0,25.0,44.0
2022-11-10 07:00:00,0,7.4,343.6,1.6,15.0,0.3102439024390244,13.6,1544.7,-2.1,342.0,47.0,53.0,34.0,40.0,26.0,44.0
2022-11-10 07:10:00,0,8.2,352.5,10.5,15.0,0.4240487804878048,14.2,1603.1,-2.2,342.0,48.0,55.0,34.0,41.0,26.0,44.0
2022-11-10 07:20:00,0,8.7,350.6,8.6,15.0,0.4679024390243902,14.6,1649.6,-2.2,342.0,49.0,57.0,35.0,42.0,26.0,44.0
2022-11-10 07:30:00,0,8.0,348.7,6.7,15.0,0.3594634146341463,14.3,1623.3,-2.2,342.0,50.0,57.0,35.0,44.0,26.0,44.0
2022-11-10 07:40:00,0,7.3,341.6,-0.4,15.0,0.2660487804878049,13.6,1542.6,-2.1,342.0,50.0,56.0,35.0,44.0,26.0,44.0
2022-11-10 07:50:00,0,6.8,340.5,-1.4,14.0,0.2244390243902439,12.9,1464.2,-2.0,342.0,49.0,55.0,35.0,44.0,26.0,44.0
2022-11-10 08:00:00,0,5.8,347.7,5.8,14.0,0.1421463414634146,11.6,1311.9,-1.8,342.0,49.0,53.0,35.0,44.0,26.0,44.0
2022-11-10 08:10:00,0,6.0,332.4,-9.5,14.0,0.1625365853658536,12.0,1361.1,-1.7000000000000002,342.0,48.0,52.0,35.0,43.0,26.0,44.0
2022-11-10 08:20:00,0,6.0,344.2,-4.4,14.0,0.143170731707317,11.9,1346.9,-1.8,348.6,48.0,52.0,35.0,42.0,26.0,44.0
2022-11-10 08:30:00,0,5.4,333.2,-15.4,14.0,0.0947317073170731,11.4,1290.1,-1.4,348.6,48.0,51.0,35.0,42.0,26.0,44.0
2022-11-10 08:40:00,0,4.8,353.5,4.9,14.0,0.052390243902439,11.1,1256.4,-0.9,348.6,46.0,49.0,34.0,41.0,26.0,44.0
2022-11-10 08:50:00,0,4.3,342.7,-5.8,14.0,0.0291219512195121,11.0,1250.4,-0.5,348.6,46.0,48.0,34.0,40.0,26.0,44.0
2022-11-10 09:00:00,0,3.5,347.7,-0.9,14.0,-0.0049756097560975,5.0,570.2,39.5,348.6,45.0,46.0,34.0,40.0,26.0,44.0
2022-11-10 09:10:00,0,3.8,336.9,-10.0,14.0,0.0007317073170731,6.1,696.9,13.2,346.9,44.0,44.0,32.0,39.0,26.0,43.0
2022-11-10 09:20:00,0,4.2,352.9,3.3,14.0,0.0282926829268292,11.1,1253.3,-0.3,349.6,44.0,44.0,32.0,38.0,25.0,43.0
2022-11-10 09:30:00,0,5.5,318.6,-17.8,14.0,0.128390243902439,11.6,1311.2,-1.4,336.3,44.0,47.0,32.0,38.0,25.0,43.0
2022-11-10 09:40:00,0,4.3,357.5,21.5,14.0,0.0482926829268292,11.1,1259.8,-0.4,336.0,44.0,47.0,32.0,37.0,25.0,43.0
2022-11-10 09:50:00,0,3.1,25.2,60.1,14.0,-0.0076585365853658,3.8,433.8,20.5,325.1,43.0,44.0,32.0,37.0,25.0,43.0
2022-11-10 10:00:00,0,4.2,340.1,19.9,15.0,0.0393170731707317,11.1,1252.1,-0.4,320.2,43.0,44.0,31.0,37.0,25.0,43.0
2022-11-10 10:10:00,0,3.7,310.3,-24.3,15.0,0.0193170731707317,11.0,1250.2,0.4,334.6,43.0,44.0,31.0,36.0,25.0,43.0
2022-11-10 10:20:00,0,4.1,332.2,-3.4,15.0,0.0354634146341463,11.1,1253.9,-0.2,335.6,43.0,45.0,32.0,36.0,25.0,43.0
2022-11-10 10:30:00,0,4.1,313.7,-6.9,15.0,0.0366829268292683,11.1,1252.5,-0.2,320.6,42.0,45.0,32.0,36.0,25.0,43.0
2022-11-10 10:40:00,0,4.1,340.4,13.5,15.0,0.0449268292682926,11.1,1252.4,-0.3,326.9,42.0,45.0,32.0,36.0,25.0,43.0
2022-11-10 10:50:00,0,4.1,334.8,7.9,15.0,0.0491219512195122,11.1,1253.2,-0.1,326.9,43.0,46.0,32.0,36.0,25.0,43.0
2022-11-10 11:00:00,0,3.9,326.2,-5.9,16.0,0.03,11.1,1251.9,0.0,332.1,42.0,45.0,32.0,36.0,25.0,43.0
2022-11-10 11:10:00,0,3.8,344.0,20.3,16.0,0.0217073170731707,11.0,1250.9,0.1,323.7,42.0,45.0,32.0,36.0,26.0,43.0
2022-11-10 11:20:00,0,3.7,315.8,0.8,16.0,0.0215609756097561,11.0,1247.2,0.1,315.0,42.0,44.0,32.0,36.0,26.0,43.0
2022-11-10 11:30:00,0,4.1,318.0,-17.3,16.0,0.0266829268292682,11.0,1250.4,-0.3,335.2,41.0,45.0,32.0,36.0,26.0,43.0
2022-11-10 11:40:00,0,3.9,273.1,-42.9,16.0,0.0358048780487804,11.1,1252.0,-0.1,316.0,42.0,45.0,32.0,36.0,26.0,43.0
2022-11-10 11:50:00,0,4.2,344.4,20.3,16.0,0.0366829268292683,11.1,1252.9,-0.3,324.1,42.0,45.0,33.0,36.0,26.0,43.0
2022-11-10 12:00:00,0,4.2,355.7,21.5,17.0,0.0454146341463414,11.1,1256.9,-0.4,334.2,42.0,45.0,33.0,37.0,26.0,43.0
2022-11-10 12:10:00,0,4.2,315.0,-3.7,17.0,0.0394146341463414,11.1,1252.8,-0.2,318.8,42.0,45.0,33.0,37.0,26.0,43.0
2022-11-10 12:20:00,0,4.5,323.3,5.2,17.0,0.0565365853658536,11.1,1260.0,-0.6000000000000001,318.1,42.0,45.0,33.0,37.0,26.0,43.0
2022-11-10 12:30:00,0,5.2,314.7,-3.4,17.0,0.0945853658536585,11.4,1286.2,-1.2,318.1,42.0,47.0,33.0,37.0,26.0,44.0
2022-11-10 12:40:00,0,5.5,326.6,7.4,17.0,0.1120487804878048,11.5,1296.5,-1.4,319.2,43.0,48.0,33.0,38.0,27.0,44.0
2022-11-10 12:50:00,0,5.1,347.2,28.0,17.0,0.0964390243902438,11.4,1286.8,-1.1,319.2,43.0,48.0,33.0,38.0,27.0,44.0
2022-11-10 13:00:00,0,5.0,310.8,-16.7,17.0,0.0999512195121951,11.5,1297.8,-1.0,327.5,43.0,48.0,34.0,38.0,27.0,44.0
2022-11-10 13:10:00,0,5.2,319.0,-2.7,17.0,0.1089756097560975,11.3,1283.0,-1.2,321.6,43.0,48.0,34.0,38.0,27.0,44.0
2022-11-10 13:20:00,0,5.2,349.6,18.2,17.0,0.1010243902439024,11.5,1299.7,-1.2,331.4,44.0,49.0,34.0,39.0,27.0,44.0
2022-11-10 13:30:00,0,6.1,311.2,-12.5,17.0,0.1620487804878048,12.1,1372.0,-1.8,323.7,44.0,50.0,34.0,39.0,27.0,44.0
2022-11-10 13:40:00,0,6.1,336.2,16.3,17.0,0.1849268292682926,12.1,1372.1,-1.7000000000000002,319.9,45.0,51.0,34.0,39.0,27.0,44.0
2022-11-10 13:50:00,0,5.9,328.4,-6.9,17.0,0.1562926829268292,11.9,1347.7,-1.6,335.2,45.0,51.0,35.0,40.0,27.0,44.0
2022-11-10 14:00:00,0,5.7,322.5,3.9,17.0,0.157170731707317,11.8,1337.5,-1.5,318.5,45.0,51.0,35.0,40.0,27.0,44.0
2022-11-10 14:10:00,0,6.8,334.0,-7.2,17.0,0.2348292682926829,13.0,1476.3,-1.9,341.2,46.0,52.0,35.0,40.0,27.0,44.0
2022-11-10 14:20:00,0,5.7,318.0,-12.4,18.0,0.1303414634146341,11.9,1349.9,-1.4,330.4,47.0,53.0,35.0,41.0,27.0,44.0
2022-11-10 14:30:00,0,5.9,308.9,-20.1,18.0,0.1680975609756097,11.9,1348.8,-1.7000000000000002,329.0,46.0,51.0,35.0,41.0,28.0,44.0
2022-11-10 14:40:00,0,6.3,14.5,35.8,18.0,0.1855121951219512,12.4,1403.2,-1.8,338.7,47.0,52.0,35.0,41.0,28.0,44.0
2022-11-10 14:50:00,0,5.7,303.3,-10.3,18.0,0.1602926829268292,11.9,1344.8,-1.4,313.6,47.0,52.0,35.0,42.0,28.0,44.0
2022-11-10 15:00:00,0,6.4,313.5,-2.8,18.0,0.2278536585365853,12.4,1408.6,-1.9,316.4,48.0,53.0,35.0,42.0,28.0,45.0
2022-11-10 15:10:00,0,6.9,314.7,-8.7,18.0,0.2508292682926829,13.0,1472.3,-2.0,323.4,48.0,54.0,36.0,42.0,28.0,45.0
2022-11-10 15:20:00,0,5.7,312.7,-11.0,18.0,0.1542439024390244,11.7,1329.7,-1.5,323.7,48.0,53.0,36.0,42.0,28.0,45.0
2022-11-10 15:30:00,0,5.6,326.2,-19.2,18.0,0.1236097560975609,11.6,1314.0,-1.5,345.4,47.0,52.0,36.0,42.0,28.0,45.0
2022-11-10 15:40:00,0,5.4,306.4,-19.4,18.0,0.1181463414634146,11.5,1298.4,-1.4,325.8,47.0,51.0,36.0,42.0,29.0,45.0
2022-11-10 15:50:00,0,5.6,353.9,21.0,18.0,0.1342439024390244,11.5,1306.8,-1.5,332.8,47.0,51.0,36.0,42.0,29.0,45.0
2022-11-10 16:00:00,0,4.9,333.3,-0.6000000000000001,18.0,0.0877560975609756,11.3,1279.2,-1.0,333.9,47.0,51.0,36.0,42.0,29.0,45.0
2022-11-10 16:10:00,0,5.2,343.8,11.2,18.0,0.1044390243902439,11.3,1282.7,-1.3,332.5,46.0,50.0,36.0,42.0,28.0,45.0
2022-11-10 16:20:00,0,5.3,353.5,4.9,18.0,0.1004878048780487,11.7,1325.2,-1.2,348.5,47.0,50.0,36.0,41.0,28.0,45.0
2022-11-10 16:30:00,0,3.9,306.1,1.3,18.0,0.0313658536585365,9.8,1111.6,3.9,304.8,45.0,48.0,36.0,41.0,28.0,45.0
2022-11-10 16:40:00,0,4.4,292.6,-17.4,18.0,0.0568292682926829,11.2,1264.4,-0.5,310.1,45.0,48.0,35.0,41.0,28.0,45.0
2022-11-10 16:50:00,0,4.2,300.8,-25.7,18.0,0.0444390243902439,11.1,1257.0,-0.4,326.5,45.0,47.0,35.0,41.0,28.0,45.0
2022-11-10 17:00:00,0,4.2,265.9,-21.4,18.0,0.0481463414634146,11.1,1253.1,-0.4,287.3,45.0,47.0,35.0,40.0,28.0,45.0
2022-11-10 17:10:00,0,3.8,293.1,5.1,18.0,0.0298048780487804,11.0,1250.7,0.0,288.0,44.0,47.0,35.0,40.0,28.0,45.0
2022-11-10 17:20:00,0,4.5,287.8,-2.6,18.0,0.0664390243902438,11.2,1265.3,-0.6000000000000001,290.4,44.0,47.0,35.0,40.0,28.0,45.0
2022-11-10 17:30:00,0,5.0,285.8,-16.2,18.0,0.1048780487804878,11.3,1278.6,-1.1,302.0,44.0,49.0,35.0,40.0,28.0,45.0
2022-11-10 17:40:00,0,5.8,291.2,-2.4,18.0,0.1760975609756097,12.0,1357.0,-1.5,293.6,45.0,50.0,35.0,40.0,28.0,45.0
2022-11-10 17:50:00,0,5.3,295.0,-5.6,18.0,0.1176585365853658,11.3,1282.5,-1.3,300.6,45.0,51.0,35.0,40.0,28.0,45.0
2022-11-10 18:00:00,0,5.0,280.2,-20.3,17.0,0.086,11.2,1272.9,-1.1,300.6,45.0,49.0,35.0,40.0,28.0,45.0
2022-11-10 18:10:00,0,5.0,297.8,-2.8,17.0,0.0919024390243902,11.2,1270.8,-1.1,300.6,45.0,49.0,35.0,40.0,28.0,45.0
2022-11-10 18:20:00,0,4.4,287.6,-13.0,17.0,0.0661463414634146,11.1,1256.0,-0.6000000000000001,300.6,44.0,48.0,35.0,40.0,28.0,45.0
2022-11-10 18:30:00,0,4.7,295.1,-11.8,17.0,0.0704878048780487,11.2,1269.6,-0.8,306.9,44.0,48.0,35.0,39.0,27.0,45.0
2022-11-10 18:40:00,0,4.2,303.3,-3.5,16.0,0.0528292682926829,11.1,1252.0,-0.4,306.9,44.0,47.0,35.0,39.0,27.0,45.0
2022-11-10 18:50:00,0,4.0,327.3,27.4,16.0,0.0392195121951219,11.0,1250.4,-0.2,299.9,43.0,47.0,35.0,39.0,27.0,45.0
2022-11-10 19:00:00,0,3.8,303.1,3.2,16.0,0.0197073170731707,11.0,1249.5,0.1,299.9,43.0,45.0,34.0,39.0,27.0,45.0
2022-11-10 19:10:00,0,4.2,270.3,-29.5,16.0,0.0354634146341463,11.1,1252.7,-0.4,299.9,42.0,45.0,34.0,39.0,27.0,45.0
2022-11-10 19:20:00,0,4.3,274.8,-25.0,16.0,0.0445365853658536,11.1,1252.1,-0.5,299.9,43.0,46.0,34.0,38.0,27.0,45.0
2022-11-10 19:30:00,0,4.2,308.0,14.0,16.0,0.0415121951219512,11.1,1252.0,-0.4,293.9,42.0,46.0,34.0,38.0,27.0,45.0
2022-11-10 19:40:00,0,4.1,302.1,8.1,16.0,0.0364878048780487,11.1,1252.0,-0.3,293.9,42.0,46.0,34.0,38.0,27.0,45.0
2022-11-10 19:50:00,0,3.4,271.2,-29.3,16.0,0.0108780487804878,11.0,1248.8,0.4,300.6,42.0,44.0,34.0,38.0,26.0,45.0
2022-11-10 20:00:00,0,3.8,307.0,6.4,16.0,0.0286341463414634,11.0,1250.5,0.1,300.6,41.0,44.0,34.0,38.0,26.0,45.0
2022-11-10 20:10:00,0,3.8,318.2,9.9,16.0,0.0281463414634146,11.0,1249.0,0.1,308.3,41.0,45.0,34.0,38.0,26.0,45.0
2022-11-10 20:20:00,0,3.5,310.0,1.7000000000000002,16.0,0.0148780487804878,10.6,1202.9,2.4,308.3,41.0,44.0,34.0,38.0,26.0,45.0
2022-11-10 20:30:00,0,3.5,296.5,-11.8,16.0,0.0049756097560975,10.3,1167.9,1.8,308.3,41.0,44.0,34.0,38.0,26.0,45.0
2022-11-10 20:40:00,0,2.8,316.0,5.6,16.0,-0.0070731707317073,3.1,348.8,22.2,310.4,41.0,43.0,33.0,37.0,26.0,44.0
2022-11-10 20:50:00,0,3.2,316.6,8.6,16.0,-0.002780487804878,5.1,579.9,16.0,308.0,41.0,42.0,32.0,37.0,26.0,44.0
2022-11-10 21:00:00,0,2.9,315.2,-0.8,16.0,-0.0008780487804878,7.1,795.5,12.1,316.0,41.0,43.0,32.0,36.0,27.0,44.0
2022-11-10 21:10:00,0,2.7,315.4,-0.6000000000000001,15.0,-0.0045365853658536,2.1,240.0,24.0,316.0,41.0,42.0,31.0,36.0,27.0,45.0
2022-11-10 21:20:00,0,2.6,312.6,-3.4,15.0,-0.0045365853658536,2.0,229.5,24.0,316.0,40.0,41.0,31.0,35.0,27.0,45.0
2022-11-10 21:30:00,0,2.6,318.0,2.0,15.0,-0.0044390243902439,2.1,237.4,24.0,316.0,40.0,40.0,30.0,34.0,27.0,45.0
2022-11-10 21:40:00,0,2.7,334.1,18.1,15.0,-0.004390243902439,2.2,244.7,24.0,316.0,39.0,39.0,29.0,33.0,27.0,45.0
2022-11-10 21:50:00,0,2.9,337.7,21.7,16.0,-0.0044390243902439,2.2,247.5,24.0,316.0,39.0,39.0,29.0,32.0,27.0,46.0
2022-11-10 22:00:00,0,3.1,331.2,-1.3,16.0,-0.0042926829268292,2.3,258.1,24.0,332.5,39.0,39.0,28.0,31.0,27.0,46.0
2022-11-10 22:10:00,0,2.9,333.0,0.5,16.0,-0.0037560975609756,2.2,248.0,24.0,332.5,39.0,38.0,27.0,30.0,26.0,46.0
2022-11-10 22:20:00,0,3.2,325.8,-6.6,16.0,-0.0030731707317073,2.4,268.2,24.0,332.5,39.0,38.0,27.0,30.0,27.0,46.0
2022-11-10 22:30:00,0,3.3,309.8,-22.7,16.0,-0.0031219512195121,2.5,282.5,24.0,332.5,39.0,38.0,27.0,29.0,27.0,46.0
2022-11-10 22:40:00,0,3.3,316.9,-8.9,16.0,-0.0030243902439024,2.5,285.2,24.0,325.8,39.0,38.0,27.0,29.0,27.0,46.0
2022-11-10 22:50:00,0,3.4,322.9,-2.9,16.0,-0.0030731707317073,2.7,304.2,24.0,325.8,38.0,38.0,27.0,29.0,27.0,47.0
2022-11-10 23:00:00,0,2.9,317.3,-8.5,16.0,-0.0031219512195121,2.2,252.3,24.0,325.8,38.0,38.0,27.0,29.0,26.0,47.0
2022-11-10 23:10:00,0,2.4,303.6,-22.2,16.0,-0.0030243902439024,2.0,222.7,24.0,325.8,38.0,38.0,27.0,28.0,26.0,47.0
2022-11-10 23:20:00,0,2.4,334.0,8.1,16.0,-0.0030731707317073,1.9,220.5,24.0,325.8,38.0,38.0,27.0,28.0,26.0,47.0
2022-11-10 23:30:00,0,2.8,335.6,9.7,16.0,-0.0032682926829268,2.0,228.4,24.0,325.8,38.0,37.0,27.0,28.0,26.0,47.0
2022-11-10 23:40:00,0,3.1,346.0,0.3,16.0,-0.0031219512195121,2.2,251.5,24.0,345.8,38.0,37.0,27.0,28.0,26.0,47.0
2022-11-10 23:50:00,0,3.6,337.0,-2.1,16.0,0.0026341463414634,4.8,547.9,16.9,339.1,38.0,38.0,26.0,28.0,26.0,48.0
2022-11-11 00:00:00,0,3.4,343.0,3.9,15.0,0.0090731707317073,9.2,1039.9,5.5,339.2,39.0,42.0,27.0,28.0,26.0,47.0
2022-11-11 00:10:00,0,2.1,358.8,11.9,15.0,-0.0030731707317073,0.8,172.4,24.0,346.9,39.0,42.0,28.0,28.0,26.0,47.0
2022-11-11 00:20:00,0,1.8,31.4,44.6,14.0,-0.0030731707317073,0.0,133.3,24.0,346.9,39.0,40.0,28.0,28.0,26.0,47.0
2022-11-11 00:30:00,0,1.5,26.8,40.0,14.0,-0.0029756097560975,0.0,95.5,24.0,346.9,38.0,39.0,28.0,28.0,26.0,47.0
2022-11-11 00:40:00,0,1.8,342.7,-4.1,14.0,-0.0031219512195121,0.4,149.7,24.0,346.9,37.0,38.0,27.0,28.0,26.0,48.0
2022-11-11 00:50:00,0,1.9,5.3,18.4,14.0,-0.0030731707317073,1.0,175.1,24.0,346.9,37.0,37.0,27.0,28.0,26.0,48.0
2022-11-11 01:00:00,0,2.1,6.6,19.8,14.0,-0.0031219512195121,1.2,194.8,24.0,346.9,37.0,37.0,27.0,28.0,25.0,48.0
2022-11-11 01:10:00,0,2.8,333.0,-13.8,14.0,-0.0030731707317073,2.4,271.1,24.0,346.9,37.0,37.0,27.0,27.0,25.0,48.0
2022-11-11 01:20:00,0,3.8,348.6,-4.9,15.0,0.0155121951219512,8.6,976.9,6.2,353.5,38.0,39.0,27.0,27.0,25.0,48.0
2022-11-11 01:30:00,0,3.9,3.8,7.1,15.0,0.0186829268292682,11.0,1250.1,-0.1,356.6,40.0,44.0,28.0,28.0,25.0,47.0
2022-11-11 01:40:00,0,3.7,9.8,20.1,15.0,0.0164390243902439,11.0,1249.3,0.2,349.6,40.0,46.0,30.0,29.0,26.0,47.0
2022-11-11 01:50:00,0,3.5,347.1,-2.5,15.0,0.007560975609756,11.0,1248.7,0.8,349.6,40.0,46.0,31.0,30.0,26.0,47.0
2022-11-11 02:00:00,0,2.8,331.2,-18.5,14.0,-0.0032195121951219,2.2,242.1,24.3,349.6,40.0,44.0,32.0,32.0,27.0,47.0
2022-11-11 02:10:00,0,2.3,338.7,-11.0,13.0,-0.0030243902439024,1.7000000000000002,194.0,24.0,349.6,39.0,42.0,32.0,32.0,27.0,47.0
2022-11-11 02:20:00,0,2.6,351.8,2.1,14.0,-0.0031219512195121,1.9,213.3,24.0,349.7,39.0,40.0,33.0,32.0,27.0,47.0
2022-11-11 02:30:00,0,2.7,335.1,-23.6,13.0,-0.0031219512195121,2.0,226.8,24.0,358.7,38.0,39.0,32.0,32.0,26.0,47.0
2022-11-11 02:40:00,0,3.0,338.2,-11.1,13.0,-0.0031219512195121,2.4,267.2,24.0,349.3,38.0,39.0,32.0,32.0,26.0,47.0
2022-11-11 02:50:00,0,3.0,348.9,-8.8,13.0,-0.0030731707317073,2.2,246.5,24.0,357.7,38.0,38.0,32.0,32.0,26.0,48.0
2022-11-11 03:00:00,0,2.7,344.1,-6.6,13.0,-0.0033658536585365,2.0,229.1,24.0,350.7,38.0,38.0,32.0,32.0,26.0,48.0
2022-11-11 03:10:00,0,2.5,5.0,21.9,13.0,-0.0033658536585365,1.9,213.7,24.0,343.0,38.0,38.0,32.0,32.0,25.0,48.0
2022-11-11 03:20:00,0,3.0,348.7,5.7,12.0,-0.0032682926829268,2.3,263.3,24.0,343.0,38.0,37.0,32.0,31.0,25.0,48.0
2022-11-11 03:30:00,0,2.8,354.8,3.4,12.0,-0.0032195121951219,2.1,232.2,24.0,351.4,38.0,37.0,32.0,31.0,25.0,48.0
2022-11-11 03:40:00,0,2.6,21.5,30.1,13.0,-0.0031219512195121,1.9,220.9,24.0,351.4,37.0,37.0,31.0,31.0,25.0,48.0
2022-11-11 03:50:00,0,2.9,0.6000000000000001,9.1,13.0,-0.003170731707317,2.3,255.7,24.0,351.4,37.0,37.0,31.0,31.0,24.0,48.0
2022-11-11 04:00:00,0,2.6,24.1,32.7,12.0,-0.003170731707317,2.1,232.3,24.0,351.4,37.0,37.0,31.0,30.0,24.0,48.0
2022-11-11 04:10:00,0,2.4,356.2,4.8,13.0,-0.0030243902439024,1.9,217.1,24.0,351.4,37.0,36.0,31.0,30.0,24.0,48.0
2022-11-11 04:20:00,0,2.7,346.2,-5.2,12.0,-0.003170731707317,1.9,209.9,24.0,351.4,37.0,36.0,30.0,30.0,24.0,48.0
2022-11-11 04:30:00,0,2.3,336.6,-14.8,12.0,-0.0030731707317073,1.7000000000000002,191.1,24.0,351.4,37.0,36.0,30.0,30.0,24.0,48.0
2022-11-11 04:40:00,0,2.4,16.1,24.7,13.0,-0.0030731707317073,1.8,208.4,24.0,351.4,36.0,36.0,30.0,30.0,23.0,48.0
2022-11-11 04:50:00,0,2.3,344.8,-6.6,12.0,-0.0030731707317073,1.7000000000000002,198.1,24.0,351.4,36.0,35.0,30.0,29.0,23.0,48.0
2022-11-11 05:00:00,0,2.5,349.0,-2.4,12.0,-0.0030243902439024,2.1,237.2,24.0,351.4,36.0,35.0,29.0,29.0,23.0,48.0
2022-11-11 05:10:00,0,3.3,10.4,19.0,12.0,-0.0030243902439024,2.4,269.4,24.0,351.4,36.0,35.0,29.0,29.0,23.0,48.0
2022-11-11 05:20:00,0,3.4,351.7,0.3,12.0,-0.003170731707317,2.4,277.6,24.0,351.4,36.0,36.0,29.0,29.0,23.0,48.0
2022-11-11 05:30:00,0,3.7,352.0,0.6000000000000001,12.0,-0.001170731707317,6.0,685.2,14.2,351.4,36.0,36.0,29.0,28.0,23.0,47.0
2022-11-11 05:40:00,0,3.4,44.2,52.8,12.0,-0.0032195121951219,3.3,369.2,22.9,351.4,37.0,39.0,29.0,29.0,23.0,47.0
2022-11-11 05:50:00,0,3.2,18.0,26.6,12.0,-0.0030243902439024,2.4,267.6,24.0,351.4,36.0,37.0,29.0,29.0,23.0,46.0
2022-11-11 06:00:00,0,2.9,276.7,-74.7,12.0,-0.0031219512195121,2.3,262.0,24.0,351.4,36.0,37.0,29.0,29.0,23.0,47.0
2022-11-11 06:10:00,0,3.2,318.7,-34.1,12.0,-0.0030731707317073,2.3,260.6,24.0,352.8,36.0,36.0,29.0,28.0,23.0,47.0
2022-11-11 06:20:00,0,3.6,6.3,21.2,12.0,0.0008292682926829,7.7,871.0,9.0,345.1,36.0,38.0,29.0,28.0,23.0,46.0
2022-11-11 06:30:00,0,3.9,356.2,3.0,13.0,0.0152195121951219,11.0,1251.0,0.0,353.1,38.0,42.0,29.0,29.0,23.0,45.0
2022-11-11 06:40:00,0,2.8,340.5,-3.9,12.0,-0.0032195121951219,3.5,393.5,21.0,344.4,38.0,42.0,30.0,29.0,23.0,45.0
2022-11-11 06:50:00,0,2.7,354.2,9.8,12.0,-0.0032195121951219,2.1,234.9,24.0,344.4,37.0,40.0,30.0,30.0,23.0,45.0
2022-11-11 07:00:00,0,3.0,19.0,11.4,12.0,-0.0030731707317073,2.4,275.1,24.0,7.5,36.0,38.0,30.0,30.0,23.0,45.0
2022-11-11 07:10:00,0,3.5,18.7,17.1,12.0,0.0009268292682926,5.9,671.2,14.0,1.6,36.0,38.0,30.0,29.0,23.0,45.0
2022-11-11 07:20:00,0,3.5,336.5,-17.0,13.0,0.0135121951219512,11.0,1249.4,0.3,353.5,38.0,42.0,30.0,30.0,24.0,45.0
2022-11-11 07:30:00,0,3.2,330.5,-6.5,12.0,0.0116585365853658,11.0,1248.9,0.6000000000000001,337.0,39.0,44.0,31.0,30.0,24.0,45.0
2022-11-11 07:40:00,0,3.8,352.0,23.3,13.0,0.0216097560975609,11.0,1249.0,0.1,328.6,40.0,46.0,32.0,31.0,23.0,45.0
2022-11-11 07:50:00,0,3.8,336.6,0.5,13.0,0.0178048780487804,11.0,1249.0,0.1,336.0,40.0,46.0,32.0,32.0,22.0,45.0
2022-11-11 08:00:00,0,3.5,354.3,10.2,13.0,0.0022926829268292,8.5,966.4,7.5,344.1,40.0,45.0,32.0,33.0,22.0,44.0
2022-11-11 08:10:00,0,2.7,324.9,-29.0,12.0,-0.0046341463414634,3.2,363.7,21.4,353.9,40.0,44.0,32.0,33.0,22.0,44.0
2022-11-11 08:20:00,0,2.4,359.0,-13.7,12.0,-0.0045365853658536,1.6,208.4,24.0,12.8,39.0,42.0,31.0,33.0,23.0,44.0
2022-11-11 08:30:00,0,1.4,54.0,31.0,11.0,-0.0041463414634146,0.0,63.8,24.0,23.0,38.0,40.0,29.0,32.0,23.0,44.0
2022-11-11 08:40:00,0,1.5,301.8,-81.1,11.0,-0.0045365853658536,0.0,83.7,24.0,23.0,38.0,39.0,28.0,32.0,22.0,44.0
2022-11-11 08:50:00,0,1.3,32.4,9.4,12.0,-0.0046829268292682,0.0,86.3,24.0,23.0,37.0,38.0,27.0,31.0,22.0,44.0
2022-11-11 09:00:00,0,2.0,353.8,-29.2,12.0,-0.0046829268292682,0.1,141.3,24.0,23.0,37.0,37.0,26.0,30.0,22.0,44.0
2022-11-11 09:10:00,0,2.1,22.3,-0.6000000000000001,12.0,-0.004,0.1,147.0,24.0,23.0,36.0,36.0,26.0,29.0,22.0,44.0
2022-11-11 09:20:00,0,2.0,352.3,-30.7,12.0,-0.0030731707317073,0.0,129.0,24.0,23.0,36.0,36.0,25.0,28.0,23.0,45.0
2022-11-11 09:30:00,0,2.8,340.9,-42.0,13.0,-0.0033170731707317,1.5,205.6,24.0,22.9,36.0,36.0,25.0,28.0,23.0,45.0
2022-11-11 09:40:00,0,3.1,327.7,-23.3,13.0,-0.003170731707317,2.4,271.0,24.0,351.0,37.0,36.0,25.0,27.0,24.0,45.0
2022-11-11 09:50:00,0,4.1,351.2,0.8,13.0,0.0168780487804878,9.4,1061.9,3.9,350.3,37.0,39.0,26.0,27.0,24.0,45.0
2022-11-11 10:00:00,0,3.8,2.5,12.1,14.0,0.0169268292682926,11.0,1249.6,0.2,350.3,39.0,43.0,27.0,28.0,24.0,45.0
2022-11-11 10:10:00,0,3.2,16.4,36.1,14.0,-0.0037560975609756,1.7000000000000002,202.2,44.6,340.2,39.0,43.0,28.0,29.0,24.0,44.0
2022-11-11 10:20:00,0,3.4,4.6,5.5,14.0,-0.0033170731707317,2.5,287.4,24.0,359.0,38.0,41.0,28.0,29.0,24.0,44.0
2022-11-11 10:30:00,0,2.5,17.6,26.1,14.0,-0.003170731707317,1.4,197.9,24.0,351.4,37.0,39.0,28.0,29.0,25.0,45.0
2022-11-11 10:40:00,0,1.9,21.6,26.3,14.0,-0.0030731707317073,0.2,129.9,24.0,355.3,37.0,38.0,28.0,29.0,25.0,45.0
2022-11-11 10:50:00,0,1.9,320.6,-34.7,15.0,-0.0030243902439024,0.0,104.3,24.0,355.3,37.0,37.0,28.0,29.0,25.0,45.0
2022-11-11 11:00:00,0,1.3,342.5,-12.8,16.0,-0.0028292682926829,0.0,50.1,24.0,355.3,36.0,37.0,28.0,29.0,25.0,46.0
2022-11-11 11:10:00,0,2.3,321.5,-33.7,16.0,-0.0031219512195121,1.1,177.5,24.0,355.3,36.0,36.0,28.0,29.0,25.0,46.0
2022-11-11 11:20:00,0,2.4,349.5,-5.7,16.0,-0.0031219512195121,0.9,172.5,24.0,355.3,36.0,36.0,28.0,29.0,25.0,46.0
2022-11-11 11:30:00,0,3.0,315.7,-39.6,16.0,0.0058536585365853,2.8,386.2,18.7,355.2,36.0,36.0,28.0,28.0,25.0,46.0
2022-11-11 11:40:00,0,3.2,347.2,0.0,17.0,0.002390243902439,9.1,1031.9,5.7,347.2,38.0,40.0,28.0,29.0,25.0,46.0
2022-11-11 11:50:00,0,3.2,11.3,12.9,17.0,-0.0034634146341463,3.8,422.5,20.8,358.4,38.0,41.0,29.0,30.0,26.0,45.0
2022-11-11 12:00:00,0,3.5,30.5,29.6,17.0,0.009560975609756,10.3,1175.1,1.6,0.9,38.0,42.0,30.0,31.0,26.0,45.0
2022-11-11 12:10:00,0,3.2,14.2,26.6,17.0,-0.0036585365853658,2.9,330.7,23.9,347.5,39.0,43.0,30.0,32.0,26.0,45.0
2022-11-11 12:20:00,0,3.3,307.9,-15.6,17.0,0.0053170731707317,8.1,922.7,8.0,323.4,39.0,43.0,31.0,32.0,26.0,45.0
2022-11-11 12:30:00,0,3.2,20.1,10.8,18.0,-0.0034634146341463,2.2,245.7,24.0,9.3,38.0,42.0,31.0,32.0,26.0,45.0
2022-11-11 12:40:00,0,4.7,316.9,-47.8,18.0,0.059560975609756,10.5,1192.8,0.7000000000000001,4.6,39.0,44.0,32.0,33.0,26.0,45.0
2022-11-11 12:50:00,0,4.9,316.0,-2.9,18.0,0.0965365853658536,11.2,1268.1,-1.0,318.8,41.0,48.0,33.0,34.0,27.0,45.0
2022-11-11 13:00:00,0,5.1,346.2,4.6,18.0,0.0984390243902439,11.4,1286.3,-1.1,341.6,42.0,49.0,34.0,35.0,27.0,45.0
2022-11-11 13:10:00,0,6.2,317.3,-13.1,17.0,0.190390243902439,12.2,1385.7,-1.8,330.4,43.0,50.0,34.0,36.0,26.0,45.0
2022-11-11 13:20:00,0,4.8,347.9,15.7,18.0,0.0937073170731707,11.3,1275.1,-0.9,332.1,43.0,49.0,34.0,37.0,27.0,45.0
2022-11-11 13:30:00,0,5.4,288.3,-50.1,18.0,0.1192682926829268,11.5,1298.8,-1.3,338.4,43.0,49.0,35.0,37.0,27.0,46.0
2022-11-11 13:40:00,0,5.6,343.5,5.0,18.0,0.1304390243902438,11.6,1313.0,-1.5,338.4,43.0,50.0,35.0,38.0,27.0,46.0
2022-11-11 13:50:00,0,4.8,333.2,-5.3,18.0,0.0797560975609756,11.2,1268.7,-0.9,338.4,43.0,49.0,35.0,39.0,28.0,46.0
2022-11-11 14:00:00,0,4.4,344.5,3.0,18.0,0.0493658536585365,11.1,1253.9,-0.6000000000000001,341.6,43.0,48.0,35.0,39.0,27.0,46.0
2022-11-11 14:10:00,0,4.1,341.3,21.1,18.0,0.0462439024390243,11.1,1253.0,-0.1,320.2,43.0,47.0,35.0,40.0,28.0,46.0
2022-11-11 14:20:00,0,4.0,327.9,4.2,18.0,0.0318048780487804,11.1,1252.8,0.0,323.7,42.0,47.0,36.0,40.0,28.0,46.0
2022-11-11 14:30:00,0,4.4,326.7,-11.0,18.0,0.0557073170731707,11.1,1257.7,-0.5,337.7,43.0,47.0,36.0,40.0,28.0,46.0
2022-11-11 14:40:00,0,4.1,327.4,-8.6,18.0,0.0440975609756097,11.1,1255.7,0.0,336.0,42.0,47.0,36.0,40.0,29.0,46.0
2022-11-11 14:50:00,0,4.1,329.0,-4.1,18.0,0.0400487804878048,11.1,1252.3,-0.3,333.2,42.0,47.0,36.0,40.0,29.0,46.0
2022-11-11 15:00:00,0,5.1,308.6,-24.5,18.0,0.1004878048780487,11.4,1296.6,-1.0,333.1,43.0,48.0,37.0,41.0,29.0,46.0
2022-11-11 15:10:00,0,5.7,313.5,6.6,18.0,0.1364878048780488,11.8,1336.5,-1.3,306.9,44.0,49.0,37.0,41.0,29.0,46.0
2022-11-11 15:20:00,0,5.7,324.9,-2.4,18.0,0.1506829268292683,11.9,1343.5,-1.5,327.2,45.0,51.0,37.0,43.0,29.0,46.0
2022-11-11 15:30:00,0,6.0,338.7,7.9,18.0,0.1638048780487805,12.1,1375.3,-1.7000000000000002,330.7,45.0,52.0,37.0,45.0,29.0,46.0
2022-11-11 15:40:00,0,5.6,331.8,3.8,18.0,0.1373170731707317,11.6,1316.3,-1.5,327.9,45.0,51.0,38.0,45.0,29.0,46.0
2022-11-11 15:50:00,0,5.5,338.0,2.3,18.0,0.1206829268292682,11.4,1290.0,-1.5,335.6,46.0,51.0,38.0,45.0,29.0,46.0
2022-11-11 16:00:00,0,5.7,324.3,-13.7,18.0,0.154,11.8,1331.5,-1.5,338.1,46.0,51.0,38.0,45.0,29.0,46.0
2022-11-11 16:10:00,0,5.8,337.2,5.7,18.0,0.1513170731707317,11.7,1323.7,-1.6,331.4,46.0,51.0,38.0,45.0,29.0,46.0
2022-11-11 16:20:00,0,6.1,353.3,13.8,18.0,0.1690243902439024,12.1,1373.7,-1.8,339.5,46.0,52.0,38.0,45.0,29.0,46.0
2022-11-11 16:30:00,0,5.1,335.3,-3.2,18.0,0.1124878048780487,11.3,1282.1,-1.1,338.5,46.0,51.0,38.0,45.0,29.0,46.0
2022-11-11 16:40:00,0,5.4,330.6,-18.0,18.0,0.1124878048780487,11.4,1292.9,-1.4,348.6,46.0,50.0,37.0,44.0,29.0,46.0
2022-11-11 16:50:00,0,6.3,336.3,-2.8,18.0,0.1913658536585366,12.3,1390.2,-1.9,339.1,47.0,52.0,37.0,44.0,29.0,46.0
2022-11-11 17:00:00,0,6.1,331.0,-8.1,18.0,0.1798536585365853,12.0,1356.6,-1.8,339.1,47.0,52.0,37.0,44.0,29.0,46.0
2022-11-11 17:10:00,0,4.8,338.3,6.2,18.0,0.0942926829268292,11.3,1276.3,-0.9,332.1,47.0,51.0,37.0,44.0,29.0,46.0
2022-11-11 17:20:00,0,4.2,333.9,-1.4,18.0,0.0533658536585365,11.1,1260.8,-0.3,335.3,46.0,49.0,37.0,43.0,29.0,46.0
2022-11-11 17:30:00,0,4.2,346.1,-4.2,18.0,0.0557073170731707,11.1,1254.7,-0.3,350.3,45.0,49.0,36.0,43.0,29.0,46.0
2022-11-11 17:40:00,0,4.6,349.8,7.2,18.0,0.0642439024390243,11.2,1268.9,-0.7000000000000001,342.7,45.0,49.0,36.0,42.0,29.0,46.0
2022-11-11 17:50:00,0,4.0,1.1,16.6,18.0,0.0357560975609756,11.0,1251.6,0.0,344.4,44.0,48.0,36.0,42.0,28.0,46.0
2022-11-11 18:00:00,0,4.2,43.1,52.4,18.0,0.0355121951219512,11.1,1252.4,-0.4,350.7,44.0,47.0,36.0,41.0,28.0,46.0
2022-11-11 18:10:00,0,3.9,328.3,-14.7,17.0,0.0267317073170731,11.0,1250.0,-0.1,343.0,44.0,47.0,36.0,41.0,28.0,46.0
2022-11-11 18:20:00,0,4.1,336.2,2.7,17.0,0.0346829268292682,11.0,1249.9,-0.3,333.5,43.0,47.0,36.0,41.0,28.0,46.0
2022-11-11 18:30:00,0,3.8,324.9,-8.9,17.0,0.0245365853658536,11.0,1249.4,0.0,333.9,43.0,46.0,35.0,41.0,28.0,46.0
2022-11-11 18:40:00,0,4.3,328.6,2.4,17.0,0.0497560975609756,11.1,1251.6,-0.5,326.2,43.0,46.0,35.0,40.0,27.0,46.0
2022-11-11 18:50:00,0,4.8,329.6,-10.9,17.0,0.0706341463414634,11.1,1258.7,-1.0,340.6,43.0,47.0,35.0,40.0,27.0,46.0
2022-11-11 19:00:00,0,4.6,332.2,-8.3,16.0,0.0449756097560975,11.1,1252.8,-0.8,340.6,43.0,47.0,35.0,40.0,27.0,46.0
2022-11-11 19:10:00,0,3.2,328.3,-12.2,16.0,-0.0069756097560975,4.6,519.6,18.8,340.5,42.0,44.0,35.0,40.0,27.0,46.0
2022-11-11 19:20:00,0,3.3,330.2,-3.7,16.0,-0.006780487804878,2.6,290.8,24.0,333.9,42.0,42.0,34.0,40.0,27.0,45.0
2022-11-11 19:30:00,0,3.4,339.5,5.6,16.0,-0.004780487804878,3.2,367.1,21.5,333.9,41.0,41.0,32.0,39.0,26.0,46.0
2022-11-11 19:40:00,0,4.0,346.7,5.8,17.0,0.0226341463414634,11.0,1248.5,-0.3,340.9,42.0,44.0,32.0,37.0,27.0,45.0
2022-11-11 19:50:00,0,4.2,357.8,16.9,16.0,0.0232682926829268,11.0,1249.1,-0.4,340.9,42.0,45.0,33.0,37.0,27.0,45.0
2022-11-11 20:00:00,0,4.0,330.2,-10.7,16.0,0.0186341463414634,11.0,1248.8,-0.2,340.9,42.0,46.0,33.0,37.0,27.0,45.0
2022-11-11 20:10:00,0,3.3,354.3,13.4,16.0,0.0010731707317073,8.7,977.5,7.8,340.9,42.0,45.0,34.0,37.0,28.0,45.0
2022-11-11 20:20:00,0,3.4,330.6,-10.2,16.0,-0.0045853658536585,2.6,294.3,24.0,340.9,41.0,43.0,34.0,37.0,28.0,45.0
2022-11-11 20:30:00,0,3.7,334.7,1.5,16.0,0.014,9.4,1070.6,4.1,333.2,41.0,44.0,33.0,36.0,27.0,45.0
2022-11-11 20:40:00,0,4.4,320.9,-4.9,16.0,0.0500487804878048,11.0,1251.1,-0.5,325.8,42.0,46.0,33.0,36.0,27.0,45.0
2022-11-11 20:50:00,0,4.5,323.7,-8.4,16.0,0.0559512195121951,11.1,1253.9,-0.6000000000000001,332.1,42.0,47.0,33.0,36.0,27.0,45.0
2022-11-11 21:00:00,0,4.3,321.5,-2.5,15.0,0.0438048780487804,11.0,1250.2,-0.5,324.1,42.0,47.0,34.0,36.0,27.0,45.0
2022-11-11 21:10:00,0,4.5,333.6,9.5,15.0,0.0556585365853658,11.1,1255.4,-0.7000000000000001,324.1,42.0,47.0,34.0,37.0,27.0,45.0
2022-11-11 21:20:00,0,4.5,329.0,4.9,15.0,0.0610731707317073,11.1,1258.9,-0.6000000000000001,324.1,43.0,47.0,34.0,37.0,27.0,45.0
2022-11-11 21:30:00,0,4.7,312.0,-12.1,15.0,0.0749268292682926,11.1,1262.2,-0.8,324.1,43.0,48.0,34.0,37.0,27.0,45.0
2022-11-11 21:40:00,0,4.9,315.0,-9.0,15.0,0.0832195121951219,11.1,1262.2,-1.0,324.1,43.0,48.0,35.0,38.0,27.0,45.0
2022-11-11 21:50:00,0,4.4,313.8,-10.2,15.0,0.0619512195121951,11.1,1254.8,-0.6000000000000001,324.1,43.0,47.0,35.0,38.0,27.0,45.0
2022-11-11 22:00:00,0,3.1,301.5,-22.6,15.0,0.0131219512195121,10.9,1236.8,1.5,324.1,42.0,46.0,35.0,38.0,27.0,45.0
2022-11-11 22:10:00,0,3.5,311.9,-6.9,15.0,0.0128292682926829,8.1,916.6,8.1,318.8,42.0,44.0,35.0,38.0,28.0,45.0
2022-11-11 22:20:00,0,3.3,321.8,3.0,15.0,0.0117073170731707,11.0,1249.0,0.5,318.8,42.0,45.0,35.0,38.0,27.0,45.0
2022-11-11 22:30:00,0,2.8,304.7,-13.3,15.0,-0.0048292682926829,4.1,465.7,20.3,318.1,42.0,44.0,35.0,38.0,27.0,45.0
2022-11-11 22:40:00,0,2.7,340.9,16.2,15.0,-0.0044878048780487,2.2,244.5,24.0,324.8,41.0,42.0,34.0,38.0,28.0,45.0
2022-11-11 22:50:00,0,2.9,310.5,-14.3,15.0,-0.0045853658536585,2.3,258.4,24.0,324.8,41.0,41.0,33.0,37.0,28.0,45.0
2022-11-11 23:00:00,0,2.7,329.1,11.7,15.0,-0.0045365853658536,2.2,246.8,24.0,317.4,40.0,40.0,32.0,36.0,27.0,46.0
2022-11-11 23:10:00,0,2.9,309.9,-7.5,15.0,-0.0044390243902439,2.3,256.9,24.0,317.4,40.0,40.0,31.0,35.0,27.0,46.0
2022-11-11 23:20:00,0,2.9,326.2,7.0,15.0,-0.0043414634146341,2.4,269.5,24.0,319.2,40.0,39.0,30.0,34.0,27.0,46.0
2022-11-11 23:30:00,0,3.6,308.0,-11.1,15.0,0.0047317073170731,5.9,666.8,13.9,319.2,40.0,40.0,29.0,33.0,26.0,46.0
2022-11-11 23:40:00,0,3.6,298.0,-22.5,15.0,0.0093658536585365,11.0,1245.3,0.9,320.6,41.0,44.0,30.0,32.0,26.0,45.0
2022-11-11 23:50:00,0,4.5,59.7,99.1,16.0,0.0344878048780487,9.1,1028.5,5.0,320.6,41.0,45.0,30.0,32.0,26.0,45.0
2022-11-12 00:00:00,0,3.9,339.3,12.1,15.0,0.018,11.0,1249.5,0.1,327.2,42.0,46.0,30.0,32.0,26.0,45.0
2022-11-12 00:10:00,0,3.3,341.8,14.6,15.0,-0.0045853658536585,3.4,383.8,22.6,327.2,41.0,44.0,31.0,32.0,27.0,45.0
2022-11-12 00:20:00,0,3.5,322.9,-4.3,15.0,-0.0036585365853658,3.2,370.9,21.6,327.2,40.0,42.0,30.0,32.0,27.0,45.0
2022-11-12 00:30:00,0,4.1,340.4,13.1,15.0,0.0262439024390243,11.0,1248.6,-0.3,327.2,41.0,44.0,30.0,32.0,26.0,45.0
2022-11-12 00:40:00,0,4.4,359.0,24.8,15.0,0.0296585365853658,11.0,1249.7,-0.5,334.9,42.0,46.0,30.0,32.0,26.0,45.0
2022-11-12 00:50:00,0,4.4,338.9,4.0,15.0,0.0228292682926829,11.0,1249.3,-0.6000000000000001,334.9,42.0,46.0,31.0,32.0,26.0,45.0
2022-11-12 01:00:00,0,3.9,334.3,-0.7000000000000001,15.0,0.0094634146341463,10.4,1177.9,2.4,334.9,42.0,46.0,31.0,33.0,26.0,45.0
2022-11-12 01:10:00,0,2.9,352.6,17.7,15.0,-0.0045365853658536,2.3,256.7,24.0,335.0,41.0,44.0,31.0,33.0,27.0,45.0
2022-11-12 01:20:00,0,2.5,350.8,7.4,15.0,-0.0042439024390243,2.0,228.2,24.0,343.4,40.0,42.0,31.0,33.0,27.0,45.0
2022-11-12 01:30:00,0,2.9,314.7,-28.7,15.0,-0.004390243902439,2.3,263.7,24.0,343.4,40.0,41.0,30.0,33.0,27.0,45.0
2022-11-12 01:40:00,0,2.8,353.1,2.4,15.0,-0.0043414634146341,2.2,253.9,24.0,350.7,40.0,40.0,29.0,32.0,27.0,45.0
2022-11-12 01:50:00,0,2.9,12.0,21.3,15.0,-0.0042926829268292,2.4,270.5,24.0,350.7,40.0,39.0,28.0,31.0,26.0,45.0
2022-11-12 02:00:00,0,3.8,355.5,4.8,15.0,0.0154146341463414,10.6,1203.2,0.5,350.7,41.0,42.0,28.0,30.0,26.0,45.0
2022-11-12 02:10:00,0,3.1,350.5,-0.2,15.0,-0.0043414634146341,4.8,544.5,18.4,350.7,41.0,43.0,28.0,30.0,26.0,45.0
2022-11-12 02:20:00,0,3.0,353.3,2.6,15.0,-0.0042926829268292,2.4,273.3,24.0,350.7,40.0,42.0,28.0,30.0,26.0,45.0
2022-11-12 02:30:00,0,4.0,339.6,-11.1,15.0,0.0168780487804878,10.1,1143.8,1.7000000000000002,350.7,41.0,43.0,28.0,29.0,26.0,45.0
2022-11-12 02:40:00,0,3.5,328.2,-15.8,15.0,0.012780487804878,11.0,1248.9,0.3,344.1,41.0,45.0,28.0,29.0,26.0,45.0
2022-11-12 02:50:00,0,3.9,350.7,6.6,15.0,0.0267317073170731,11.0,1249.1,-0.1,344.1,41.0,46.0,29.0,30.0,26.0,45.0
2022-11-12 03:00:00,0,3.8,331.7,-12.3,15.0,0.0206341463414634,11.0,1248.8,0.1,344.1,41.0,46.0,30.0,30.0,26.0,45.0
2022-11-12 03:10:00,0,3.0,348.9,4.8,15.0,0.0032195121951219,9.7,1098.7,4.8,344.1,41.0,45.0,30.0,32.0,26.0,45.0
2022-11-12 03:20:00,0,2.5,301.2,-52.0,14.0,-0.0044390243902439,1.9,220.7,24.0,353.1,41.0,43.0,30.0,34.0,27.0,44.0
2022-11-12 03:30:00,0,2.4,342.2,-2.2,14.0,-0.0043414634146341,2.1,239.0,24.0,344.4,40.0,42.0,30.0,33.0,27.0,45.0
2022-11-12 03:40:00,0,2.3,345.1,-5.6,14.0,-0.0043414634146341,1.1,194.1,24.0,350.7,40.0,40.0,29.0,33.0,26.0,45.0
2022-11-12 03:50:00,0,2.6,326.0,-24.7,14.0,-0.0042926829268292,1.9,213.6,24.0,350.7,40.0,39.0,28.0,32.0,26.0,45.0
2022-11-12 04:00:00,0,2.7,339.9,-7.7,14.0,-0.0044390243902439,2.3,255.1,24.0,347.6,39.0,39.0,27.0,31.0,26.0,45.0
2022-11-12 04:10:00,0,3.7,349.9,7.2,14.0,-4.878048780487805e-05,5.3,606.8,15.4,342.7,39.0,39.0,27.0,30.0,26.0,45.0
2022-11-12 04:20:00,0,3.2,349.2,6.5,14.0,-0.0028292682926829,5.5,618.8,16.6,342.7,40.0,42.0,27.0,30.0,26.0,45.0
2022-11-12 04:30:00,0,3.4,348.1,-2.2,14.0,-0.0030731707317073,2.5,288.2,24.0,350.3,39.0,41.0,27.0,30.0,26.0,45.0
2022-11-12 04:40:00,0,3.3,9.5,19.1,14.0,-0.003170731707317,2.3,265.7,24.0,350.3,39.0,40.0,27.0,30.0,26.0,45.0
2022-11-12 04:50:00,0,2.9,344.3,-8.1,14.0,-0.0030731707317073,2.1,237.9,24.0,352.4,39.0,39.0,27.0,30.0,26.0,45.0
2022-11-12 05:00:00,0,3.2,338.7,-9.8,14.0,-0.0032195121951219,2.2,251.9,24.0,348.6,39.0,38.0,27.0,30.0,26.0,46.0
2022-11-12 05:10:00,0,2.5,0.2,-1.7000000000000002,13.0,-0.0030731707317073,1.1,179.3,24.0,1.9,39.0,38.0,27.0,29.0,26.0,46.0
2022-11-12 05:20:00,0,2.5,351.1,-10.8,14.0,-0.0030731707317073,1.0,171.5,24.0,1.9,38.0,37.0,27.0,29.0,26.0,46.0
2022-11-12 05:30:00,0,2.4,338.1,-23.8,13.0,-0.0030731707317073,0.8,170.4,24.0,1.9,38.0,37.0,27.0,29.0,25.0,46.0
2022-11-12 05:40:00,0,3.0,24.9,23.0,14.0,-0.003170731707317,2.1,242.9,24.0,1.9,38.0,37.0,26.0,28.0,25.0,46.0
2022-11-12 05:50:00,0,2.9,335.3,-10.1,14.0,-0.0031219512195121,2.1,238.1,24.0,345.5,38.0,37.0,26.0,28.0,25.0,46.0
2022-11-12 06:00:00,0,2.8,346.4,-8.1,13.0,-0.0030243902439024,1.9,212.6,24.0,354.6,38.0,37.0,26.0,28.0,25.0,46.0
2022-11-12 06:10:00,0,2.9,344.7,-9.8,13.0,-0.0034146341463414,2.0,229.2,24.0,354.5,37.0,36.0,26.0,28.0,25.0,46.0
2022-11-12 06:20:00,0,3.2,3.3,23.8,13.0,-0.0030731707317073,2.3,259.9,24.0,339.5,37.0,36.0,26.0,27.0,24.0,47.0
2022-11-12 06:30:00,0,3.4,327.4,-12.0,13.0,-0.0031219512195121,2.5,279.4,24.0,339.5,37.0,36.0,26.0,27.0,24.0,47.0
2022-11-12 06:40:00,0,3.3,338.9,-0.6000000000000001,13.0,-0.0031219512195121,2.4,272.5,24.0,339.5,37.0,36.0,26.0,27.0,24.0,47.0
2022-11-12 06:50:00,0,3.2,333.9,-5.6,12.0,-0.0031219512195121,2.4,272.0,24.0,339.5,37.0,36.0,26.0,27.0,24.0,47.0
2022-11-12 07:00:00,0,4.0,348.4,8.9,12.0,0.0095121951219512,10.7,1210.6,0.1,339.5,38.0,39.0,26.0,28.0,24.0,46.0
2022-11-12 07:10:00,0,3.2,355.4,-0.2,12.0,-0.002780487804878,5.4,606.9,16.4,355.6,39.0,42.0,27.0,31.0,23.0,46.0
2022-11-12 07:20:00,0,3.5,1.0,12.7,12.0,-0.0030731707317073,2.5,288.3,24.0,348.3,38.0,40.0,27.0,31.0,23.0,46.0
2022-11-12 07:30:00,0,3.4,342.3,-6.0,12.0,-0.0024878048780487,6.1,693.7,13.7,348.3,38.0,40.0,27.0,30.0,23.0,46.0
2022-11-12 07:40:00,0,3.0,337.7,-26.3,12.0,-0.0031219512195121,2.3,261.9,24.0,4.0,38.0,40.0,27.0,31.0,23.0,45.0
2022-11-12 07:50:00,0,2.5,6.8,18.5,12.0,-0.0030731707317073,1.9,209.6,24.0,348.3,37.0,38.0,27.0,30.0,23.0,45.0
2022-11-12 08:00:00,0,2.6,329.8,-18.5,12.0,-0.0031219512195121,2.0,226.0,24.0,348.3,37.0,38.0,27.0,30.0,23.0,46.0
2022-11-12 08:10:00,0,3.1,339.0,-9.3,12.0,0.0008780487804878,4.8,547.6,16.0,348.3,37.0,37.0,27.0,29.0,23.0,46.0
2022-11-12 08:20:00,0,3.0,331.5,-16.7,12.0,-0.0017560975609756,5.8,649.2,15.9,348.3,38.0,40.0,27.0,31.0,23.0,45.0
2022-11-12 08:30:00,0,3.0,349.3,-7.7,12.0,-0.003170731707317,2.3,255.1,24.0,357.0,37.0,39.0,27.0,31.0,23.0,45.0
2022-11-12 08:40:00,0,2.5,3.3,5.2,12.0,-0.0032682926829268,1.7000000000000002,191.1,24.0,358.1,37.0,38.0,27.0,30.0,23.0,45.0
2022-11-12 08:50:00,0,3.1,358.5,0.4,12.0,-0.0037560975609756,2.1,233.5,24.0,358.0,36.0,37.0,27.0,29.0,23.0,45.0
2022-11-12 09:00:00,0,3.1,331.5,-15.3,12.0,-0.0034634146341463,2.3,255.9,24.0,346.9,36.0,37.0,27.0,29.0,23.0,46.0
2022-11-12 09:10:00,0,2.4,297.5,-49.4,12.0,-0.0030731707317073,0.6000000000000001,169.9,24.0,346.9,36.0,36.0,27.0,29.0,23.0,46.0
2022-11-12 09:20:00,0,2.6,341.5,-5.3,12.0,-0.0030243902439024,1.3,177.6,24.0,346.9,36.0,36.0,27.0,28.0,23.0,46.0
2022-11-12 09:30:00,0,2.5,346.9,0.0,12.0,-0.0029756097560975,1.7000000000000002,192.2,24.0,346.9,36.0,35.0,26.0,28.0,23.0,46.0
2022-11-12 09:40:00,0,2.3,356.9,10.0,12.0,-0.0030243902439024,1.5,181.7,24.0,346.9,36.0,35.0,26.0,27.0,23.0,46.0
2022-11-12 09:50:00,0,2.2,348.0,1.1,13.0,-0.0030243902439024,1.6,184.4,24.0,346.9,36.0,35.0,26.0,27.0,24.0,46.0
2022-11-12 10:00:00,0,2.5,117.5,130.7,13.0,-0.0030243902439024,1.7000000000000002,189.9,24.0,346.9,35.0,35.0,26.0,27.0,24.0,46.0
2022-11-12 10:10:00,0,2.1,307.9,-39.0,13.0,-0.0029756097560975,0.0,109.1,24.0,346.9,35.0,35.0,26.0,27.0,24.0,46.0
2022-11-12 10:20:00,0,2.0,267.3,-79.6,13.0,-0.0028780487804878,0.0,39.3,24.0,346.9,35.0,34.0,26.0,26.0,24.0,46.0
2022-11-12 10:30:00,0,2.2,266.3,-80.6,14.0,-0.0028780487804878,0.0,80.1,24.0,346.9,34.0,34.0,26.0,26.0,24.0,46.0
2022-11-12 10:40:00,0,2.5,281.3,-65.5,14.0,-0.0029268292682926,0.0,110.5,24.0,346.9,35.0,33.0,26.0,26.0,24.0,47.0
2022-11-12 10:50:00,0,2.5,300.5,-46.4,15.0,-0.0028780487804878,0.0,107.5,24.0,346.9,34.0,33.0,25.0,26.0,24.0,47.0
2022-11-12 11:00:00,0,2.4,294.1,-52.7,15.0,-0.0034146341463414,0.7000000000000001,160.1,24.0,346.8,35.0,33.0,25.0,26.0,24.0,47.0
2022-11-12 11:10:00,0,2.5,294.3,-4.5,16.0,-0.0029756097560975,1.2,184.8,24.0,298.8,35.0,33.0,25.0,26.0,24.0,47.0
2022-11-12 11:20:00,0,2.4,282.1,-16.7,16.0,-0.0030243902439024,1.4,186.3,24.0,298.8,35.0,33.0,25.0,26.0,24.0,47.0
2022-11-12 11:30:00,0,2.5,283.6,-15.2,16.0,-0.0030243902439024,1.2,184.6,24.0,298.8,34.0,33.0,25.0,26.0,24.0,47.0
2022-11-12 11:40:00,0,2.7,330.6,31.7,17.0,-0.0032195121951219,1.8,213.1,24.0,298.9,34.0,34.0,25.0,26.0,25.0,47.0
2022-11-12 11:50:00,0,3.4,320.2,-3.1,17.0,-0.0005853658536585,6.8,778.4,11.9,323.4,35.0,35.0,25.0,26.0,25.0,47.0
2022-11-12 12:00:00,0,2.9,4.5,45.7,17.0,-0.0039024390243902,5.3,615.1,16.5,318.8,35.0,38.0,26.0,27.0,25.0,46.0
2022-11-12 12:10:00,0,2.6,302.4,-22.3,18.0,-0.0030243902439024,1.7000000000000002,202.4,24.0,324.8,35.0,38.0,26.0,28.0,25.0,45.0
2022-11-12 12:20:00,0,2.5,326.4,1.7000000000000002,18.0,-0.0030243902439024,1.4,191.4,24.0,324.8,35.0,36.0,26.0,28.0,25.0,46.0
2022-11-12 12:30:00,0,2.7,320.4,-4.3,18.0,-0.0030731707317073,1.5,191.2,24.0,324.8,34.0,36.0,26.0,27.0,25.0,46.0
2022-11-12 12:40:00,0,2.9,352.7,33.5,18.0,-0.0031219512195121,2.1,239.1,24.0,319.2,34.0,35.0,26.0,27.0,26.0,46.0
2022-11-12 12:50:00,0,3.4,357.9,29.6,19.0,-0.0034146341463414,4.1,466.3,18.8,328.3,34.0,35.0,26.0,27.0,26.0,47.0
2022-11-12 13:00:00,0,3.0,328.9,-6.6,19.0,-0.0033658536585365,6.4,734.7,11.2,335.6,35.0,37.0,26.0,28.0,26.0,46.0
2022-11-12 13:10:00,0,3.1,314.1,-7.5,19.0,0.0054146341463414,7.7,885.8,9.4,321.7,36.0,40.0,27.0,29.0,26.0,46.0
2022-11-12 13:20:00,0,3.2,336.3,-23.9,20.0,-0.0004878048780487,8.0,913.3,11.0,0.1,37.0,42.0,28.0,31.0,26.0,45.0
2022-11-12 13:30:00,0,3.5,343.4,2.1,20.0,0.0100975609756097,8.7,993.0,9.8,341.3,37.0,43.0,29.0,32.0,26.0,45.0
2022-11-12 13:40:00,0,4.1,327.4,-19.1,20.0,0.0356097560975609,10.4,1182.1,1.2,346.5,38.0,44.0,30.0,33.0,27.0,45.0
2022-11-12 13:50:00,0,4.0,346.9,9.8,20.0,0.0373170731707317,11.1,1252.3,0.1,337.1,39.0,47.0,31.0,34.0,27.0,46.0
2022-11-12 14:00:00,0,4.2,328.8,-17.7,20.0,0.0494146341463414,11.1,1256.5,-0.3,346.5,40.0,47.0,32.0,35.0,28.0,46.0
2022-11-12 14:10:00,0,4.2,333.7,-1.2,20.0,0.0500975609756097,11.1,1255.0,-0.3,334.9,41.0,48.0,34.0,36.0,29.0,46.0
2022-11-12 14:20:00,0,4.0,319.8,-11.6,20.0,0.035170731707317,11.0,1251.1,0.0,331.4,41.0,48.0,34.0,39.0,28.0,46.0
2022-11-12 14:30:00,0,4.2,336.1,10.3,20.0,0.0446829268292682,10.9,1239.6,-0.2,325.8,41.0,48.0,35.0,39.0,28.0,46.0
2022-11-12 14:40:00,0,4.0,352.2,15.5,20.0,0.0410731707317073,11.1,1253.0,-0.1,336.7,41.0,47.0,35.0,40.0,28.0,46.0
2022-11-12 14:50:00,0,4.5,25.2,45.7,20.0,0.0572682926829268,11.1,1260.1,-0.6000000000000001,339.5,42.0,48.0,35.0,40.0,28.0,46.0
2022-11-12 15:00:00,0,5.3,326.8,-3.9,20.0,0.1066829268292682,11.3,1283.6,-1.3,330.7,43.0,49.0,35.0,41.0,28.0,47.0
2022-11-12 15:10:00,0,5.3,334.7,-6.9,20.0,0.1079512195121951,11.3,1278.8,-1.3,341.6,43.0,50.0,36.0,41.0,28.0,47.0
2022-11-12 15:20:00,0,5.5,324.7,-16.9,20.0,0.1312195121951219,11.6,1318.8,-1.4,341.6,44.0,50.0,36.0,42.0,29.0,47.0
2022-11-12 15:30:00,0,5.5,339.4,5.1,20.0,0.135560975609756,11.5,1299.5,-1.5,334.2,44.0,51.0,37.0,43.0,29.0,47.0
2022-11-12 15:40:00,0,5.9,339.8,3.8,20.0,0.1549756097560975,11.8,1340.5,-1.7000000000000002,336.0,45.0,51.0,37.0,44.0,29.0,47.0
2022-11-12 15:50:00,0,6.2,330.2,-13.9,20.0,0.188780487804878,12.2,1382.7,-1.8,344.1,45.0,52.0,37.0,46.0,30.0,47.0
2022-11-12 16:00:00,0,6.3,333.3,-10.8,20.0,0.1990731707317073,12.3,1398.1,-1.8,344.1,46.0,53.0,38.0,48.0,30.0,47.0
2022-11-12 16:10:00,0,7.4,339.3,-4.7,20.0,0.2892682926829268,13.7,1550.8,-2.2,344.1,47.0,54.0,38.0,52.0,30.0,47.0
2022-11-12 16:20:00,0,7.4,341.7,-2.4,19.0,0.2925853658536585,13.7,1549.7,-2.2,344.1,48.0,55.0,38.0,55.0,30.0,47.0
2022-11-12 16:30:00,0,6.7,344.6,0.6000000000000001,19.0,0.2099024390243902,12.7,1440.8,-2.0,344.1,48.0,54.0,38.0,56.0,30.0,47.0
2022-11-12 16:40:00,0,5.9,337.6,-6.4,19.0,0.1467317073170732,12.0,1353.5,-1.6,344.1,48.0,53.0,38.0,56.0,30.0,47.0
2022-11-12 16:50:00,0,6.6,346.0,2.0,19.0,0.1981951219512195,12.6,1424.2,-2.0,344.1,48.0,53.0,38.0,55.0,30.0,47.0
2022-11-12 17:00:00,0,5.6,339.7,-4.3,19.0,0.1313170731707317,11.8,1332.1,-1.4,344.1,47.0,52.0,38.0,54.0,30.0,46.0
2022-11-12 17:10:00,0,3.8,329.1,-14.9,19.0,0.0326829268292682,11.0,1250.7,0.0,344.0,46.0,49.0,38.0,50.0,29.0,46.0
2022-11-12 17:20:00,0,4.2,313.8,-5.3,18.0,0.0492195121951219,11.1,1252.1,-0.4,319.2,45.0,48.0,37.0,48.0,29.0,46.0
2022-11-12 17:30:00,0,4.4,310.0,-1.5,18.0,0.0548292682926829,11.0,1251.5,-0.5,311.5,45.0,48.0,37.0,46.0,29.0,46.0
2022-11-12 17:40:00,0,3.8,300.7,-10.7,18.0,0.024780487804878,11.0,1248.5,0.0,311.4,44.0,47.0,36.0,45.0,28.0,46.0
2022-11-12 17:50:00,0,3.7,316.5,6.5,18.0,0.0194146341463414,9.8,1113.0,4.3,310.0,43.0,45.0,36.0,44.0,28.0,45.0
2022-11-12 18:00:00,0,4.8,316.8,6.8,17.0,0.081170731707317,11.1,1258.7,-1.0,310.0,44.0,47.0,36.0,43.0,28.0,45.0
2022-11-12 18:10:00,0,4.4,318.2,8.1,17.0,0.0573170731707317,11.1,1252.9,-0.5,310.1,44.0,47.0,35.0,42.0,28.0,45.0
2022-11-12 18:20:00,0,3.9,325.3,8.2,17.0,0.034390243902439,11.0,1249.3,0.0,317.1,43.0,46.0,35.0,42.0,28.0,45.0
2022-11-12 18:30:00,0,4.6,338.5,21.4,17.0,0.0551219512195121,11.1,1254.1,-0.7000000000000001,317.1,43.0,46.0,35.0,42.0,28.0,45.0
2022-11-12 18:40:00,0,4.8,324.3,7.2,17.0,0.0717560975609756,11.1,1259.4,-0.9,317.1,43.0,46.0,35.0,41.0,27.0,44.0
2022-11-12 18:50:00,0,5.2,304.4,-12.6,17.0,0.0979512195121951,11.3,1275.0,-1.3,317.1,43.0,47.0,35.0,41.0,28.0,44.0
2022-11-12 19:00:00,0,4.6,312.2,-4.8,17.0,0.0671219512195122,11.1,1257.3,-0.8,317.1,43.0,47.0,35.0,41.0,28.0,44.0
2022-11-12 19:10:00,0,4.3,321.0,3.9,17.0,0.051170731707317,11.1,1253.9,-0.5,317.1,42.0,46.0,34.0,41.0,27.0,44.0
2022-11-12 19:20:00,0,3.9,300.0,-17.0,16.0,0.0345365853658536,11.0,1249.9,0.0,317.1,42.0,45.0,34.0,40.0,27.0,44.0
2022-11-12 19:30:00,0,4.8,321.0,3.9,16.0,0.0737560975609756,11.1,1260.6,-0.9,317.1,42.0,46.0,34.0,40.0,27.0,44.0
2022-11-12 19:40:00,0,5.3,326.7,1.9,16.0,0.0919512195121951,11.3,1276.8,-1.3,324.8,42.0,47.0,34.0,40.0,27.0,44.0
2022-11-12 19:50:00,0,5.3,330.0,5.2,16.0,0.0997560975609756,11.3,1284.2,-1.3,324.8,43.0,48.0,34.0,40.0,27.0,44.0
2022-11-12 20:00:00,0,5.3,325.3,0.5,16.0,0.0921463414634146,11.3,1277.4,-1.3,324.8,43.0,47.0,34.0,40.0,27.0,43.0
2022-11-12 20:10:00,0,4.9,323.8,-0.9,16.0,0.0650731707317073,11.1,1259.2,-1.0,324.8,42.0,47.0,34.0,40.0,27.0,43.0
2022-11-12 20:20:00,0,4.6,316.9,-7.9,16.0,0.0617073170731707,11.1,1257.4,-0.8,324.8,42.0,46.0,33.0,39.0,27.0,43.0
2022-11-12 20:30:00,0,4.0,352.3,20.1,16.0,0.0261951219512195,11.0,1249.4,-0.1,332.1,42.0,45.0,33.0,39.0,26.0,43.0
2022-11-12 20:40:00,0,3.6,299.3,-26.2,16.0,0.0182926829268292,11.0,1249.3,0.2,325.5,41.0,44.0,33.0,38.0,26.0,43.0
2022-11-12 20:50:00,0,3.8,336.1,3.9,16.0,0.0164390243902439,11.0,1248.9,0.0,332.1,41.0,44.0,33.0,38.0,26.0,43.0
2022-11-12 21:00:00,0,3.8,319.2,-13.0,16.0,0.0186341463414634,11.0,1248.9,0.0,332.1,41.0,44.0,33.0,38.0,26.0,43.0
2022-11-12 21:10:00,0,3.8,338.8,6.6,16.0,0.028,11.0,1249.1,0.0,332.1,41.0,44.0,33.0,38.0,26.0,43.0
2022-11-12 21:20:00,0,3.8,342.9,3.0,16.0,0.0127317073170731,11.0,1248.6,0.0,339.8,41.0,44.0,33.0,38.0,26.0,43.0
2022-11-12 21:30:00,0,3.8,311.7,-28.1,16.0,0.0073658536585365,11.0,1248.8,0.1,339.8,41.0,44.0,33.0,38.0,26.0,43.0
2022-11-12 21:40:00,0,3.5,339.5,-0.3,16.0,-0.0057560975609756,5.0,573.6,38.6,339.8,40.0,43.0,33.0,38.0,26.0,43.0
2022-11-12 21:50:00,0,3.8,341.5,2.7,16.0,0.002780487804878,8.9,1008.7,5.6,338.8,41.0,43.0,32.0,37.0,26.0,42.0
2022-11-12 22:00:00,0,3.2,334.3,3.2,16.0,-0.0070731707317073,3.7,410.8,21.8,331.1,41.0,43.0,31.0,37.0,26.0,42.0
2022-11-12 22:10:00,0,3.2,331.8,1.1,16.0,-0.0052682926829268,2.4,275.1,24.0,330.7,40.0,42.0,31.0,36.0,26.0,42.0
2022-11-12 22:20:00,0,3.5,342.8,12.1,16.0,0.0024390243902439,7.7,877.9,8.7,330.7,40.0,42.0,30.0,35.0,26.0,42.0
2022-11-12 22:30:00,0,2.8,329.6,-9.5,16.0,-0.0042926829268292,5.4,608.4,16.8,339.1,41.0,43.0,30.0,35.0,26.0,42.0
2022-11-12 22:40:00,0,2.6,308.1,-31.0,16.0,-0.0050731707317073,2.0,231.7,24.0,339.1,40.0,42.0,30.0,34.0,25.0,42.0
2022-11-12 22:50:00,0,3.3,345.7,14.2,16.0,-0.0052682926829268,2.6,299.4,24.0,331.5,39.0,40.0,29.0,34.0,25.0,43.0
2022-11-12 23:00:00,0,2.9,346.5,-1.0,16.0,-0.0050243902439024,2.4,270.0,24.0,347.6,39.0,40.0,28.0,33.0,25.0,43.0
2022-11-12 23:10:00,0,2.9,327.7,-19.4,16.0,-0.0043414634146341,2.2,250.6,24.0,347.2,39.0,39.0,28.0,32.0,26.0,43.0
2022-11-12 23:20:00,0,3.2,356.5,16.6,16.0,-0.0041463414634146,2.5,284.0,24.0,339.8,39.0,39.0,27.0,31.0,26.0,43.0
2022-11-12 23:30:00,0,3.0,342.2,0.5,16.0,-0.0030731707317073,2.5,279.2,24.0,341.6,39.0,38.0,27.0,30.0,26.0,44.0
2022-11-12 23:40:00,0,2.5,324.6,-17.0,16.0,-0.0030243902439024,2.1,236.0,24.0,341.6,39.0,38.0,27.0,29.0,27.0,44.0
2022-11-12 23:50:00,0,2.6,340.6,-1.0,16.0,-0.0030731707317073,2.0,226.3,24.0,341.6,38.0,38.0,27.0,29.0,27.0,44.0
2022-11-13 00:00:00,0,2.1,338.0,-3.6,16.0,-0.0030243902439024,1.5,185.5,24.0,341.6,38.0,37.0,27.0,29.0,26.0,45.0
2022-11-13 00:10:00,0,2.4,347.1,5.5,16.0,-0.0030731707317073,1.8,201.7,24.0,341.6,38.0,37.0,27.0,29.0,26.0,45.0
2022-11-13 00:20:00,0,2.5,355.5,13.9,16.0,-0.0030731707317073,1.8,207.9,24.0,341.6,38.0,37.0,26.0,28.0,26.0,45.0
2022-11-13 00:30:00,0,2.8,340.3,-1.3,16.0,-0.0032682926829268,2.1,234.1,24.0,341.6,38.0,37.0,26.0,28.0,26.0,46.0
2022-11-13 00:40:00,0,2.7,358.8,0.3,16.0,-0.0030731707317073,2.0,230.2,24.0,358.4,38.0,37.0,26.0,28.0,26.0,46.0
2022-11-13 00:50:00,0,2.4,12.9,15.5,16.0,-0.0030731707317073,2.0,223.8,24.0,357.4,37.0,37.0,26.0,28.0,26.0,46.0
2022-11-13 01:00:00,0,2.7,8.0,10.6,16.0,-0.0031219512195121,2.0,229.7,24.0,357.4,37.0,36.0,26.0,28.0,26.0,46.0
2022-11-13 01:10:00,0,2.8,3.6,6.2,16.0,-0.0031219512195121,2.1,236.1,24.0,357.4,37.0,36.0,26.0,27.0,26.0,47.0
2022-11-13 01:20:00,0,2.4,353.8,-12.6,16.0,-0.0030731707317073,1.9,217.8,24.0,6.5,37.0,36.0,26.0,27.0,26.0,47.0
2022-11-13 01:30:00,0,2.4,0.5,-6.0,16.0,-0.0030243902439024,1.9,217.7,24.0,6.5,37.0,36.0,26.0,27.0,26.0,47.0
2022-11-13 01:40:00,0,2.4,353.7,-12.7,16.0,-0.0030731707317073,1.9,221.4,24.0,6.5,37.0,36.0,26.0,27.0,26.0,47.0
2022-11-13 01:50:00,0,2.7,8.6,2.1,16.0,-0.0030731707317073,2.2,245.8,24.0,6.5,37.0,36.0,26.0,27.0,25.0,47.0
2022-11-13 02:00:00,0,2.5,351.2,-15.2,16.0,-0.0030731707317073,1.9,209.9,24.0,6.5,37.0,36.0,26.0,27.0,25.0,47.0
2022-11-13 02:10:00,0,1.9,14.9,8.4,16.0,-0.0030731707317073,1.3,179.1,24.0,6.5,36.0,36.0,26.0,27.0,25.0,48.0
2022-11-13 02:20:00,0,1.8,42.8,36.3,16.0,-0.0030731707317073,0.0,126.7,24.0,6.5,36.0,36.0,26.0,26.0,25.0,48.0
2022-11-13 02:30:00,0,1.3,68.3,61.8,15.0,-0.0029268292682926,0.0,25.1,24.0,6.5,36.0,35.0,26.0,26.0,25.0,48.0
2022-11-13 02:40:00,0,1.2,58.0,51.5,15.0,-0.0029268292682926,0.0,0.0,24.0,6.5,35.0,35.0,25.0,26.0,25.0,48.0
2022-11-13 02:50:00,0,1.0,152.6,146.1,15.0,-0.0029268292682926,0.0,0.0,24.0,6.5,35.0,34.0,25.0,26.0,25.0,48.0
2022-11-13 03:00:00,0,1.1,301.6,-64.9,14.0,-0.0029268292682926,0.0,0.0,24.0,6.5,35.0,33.0,25.0,26.0,25.0,48.0
2022-11-13 03:10:00,0,1.0,226.9,-139.5,14.0,-0.0028780487804878,0.0,0.4,24.0,6.5,34.0,33.0,25.0,25.0,25.0,48.0
2022-11-13 03:20:00,0,1.1,55.9,49.4,14.0,-0.0029756097560975,0.0,0.0,24.0,6.5,34.0,32.0,25.0,25.0,24.0,48.0
2022-11-13 03:30:00,0,1.3,76.7,70.2,14.0,-0.003170731707317,0.0,0.0,24.0,6.5,33.0,32.0,25.0,25.0,24.0,48.0
2022-11-13 03:40:00,0,2.1,79.4,72.9,14.0,-0.0028780487804878,0.0,0.0,24.0,6.5,33.0,32.0,25.0,25.0,24.0,48.0
2022-11-13 03:50:00,0,1.7000000000000002,56.8,50.2,14.0,-0.0028780487804878,0.0,0.0,24.0,6.5,32.0,31.0,24.0,24.0,24.0,48.0
2022-11-13 04:00:00,0,1.7000000000000002,55.2,48.7,14.0,-0.0029268292682926,0.0,7.6,24.0,6.5,32.0,31.0,24.0,24.0,24.0,48.0
2022-11-13 04:10:00,0,1.5,91.7,85.2,14.0,-0.0028780487804878,0.0,14.0,24.0,6.5,32.0,31.0,24.0,24.0,24.0,48.0
2022-11-13 04:20:00,0,1.4,111.3,104.9,14.0,-0.0029268292682926,0.0,6.6,24.0,6.5,32.0,30.0,24.0,24.0,24.0,48.0
2022-11-13 04:30:00,0,1.7000000000000002,73.4,66.9,14.0,-0.0029268292682926,0.0,0.8,24.0,6.5,32.0,30.0,24.0,23.0,24.0,48.0
2022-11-13 04:40:00,0,1.4,84.7,78.3,14.0,-0.003170731707317,0.0,0.0,24.0,6.5,31.0,30.0,24.0,23.0,24.0,48.0
2022-11-13 04:50:00,0,1.4,138.0,131.5,14.0,-0.0028780487804878,0.0,0.3,24.0,6.5,31.0,29.0,24.0,23.0,24.0,48.0
2022-11-13 05:00:00,0,1.7000000000000002,101.9,95.5,14.0,-0.0028780487804878,0.0,0.0,24.0,6.5,31.0,29.0,24.0,23.0,23.0,48.0
2022-11-13 05:10:00,0,2.0,120.6,114.1,14.0,-0.0028292682926829,0.0,0.0,24.0,6.5,30.0,29.0,23.0,22.0,23.0,48.0
2022-11-13 05:20:00,0,2.3,84.3,77.9,14.0,-0.0028780487804878,0.0,0.0,24.0,6.5,30.0,29.0,23.0,22.0,23.0,48.0
2022-11-13 05:30:00,0,2.7,75.8,69.2,14.0,-0.0029268292682926,0.0,0.0,24.0,6.5,30.0,28.0,23.0,22.0,23.0,48.0
2022-11-13 05:40:00,0,2.6,59.9,53.4,13.0,-0.0029268292682926,0.0,0.0,24.0,6.5,29.0,28.0,23.0,22.0,23.0,48.0
2022-11-13 05:50:00,0,2.7,74.2,61.0,14.0,-0.003560975609756,1.3,167.3,24.0,13.3,32.0,29.0,23.0,22.0,23.0,48.0
2022-11-13 06:00:00,0,2.5,77.2,-0.8,14.0,-0.0030731707317073,1.6,180.5,24.0,78.0,33.0,30.0,23.0,22.0,23.0,48.0
2022-11-13 06:10:00,0,2.3,85.8,7.8,13.0,-0.0030731707317073,0.4,164.2,24.0,78.0,33.0,31.0,23.0,22.0,23.0,48.0
2022-11-13 06:20:00,0,2.3,166.2,88.2,14.0,-0.0030243902439024,0.7000000000000001,165.5,24.0,78.0,33.0,31.0,23.0,22.0,23.0,48.0
2022-11-13 06:30:00,0,2.0,113.0,35.0,13.0,-0.0030731707317073,0.0,134.3,24.0,78.0,33.0,31.0,23.0,22.0,23.0,48.0
2022-11-13 06:40:00,0,2.2,117.5,39.5,14.0,-0.0030731707317073,0.5,160.6,24.0,78.0,33.0,31.0,23.0,22.0,23.0,48.0
2022-11-13 06:50:00,0,3.8,130.8,52.7,15.0,0.0116097560975609,6.9,787.0,10.9,78.1,33.0,33.0,23.0,23.0,23.0,48.0
2022-11-13 07:00:00,0,3.6,121.2,0.1,15.0,0.0162439024390243,11.0,1248.6,0.3,121.1,36.0,40.0,24.0,25.0,23.0,47.0
2022-11-13 07:10:00,0,3.7,142.5,7.7,14.0,0.0136097560975609,9.9,1125.8,3.6,134.8,36.0,42.0,25.0,27.0,23.0,47.0
2022-11-13 07:20:00,0,4.5,135.9,1.1,14.0,0.0374634146341463,11.1,1252.7,-0.7000000000000001,134.8,37.0,45.0,27.0,29.0,23.0,46.0
2022-11-13 07:30:00,0,4.6,110.0,-18.8,15.0,0.0600975609756097,11.1,1255.9,-0.8,128.8,39.0,47.0,28.0,30.0,24.0,46.0
2022-11-13 07:40:00,0,3.1,116.5,-3.9,14.0,0.0006829268292682,8.2,927.0,9.3,120.4,39.0,46.0,30.0,32.0,24.0,46.0
2022-11-13 07:50:00,0,3.4,127.4,13.3,13.0,0.0042926829268292,6.7,760.7,11.4,114.1,38.0,44.0,31.0,32.0,24.0,46.0
2022-11-13 08:00:00,0,3.6,129.2,15.1,13.0,0.016390243902439,11.0,1249.2,0.3,114.1,39.0,45.0,32.0,33.0,25.0,45.0
2022-11-13 08:10:00,0,5.1,124.9,10.8,13.0,0.0815121951219512,11.2,1270.2,-1.1,114.1,40.0,47.0,33.0,34.0,23.0,45.0
2022-11-13 08:20:00,0,5.9,141.2,27.1,14.0,0.1235121951219512,11.7,1329.6,-1.8,114.1,42.0,49.0,33.0,35.0,23.0,45.0
2022-11-13 08:30:00,0,5.7,114.4,0.3,14.0,0.1020487804878048,11.5,1307.1,-1.6,114.1,42.0,49.0,33.0,35.0,23.0,45.0
2022-11-13 08:40:00,0,6.4,108.5,-5.6,15.0,0.1866341463414634,12.3,1397.0,-2.0,114.1,43.0,50.0,33.0,36.0,23.0,45.0
2022-11-13 08:50:00,0,7.2,107.4,-6.7,15.0,0.2278048780487805,13.4,1517.9,-2.1,114.1,44.0,52.0,33.0,37.0,23.0,45.0
2022-11-13 09:00:00,0,7.0,114.3,0.6000000000000001,15.0,0.1837560975609756,13.2,1493.5,-2.1,113.7,44.0,52.0,34.0,39.0,23.0,45.0
2022-11-13 09:10:00,0,5.3,104.6,-1.7000000000000002,15.0,0.1068780487804878,11.3,1282.4,-1.3,106.4,44.0,50.0,34.0,39.0,23.0,45.0
2022-11-13 09:20:00,0,5.5,89.8,-16.5,15.0,0.1272682926829268,11.4,1294.0,-1.5,106.4,44.0,49.0,34.0,39.0,23.0,45.0
2022-11-13 09:30:00,0,6.2,108.9,2.5,15.0,0.1684390243902439,12.0,1358.5,-1.9,106.4,44.0,50.0,34.0,39.0,24.0,45.0
2022-11-13 09:40:00,0,5.8,114.2,7.8,15.0,0.148390243902439,11.7,1320.7,-1.6,106.4,45.0,50.0,35.0,39.0,24.0,45.0
2022-11-13 09:50:00,0,5.6,114.6,1.3,15.0,0.1216585365853658,11.5,1307.6,-1.5,113.4,44.0,50.0,35.0,39.0,24.0,45.0
2022-11-13 10:00:00,0,5.2,100.4,-6.0,15.0,0.0939024390243902,11.2,1269.9,-1.3,106.4,44.0,49.0,35.0,40.0,24.0,45.0
2022-11-13 10:10:00,0,5.4,108.3,9.7,15.0,0.1142439024390243,11.3,1276.7,-1.4,98.7,44.0,48.0,35.0,40.0,24.0,45.0
2022-11-13 10:20:00,0,5.8,99.3,8.3,16.0,0.1341951219512195,11.5,1308.4,-1.7000000000000002,91.0,45.0,50.0,35.0,40.0,25.0,45.0
2022-11-13 10:30:00,0,5.3,114.8,9.1,16.0,0.0978536585365853,11.3,1280.3,-1.4,105.7,45.0,49.0,35.0,40.0,26.0,45.0
2022-11-13 10:40:00,0,4.7,104.3,-1.4,16.0,0.0700487804878048,11.1,1259.5,-0.9,105.7,44.0,48.0,35.0,40.0,26.0,45.0
2022-11-13 10:50:00,0,4.3,107.5,1.8,16.0,0.0541463414634146,11.1,1255.5,-0.4,105.7,44.0,48.0,36.0,40.0,26.0,45.0
2022-11-13 11:00:00,0,4.2,102.4,-3.2,17.0,0.046780487804878,11.1,1253.2,-0.3,105.7,44.0,47.0,36.0,40.0,27.0,45.0
2022-11-13 11:10:00,0,4.0,99.1,0.1,17.0,0.0377560975609756,11.0,1251.3,-0.1,99.0,43.0,47.0,36.0,40.0,27.0,45.0
2022-11-13 11:20:00,0,3.7,95.1,-3.9,17.0,0.0208780487804878,11.0,1249.2,0.1,99.0,43.0,46.0,36.0,40.0,27.0,45.0
2022-11-13 11:30:00,0,3.7,71.4,-27.2,17.0,0.020780487804878,11.0,1250.7,0.3,98.7,43.0,45.0,36.0,40.0,28.0,45.0
2022-11-13 11:40:00,0,3.8,124.5,19.2,17.0,0.0194634146341463,11.1,1252.6,0.5,105.3,42.0,45.0,36.0,40.0,28.0,45.0
2022-11-13 11:50:00,0,3.6,135.2,34.4,18.0,0.0077560975609756,9.4,1065.7,6.5,100.8,42.0,44.0,36.0,40.0,28.0,45.0
2022-11-13 12:00:00,0,4.3,100.5,1.5,18.0,0.0454634146341463,10.9,1237.5,-0.2,99.0,42.0,45.0,36.0,40.0,28.0,44.0
2022-11-13 12:10:00,0,4.0,92.5,-6.6,18.0,0.0364878048780487,9.2,1037.5,4.4,99.0,43.0,46.0,36.0,40.0,28.0,45.0
2022-11-13 12:20:00,0,4.9,158.3,44.9,19.0,0.0892682926829268,11.2,1269.0,-1.0,113.4,42.0,46.0,36.0,40.0,29.0,45.0
2022-11-13 12:30:00,0,6.1,127.1,-0.3,19.0,0.1609268292682926,12.0,1357.4,-1.8,127.4,44.0,50.0,36.0,40.0,29.0,45.0
2022-11-13 12:40:00,0,6.2,114.8,-2.5,19.0,0.1638048780487805,12.0,1352.9,-1.9,117.3,45.0,51.0,37.0,41.0,29.0,45.0
2022-11-13 12:50:00,0,5.7,120.4,-7.4,19.0,0.1287317073170731,11.8,1338.1,-1.5,127.7,45.0,51.0,37.0,41.0,29.0,45.0
2022-11-13 13:00:00,0,5.8,133.2,22.2,19.0,0.1377073170731707,11.8,1335.9,-1.5,111.0,45.0,51.0,37.0,42.0,29.0,46.0
2022-11-13 13:10:00,0,5.1,109.5,-5.0,19.0,0.1103414634146341,11.5,1300.0,-1.1,114.5,46.0,51.0,37.0,42.0,29.0,46.0
2022-11-13 13:20:00,0,4.8,117.7,-18.4,19.0,0.0964878048780487,11.4,1288.6,-0.6000000000000001,136.2,45.0,49.0,38.0,43.0,30.0,46.0
2022-11-13 13:30:00,0,6.3,119.5,-0.9,19.0,0.1866829268292683,12.3,1388.5,-1.9,120.4,46.0,52.0,38.0,43.0,30.0,46.0
2022-11-13 13:40:00,0,6.6,107.3,-1.6,19.0,0.2242439024390244,12.6,1431.5,-1.8,108.9,47.0,53.0,38.0,44.0,30.0,46.0
2022-11-13 13:50:00,0,6.6,118.7,-1.0,19.0,0.2009268292682926,12.6,1424.5,-1.9,119.7,47.0,53.0,38.0,44.0,30.0,46.0
2022-11-13 14:00:00,0,6.0,93.9,-16.0,20.0,0.1684878048780487,12.1,1374.5,-1.5,109.9,47.0,52.0,38.0,44.0,30.0,46.0
2022-11-13 14:10:00,0,6.1,82.5,-27.4,20.0,0.1717073170731707,12.1,1372.6,-1.8,109.9,47.0,53.0,38.0,44.0,30.0,46.0
2022-11-13 14:20:00,0,6.0,108.0,-13.8,20.0,0.1512195121951219,11.9,1348.5,-1.7000000000000002,121.8,47.0,52.0,38.0,44.0,30.0,46.0
2022-11-13 14:30:00,0,6.5,97.6,-11.9,20.0,0.2143414634146341,12.5,1416.5,-1.9,109.5,48.0,53.0,38.0,44.0,30.0,46.0
2022-11-13 14:40:00,0,5.6,138.8,34.1,20.0,0.1343414634146341,11.8,1331.9,-1.4,104.7,47.0,52.0,38.0,44.0,30.0,46.0
2022-11-13 14:50:00,0,6.7,123.4,5.8,20.0,0.2133170731707317,12.8,1452.6,-2.0,117.6,48.0,53.0,37.0,44.0,30.0,46.0
2022-11-13 15:00:00,0,6.8,130.7,19.0,19.0,0.2302926829268292,12.9,1459.6,-1.9,111.7,48.0,54.0,38.0,44.0,30.0,46.0
2022-11-13 15:10:00,0,6.6,108.9,-10.4,19.0,0.2044390243902439,12.7,1442.9,-1.9,119.3,48.0,54.0,38.0,44.0,30.0,46.0
2022-11-13 15:20:00,0,6.1,139.3,26.6,19.0,0.178780487804878,12.2,1381.4,-1.7000000000000002,112.7,48.0,53.0,38.0,44.0,30.0,46.0
2022-11-13 15:30:00,0,5.4,107.4,-5.3,19.0,0.122,11.5,1307.3,-1.3,112.7,48.0,52.0,38.0,44.0,30.0,45.0
2022-11-13 15:40:00,0,6.7,110.3,-2.4,19.0,0.2167317073170731,12.7,1444.0,-1.9,112.7,48.0,53.0,37.0,44.0,30.0,45.0
2022-11-13 15:50:00,0,7.1,90.5,-6.4,19.0,0.2772195121951219,13.4,1513.7,-2.0,96.9,49.0,55.0,38.0,44.0,30.0,45.0
2022-11-13 16:00:00,0,7.0,94.8,-1.8,19.0,0.2706341463414634,13.2,1491.1,-2.0,96.6,49.0,55.0,38.0,44.0,30.0,45.0
2022-11-13 16:10:00,0,7.0,107.7,3.4,19.0,0.2629268292682927,13.2,1492.4,-2.0,104.3,50.0,55.0,38.0,45.0,30.0,45.0
2022-11-13 16:20:00,0,6.8,101.9,-2.4,19.0,0.2496097560975609,13.0,1467.7,-2.0,104.3,50.0,55.0,38.0,45.0,30.0,45.0
2022-11-13 16:30:00,0,6.4,113.9,9.6,19.0,0.2173170731707317,12.5,1416.5,-1.8,104.3,50.0,55.0,38.0,46.0,30.0,45.0
2022-11-13 16:40:00,0,6.2,115.0,10.0,19.0,0.1744390243902439,12.2,1378.0,-1.7000000000000002,105.0,49.0,54.0,38.0,45.0,30.0,45.0
2022-11-13 16:50:00,0,7.3,103.2,9.1,19.0,0.2457073170731707,13.5,1532.9,-2.1,94.1,50.0,54.0,38.0,45.0,30.0,45.0
2022-11-13 17:00:00,0,6.9,89.1,-12.3,19.0,0.2342926829268292,13.1,1485.4,-2.0,101.5,50.0,55.0,38.0,45.0,30.0,45.0
2022-11-13 17:10:00,0,7.3,105.4,10.6,19.0,0.29,13.5,1535.2,-2.1,94.8,50.0,56.0,38.0,46.0,30.0,45.0
2022-11-13 17:20:00,0,7.7,80.5,-14.4,19.0,0.3385365853658537,14.0,1585.6,-2.2,94.8,51.0,56.0,38.0,46.0,30.0,45.0
2022-11-13 17:30:00,0,6.9,101.4,6.6,19.0,0.2386829268292683,12.9,1464.4,-2.0,94.8,51.0,56.0,38.0,46.0,30.0,45.0
2022-11-13 17:40:00,0,6.1,103.0,0.4,19.0,0.1641463414634146,12.1,1373.5,-1.7000000000000002,102.5,50.0,54.0,38.0,46.0,30.0,45.0
2022-11-13 17:50:00,0,6.6,100.3,-2.2,18.0,0.2094146341463414,12.6,1430.8,-1.9,102.5,50.0,54.0,38.0,45.0,30.0,45.0
2022-11-13 18:00:00,0,6.8,107.9,5.4,18.0,0.2333658536585365,12.9,1460.4,-2.0,102.5,50.0,54.0,38.0,45.0,30.0,45.0
2022-11-13 18:10:00,0,7.5,108.6,6.0,18.0,0.2818536585365853,13.7,1549.2,-2.2,102.5,50.0,55.0,38.0,45.0,30.0,45.0
2022-11-13 18:20:00,0,8.3,99.1,-3.4,18.0,0.3507317073170731,14.5,1639.8,-2.3,102.5,51.0,57.0,38.0,46.0,29.0,45.0
2022-11-13 18:30:00,0,8.1,92.0,-3.9,18.0,0.363170731707317,14.2,1614.2,-2.2,95.9,52.0,58.0,38.0,46.0,29.0,45.0
2022-11-13 18:40:00,0,7.8,93.5,-2.4,17.0,0.3497560975609756,14.2,1605.6,-2.2,95.9,52.0,57.0,38.0,46.0,29.0,45.0
2022-11-13 18:50:00,0,7.5,107.5,11.6,17.0,0.3316585365853658,13.8,1568.5,-2.2,95.9,52.0,57.0,38.0,47.0,29.0,45.0
2022-11-13 19:00:00,0,8.0,101.5,5.6,17.0,0.3833170731707316,14.4,1629.6,-2.2,95.9,53.0,58.0,38.0,47.0,29.0,45.0
2022-11-13 19:10:00,0,8.0,85.5,-10.4,17.0,0.3884390243902438,14.3,1625.0,-2.2,95.9,53.0,58.0,39.0,47.0,29.0,45.0
2022-11-13 19:20:00,0,8.4,105.6,9.7,17.0,0.4267317073170731,14.5,1647.0,-2.3,95.9,53.0,59.0,40.0,46.0,29.0,45.0
2022-11-13 19:30:00,0,8.2,90.7,-5.1,17.0,0.3759024390243902,14.4,1636.0,-2.3,95.9,54.0,58.0,41.0,46.0,29.0,45.0
2022-11-13 19:40:00,0,8.3,95.7,-0.2,16.0,0.4125365853658537,14.5,1644.2,-2.3,95.9,54.0,59.0,42.0,47.0,29.0,45.0
2022-11-13 19:50:00,0,8.2,104.8,8.9,16.0,0.3986829268292682,14.5,1638.5,-2.3,95.9,54.0,59.0,42.0,46.0,29.0,44.0
2022-11-13 20:00:00,0,8.1,104.5,8.6,16.0,0.3797073170731707,14.4,1633.9,-2.2,95.9,54.0,58.0,42.0,46.0,29.0,44.0
2022-11-13 20:10:00,0,8.3,102.6,6.7,16.0,0.4064878048780487,14.5,1644.7,-2.3,95.9,54.0,59.0,43.0,46.0,29.0,44.0
2022-11-13 20:20:00,0,8.6,89.9,-6.0,16.0,0.4571707317073171,14.6,1656.7,-2.3,95.9,55.0,59.0,43.0,46.0,29.0,44.0
2022-11-13 20:30:00,0,8.4,106.1,10.2,16.0,0.4189268292682926,14.5,1641.9,-2.3,95.9,55.0,59.0,43.0,47.0,29.0,44.0
2022-11-13 20:40:00,0,8.8,100.0,4.1,16.0,0.492,14.6,1656.1,-2.2,95.9,55.0,59.0,43.0,47.0,29.0,44.0
2022-11-13 20:50:00,0,7.8,91.6,-4.3,16.0,0.3765365853658536,14.1,1592.2,-2.2,95.9,55.0,59.0,43.0,47.0,29.0,44.0
2022-11-13 21:00:00,0,7.7,96.5,0.6000000000000001,16.0,0.3004390243902439,13.9,1573.8,-2.2,95.9,55.0,58.0,43.0,47.0,29.0,44.0
2022-11-13 21:10:00,0,5.9,92.5,-3.4,16.0,0.1386341463414634,11.8,1333.3,-1.7000000000000002,95.9,53.0,55.0,43.0,46.0,29.0,44.0
2022-11-13 21:20:00,0,6.5,101.8,-2.5,16.0,0.1526829268292683,12.5,1410.8,-2.0,104.3,52.0,54.0,43.0,45.0,29.0,44.0
2022-11-13 21:30:00,0,6.4,104.9,0.6000000000000001,16.0,0.1760487804878048,12.4,1405.8,-1.9,104.3,52.0,54.0,42.0,45.0,29.0,44.0
2022-11-13 21:40:00,0,7.1,105.4,7.7,16.0,0.2450243902439024,13.2,1494.9,-2.1,97.6,52.0,54.0,42.0,44.0,29.0,44.0
2022-11-13 21:50:00,0,6.6,79.8,-9.3,16.0,0.2005853658536585,12.8,1444.6,-1.9,89.2,52.0,55.0,42.0,44.0,29.0,44.0
2022-11-13 22:00:00,0,5.2,65.9,-13.8,15.0,0.0852195121951219,11.2,1273.4,-1.2,79.7,50.0,52.0,42.0,44.0,28.0,43.0
2022-11-13 22:10:00,0,6.6,74.4,2.4,16.0,0.2310243902439024,12.6,1431.4,-2.0,72.0,50.0,53.0,41.0,43.0,28.0,43.0
2022-11-13 22:20:00,0,7.4,75.6,3.6,16.0,0.3185853658536585,13.6,1543.4,-2.2,72.0,51.0,55.0,41.0,43.0,28.0,43.0
2022-11-13 22:30:00,0,7.3,82.3,10.5,16.0,0.3199512195121951,13.5,1533.2,-2.1,71.7,51.0,56.0,41.0,43.0,28.0,43.0
2022-11-13 22:40:00,0,7.4,72.3,0.6000000000000001,15.0,0.3209268292682927,13.5,1534.2,-2.1,71.7,52.0,56.0,41.0,43.0,28.0,43.0
2022-11-13 22:50:00,0,6.7,73.2,1.6,15.0,0.2358048780487804,12.8,1451.7,-2.0,71.7,51.0,55.0,41.0,43.0,28.0,43.0
2022-11-13 23:00:00,0,6.4,47.2,-24.5,15.0,0.1890243902439024,12.3,1397.0,-1.9,71.7,51.0,54.0,41.0,43.0,28.0,43.0
2022-11-13 23:10:00,0,6.5,87.6,15.9,15.0,0.2074634146341463,12.6,1425.0,-1.9,71.7,50.0,54.0,41.0,43.0,28.0,43.0
2022-11-13 23:20:00,0,6.4,63.6,-8.0,15.0,0.1892195121951219,12.3,1389.6,-1.9,71.7,50.0,53.0,40.0,42.0,28.0,43.0
2022-11-13 23:30:00,0,6.1,69.8,-1.9,15.0,0.1670731707317073,12.0,1357.3,-1.8,71.7,50.0,53.0,40.0,42.0,27.0,43.0
2022-11-13 23:40:00,0,6.1,67.3,-4.4,15.0,0.1679512195121951,12.0,1362.7,-1.8,71.7,49.0,52.0,40.0,42.0,27.0,43.0
2022-11-13 23:50:00,0,6.7,80.1,8.4,15.0,0.2266341463414634,12.7,1443.8,-2.0,71.7,49.0,53.0,40.0,42.0,27.0,43.0
2022-11-14 00:00:00,0,7.3,73.0,-6.4,15.0,0.3173658536585366,13.5,1533.1,-2.1,79.4,50.0,55.0,40.0,42.0,28.0,43.0
2022-11-14 00:10:00,0,7.4,93.7,6.6,15.0,0.2926829268292683,13.6,1537.8,-2.1,87.1,50.0,55.0,40.0,42.0,28.0,43.0
2022-11-14 00:20:00,0,7.9,73.7,-13.3,16.0,0.3617073170731707,14.1,1601.1,-2.2,87.1,51.0,56.0,40.0,42.0,27.0,43.0
2022-11-14 00:30:00,0,7.7,98.7,11.6,16.0,0.3886829268292682,13.9,1579.0,-2.2,87.1,51.0,57.0,40.0,42.0,27.0,43.0
2022-11-14 00:40:00,0,6.7,105.4,10.6,16.0,0.2361951219512195,12.7,1437.8,-2.0,94.8,51.0,55.0,40.0,42.0,28.0,43.0
2022-11-14 00:50:00,0,6.6,95.8,0.9,16.0,0.1975609756097561,12.6,1424.8,-1.9,94.8,50.0,54.0,40.0,42.0,27.0,42.0
2022-11-14 01:00:00,0,5.7,105.4,10.6,15.0,0.1325853658536585,11.6,1311.4,-1.6,94.8,49.0,52.0,40.0,42.0,27.0,42.0
2022-11-14 01:10:00,0,5.3,75.3,-19.5,15.0,0.1003414634146341,11.3,1281.3,-1.3,94.8,49.0,51.0,40.0,41.0,27.0,42.0
2022-11-14 01:20:00,0,6.6,102.0,7.1,16.0,0.1975609756097561,12.6,1429.6,-2.0,94.8,48.0,52.0,39.0,41.0,27.0,42.0
2022-11-14 01:30:00,0,7.3,92.4,-2.4,16.0,0.2666341463414634,13.6,1540.7,-2.1,94.8,49.0,54.0,39.0,41.0,27.0,42.0
2022-11-14 01:40:00,0,8.0,110.8,7.6,16.0,0.3035121951219512,14.3,1616.2,-2.2,103.2,50.0,55.0,40.0,42.0,28.0,42.0
2022-11-14 01:50:00,0,8.5,103.8,0.6000000000000001,16.0,0.3992682926829268,14.4,1633.2,-2.2,103.2,51.0,56.0,40.0,42.0,27.0,42.0
2022-11-14 02:00:00,0,8.4,92.8,-10.4,16.0,0.3793170731707317,14.5,1639.9,-2.2,103.2,51.0,57.0,40.0,42.0,27.0,41.0
2022-11-14 02:10:00,0,8.0,92.3,-4.3,16.0,0.3391219512195122,14.2,1611.3,-2.2,96.6,51.0,57.0,40.0,43.0,27.0,41.0
2022-11-14 02:20:00,0,7.7,94.2,-2.4,16.0,0.310390243902439,14.0,1587.9,-2.2,96.6,52.0,57.0,41.0,43.0,28.0,40.0
2022-11-14 02:30:00,0,8.1,105.1,8.6,16.0,0.3551707317073171,14.3,1623.1,-2.3,96.6,52.0,57.0,41.0,43.0,28.0,39.0
2022-11-14 02:40:00,0,8.4,91.2,-5.3,16.0,0.3952682926829268,14.4,1634.4,-2.2,96.6,52.0,57.0,41.0,43.0,28.0,38.0
2022-11-14 02:50:00,0,8.3,82.4,-13.8,16.0,0.4098048780487805,14.4,1631.3,-2.3,96.2,53.0,58.0,41.0,44.0,28.0,37.0
2022-11-14 03:00:00,0,8.4,102.6,6.4,16.0,0.4474146341463414,14.5,1640.4,-2.2,96.2,53.0,58.0,41.0,44.0,27.0,37.0
2022-11-14 03:10:00,0,8.2,98.8,2.6,16.0,0.4201463414634146,14.3,1623.6,-2.2,96.2,53.0,58.0,41.0,44.0,28.0,36.0
2022-11-14 03:20:00,0,8.3,85.3,-10.9,16.0,0.4254634146341464,14.3,1623.8,-2.2,96.2,53.0,58.0,42.0,44.0,28.0,36.0
2022-11-14 03:30:00,0,7.9,80.1,-16.1,16.0,0.3733170731707317,14.1,1593.0,-2.2,96.2,54.0,58.0,42.0,44.0,28.0,35.0
2022-11-14 03:40:00,0,6.8,104.8,8.6,16.0,0.2198048780487805,12.9,1463.4,-2.0,96.2,53.0,56.0,42.0,44.0,28.0,35.0
2022-11-14 03:50:00,0,6.4,94.2,-2.0,16.0,0.1794634146341463,12.3,1394.6,-1.9,96.2,52.0,54.0,41.0,44.0,28.0,34.0
2022-11-14 04:00:00,0,7.5,108.7,12.4,16.0,0.2902926829268293,13.8,1562.4,-2.2,96.2,52.0,55.0,41.0,43.0,28.0,34.0
2022-11-14 04:10:00,0,7.5,100.8,4.6,16.0,0.2739512195121951,13.8,1560.9,-2.2,96.2,52.0,56.0,41.0,43.0,28.0,34.0
2022-11-14 04:20:00,0,7.8,99.8,3.6,16.0,0.3375609756097561,14.2,1603.8,-2.2,96.2,52.0,56.0,41.0,43.0,28.0,33.0
2022-11-14 04:30:00,0,8.4,96.9,0.6000000000000001,16.0,0.4447317073170732,14.5,1648.0,-2.3,96.2,53.0,58.0,41.0,44.0,27.0,33.0
2022-11-14 04:40:00,0,8.5,105.9,1.9,16.0,0.4241951219512195,14.5,1646.7,-2.3,103.9,53.0,58.0,41.0,44.0,28.0,33.0
2022-11-14 04:50:00,0,7.0,105.1,1.1,16.0,0.2444878048780487,13.1,1485.6,-2.1,104.0,53.0,57.0,41.0,44.0,28.0,32.0
2022-11-14 05:00:00,0,6.5,108.9,-3.8,16.0,0.1754634146341463,12.4,1407.9,-2.0,112.7,52.0,54.0,41.0,44.0,28.0,32.0
2022-11-14 05:10:00,0,6.4,105.4,0.1,16.0,0.1681951219512195,12.2,1387.6,-2.0,105.3,51.0,53.0,41.0,43.0,28.0,32.0
2022-11-14 05:20:00,0,6.5,104.3,-1.0,16.0,0.192,12.4,1408.1,-2.0,105.3,51.0,53.0,41.0,42.0,28.0,32.0
2022-11-14 05:30:00,0,6.6,114.8,9.4,16.0,0.1854634146341463,12.6,1423.0,-2.0,105.3,50.0,53.0,40.0,42.0,28.0,31.0
2022-11-14 05:40:00,0,6.5,92.3,-13.0,16.0,0.1458048780487804,12.3,1397.4,-2.0,105.3,50.0,52.0,40.0,42.0,27.0,31.0
2022-11-14 05:50:00,0,7.2,96.3,-0.6000000000000001,16.0,0.2266341463414634,13.4,1522.8,-2.1,96.9,50.0,53.0,40.0,41.0,28.0,31.0
2022-11-14 06:00:00,0,8.1,97.5,0.6000000000000001,16.0,0.342,14.3,1623.6,-2.3,96.9,51.0,56.0,40.0,41.0,27.0,31.0
2022-11-14 06:10:00,0,8.1,94.5,-2.4,16.0,0.3184878048780488,14.3,1620.4,-2.2,96.9,51.0,56.0,40.0,42.0,27.0,31.0
2022-11-14 06:20:00,0,7.3,80.1,-16.8,16.0,0.2805365853658537,13.5,1533.9,-2.1,96.9,51.0,56.0,40.0,42.0,27.0,31.0
2022-11-14 06:30:00,0,7.3,90.4,1.5,15.0,0.2772682926829268,13.5,1527.9,-2.1,88.9,51.0,55.0,40.0,42.0,27.0,30.0
2022-11-14 06:40:00,0,8.0,93.1,4.6,15.0,0.3720487804878049,14.3,1616.8,-2.2,88.5,52.0,56.0,40.0,42.0,27.0,30.0
2022-11-14 06:50:00,0,9.0,78.2,-10.3,16.0,0.5321463414634147,14.7,1660.2,-2.1,88.5,52.0,58.0,40.0,42.0,27.0,30.0
2022-11-14 07:00:00,0,8.7,65.7,-22.8,16.0,0.5036585365853659,14.6,1651.5,-2.2,88.5,53.0,58.0,41.0,43.0,27.0,30.0
2022-11-14 07:10:00,0,8.9,86.2,-2.3,16.0,0.53,14.7,1661.9,-2.2,88.5,54.0,59.0,41.0,43.0,27.0,30.0
2022-11-14 07:20:00,0,8.8,99.6,11.1,16.0,0.4961463414634146,14.6,1658.2,-2.2,88.5,54.0,59.0,41.0,44.0,28.0,30.0
2022-11-14 07:30:00,0,8.6,91.0,2.5,16.0,0.4771219512195122,14.6,1653.3,-2.3,88.5,54.0,59.0,42.0,44.0,28.0,29.0
2022-11-14 07:40:00,0,8.0,96.7,8.1,16.0,0.4025365853658537,14.3,1618.0,-2.2,88.5,54.0,59.0,42.0,45.0,28.0,29.0
2022-11-14 07:50:00,0,7.4,91.1,-4.4,16.0,0.2923414634146341,13.7,1551.6,-2.2,95.5,54.0,57.0,42.0,45.0,28.0,29.0
2022-11-14 08:00:00,0,8.2,87.1,-8.4,16.0,0.3768292682926829,14.4,1627.9,-2.3,95.5,54.0,57.0,42.0,45.0,28.0,29.0
2022-11-14 08:10:00,0,8.9,84.2,-11.3,16.0,0.4959512195121951,14.6,1657.7,-2.2,95.5,54.0,59.0,42.0,45.0,28.0,29.0
2022-11-14 08:20:00,0,8.8,97.1,1.6,16.0,0.4981463414634146,14.6,1658.8,-2.2,95.5,55.0,59.0,42.0,45.0,28.0,29.0
2022-11-14 08:30:00,0,8.3,100.5,4.9,16.0,0.4371219512195122,14.4,1634.2,-2.2,95.5,55.0,59.0,42.0,45.0,28.0,29.0
2022-11-14 08:40:00,0,8.8,98.3,2.8,16.0,0.4821951219512195,14.6,1652.8,-2.2,95.5,55.0,59.0,43.0,45.0,28.0,29.0
2022-11-14 08:50:00,0,8.2,103.9,8.4,16.0,0.399170731707317,14.5,1643.3,-2.3,95.5,55.0,59.0,43.0,46.0,28.0,29.0
2022-11-14 09:00:00,0,8.1,100.2,4.6,16.0,0.3794634146341463,14.4,1634.2,-2.3,95.5,55.0,59.0,43.0,46.0,29.0,29.0
2022-11-14 09:10:00,0,7.4,96.2,0.7000000000000001,16.0,0.2723414634146341,13.7,1552.8,-2.2,95.5,55.0,58.0,43.0,46.0,28.0,29.0
2022-11-14 09:20:00,0,6.2,98.8,3.3,16.0,0.1642439024390244,12.1,1368.6,-1.9,95.5,53.0,55.0,43.0,45.0,28.0,29.0
2022-11-14 09:30:00,0,5.4,95.8,-7.8,16.0,0.0970243902439024,11.4,1290.8,-1.4,103.6,52.0,53.0,42.0,44.0,28.0,29.0
2022-11-14 09:40:00,0,6.1,102.1,-1.5,17.0,0.1441463414634146,11.9,1346.0,-1.8,103.6,51.0,53.0,42.0,44.0,28.0,29.0
2022-11-14 09:50:00,0,6.4,95.4,-2.2,17.0,0.1822926829268292,12.3,1395.6,-1.9,97.6,51.0,53.0,41.0,43.0,28.0,28.0
2022-11-14 10:00:00,0,6.7,119.3,21.7,17.0,0.2226341463414634,12.8,1448.2,-2.0,97.6,51.0,53.0,41.0,43.0,28.0,28.0
2022-11-14 10:10:00,0,8.1,102.2,4.6,17.0,0.3807317073170732,14.1,1599.8,-2.2,97.6,52.0,56.0,41.0,43.0,28.0,29.0
2022-11-14 10:20:00,0,8.3,90.9,1.3,18.0,0.4812195121951219,14.3,1622.8,-2.2,89.6,53.0,58.0,41.0,43.0,28.0,29.0
2022-11-14 10:30:00,0,7.5,99.1,9.6,18.0,0.3241951219512195,13.7,1554.7,-2.2,89.6,53.0,57.0,42.0,43.0,29.0,29.0
2022-11-14 10:40:00,0,6.2,109.4,13.5,18.0,0.1890731707317073,12.4,1407.4,-1.6,95.9,52.0,56.0,42.0,44.0,29.0,29.0
2022-11-14 10:50:00,0,5.6,114.8,11.5,18.0,0.1237560975609756,11.6,1317.7,-1.5,103.2,51.0,53.0,42.0,44.0,29.0,29.0
2022-11-14 11:00:00,0,5.5,105.6,-4.3,18.0,0.1139024390243902,11.6,1315.9,-1.4,109.9,50.0,53.0,41.0,43.0,29.0,29.0
2022-11-14 11:10:00,0,5.1,108.9,-1.3,19.0,0.0744878048780487,11.2,1263.6,-1.2,110.2,49.0,51.0,41.0,43.0,29.0,29.0
2022-11-14 11:20:00,0,4.6,93.0,-8.8,19.0,0.0633658536585365,11.1,1261.6,-0.8,101.8,49.0,51.0,41.0,43.0,29.0,29.0
2022-11-14 11:30:00,0,4.2,93.5,-8.7,19.0,0.0352682926829268,11.1,1256.3,-0.1,102.2,48.0,49.0,41.0,42.0,29.0,29.0
2022-11-14 11:40:00,0,5.5,103.6,-0.7000000000000001,19.0,0.1396585365853658,12.0,1362.3,-1.0,104.3,48.0,50.0,41.0,42.0,29.0,30.0
2022-11-14 11:50:00,0,6.1,140.0,44.8,19.0,0.1769268292682926,12.1,1372.2,-1.7000000000000002,95.2,48.0,52.0,41.0,42.0,29.0,30.0
2022-11-14 12:00:00,0,6.9,108.1,1.0,20.0,0.2495121951219512,13.0,1473.8,-2.0,107.1,49.0,54.0,41.0,42.0,30.0,30.0
2022-11-14 12:10:00,0,5.9,97.1,-10.0,20.0,0.1738048780487805,12.2,1377.3,-1.5,107.1,48.0,53.0,41.0,42.0,30.0,30.0
2022-11-14 12:20:00,0,7.8,124.8,27.6,20.0,0.3624390243902439,14.0,1581.4,-2.2,97.3,50.0,56.0,41.0,43.0,30.0,30.0
2022-11-14 12:30:00,0,6.3,117.9,20.6,20.0,0.1959512195121951,12.4,1399.7,-1.8,97.3,50.0,55.0,42.0,43.0,30.0,30.0
2022-11-14 12:40:00,0,6.5,98.1,-6.8,20.0,0.1961463414634146,12.5,1421.1,-2.0,105.0,50.0,54.0,42.0,44.0,30.0,30.0
2022-11-14 12:50:00,0,7.0,108.4,3.5,20.0,0.2339512195121951,13.0,1474.6,-2.0,105.0,50.0,55.0,42.0,44.0,30.0,30.0
2022-11-14 13:00:00,0,6.5,75.1,-20.4,21.0,0.2240975609756097,12.8,1446.7,-1.8,95.5,50.0,55.0,42.0,44.0,30.0,31.0
2022-11-14 13:10:00,0,6.0,90.7,-7.9,21.0,0.1582926829268292,12.1,1370.7,-1.6,98.6,50.0,54.0,42.0,44.0,30.0,31.0
2022-11-14 13:20:00,0,6.6,67.0,-19.4,21.0,0.2118536585365853,12.7,1436.8,-1.9,86.4,50.0,54.0,42.0,44.0,31.0,31.0
2022-11-14 13:30:00,0,6.8,59.1,-36.1,21.0,0.2335121951219512,12.9,1463.4,-2.0,95.2,50.0,55.0,43.0,44.0,31.0,31.0
2022-11-14 13:40:00,0,7.0,109.2,13.6,21.0,0.2578048780487805,13.2,1494.5,-2.1,95.5,51.0,56.0,43.0,45.0,31.0,31.0
2022-11-14 13:50:00,0,6.9,109.0,5.4,21.0,0.2276097560975609,13.0,1470.6,-2.0,103.6,51.0,56.0,43.0,45.0,31.0,31.0
2022-11-14 14:00:00,0,6.2,90.3,-15.4,22.0,0.1714634146341463,12.2,1377.3,-1.8,105.7,51.0,55.0,43.0,45.0,31.0,31.0
2022-11-14 14:10:00,0,6.3,95.7,-3.7,22.0,0.1753170731707317,12.2,1382.5,-1.9,99.4,50.0,54.0,43.0,45.0,32.0,32.0
2022-11-14 14:20:00,0,6.3,87.6,-13.2,22.0,0.168390243902439,12.2,1381.5,-1.8,100.8,50.0,55.0,43.0,45.0,32.0,32.0
2022-11-14 14:30:00,0,6.1,105.5,5.5,22.0,0.1446341463414634,12.0,1358.5,-1.8,100.1,50.0,54.0,43.0,45.0,32.0,32.0
2022-11-14 14:40:00,0,4.7,96.1,4.1,22.0,0.0744878048780487,11.1,1261.5,-0.8,92.0,49.0,52.0,43.0,45.0,32.0,32.0
2022-11-14 14:50:00,0,5.0,83.6,-18.2,22.0,0.0797073170731707,11.2,1264.8,-1.1,101.8,49.0,52.0,43.0,45.0,32.0,32.0
2022-11-14 15:00:00,0,4.7,99.2,-2.9,22.0,0.058780487804878,11.1,1255.9,-0.8,102.2,48.0,51.0,43.0,44.0,32.0,32.0
2022-11-14 15:10:00,0,4.5,117.6,8.5,23.0,0.0480487804878048,11.2,1266.6,-0.5,109.1,48.0,50.0,43.0,44.0,31.0,32.0
2022-11-14 15:20:00,0,4.4,64.4,-10.7,23.0,0.0455121951219512,11.1,1256.0,-0.6000000000000001,75.2,47.0,50.0,43.0,44.0,32.0,33.0
2022-11-14 15:30:00,0,4.9,72.8,3.2,23.0,0.0730243902439024,11.1,1261.7,-1.0,69.6,47.0,50.0,43.0,44.0,32.0,33.0
2022-11-14 15:40:00,0,4.8,66.6,-20.1,23.0,0.0638536585365853,11.2,1273.8,-0.9,86.7,47.0,51.0,43.0,44.0,32.0,33.0
2022-11-14 15:50:00,0,4.9,81.3,11.0,23.0,0.0778048780487804,11.1,1258.0,-1.0,70.3,47.0,51.0,43.0,44.0,32.0,33.0
2022-11-14 16:00:00,0,3.9,95.1,6.3,23.0,0.0206829268292682,11.0,1251.3,0.4,88.9,46.0,50.0,43.0,44.0,32.0,33.0
2022-11-14 16:10:00,0,3.3,97.5,10.0,23.0,-0.0068292682926829,5.4,629.4,37.4,87.5,45.0,47.0,43.0,44.0,32.0,34.0
2022-11-14 16:20:00,0,4.2,95.9,-1.1,23.0,0.0390731707317073,11.1,1251.9,-0.4,96.9,45.0,48.0,42.0,44.0,32.0,36.0
2022-11-14 16:30:00,0,4.2,95.7,-4.0,23.0,0.0321463414634146,11.0,1248.8,-0.4,99.7,45.0,48.0,43.0,44.0,32.0,37.0
2022-11-14 16:40:00,0,3.8,94.1,2.0,23.0,0.012780487804878,11.0,1248.7,0.1,92.0,45.0,48.0,43.0,44.0,32.0,38.0
2022-11-14 16:50:00,0,3.6,116.5,16.4,23.0,0.0064390243902439,8.6,977.6,8.1,100.1,44.0,47.0,43.0,44.0,31.0,39.0
2022-11-14 17:00:00,0,4.3,96.4,3.4,22.0,0.0309756097560975,11.0,1249.5,-0.4,93.1,44.0,47.0,42.0,44.0,31.0,40.0
2022-11-14 17:10:00,0,4.4,104.4,4.0,22.0,0.0364878048780487,11.0,1249.5,-0.6000000000000001,100.4,44.0,48.0,43.0,43.0,32.0,41.0
2022-11-14 17:20:00,0,3.8,108.7,8.2,22.0,0.0106341463414634,11.0,1248.9,0.0,100.4,44.0,47.0,43.0,43.0,31.0,41.0
2022-11-14 17:30:00,0,4.3,109.1,8.7,22.0,0.0317073170731707,11.0,1249.3,-0.5,100.4,44.0,48.0,43.0,43.0,32.0,42.0
2022-11-14 17:40:00,0,4.5,101.3,-6.8,22.0,0.0410731707317073,11.0,1249.5,-0.7000000000000001,108.2,44.0,48.0,43.0,43.0,31.0,43.0
2022-11-14 17:50:00,0,5.3,114.3,-1.8,21.0,0.0770731707317073,11.2,1265.6,-1.3,116.2,44.0,49.0,43.0,43.0,31.0,43.0
2022-11-14 18:00:00,0,5.5,125.2,9.0,21.0,0.087560975609756,11.3,1279.0,-1.6,116.2,45.0,50.0,42.0,43.0,31.0,43.0
2022-11-14 18:10:00,0,5.0,107.6,-1.7000000000000002,21.0,0.0693170731707317,11.1,1260.7,-1.1,109.2,45.0,49.0,42.0,43.0,31.0,44.0
2022-11-14 18:20:00,0,3.9,133.4,7.7,20.0,0.0218536585365853,11.0,1248.9,0.1,125.7,44.0,48.0,42.0,43.0,31.0,44.0
2022-11-14 18:30:00,0,4.0,125.7,0.0,20.0,0.0192682926829268,11.0,1248.6,0.0,125.7,43.0,47.0,42.0,43.0,31.0,44.0
2022-11-14 18:40:00,0,4.6,133.8,0.1,19.0,0.037170731707317,11.0,1251.1,-0.8,133.7,43.0,47.0,42.0,43.0,30.0,44.0
2022-11-14 18:50:00,0,5.0,120.5,-6.9,19.0,0.0735609756097561,11.1,1260.1,-1.1,127.4,44.0,48.0,42.0,43.0,30.0,45.0
2022-11-14 19:00:00,0,4.9,103.7,-16.0,19.0,0.0845853658536585,11.1,1257.1,-1.0,119.7,44.0,48.0,42.0,42.0,30.0,45.0
2022-11-14 19:10:00,0,6.0,127.4,7.6,19.0,0.1468780487804878,11.7,1330.1,-1.8,119.7,45.0,50.0,41.0,42.0,30.0,45.0
2022-11-14 19:20:00,0,6.0,137.3,9.8,18.0,0.1286829268292683,11.8,1331.0,-1.8,127.4,45.0,51.0,41.0,42.0,30.0,45.0
2022-11-14 19:30:00,0,6.2,125.4,-2.0,18.0,0.1097073170731707,12.0,1358.6,-1.9,127.4,45.0,50.0,41.0,42.0,30.0,45.0
2022-11-14 19:40:00,0,4.9,118.2,-3.6,18.0,0.0447317073170731,11.1,1261.4,-1.0,121.8,45.0,49.0,41.0,42.0,30.0,45.0
2022-11-14 19:50:00,0,3.7,121.7,2.7,18.0,0.004390243902439,7.7,873.0,10.7,119.0,43.0,46.0,41.0,42.0,28.0,45.0
2022-11-14 20:00:00,0,3.9,91.6,-12.0,18.0,0.0115121951219512,10.4,1176.9,2.5,103.6,43.0,45.0,40.0,41.0,28.0,44.0
2022-11-14 20:10:00,0,6.2,104.5,11.4,17.0,0.1433658536585365,12.2,1378.8,-1.8,93.1,44.0,47.0,40.0,41.0,29.0,44.0
2022-11-14 20:20:00,0,6.6,97.6,4.5,17.0,0.1912682926829268,12.5,1418.7,-2.0,93.1,45.0,51.0,40.0,40.0,29.0,44.0
2022-11-14 20:30:00,0,6.1,107.2,14.1,17.0,0.138780487804878,11.9,1347.5,-1.8,93.1,45.0,51.0,40.0,40.0,28.0,44.0
2022-11-14 20:40:00,0,7.0,81.2,-19.2,17.0,0.2298048780487805,13.2,1493.3,-2.1,100.4,46.0,52.0,40.0,40.0,29.0,44.0
2022-11-14 20:50:00,0,8.1,99.0,-1.4,17.0,0.3688780487804878,14.3,1614.9,-2.2,100.4,47.0,55.0,40.0,41.0,29.0,44.0
2022-11-14 21:00:00,0,7.9,88.5,-11.9,16.0,0.3666341463414634,14.1,1598.7,-2.2,100.4,48.0,57.0,40.0,41.0,28.0,44.0
2022-11-14 21:10:00,0,6.4,114.0,19.5,16.0,0.2137560975609756,12.4,1404.5,-1.9,94.5,48.0,55.0,40.0,41.0,28.0,44.0
2022-11-14 21:20:00,0,8.0,71.8,-22.7,16.0,0.4334146341463414,13.7,1557.4,-2.0,94.5,49.0,55.0,40.0,41.0,28.0,44.0
2022-11-14 21:30:00,0,10.3,86.7,-15.1,16.0,0.7681951219512195,14.7,1667.9,-1.1,101.8,51.0,59.0,41.0,42.0,28.0,44.0
2022-11-14 21:40:00,0,9.4,98.9,-2.9,16.0,0.596048780487805,14.6,1658.6,-1.8,101.8,52.0,60.0,41.0,44.0,28.0,44.0
2022-11-14 21:50:00,0,8.8,100.2,-1.7000000000000002,16.0,0.4933658536585366,14.5,1640.3,-2.1,101.8,53.0,59.0,42.0,45.0,29.0,44.0
2022-11-14 22:00:00,0,8.9,99.1,-2.7,17.0,0.5325365853658537,14.5,1647.1,-2.1,101.8,53.0,59.0,42.0,45.0,29.0,44.0
2022-11-14 22:10:00,0,9.1,104.5,2.7,17.0,0.5625853658536585,14.6,1649.9,-2.0,101.8,54.0,60.0,43.0,46.0,29.0,44.0
2022-11-14 22:20:00,0,9.1,90.6,-11.2,17.0,0.5629268292682926,14.6,1654.0,-2.0,101.8,55.0,60.0,43.0,47.0,29.0,44.0
2022-11-14 22:30:00,0,9.2,103.3,1.4,17.0,0.5856097560975609,14.6,1656.0,-1.9,101.8,55.0,60.0,44.0,47.0,29.0,44.0
2022-11-14 22:40:00,0,9.2,99.4,-2.4,17.0,0.5750243902439024,14.6,1652.7,-1.9,101.8,56.0,60.0,44.0,48.0,30.0,44.0
2022-11-14 22:50:00,0,10.4,85.6,-16.2,17.0,0.8002926829268292,14.7,1666.1,-0.9,101.8,56.0,62.0,45.0,48.0,30.0,44.0
2022-11-14 23:00:00,0,9.2,112.0,10.2,17.0,0.600390243902439,14.5,1645.1,-1.7000000000000002,101.8,53.0,62.0,45.0,50.0,30.0,44.0
2022-11-14 23:10:00,0,8.2,105.7,3.9,17.0,0.4554146341463415,14.2,1613.5,-2.2,101.8,52.0,60.0,46.0,57.0,30.0,44.0
2022-11-14 23:20:00,0,8.8,109.5,-0.4,17.0,0.5531707317073171,14.1,1599.7,-1.6,109.9,51.0,59.0,46.0,62.0,31.0,44.0
2022-11-14 23:30:00,0,8.9,131.4,21.5,17.0,0.5540487804878048,14.3,1617.6,-1.8,109.9,53.0,59.0,46.0,64.0,30.0,44.0
2022-11-14 23:40:00,0,10.0,112.3,8.7,17.0,0.7511707317073171,14.7,1664.9,-1.3,103.6,55.0,61.0,46.0,66.0,30.0,44.0
2022-11-14 23:50:00,0,10.7,111.4,7.8,17.0,0.8472195121951219,14.7,1667.2,-0.1,103.6,56.0,62.0,46.0,68.0,31.0,44.0
2022-11-15 00:00:00,0,9.7,118.3,7.3,17.0,0.6877073170731707,14.6,1657.2,-1.5,111.0,53.0,62.0,47.0,69.0,31.0,44.0
2022-11-15 00:10:00,0,9.8,126.5,15.6,17.0,0.7112195121951219,14.6,1658.1,-1.5,111.0,53.0,61.0,47.0,70.0,31.0,44.0
2022-11-15 00:20:00,0,9.9,109.8,-1.1,17.0,0.7169756097560975,14.6,1658.9,-1.4,111.0,52.0,61.0,48.0,72.0,31.0,44.0
2022-11-15 00:30:00,0,10.1,105.7,-5.2,17.0,0.7312682926829268,14.7,1662.0,-1.1,111.0,52.0,62.0,48.0,75.0,31.0,44.0
2022-11-15 00:40:00,0,9.8,128.6,17.7,17.0,0.709170731707317,14.7,1660.4,-1.5,111.0,52.0,61.0,48.0,78.0,31.0,44.0
2022-11-15 00:50:00,0,10.3,116.7,5.8,17.0,0.7900975609756098,14.7,1666.3,-0.9,111.0,52.0,61.0,49.0,79.0,31.0,44.0
2022-11-15 01:00:00,0,11.3,97.8,-13.1,17.0,0.8671707317073171,14.7,1668.8,1.2,111.0,52.0,62.0,49.0,79.0,32.0,44.0
2022-11-15 01:10:00,0,12.4,87.9,-23.0,17.0,0.944780487804878,14.9,1682.0,3.4,110.9,53.0,63.0,50.0,81.0,31.0,44.0
2022-11-15 01:20:00,0,14.2,94.1,-13.0,17.0,0.9725853658536584,14.9,1682.2,8.1,107.1,53.0,63.0,50.0,82.0,32.0,45.0
2022-11-15 01:30:00,0,13.4,86.3,-20.8,17.0,0.974390243902439,14.8,1682.0,6.7,107.1,54.0,64.0,51.0,83.0,32.0,46.0
2022-11-15 01:40:00,0,12.8,104.0,-3.0,17.0,0.961658536585366,14.8,1680.3,5.1,107.1,54.0,64.0,52.0,85.0,31.0,47.0
2022-11-15 01:50:00,0,11.2,117.2,10.1,17.0,0.8984878048780488,14.8,1672.4,0.9,107.1,54.0,64.0,53.0,85.0,31.0,47.0
2022-11-15 02:00:00,0,10.6,114.4,7.3,17.0,0.8499512195121952,14.7,1664.1,-0.2,107.1,54.0,63.0,54.0,86.0,31.0,48.0
2022-11-15 02:10:00,0,11.2,126.2,19.1,17.0,0.8961951219512195,14.8,1675.2,1.0,107.1,54.0,63.0,54.0,86.0,31.0,48.0
2022-11-15 02:20:00,0,11.3,122.5,15.4,17.0,0.8770243902439024,14.8,1672.7,1.2,107.1,54.0,64.0,55.0,87.0,31.0,48.0
2022-11-15 02:30:00,0,10.9,105.0,-2.1,17.0,0.8608292682926829,14.7,1670.0,-0.1,107.1,54.0,63.0,55.0,87.0,31.0,48.0
2022-11-15 02:40:00,0,11.8,104.7,-2.4,17.0,0.96,14.8,1676.5,2.6,107.1,54.0,64.0,55.0,87.0,31.0,48.0
2022-11-15 02:50:00,0,11.5,99.2,-7.8,17.0,0.9359024390243902,14.8,1676.8,1.8,107.1,55.0,64.0,55.0,87.0,31.0,48.0
2022-11-15 03:00:00,0,13.1,106.8,-0.3,17.0,0.9734146341463414,14.8,1681.2,5.7,107.1,55.0,64.0,56.0,88.0,31.0,49.0
2022-11-15 03:10:00,0,13.2,97.7,-9.4,17.0,0.9625365853658536,14.8,1678.6,5.9,107.1,55.0,64.0,56.0,88.0,32.0,49.0
2022-11-15 03:20:00,0,13.4,111.7,4.6,17.0,0.9722439024390244,14.8,1682.1,6.0,107.1,55.0,64.0,56.0,89.0,31.0,50.0
2022-11-15 03:30:00,0,12.1,86.3,-20.8,17.0,0.96,14.8,1678.8,2.9,107.1,55.0,64.0,57.0,89.0,31.0,50.0
2022-11-15 03:40:00,0,11.7,116.0,9.2,17.0,0.9280487804878048,14.8,1675.8,1.4,106.7,55.0,64.0,57.0,89.0,31.0,50.0
2022-11-15 03:50:00,0,11.5,107.9,0.8,17.0,0.9060487804878048,14.8,1673.9,1.7000000000000002,107.1,55.0,64.0,57.0,89.0,31.0,50.0
2022-11-15 04:00:00,0,12.0,119.0,11.9,17.0,0.893951219512195,14.8,1673.0,2.6,107.1,55.0,64.0,57.0,89.0,31.0,50.0
2022-11-15 04:10:00,0,11.0,104.4,-2.7,17.0,0.8712682926829268,14.7,1670.8,0.4,107.1,55.0,64.0,57.0,89.0,31.0,51.0
2022-11-15 04:20:00,0,11.0,113.2,-0.9,17.0,0.8860975609756098,14.7,1666.9,0.6000000000000001,114.1,55.0,64.0,57.0,89.0,31.0,51.0
2022-11-15 04:30:00,0,10.1,107.9,-6.2,17.0,0.7659024390243901,14.6,1659.0,-0.9,114.1,55.0,63.0,57.0,89.0,31.0,50.0
2022-11-15 04:40:00,0,10.7,101.0,-13.1,17.0,0.8466829268292683,14.7,1664.5,-0.1,114.1,55.0,63.0,57.0,89.0,31.0,50.0
2022-11-15 04:50:00,0,10.6,102.6,-11.5,17.0,0.7967804878048781,14.7,1661.0,-0.3,114.1,54.0,63.0,56.0,88.0,31.0,50.0
2022-11-15 05:00:00,0,9.7,124.2,10.1,17.0,0.6905365853658536,14.5,1642.6,-1.3,114.1,54.0,63.0,56.0,87.0,31.0,50.0
2022-11-15 05:10:00,0,10.5,106.6,-7.5,17.0,0.7802439024390244,14.7,1661.1,-0.2,114.1,54.0,62.0,56.0,87.0,31.0,50.0
2022-11-15 05:20:00,0,10.5,112.8,-1.3,17.0,0.7894146341463414,14.7,1666.0,-0.7000000000000001,114.1,54.0,63.0,56.0,86.0,31.0,50.0
2022-11-15 05:30:00,0,10.0,116.0,1.8,16.0,0.7206341463414634,14.6,1650.9,-1.1,114.1,53.0,62.0,55.0,86.0,31.0,49.0
2022-11-15 05:40:00,0,10.0,128.8,14.7,16.0,0.7276585365853658,14.6,1653.2,-1.0,114.1,53.0,62.0,55.0,85.0,31.0,49.0
2022-11-15 05:50:00,0,9.8,104.8,-9.3,16.0,0.668,14.5,1646.6,-1.1,114.1,53.0,62.0,55.0,84.0,31.0,49.0
2022-11-15 06:00:00,0,10.2,96.8,-17.2,16.0,0.7729756097560975,14.6,1657.1,-0.9,114.1,53.0,62.0,54.0,84.0,31.0,49.0
2022-11-15 06:10:00,0,10.5,102.1,-5.3,16.0,0.8111707317073171,14.7,1663.7,-0.7000000000000001,107.4,53.0,62.0,54.0,83.0,31.0,49.0
2022-11-15 06:20:00,0,10.3,108.0,0.5,16.0,0.7845853658536586,14.7,1663.0,-1.0,107.4,53.0,62.0,54.0,83.0,31.0,48.0
2022-11-15 06:30:00,0,10.2,98.6,-8.8,16.0,0.7698536585365854,14.6,1657.1,-1.0,107.4,53.0,62.0,53.0,83.0,31.0,48.0
2022-11-15 06:40:00,0,10.1,96.2,-11.3,16.0,0.7505365853658537,14.6,1653.6,-0.9,107.4,52.0,62.0,53.0,82.0,31.0,48.0
2022-11-15 06:50:00,0,9.5,134.3,26.9,16.0,0.6650243902439024,14.5,1647.3,-1.5,107.4,52.0,61.0,53.0,82.0,31.0,48.0
2022-11-15 07:00:00,0,9.0,113.5,6.0,16.0,0.5620975609756097,14.5,1642.4,-2.0,107.4,51.0,60.0,53.0,81.0,31.0,48.0
2022-11-15 07:10:00,0,8.7,94.0,-13.4,16.0,0.5048780487804878,14.3,1619.8,-2.0,107.4,51.0,60.0,52.0,80.0,32.0,48.0
2022-11-15 07:20:00,0,9.3,115.1,7.6,16.0,0.6334146341463415,14.5,1640.5,-1.7000000000000002,107.4,51.0,60.0,52.0,80.0,32.0,48.0
2022-11-15 07:30:00,0,8.8,108.6,1.1,16.0,0.5529756097560975,14.4,1635.9,-2.0,107.4,50.0,60.0,51.0,79.0,31.0,48.0
2022-11-15 07:40:00,0,9.0,94.1,-13.3,16.0,0.5669756097560975,14.5,1640.2,-2.0,107.4,50.0,60.0,51.0,78.0,31.0,48.0
2022-11-15 07:50:00,0,8.7,103.7,-3.7,16.0,0.5015121951219512,14.4,1632.7,-2.1,107.4,53.0,59.0,50.0,76.0,31.0,47.0
2022-11-15 08:00:00,0,9.3,86.1,-21.3,16.0,0.5750243902439024,14.6,1652.6,-1.9,107.4,54.0,60.0,50.0,74.0,31.0,47.0
2022-11-15 08:10:00,0,9.6,109.1,1.7000000000000002,16.0,0.6508780487804878,14.6,1652.6,-1.5,107.4,55.0,61.0,49.0,72.0,31.0,47.0
2022-11-15 08:20:00,0,10.5,136.3,28.9,16.0,0.8012682926829268,14.7,1662.8,-0.7000000000000001,107.4,56.0,62.0,49.0,71.0,31.0,47.0
2022-11-15 08:30:00,0,10.2,100.7,-6.7,16.0,0.7437073170731707,14.7,1660.8,-1.1,107.4,54.0,62.0,49.0,70.0,31.0,47.0
2022-11-15 08:40:00,0,9.7,103.3,-4.1,16.0,0.6385853658536584,14.6,1656.7,-1.5,107.4,53.0,61.0,49.0,69.0,31.0,46.0
2022-11-15 08:50:00,0,9.7,119.2,11.7,16.0,0.6560487804878049,14.6,1651.1,-1.3,107.4,52.0,61.0,49.0,67.0,31.0,46.0
2022-11-15 09:00:00,0,9.6,102.1,-5.4,17.0,0.6855121951219512,14.5,1642.7,-1.4,107.4,52.0,61.0,49.0,66.0,31.0,46.0
2022-11-15 09:10:00,0,10.8,91.0,-9.1,17.0,0.8486829268292683,14.7,1669.0,-0.2,100.1,52.0,62.0,49.0,66.0,31.0,46.0
2022-11-15 09:20:00,0,10.2,88.0,-12.1,17.0,0.7434634146341463,14.7,1659.3,-0.6000000000000001,100.1,52.0,62.0,49.0,65.0,31.0,46.0
2022-11-15 09:30:00,0,9.0,106.7,6.6,17.0,0.5883414634146341,14.4,1631.8,-1.8,100.1,52.0,61.0,50.0,64.0,31.0,46.0
2022-11-15 09:40:00,0,10.8,116.2,16.1,17.0,0.835219512195122,14.8,1671.8,-0.3,100.1,52.0,61.0,50.0,63.0,31.0,46.0
2022-11-15 09:50:00,0,10.7,100.5,-7.6,17.0,0.7977560975609757,14.7,1659.8,-0.1,108.1,52.0,62.0,50.0,63.0,31.0,46.0
2022-11-15 10:00:00,0,9.6,91.0,-17.1,17.0,0.6645365853658536,14.5,1637.2,-1.1,108.1,52.0,62.0,50.0,62.0,31.0,46.0
2022-11-15 10:10:00,0,9.5,114.6,6.5,17.0,0.6708780487804877,14.5,1637.6,-1.3,108.1,51.0,61.0,50.0,62.0,31.0,46.0
2022-11-15 10:20:00,0,9.9,127.7,19.5,18.0,0.7124390243902439,14.5,1645.3,-1.1,108.1,52.0,61.0,50.0,61.0,32.0,46.0
2022-11-15 10:30:00,0,10.0,100.0,-8.2,18.0,0.7351219512195122,14.7,1659.4,-1.2,108.1,52.0,62.0,50.0,62.0,32.0,46.0
2022-11-15 10:40:00,0,8.5,115.4,15.3,18.0,0.4837560975609756,14.0,1591.1,-1.8,100.1,51.0,60.0,51.0,62.0,32.0,46.0
2022-11-15 10:50:00,0,9.7,100.9,-8.6,18.0,0.670829268292683,14.5,1640.7,-0.8,109.6,51.0,61.0,50.0,69.0,32.0,46.0
2022-11-15 11:00:00,0,10.4,103.0,-6.5,18.0,0.7741463414634147,14.5,1647.9,-0.6000000000000001,109.5,51.0,61.0,50.0,76.0,32.0,46.0
2022-11-15 11:10:00,0,10.3,112.1,10.6,18.0,0.7855609756097561,14.6,1654.9,-0.6000000000000001,101.5,52.0,62.0,50.0,79.0,32.0,46.0
2022-11-15 11:20:00,0,12.2,101.9,-9.7,18.0,0.9372682926829268,14.8,1676.3,3.0,111.7,52.0,63.0,51.0,81.0,32.0,46.0
2022-11-15 11:30:00,0,11.4,124.9,13.3,18.0,0.8781463414634146,14.7,1668.1,1.3,111.6,53.0,63.0,51.0,82.0,32.0,47.0
2022-11-15 11:40:00,0,12.2,103.9,1.7000000000000002,18.0,0.9318048780487804,14.8,1675.9,3.1,102.2,53.0,63.0,52.0,83.0,32.0,47.0
2022-11-15 11:50:00,0,11.7,110.0,0.8,18.0,0.9053170731707316,14.7,1670.2,2.1,109.2,54.0,64.0,52.0,84.0,32.0,48.0
2022-11-15 12:00:00,0,10.4,109.1,-0.1,19.0,0.7286341463414634,14.5,1643.4,0.2,109.2,53.0,62.0,53.0,85.0,32.0,48.0
2022-11-15 12:10:00,0,12.1,97.0,-4.8,19.0,0.9114146341463416,14.8,1674.3,3.3,101.8,54.0,64.0,53.0,85.0,32.0,48.0
2022-11-15 12:20:00,0,11.9,121.6,19.8,19.0,0.9080487804878048,14.8,1673.1,2.3,101.8,54.0,64.0,54.0,86.0,32.0,48.0
2022-11-15 12:30:00,0,10.8,97.7,-4.1,19.0,0.8185853658536585,14.7,1661.8,0.4,101.8,54.0,63.0,54.0,86.0,32.0,49.0
2022-11-15 12:40:00,0,12.1,97.3,-11.9,19.0,0.9262926829268292,14.8,1677.5,2.5,109.2,55.0,64.0,55.0,86.0,32.0,49.0
2022-11-15 12:50:00,0,9.6,104.9,-4.3,19.0,0.6589756097560976,14.4,1635.8,-1.3,109.2,54.0,63.0,55.0,87.0,32.0,49.0
2022-11-15 13:00:00,0,11.7,107.9,-1.3,19.0,0.8852682926829268,14.8,1673.0,1.5,109.2,54.0,63.0,55.0,87.0,33.0,49.0
2022-11-15 13:10:00,0,12.6,100.2,-0.6000000000000001,19.0,0.9494634146341464,14.8,1678.3,3.6,100.8,55.0,64.0,55.0,87.0,33.0,50.0
2022-11-15 13:20:00,0,12.3,106.4,4.9,19.0,0.9402926829268292,14.8,1676.8,3.0,101.5,55.0,65.0,56.0,87.0,33.0,50.0
2022-11-15 13:30:00,0,12.3,89.1,-12.3,19.0,0.9640975609756098,14.8,1679.2,3.4,101.5,56.0,65.0,56.0,88.0,33.0,50.0
2022-11-15 13:40:00,0,12.0,82.2,-19.2,19.0,0.9221463414634148,14.8,1675.5,2.8,101.5,56.0,65.0,56.0,89.0,33.0,51.0
2022-11-15 13:50:00,0,12.1,105.6,4.1,19.0,0.941658536585366,14.8,1677.7,3.0,101.5,56.0,65.0,57.0,89.0,33.0,51.0
2022-11-15 14:00:00,0,13.3,112.7,11.2,19.0,0.904829268292683,14.8,1670.8,5.8,101.5,56.0,65.0,57.0,89.0,34.0,51.0
2022-11-15 14:10:00,0,14.6,91.0,0.3,19.0,0.9752682926829268,14.8,1680.8,8.4,90.6,56.0,65.0,57.0,90.0,34.0,52.0
2022-11-15 14:20:00,0,13.5,87.3,-12.4,19.0,0.9729756097560976,14.8,1679.7,6.2,99.7,57.0,66.0,58.0,90.0,34.0,52.0
2022-11-15 14:30:00,0,12.2,91.5,-0.8,19.0,0.945219512195122,14.8,1675.8,3.7,92.4,57.0,66.0,58.0,90.0,34.0,52.0
2022-11-15 14:40:00,0,13.3,102.8,3.4,19.0,0.9688780487804878,14.8,1681.5,6.1,99.4,57.0,66.0,58.0,91.0,34.0,53.0
2022-11-15 14:50:00,0,13.2,118.5,19.1,19.0,0.9634634146341464,14.8,1678.8,5.4,99.4,57.0,66.0,59.0,91.0,34.0,52.0
2022-11-15 15:00:00,0,11.4,98.0,-9.8,19.0,0.8811707317073171,14.7,1667.5,1.3,107.8,55.0,66.0,59.0,91.0,36.0,44.0
2022-11-15 15:10:00,0,13.0,104.3,-3.4,19.0,0.9436585365853658,14.8,1678.3,4.8,107.8,54.0,65.0,59.0,91.0,36.0,43.0
2022-11-15 15:20:00,0,11.5,106.4,-1.3,19.0,0.8666341463414634,14.7,1667.1,1.4,107.8,53.0,64.0,59.0,92.0,36.0,45.0
2022-11-15 15:30:00,0,11.6,85.6,-26.0,19.0,0.8411219512195122,14.8,1671.6,1.3,111.6,52.0,63.0,59.0,91.0,36.0,47.0
2022-11-15 15:40:00,0,12.0,95.1,-8.5,19.0,0.9006341463414634,14.8,1677.0,2.7,103.6,51.0,63.0,59.0,91.0,35.0,47.0
2022-11-15 15:50:00,0,12.8,99.7,-3.8,19.0,0.9407317073170732,14.8,1674.7,4.6,103.6,51.0,64.0,59.0,91.0,36.0,48.0
2022-11-15 16:00:00,0,13.0,98.4,-5.2,19.0,0.9630243902439024,14.8,1680.5,5.1,103.6,51.0,64.0,59.0,91.0,35.0,48.0
2022-11-15 16:10:00,0,12.0,109.9,6.3,19.0,0.9242439024390244,14.8,1672.4,2.2,103.6,51.0,63.0,59.0,91.0,35.0,49.0
2022-11-15 16:20:00,0,12.1,99.4,-4.1,19.0,0.8922926829268293,14.7,1669.7,3.2,103.6,51.0,63.0,59.0,91.0,35.0,49.0
2022-11-15 16:30:00,0,11.8,109.1,5.5,18.0,0.9117073170731708,14.8,1674.5,2.4,103.6,55.0,63.0,59.0,91.0,35.0,50.0
2022-11-15 16:40:00,0,10.4,106.9,-3.3,19.0,0.718780487804878,14.6,1656.4,-0.4,110.3,53.0,63.0,59.0,91.0,35.0,50.0
2022-11-15 16:50:00,0,10.7,98.0,-12.2,19.0,0.8172682926829269,14.7,1666.0,-0.4,110.3,51.0,63.0,59.0,90.0,35.0,50.0
2022-11-15 17:00:00,0,10.2,92.1,-18.1,19.0,0.7199512195121952,14.7,1660.7,-1.1,110.3,53.0,62.0,58.0,89.0,35.0,50.0
2022-11-15 17:10:00,0,9.7,128.4,17.8,18.0,0.6488292682926828,14.5,1644.3,-1.3,110.6,56.0,62.0,58.0,89.0,35.0,50.0
2022-11-15 17:20:00,0,10.9,96.3,-16.1,18.0,0.7871707317073171,14.8,1672.3,-0.2,112.3,54.0,63.0,57.0,88.0,34.0,49.0
2022-11-15 17:30:00,0,9.7,110.1,6.2,18.0,0.6633658536585366,14.6,1656.8,-1.5,103.9,51.0,63.0,57.0,87.0,34.0,49.0
2022-11-15 17:40:00,0,8.9,98.3,-5.6,18.0,0.5062439024390244,14.5,1637.2,-2.0,103.9,54.0,61.0,56.0,86.0,33.0,49.0
2022-11-15 17:50:00,0,9.8,92.9,-3.3,18.0,0.6574634146341464,14.7,1663.2,-1.6,96.2,56.0,62.0,56.0,85.0,33.0,49.0
2022-11-15 18:00:00,0,9.9,94.0,-2.2,18.0,0.6561951219512195,14.7,1663.7,-1.4,96.2,55.0,62.0,55.0,84.0,34.0,49.0
2022-11-15 18:10:00,0,9.5,85.1,-11.1,17.0,0.5994146341463414,14.7,1662.0,-1.7000000000000002,96.2,51.0,62.0,54.0,83.0,34.0,48.0
2022-11-15 18:20:00,0,8.1,86.4,-1.4,17.0,0.4254634146341464,14.2,1611.0,-2.2,87.8,55.0,60.0,54.0,82.0,33.0,48.0
2022-11-15 18:30:00,0,8.5,91.4,3.6,17.0,0.4912682926829268,14.5,1639.5,-2.2,87.8,55.0,60.0,53.0,81.0,33.0,48.0
2022-11-15 18:40:00,0,8.3,89.9,2.0,17.0,0.4457560975609755,14.3,1614.8,-2.1,87.8,56.0,61.0,52.0,80.0,33.0,48.0
2022-11-15 18:50:00,0,8.2,92.4,4.6,17.0,0.4214146341463414,14.3,1615.2,-2.2,87.8,56.0,60.0,51.0,78.0,33.0,48.0
2022-11-15 19:00:00,0,9.3,107.5,12.0,17.0,0.5632195121951219,14.7,1659.5,-1.9,95.5,56.0,61.0,50.0,77.0,33.0,47.0
2022-11-15 19:10:00,0,9.3,88.3,-7.2,17.0,0.5640487804878048,14.6,1658.6,-1.9,95.5,51.0,61.0,50.0,77.0,32.0,47.0
2022-11-15 19:20:00,0,9.1,100.2,4.6,17.0,0.5385365853658537,14.7,1659.9,-2.0,95.5,55.0,60.0,49.0,76.0,32.0,47.0
2022-11-15 19:30:00,0,9.0,88.5,0.7000000000000001,17.0,0.5413170731707317,14.6,1650.7,-2.0,87.8,56.0,61.0,49.0,75.0,32.0,47.0
2022-11-15 19:40:00,0,9.6,82.0,-5.8,17.0,0.620390243902439,14.7,1661.5,-1.7000000000000002,87.8,56.0,61.0,48.0,73.0,32.0,46.0
2022-11-15 19:50:00,0,9.9,81.6,-6.2,17.0,0.6565365853658537,14.7,1667.5,-1.4,87.8,51.0,61.0,48.0,72.0,32.0,46.0
2022-11-15 20:00:00,0,9.1,85.7,-2.1,17.0,0.5669268292682927,14.6,1655.7,-2.0,87.8,55.0,61.0,48.0,71.0,32.0,46.0
2022-11-15 20:10:00,0,10.5,89.6,9.8,17.0,0.816,14.8,1675.6,-0.9,79.7,56.0,62.0,48.0,70.0,32.0,46.0
2022-11-15 20:20:00,0,10.6,89.5,10.1,17.0,0.8172682926829269,14.8,1673.1,-0.8,79.4,51.0,63.0,48.0,70.0,33.0,46.0
2022-11-15 20:30:00,0,10.5,83.0,-4.1,16.0,0.7823414634146342,14.7,1670.0,-0.8,87.1,52.0,62.0,48.0,70.0,32.0,45.0
2022-11-15 20:40:00,0,10.0,94.4,7.3,16.0,0.7027317073170731,14.8,1671.7,-1.4,87.1,56.0,62.0,48.0,70.0,32.0,45.0
2022-11-15 20:50:00,0,10.4,91.8,4.7,16.0,0.795170731707317,14.8,1675.4,-1.0,87.1,54.0,62.0,49.0,71.0,32.0,45.0
2022-11-15 21:00:00,0,9.8,92.9,5.7,16.0,0.6704390243902439,14.7,1667.7,-1.5,87.1,52.0,62.0,49.0,71.0,32.0,45.0
2022-11-15 21:10:00,0,9.1,77.8,-9.3,16.0,0.5412682926829268,14.6,1657.3,-2.0,87.1,55.0,61.0,49.0,71.0,32.0,45.0
2022-11-15 21:20:00,0,8.3,77.8,-9.3,16.0,0.4117560975609756,14.3,1622.4,-2.2,87.1,55.0,60.0,49.0,70.0,32.0,45.0
2022-11-15 21:30:00,0,8.0,87.1,7.7,16.0,0.4120975609756097,14.2,1604.8,-2.2,79.4,56.0,60.0,49.0,69.0,31.0,45.0
2022-11-15 21:40:00,0,8.2,86.0,6.6,16.0,0.4541463414634146,14.3,1619.3,-2.3,79.4,56.0,60.0,48.0,67.0,32.0,45.0
2022-11-15 21:50:00,0,9.1,82.5,3.1,16.0,0.5975121951219513,14.6,1656.7,-2.0,79.4,57.0,61.0,48.0,66.0,32.0,45.0
2022-11-15 22:00:00,0,9.2,84.8,5.4,16.0,0.6216585365853659,14.7,1667.5,-2.0,79.4,53.0,61.0,48.0,65.0,32.0,45.0
2022-11-15 22:10:00,0,9.2,111.8,25.7,16.0,0.5553658536585366,14.7,1662.8,-2.0,86.1,53.0,60.0,47.0,64.0,32.0,44.0
2022-11-15 22:20:00,0,9.5,85.9,-0.2,16.0,0.6166829268292683,14.7,1665.8,-1.8,86.1,56.0,61.0,47.0,63.0,31.0,44.0
2022-11-15 22:30:00,0,9.1,81.9,-4.1,16.0,0.5691219512195123,14.7,1667.5,-2.1,86.1,57.0,61.0,47.0,63.0,31.0,44.0
2022-11-15 22:40:00,0,8.9,89.5,3.4,16.0,0.5261951219512195,14.7,1661.2,-2.2,86.1,57.0,61.0,47.0,62.0,32.0,44.0
2022-11-15 22:50:00,0,8.9,96.2,2.7,16.0,0.4966829268292683,14.6,1656.9,-2.2,93.4,52.0,61.0,47.0,60.0,31.0,44.0
2022-11-15 23:00:00,0,9.1,98.0,4.6,16.0,0.5197560975609756,14.7,1660.4,-2.1,93.4,55.0,60.0,47.0,59.0,31.0,44.0
2022-11-15 23:10:00,0,8.4,94.8,1.3,16.0,0.4278536585365853,14.5,1640.4,-2.3,93.4,56.0,60.0,46.0,57.0,31.0,44.0
2022-11-15 23:20:00,0,7.4,99.0,5.6,16.0,0.2711219512195121,13.6,1540.9,-2.2,93.4,55.0,59.0,46.0,55.0,31.0,44.0
2022-11-15 23:30:00,0,6.8,96.0,2.6,16.0,0.1995121951219512,12.9,1456.5,-2.0,93.4,54.0,57.0,46.0,54.0,31.0,44.0
2022-11-15 23:40:00,0,6.3,95.7,2.2,16.0,0.1456097560975609,12.2,1379.6,-1.9,93.4,53.0,55.0,45.0,52.0,30.0,44.0
2022-11-15 23:50:00,0,7.3,83.5,-9.8,16.0,0.260390243902439,13.5,1529.9,-2.1,93.4,53.0,56.0,44.0,50.0,30.0,44.0
2022-11-16 00:00:00,0,6.1,98.0,4.6,15.0,0.1507317073170731,12.2,1385.8,-1.7000000000000002,93.4,53.0,55.0,44.0,49.0,30.0,44.0
2022-11-16 00:10:00,0,5.2,87.5,9.1,15.0,0.1102926829268292,11.4,1294.8,-1.2,78.3,51.0,52.0,43.0,48.0,30.0,44.0
2022-11-16 00:20:00,0,6.3,54.0,-24.4,15.0,0.2157560975609756,12.4,1403.8,-1.8,78.3,51.0,53.0,42.0,46.0,30.0,43.0
2022-11-16 00:30:00,0,6.6,66.9,-11.4,15.0,0.2300487804878049,12.6,1432.1,-1.9,78.3,52.0,54.0,42.0,46.0,29.0,43.0
2022-11-16 00:40:00,0,7.6,80.3,9.7,15.0,0.3686341463414634,13.4,1518.8,-2.0,70.6,52.0,55.0,41.0,45.0,29.0,43.0
2022-11-16 00:50:00,0,9.9,87.2,7.7,16.0,0.7028292682926829,14.8,1671.7,-1.5,79.4,54.0,59.0,41.0,45.0,29.0,43.0
2022-11-16 01:00:00,0,10.3,87.0,-0.1,16.0,0.7496585365853659,14.7,1670.4,-1.1,87.1,55.0,61.0,42.0,46.0,29.0,43.0
2022-11-16 01:10:00,0,10.1,91.3,-3.2,16.0,0.700390243902439,14.7,1670.3,-1.3,94.5,56.0,61.0,42.0,47.0,29.0,43.0
2022-11-16 01:20:00,0,9.7,83.0,-11.4,16.0,0.6290731707317073,14.7,1664.4,-1.6,94.4,57.0,61.0,43.0,55.0,29.0,43.0
2022-11-16 01:30:00,0,8.8,82.7,-4.4,16.0,0.4782439024390243,14.6,1648.5,-2.2,87.1,57.0,60.0,43.0,66.0,29.0,43.0
2022-11-16 01:40:00,0,8.8,91.3,4.2,16.0,0.4554146341463415,14.5,1646.5,-2.2,87.1,56.0,60.0,43.0,70.0,30.0,43.0
2022-11-16 01:50:00,0,9.2,80.2,-6.5,16.0,0.5386829268292682,14.6,1655.9,-2.0,86.8,57.0,60.0,43.0,72.0,29.0,43.0
2022-11-16 02:00:00,0,9.5,82.5,-4.3,16.0,0.5877560975609757,14.6,1659.3,-1.8,86.8,55.0,61.0,44.0,73.0,29.0,43.0
2022-11-16 02:10:00,0,9.3,84.6,-2.2,16.0,0.5571219512195121,14.6,1659.1,-1.9,86.8,53.0,60.0,44.0,74.0,30.0,43.0
2022-11-16 02:20:00,0,9.5,78.5,-8.2,16.0,0.5678048780487804,14.7,1663.3,-1.9,86.8,52.0,60.0,44.0,74.0,30.0,44.0
2022-11-16 02:30:00,0,9.0,89.5,2.7,16.0,0.5118536585365854,14.6,1652.0,-2.1,86.8,51.0,59.0,44.0,74.0,30.0,44.0
2022-11-16 02:40:00,0,8.8,75.4,-11.4,16.0,0.4642926829268292,14.5,1646.7,-2.2,86.8,52.0,59.0,44.0,74.0,30.0,44.0
2022-11-16 02:50:00,0,9.0,96.4,9.6,16.0,0.49,14.6,1650.7,-2.1,86.8,54.0,59.0,44.0,74.0,29.0,44.0
2022-11-16 03:00:00,0,9.0,78.1,-8.6,16.0,0.4921463414634146,14.6,1654.5,-2.1,86.8,55.0,59.0,44.0,74.0,29.0,44.0
2022-11-16 03:10:00,0,7.9,79.4,0.6000000000000001,16.0,0.3961463414634146,14.0,1591.1,-2.2,78.7,55.0,59.0,44.0,74.0,29.0,44.0
2022-11-16 03:20:00,0,7.1,62.3,-16.3,16.0,0.2622926829268293,13.3,1509.7,-2.1,78.7,54.0,57.0,44.0,72.0,30.0,44.0
2022-11-16 03:30:00,0,5.6,74.0,-4.6,16.0,0.1269756097560975,11.6,1316.9,-1.5,78.7,53.0,55.0,44.0,70.0,29.0,43.0
2022-11-16 03:40:00,0,5.4,63.5,-6.0,16.0,0.099170731707317,11.4,1290.3,-1.4,69.6,51.0,52.0,43.0,67.0,29.0,43.0
2022-11-16 03:50:00,0,5.9,72.9,3.3,16.0,0.1265853658536585,11.7,1327.8,-1.7000000000000002,69.6,51.0,53.0,42.0,66.0,29.0,43.0
2022-11-16 04:00:00,0,5.5,56.7,-12.8,16.0,0.1074634146341463,11.4,1296.3,-1.5,69.6,50.0,52.0,42.0,64.0,28.0,43.0
2022-11-16 04:10:00,0,5.3,77.9,8.3,16.0,0.0961463414634146,11.3,1282.7,-1.4,69.6,49.0,51.0,41.0,63.0,28.0,43.0
2022-11-16 04:20:00,0,5.0,62.4,-7.1,16.0,0.0718048780487804,11.2,1269.2,-1.1,69.6,48.0,50.0,41.0,62.0,28.0,43.0
2022-11-16 04:30:00,0,5.3,88.3,18.7,16.0,0.0962926829268292,11.3,1284.1,-1.4,69.6,48.0,50.0,40.0,61.0,28.0,43.0
2022-11-16 04:40:00,0,5.5,73.2,-3.0,16.0,0.1062439024390244,11.5,1299.5,-1.5,76.2,48.0,50.0,40.0,60.0,28.0,43.0
2022-11-16 04:50:00,0,5.4,76.9,0.3,16.0,0.0939024390243902,11.3,1285.3,-1.4,76.6,47.0,50.0,40.0,60.0,28.0,43.0
2022-11-16 05:00:00,0,5.4,76.6,7.0,16.0,0.1049268292682926,11.3,1284.5,-1.4,69.6,47.0,50.0,39.0,59.0,28.0,43.0
2022-11-16 05:10:00,0,5.9,66.8,-2.8,16.0,0.1457560975609756,11.8,1331.9,-1.8,69.6,47.0,50.0,39.0,59.0,28.0,43.0
2022-11-16 05:20:00,0,6.1,73.2,3.7,16.0,0.1633658536585365,12.0,1357.9,-1.8,69.6,47.0,51.0,39.0,60.0,28.0,43.0
2022-11-16 05:30:00,0,6.8,82.5,12.9,16.0,0.2517073170731707,12.8,1452.8,-2.0,69.6,48.0,53.0,39.0,61.0,28.0,43.0
2022-11-16 05:40:00,0,6.9,85.0,9.5,16.0,0.2686829268292682,13.0,1477.8,-2.0,75.5,48.0,54.0,39.0,62.0,28.0,43.0
2022-11-16 05:50:00,0,6.7,76.8,1.2,16.0,0.2284390243902439,12.7,1443.9,-2.0,75.5,48.0,53.0,39.0,63.0,28.0,43.0
2022-11-16 06:00:00,0,6.9,66.0,-9.5,16.0,0.2506829268292683,13.0,1471.3,-2.0,75.5,49.0,54.0,39.0,63.0,28.0,43.0
2022-11-16 06:10:00,0,6.3,80.0,4.4,16.0,0.1780487804878048,12.2,1384.2,-1.9,75.5,48.0,53.0,39.0,62.0,28.0,43.0
2022-11-16 06:20:00,0,6.1,83.1,7.6,16.0,0.1595121951219512,12.0,1362.0,-1.8,75.5,48.0,52.0,39.0,60.0,28.0,43.0
2022-11-16 06:30:00,0,6.4,74.7,-0.8,16.0,0.1702439024390244,12.4,1402.0,-1.9,75.5,48.0,52.0,39.0,60.0,28.0,43.0
2022-11-16 06:40:00,0,6.5,86.5,10.9,16.0,0.1787317073170731,12.4,1407.0,-2.0,75.6,48.0,52.0,39.0,61.0,27.0,43.0
2022-11-16 06:50:00,0,6.9,77.3,-5.6,16.0,0.230780487804878,13.0,1467.9,-2.1,82.9,48.0,53.0,39.0,61.0,28.0,43.0
2022-11-16 07:00:00,0,6.5,110.1,19.5,16.0,0.1760975609756097,12.4,1409.8,-2.0,90.6,48.0,53.0,39.0,62.0,28.0,43.0
2022-11-16 07:10:00,0,6.0,89.6,-1.0,16.0,0.1244878048780487,11.8,1332.1,-1.8,90.6,48.0,51.0,39.0,60.0,27.0,43.0
2022-11-16 07:20:00,0,6.2,96.1,5.5,15.0,0.1592195121951219,12.0,1363.0,-1.9,90.6,47.0,51.0,39.0,59.0,27.0,43.0
2022-11-16 07:30:00,0,7.1,101.8,3.1,16.0,0.2508292682926829,13.2,1498.5,-2.1,98.7,48.0,53.0,38.0,60.0,27.0,43.0
2022-11-16 07:40:00,0,7.4,114.3,15.6,16.0,0.2941463414634146,13.7,1546.5,-2.2,98.7,49.0,54.0,39.0,62.0,27.0,43.0
2022-11-16 07:50:00,0,6.6,93.4,-12.3,15.0,0.2199512195121951,12.6,1427.3,-1.9,105.7,49.0,54.0,39.0,62.0,27.0,43.0
2022-11-16 08:00:00,0,6.3,108.5,2.8,15.0,0.1755609756097561,12.2,1386.5,-1.8,105.7,48.0,52.0,39.0,59.0,27.0,42.0
2022-11-16 08:10:00,0,5.8,118.2,4.7,15.0,0.1210243902439024,11.7,1321.5,-1.7000000000000002,113.4,48.0,51.0,39.0,57.0,27.0,42.0
2022-11-16 08:20:00,0,6.0,123.6,2.5,15.0,0.1404878048780488,11.9,1348.0,-1.8,121.1,47.0,51.0,38.0,56.0,27.0,42.0
2022-11-16 08:30:00,0,6.8,115.5,1.7000000000000002,16.0,0.2117560975609756,12.9,1462.3,-2.0,113.8,48.0,52.0,38.0,58.0,27.0,42.0
2022-11-16 08:40:00,0,6.7,111.0,-2.4,16.0,0.2140975609756097,12.7,1440.2,-1.9,113.4,48.0,53.0,38.0,59.0,27.0,42.0
2022-11-16 08:50:00,0,6.6,90.1,-15.9,16.0,0.2098536585365853,12.7,1436.8,-2.0,106.0,48.0,53.0,38.0,58.0,27.0,42.0
2022-11-16 09:00:00,0,7.7,103.7,-2.4,16.0,0.3220975609756097,13.9,1573.1,-2.2,106.0,49.0,54.0,39.0,60.0,27.0,42.0
2022-11-16 09:10:00,0,8.7,113.1,7.1,17.0,0.475219512195122,14.5,1644.1,-2.2,106.0,50.0,57.0,39.0,63.0,27.0,42.0
2022-11-16 09:20:00,0,9.0,101.4,-4.6,17.0,0.5120975609756098,14.6,1650.2,-2.1,106.0,51.0,58.0,40.0,64.0,27.0,42.0
2022-11-16 09:30:00,0,8.6,92.7,-13.3,17.0,0.4735609756097561,14.4,1628.2,-2.1,106.0,52.0,58.0,40.0,66.0,28.0,42.0
2022-11-16 09:40:00,0,8.4,118.3,12.3,17.0,0.4302926829268292,14.3,1622.8,-2.2,106.0,52.0,58.0,40.0,66.0,28.0,42.0
2022-11-16 09:50:00,0,8.3,100.1,-5.9,17.0,0.4215609756097561,14.3,1623.1,-2.2,106.0,53.0,58.0,41.0,66.0,28.0,42.0
2022-11-16 10:00:00,0,6.6,97.9,-0.4,17.0,0.2246829268292683,12.7,1436.8,-1.8,98.3,52.0,56.0,41.0,65.0,29.0,43.0
2022-11-16 10:10:00,0,7.2,99.6,1.3,17.0,0.3001951219512195,13.3,1505.7,-2.0,98.3,52.0,56.0,41.0,63.0,29.0,43.0
2022-11-16 10:20:00,0,7.8,81.6,-16.7,18.0,0.346780487804878,13.9,1575.7,-2.2,98.3,52.0,56.0,42.0,63.0,29.0,43.0
2022-11-16 10:30:00,0,8.0,101.4,3.0,18.0,0.3798048780487805,14.1,1594.2,-2.2,98.3,53.0,57.0,42.0,65.0,29.0,43.0
2022-11-16 10:40:00,0,8.0,98.3,0.0,18.0,0.4080975609756098,14.1,1594.1,-2.2,98.3,53.0,58.0,42.0,65.0,29.0,43.0
2022-11-16 10:50:00,0,7.9,105.7,7.3,18.0,0.3838048780487804,14.0,1589.3,-2.2,98.3,53.0,58.0,42.0,65.0,29.0,43.0
2022-11-16 11:00:00,0,8.0,123.7,17.6,18.0,0.3896585365853658,13.9,1569.5,-2.0,106.0,54.0,58.0,42.0,65.0,29.0,43.0
2022-11-16 11:10:00,0,8.8,93.0,-13.0,18.0,0.5241463414634147,14.4,1635.8,-2.0,106.0,54.0,59.0,43.0,66.0,29.0,43.0
2022-11-16 11:20:00,0,8.0,87.0,-19.4,18.0,0.3858048780487805,14.1,1598.2,-2.2,106.4,55.0,59.0,43.0,67.0,30.0,43.0
2022-11-16 11:30:00,0,8.7,97.7,-2.4,18.0,0.458780487804878,14.5,1646.2,-2.2,100.1,55.0,59.0,43.0,67.0,30.0,43.0
2022-11-16 11:40:00,0,8.7,106.9,6.8,18.0,0.4618048780487805,14.5,1644.9,-2.2,100.1,55.0,60.0,44.0,68.0,30.0,44.0
2022-11-16 11:50:00,0,9.1,84.2,-15.9,18.0,0.5533658536585366,14.6,1650.2,-1.9,100.1,56.0,60.0,44.0,68.0,30.0,44.0
2022-11-16 12:00:00,0,9.7,84.0,-16.1,18.0,0.6155121951219512,14.7,1665.4,-1.7000000000000002,100.1,57.0,61.0,44.0,69.0,30.0,44.0
2022-11-16 12:10:00,0,9.0,75.9,-24.2,19.0,0.5522926829268293,14.5,1647.1,-2.0,100.1,56.0,61.0,45.0,69.0,30.0,44.0
2022-11-16 12:20:00,0,9.5,104.5,4.4,19.0,0.6510731707317073,14.5,1639.8,-1.6,100.1,53.0,61.0,45.0,70.0,31.0,44.0
2022-11-16 12:30:00,0,9.7,92.9,-15.2,19.0,0.6745853658536586,14.6,1648.6,-1.3,108.2,53.0,61.0,46.0,70.0,31.0,44.0
2022-11-16 12:40:00,0,9.4,115.3,-0.2,19.0,0.606048780487805,14.5,1641.6,-1.7000000000000002,115.5,52.0,61.0,46.0,71.0,31.0,44.0
2022-11-16 12:50:00,0,8.7,120.3,4.8,19.0,0.5054146341463415,14.2,1604.4,-1.8,115.5,52.0,60.0,46.0,70.0,32.0,44.0
2022-11-16 13:00:00,0,7.8,139.7,23.8,19.0,0.3788292682926829,13.7,1555.1,-2.0,115.9,51.0,59.0,47.0,70.0,32.0,44.0
2022-11-16 13:10:00,0,9.7,96.7,-11.8,19.0,0.6885853658536585,14.5,1640.2,-1.2,108.5,54.0,60.0,47.0,70.0,32.0,44.0
2022-11-16 13:20:00,0,9.8,117.1,-0.1,19.0,0.673609756097561,14.6,1655.6,-1.3,117.2,56.0,61.0,47.0,72.0,32.0,44.0
2022-11-16 13:30:00,0,9.5,111.3,-10.2,19.0,0.6444878048780488,14.3,1622.3,-1.2,121.5,56.0,62.0,48.0,72.0,33.0,44.0
2022-11-16 13:40:00,0,9.4,111.4,-10.0,19.0,0.62,14.3,1623.9,-1.2,121.5,54.0,62.0,48.0,73.0,33.0,44.0
2022-11-16 13:50:00,0,10.1,144.9,13.6,19.0,0.6908780487804878,14.6,1655.9,-1.0,131.3,53.0,62.0,48.0,74.0,32.0,45.0
2022-11-16 14:00:00,0,10.0,133.5,10.7,19.0,0.6815609756097561,14.6,1649.9,-1.1,122.9,53.0,61.0,49.0,75.0,32.0,45.0
2022-11-16 14:10:00,0,8.2,122.5,0.8,19.0,0.4401951219512195,14.0,1588.7,-2.0,121.8,52.0,60.0,49.0,77.0,32.0,45.0
2022-11-16 14:20:00,0,8.4,120.0,12.6,19.0,0.4698536585365854,14.1,1602.5,-2.0,107.4,52.0,60.0,49.0,77.0,33.0,45.0
2022-11-16 14:30:00,0,9.9,93.2,-14.2,19.0,0.6451219512195122,14.6,1653.0,-1.3,107.4,51.0,60.0,49.0,77.0,33.0,45.0
2022-11-16 14:40:00,0,9.0,119.7,21.7,19.0,0.55,14.3,1623.2,-1.8,98.0,51.0,60.0,49.0,78.0,33.0,45.0
2022-11-16 14:50:00,0,9.6,110.6,12.6,19.0,0.6571219512195121,14.6,1652.3,-1.5,98.0,51.0,60.0,49.0,78.0,33.0,46.0
2022-11-16 15:00:00,0,8.4,120.6,14.8,19.0,0.4796585365853658,14.2,1605.5,-2.0,105.7,51.0,60.0,49.0,78.0,32.0,46.0
2022-11-16 15:10:00,0,8.7,117.8,1.6,19.0,0.4903414634146342,14.2,1607.9,-1.9,116.2,52.0,59.0,49.0,77.0,32.0,46.0
2022-11-16 15:20:00,0,9.6,100.5,2.9,19.0,0.6569756097560976,14.5,1645.9,-1.5,97.6,55.0,61.0,49.0,78.0,32.0,46.0
2022-11-16 15:30:00,0,8.3,91.3,-6.4,19.0,0.4769756097560975,14.0,1589.0,-2.0,97.7,56.0,61.0,49.0,77.0,33.0,46.0
2022-11-16 15:40:00,0,9.5,107.9,-10.4,19.0,0.556829268292683,14.6,1656.3,-1.7000000000000002,118.3,56.0,61.0,49.0,77.0,33.0,46.0
2022-11-16 15:50:00,0,10.0,83.0,-18.1,19.0,0.6890731707317073,14.7,1667.2,-1.4,101.1,56.0,62.0,49.0,78.0,33.0,46.0
2022-11-16 16:00:00,0,9.5,113.8,21.8,19.0,0.6289268292682927,14.7,1662.7,-1.7000000000000002,92.0,54.0,62.0,49.0,78.0,33.0,46.0
2022-11-16 16:10:00,0,8.5,92.6,0.6000000000000001,19.0,0.455609756097561,14.3,1617.1,-2.0,92.0,53.0,61.0,49.0,78.0,33.0,46.0
2022-11-16 16:20:00,0,7.9,107.6,15.6,19.0,0.3805365853658536,14.0,1589.7,-2.2,92.0,51.0,59.0,49.0,77.0,32.0,46.0
2022-11-16 16:30:00,0,8.4,92.2,0.2,19.0,0.4722926829268293,14.4,1633.8,-2.2,92.0,51.0,59.0,49.0,77.0,32.0,46.0
2022-11-16 16:40:00,0,8.3,93.1,1.1,19.0,0.4222439024390244,14.4,1626.5,-2.2,92.0,51.0,59.0,49.0,77.0,32.0,47.0
2022-11-16 16:50:00,0,8.9,98.3,-0.4,19.0,0.5128780487804878,14.6,1651.1,-2.0,98.7,51.0,60.0,49.0,76.0,33.0,47.0
2022-11-16 17:00:00,0,8.3,100.7,2.0,19.0,0.4234634146341463,14.4,1627.4,-2.2,98.7,52.0,59.0,49.0,76.0,32.0,47.0
2022-11-16 17:10:00,0,7.0,96.4,-2.3,19.0,0.2532195121951219,13.1,1485.6,-2.0,98.7,53.0,58.0,48.0,75.0,32.0,47.0
2022-11-16 17:20:00,0,7.2,100.4,1.7000000000000002,19.0,0.2655121951219512,13.4,1514.4,-2.0,98.7,53.0,58.0,48.0,74.0,32.0,47.0
2022-11-16 17:30:00,0,7.0,100.2,1.5,19.0,0.2558048780487805,13.1,1486.3,-2.0,98.7,53.0,56.0,48.0,71.0,32.0,47.0
2022-11-16 17:40:00,0,8.0,74.9,-15.4,19.0,0.3574634146341463,14.2,1604.5,-2.2,90.3,53.0,58.0,47.0,71.0,32.0,47.0
2022-11-16 17:50:00,0,8.0,98.8,8.6,19.0,0.3937073170731707,14.3,1614.1,-2.2,90.3,54.0,59.0,47.0,71.0,32.0,47.0
2022-11-16 18:00:00,0,8.5,103.6,5.6,18.0,0.4568780487804878,14.5,1648.1,-2.3,98.0,55.0,59.0,47.0,71.0,32.0,47.0
2022-11-16 18:10:00,0,8.5,99.1,1.1,18.0,0.4689756097560975,14.6,1651.7,-2.3,98.0,55.0,60.0,47.0,72.0,31.0,47.0
2022-11-16 18:20:00,0,9.1,102.1,4.1,18.0,0.5305853658536586,14.6,1654.9,-2.0,98.0,56.0,60.0,46.0,72.0,31.0,46.0
2022-11-16 18:30:00,0,9.4,103.8,-1.2,18.0,0.5882439024390245,14.7,1667.3,-1.9,105.0,56.0,61.0,46.0,73.0,31.0,46.0
2022-11-16 18:40:00,0,9.9,119.9,6.9,18.0,0.6355609756097561,14.7,1665.6,-1.5,113.1,55.0,62.0,47.0,73.0,31.0,46.0
2022-11-16 18:50:00,0,9.6,103.0,-10.1,18.0,0.5686829268292682,14.7,1664.7,-1.7000000000000002,113.1,53.0,61.0,47.0,74.0,31.0,46.0
2022-11-16 19:00:00,0,9.3,111.3,-1.7000000000000002,17.0,0.5066341463414634,14.7,1660.3,-1.9,113.1,52.0,60.0,47.0,74.0,31.0,46.0
2022-11-16 19:10:00,0,9.1,111.9,-1.1,17.0,0.4966341463414634,14.6,1657.8,-2.1,113.1,51.0,60.0,47.0,74.0,31.0,46.0
2022-11-16 19:20:00,0,9.4,105.8,-7.2,17.0,0.5743414634146342,14.7,1663.4,-1.9,113.0,51.0,60.0,47.0,75.0,31.0,46.0
2022-11-16 19:30:00,0,10.0,100.4,-5.3,17.0,0.6572682926829269,14.7,1667.8,-1.4,105.7,51.0,60.0,47.0,75.0,31.0,46.0
2022-11-16 19:40:00,0,9.9,97.4,-8.3,17.0,0.6399024390243903,14.7,1668.4,-1.5,105.7,51.0,61.0,47.0,75.0,31.0,46.0
2022-11-16 19:50:00,0,9.8,92.5,-13.1,17.0,0.6033658536585367,14.7,1665.8,-1.6,105.7,50.0,60.0,47.0,75.0,31.0,46.0
2022-11-16 20:00:00,0,9.4,91.6,-14.1,17.0,0.5632682926829269,14.7,1661.0,-1.9,105.7,51.0,60.0,47.0,75.0,31.0,46.0
2022-11-16 20:10:00,0,8.7,101.3,-4.3,17.0,0.4491219512195122,14.6,1653.0,-2.2,105.7,53.0,59.0,47.0,75.0,31.0,46.0
2022-11-16 20:20:00,0,8.9,108.9,3.2,16.0,0.4728292682926829,14.6,1658.3,-2.2,105.7,54.0,59.0,47.0,75.0,31.0,46.0
2022-11-16 20:30:00,0,8.5,117.9,12.2,16.0,0.4561463414634146,14.6,1649.5,-2.3,105.7,54.0,60.0,47.0,75.0,31.0,46.0
2022-11-16 20:40:00,0,8.8,111.9,6.2,16.0,0.4997073170731708,14.7,1663.2,-2.2,105.7,55.0,60.0,47.0,75.0,31.0,45.0
2022-11-16 20:50:00,0,8.2,116.6,4.2,16.0,0.4226341463414634,14.1,1596.7,-2.1,112.4,55.0,60.0,47.0,75.0,31.0,45.0
2022-11-16 21:00:00,0,6.9,120.0,7.6,16.0,0.2794146341463414,13.0,1470.7,-1.8,112.4,55.0,58.0,46.0,74.0,30.0,45.0
2022-11-16 21:10:00,0,7.6,148.5,24.2,16.0,0.3305853658536585,13.7,1547.4,-2.2,124.2,54.0,57.0,46.0,72.0,30.0,45.0
2022-11-16 21:20:00,0,6.4,110.9,-5.3,16.0,0.1868780487804878,12.3,1391.0,-2.0,116.2,54.0,56.0,45.0,71.0,30.0,45.0
2022-11-16 21:30:00,0,6.8,126.1,9.9,16.0,0.2039512195121951,12.9,1460.3,-2.1,116.2,53.0,55.0,45.0,69.0,30.0,45.0
2022-11-16 21:40:00,0,6.7,118.8,2.6,16.0,0.1840487804878048,12.7,1438.5,-2.0,116.2,52.0,55.0,44.0,68.0,30.0,45.0
2022-11-16 21:50:00,0,6.5,115.5,-0.7000000000000001,16.0,0.1520975609756097,12.4,1403.6,-2.0,116.2,52.0,54.0,44.0,67.0,30.0,45.0
2022-11-16 22:00:00,0,5.9,109.5,0.6000000000000001,16.0,0.1206341463414634,11.6,1319.4,-1.8,108.8,51.0,53.0,43.0,65.0,29.0,45.0
2022-11-16 22:10:00,0,6.5,100.6,-0.5,16.0,0.1462926829268292,12.5,1415.4,-2.0,101.1,51.0,53.0,43.0,64.0,29.0,45.0
2022-11-16 22:20:00,0,5.9,105.4,4.2,16.0,0.1421463414634146,11.7,1320.9,-1.8,101.1,50.0,53.0,42.0,62.0,29.0,44.0
2022-11-16 22:30:00,0,6.2,102.4,-5.7,16.0,0.1414634146341463,12.0,1363.4,-2.0,108.1,50.0,52.0,42.0,61.0,29.0,44.0
2022-11-16 22:40:00,0,6.8,98.6,-1.4,16.0,0.1880487804878048,12.9,1462.9,-2.0,100.1,50.0,53.0,41.0,62.0,29.0,44.0
2022-11-16 22:50:00,0,7.4,93.6,0.9,16.0,0.2503414634146341,13.6,1543.4,-2.2,92.7,50.0,54.0,41.0,63.0,29.0,44.0
2022-11-16 23:00:00,0,7.1,94.3,1.6,15.0,0.2291219512195121,13.3,1511.4,-2.1,92.7,50.0,55.0,41.0,63.0,29.0,44.0
2022-11-16 23:10:00,0,7.7,87.3,-5.4,15.0,0.3186829268292683,14.0,1580.5,-2.2,92.7,51.0,55.0,41.0,64.0,28.0,44.0
2022-11-16 23:20:00,0,7.9,92.6,7.6,15.0,0.3478048780487804,14.2,1610.0,-2.2,85.0,51.0,57.0,41.0,64.0,28.0,44.0
2022-11-16 23:30:00,0,7.1,86.6,1.6,15.0,0.2752682926829268,13.3,1501.8,-2.1,85.0,51.0,56.0,41.0,63.0,28.0,44.0
2022-11-16 23:40:00,0,7.0,76.3,-8.7,15.0,0.2170731707317073,13.0,1476.3,-2.1,85.0,51.0,54.0,41.0,61.0,28.0,44.0
2022-11-16 23:50:00,0,7.8,98.6,6.6,15.0,0.3038536585365853,14.1,1595.5,-2.2,92.0,51.0,56.0,40.0,62.0,28.0,44.0
2022-11-17 00:00:00,0,7.0,83.6,-8.4,15.0,0.213170731707317,13.1,1487.5,-2.1,92.0,51.0,55.0,40.0,61.0,28.0,44.0
2022-11-17 00:10:00,0,7.4,80.6,-11.4,15.0,0.2535609756097561,13.6,1537.6,-2.1,92.0,51.0,55.0,40.0,61.0,28.0,43.0
2022-11-17 00:20:00,0,6.5,87.2,-3.4,15.0,0.1997560975609756,12.5,1412.4,-2.0,90.6,50.0,54.0,40.0,59.0,27.0,43.0
2022-11-17 00:30:00,0,7.4,90.2,5.5,15.0,0.2781951219512195,13.6,1542.2,-2.2,84.7,51.0,55.0,40.0,59.0,28.0,43.0
2022-11-17 00:40:00,0,7.8,91.2,6.5,15.0,0.3104878048780488,14.0,1583.4,-2.2,84.7,51.0,56.0,40.0,60.0,28.0,43.0
2022-11-17 00:50:00,0,7.8,72.3,-12.4,15.0,0.3193658536585366,14.1,1599.9,-2.2,84.7,51.0,56.0,40.0,61.0,28.0,43.0
2022-11-17 01:00:00,0,8.7,87.3,2.6,15.0,0.4902926829268292,14.6,1653.3,-2.2,84.7,52.0,58.0,40.0,62.0,28.0,43.0
2022-11-17 01:10:00,0,8.9,80.3,-4.3,15.0,0.5141951219512194,14.6,1654.5,-2.1,84.7,53.0,59.0,41.0,63.0,27.0,43.0
2022-11-17 01:20:00,0,7.6,92.5,7.8,15.0,0.3313170731707317,13.9,1577.1,-2.2,84.7,53.0,58.0,41.0,64.0,28.0,43.0
2022-11-17 01:30:00,0,7.1,88.3,3.6,15.0,0.2728780487804877,13.3,1509.7,-2.1,84.7,52.0,56.0,41.0,62.0,28.0,43.0
2022-11-17 01:40:00,0,7.8,82.3,-2.4,15.0,0.3633170731707317,14.1,1597.0,-2.2,84.7,53.0,57.0,41.0,63.0,28.0,43.0
2022-11-17 01:50:00,0,8.4,81.3,-3.3,15.0,0.4618048780487805,14.5,1647.4,-2.3,84.7,53.0,58.0,41.0,64.0,28.0,43.0
2022-11-17 02:00:00,0,9.3,92.1,7.4,15.0,0.576439024390244,14.7,1665.7,-2.0,84.7,54.0,59.0,41.0,65.0,28.0,43.0
2022-11-17 02:10:00,0,9.1,90.5,-1.1,15.0,0.5162439024390244,14.6,1653.2,-2.0,91.7,55.0,60.0,41.0,66.0,28.0,43.0
2022-11-17 02:20:00,0,7.5,96.5,4.8,15.0,0.2927317073170732,13.8,1567.1,-2.2,91.7,54.0,58.0,42.0,65.0,28.0,43.0
2022-11-17 02:30:00,0,8.4,93.3,1.6,15.0,0.4114634146341463,14.5,1637.3,-2.3,91.7,54.0,58.0,42.0,64.0,28.0,43.0
2022-11-17 02:40:00,0,9.3,99.1,7.4,15.0,0.551219512195122,14.7,1666.1,-2.0,91.7,55.0,59.0,42.0,65.0,28.0,43.0
2022-11-17 02:50:00,0,10.4,97.3,5.7,15.0,0.7606341463414634,14.8,1675.9,-1.0,91.7,56.0,61.0,42.0,66.0,28.0,43.0
2022-11-17 03:00:00,0,10.1,92.5,0.8,15.0,0.7182439024390245,14.8,1676.2,-1.4,91.7,56.0,62.0,43.0,66.0,28.0,43.0
2022-11-17 03:10:00,0,9.3,97.6,5.9,15.0,0.5803414634146342,14.7,1666.1,-2.0,91.7,53.0,61.0,43.0,67.0,28.0,43.0
2022-11-17 03:20:00,0,8.9,100.0,8.3,15.0,0.4889756097560975,14.6,1658.3,-2.2,91.7,51.0,59.0,43.0,69.0,29.0,43.0
2022-11-17 03:30:00,0,9.1,86.5,-5.2,15.0,0.4983414634146341,14.6,1654.8,-2.0,91.7,51.0,59.0,44.0,71.0,29.0,43.0
2022-11-17 03:40:00,0,7.0,79.8,-11.9,15.0,0.2336097560975609,13.1,1484.3,-2.1,91.7,52.0,56.0,44.0,70.0,29.0,43.0
2022-11-17 03:50:00,0,7.6,88.0,-4.4,15.0,0.3126829268292683,13.9,1579.9,-2.2,92.4,52.0,56.0,43.0,69.0,29.0,43.0
2022-11-17 04:00:00,0,8.5,95.0,2.6,15.0,0.4291219512195122,14.5,1647.6,-2.3,92.4,53.0,57.0,43.0,69.0,29.0,43.0
2022-11-17 04:10:00,0,7.8,96.7,4.3,15.0,0.3036585365853658,14.0,1590.3,-2.2,92.4,53.0,58.0,43.0,69.0,29.0,43.0
2022-11-17 04:20:00,0,7.3,106.9,14.5,15.0,0.2350243902439024,13.5,1533.1,-2.1,92.4,52.0,56.0,43.0,68.0,29.0,43.0
2022-11-17 04:30:00,0,7.6,96.0,3.6,15.0,0.2813170731707317,13.9,1574.8,-2.2,92.4,52.0,56.0,43.0,67.0,29.0,43.0
2022-11-17 04:40:00,0,7.7,95.0,2.6,15.0,0.2901463414634146,14.1,1591.8,-2.2,92.4,53.0,56.0,42.0,67.0,28.0,43.0
2022-11-17 04:50:00,0,7.7,90.0,-2.4,15.0,0.2970731707317073,13.9,1577.4,-2.2,92.4,52.0,56.0,42.0,66.0,28.0,43.0
2022-11-17 05:00:00,0,7.6,86.2,-6.2,15.0,0.2895121951219512,13.9,1570.6,-2.2,92.4,53.0,57.0,42.0,66.0,28.0,43.0
2022-11-17 05:10:00,0,7.6,94.0,1.6,14.0,0.280390243902439,13.9,1574.3,-2.2,92.4,52.0,56.0,42.0,64.0,28.0,42.0
2022-11-17 05:20:00,0,7.7,103.0,10.6,14.0,0.3153658536585366,14.0,1588.3,-2.2,92.4,52.0,56.0,41.0,64.0,28.0,42.0
2022-11-17 05:30:00,0,8.1,93.9,1.5,14.0,0.3698536585365853,14.3,1625.1,-2.3,92.4,53.0,57.0,41.0,64.0,28.0,42.0
2022-11-17 05:40:00,0,7.8,102.3,9.9,14.0,0.3648292682926829,14.1,1595.0,-2.2,92.4,53.0,57.0,41.0,64.0,28.0,42.0
2022-11-17 05:50:00,0,6.1,98.1,-2.3,15.0,0.1993170731707317,12.0,1357.2,-1.8,100.4,52.0,55.0,41.0,60.0,28.0,42.0
2022-11-17 06:00:00,0,5.6,110.5,10.0,15.0,0.1429268292682926,11.5,1297.4,-1.5,100.4,51.0,53.0,41.0,53.0,27.0,42.0
2022-11-17 06:10:00,0,5.2,113.4,13.0,15.0,0.1057560975609756,11.3,1274.9,-1.2,100.4,50.0,52.0,40.0,49.0,27.0,42.0
2022-11-17 06:20:00,0,4.8,92.8,-7.6,14.0,0.0700487804878048,11.1,1261.2,-1.0,100.4,49.0,50.0,40.0,53.0,27.0,42.0
2022-11-17 06:30:00,0,4.6,95.8,-3.9,14.0,0.0406341463414634,11.1,1254.8,-0.8,99.7,48.0,49.0,39.0,58.0,26.0,42.0
2022-11-17 06:40:00,0,3.8,87.0,-12.7,14.0,0.0186341463414634,11.0,1248.9,0.0,99.7,47.0,48.0,39.0,60.0,26.0,42.0
2022-11-17 06:50:00,0,4.0,92.9,-0.2,14.0,0.0178536585365853,11.0,1249.7,-0.2,93.1,46.0,47.0,38.0,61.0,26.0,42.0
2022-11-17 07:00:00,0,3.8,120.6,27.9,14.0,0.0145365853658536,11.0,1249.3,0.0,92.7,45.0,46.0,38.0,61.0,26.0,42.0
2022-11-17 07:10:00,0,3.6,65.0,-30.1,14.0,-0.0010243902439024,9.8,1115.5,4.4,95.1,44.0,45.0,38.0,61.0,26.0,42.0
2022-11-17 07:20:00,0,3.3,80.1,-2.5,14.0,-0.0036585365853658,7.5,852.6,11.4,82.5,43.0,44.0,37.0,60.0,25.0,41.0
2022-11-17 07:30:00,0,3.5,71.5,-3.0,14.0,0.0110243902439024,10.0,1134.4,2.8,74.5,43.0,43.0,36.0,57.0,25.0,41.0
2022-11-17 07:40:00,0,5.1,73.0,-8.8,14.0,0.0684390243902439,11.1,1259.4,-1.2,81.9,43.0,45.0,35.0,59.0,25.0,41.0
2022-11-17 07:50:00,0,4.3,80.4,-1.5,14.0,0.0329756097560975,11.0,1250.6,-0.5,81.9,43.0,45.0,34.0,59.0,25.0,42.0
2022-11-17 08:00:00,0,5.3,85.5,3.6,14.0,0.0913658536585366,11.3,1281.8,-1.3,81.9,43.0,46.0,34.0,60.0,25.0,42.0
2022-11-17 08:10:00,0,5.7,87.0,-2.5,14.0,0.1014146341463414,11.5,1302.8,-1.7000000000000002,89.6,44.0,48.0,33.0,60.0,25.0,42.0
2022-11-17 08:20:00,0,6.4,81.2,-8.4,14.0,0.1676585365853658,12.3,1390.9,-2.0,89.6,44.0,49.0,33.0,61.0,25.0,42.0
2022-11-17 08:30:00,0,6.4,86.8,-2.8,15.0,0.1532682926829268,12.3,1389.6,-2.0,89.6,45.0,51.0,33.0,62.0,25.0,42.0
2022-11-17 08:40:00,0,6.4,95.3,5.7,14.0,0.1504878048780487,12.2,1379.5,-2.0,89.6,45.0,50.0,33.0,62.0,25.0,42.0
2022-11-17 08:50:00,0,6.6,84.9,-4.6,14.0,0.1812682926829268,12.6,1431.3,-2.0,89.6,46.0,51.0,33.0,63.0,25.0,42.0
2022-11-17 09:00:00,0,7.0,80.7,-8.8,15.0,0.2016585365853658,13.2,1491.8,-2.1,89.6,46.0,52.0,33.0,64.0,25.0,42.0
2022-11-17 09:10:00,0,7.2,89.2,-0.4,15.0,0.2220975609756097,13.4,1518.3,-2.1,89.6,47.0,53.0,33.0,65.0,25.0,43.0
2022-11-17 09:20:00,0,6.9,88.1,-1.4,15.0,0.2094146341463414,13.1,1479.8,-2.1,89.6,47.0,53.0,34.0,65.0,25.0,43.0
2022-11-17 09:30:00,0,6.3,83.0,-6.6,15.0,0.1606829268292682,12.1,1373.5,-2.0,89.6,47.0,52.0,34.0,65.0,25.0,43.0
2022-11-17 09:40:00,0,5.5,91.3,1.8,15.0,0.1090243902439024,11.3,1283.0,-1.5,89.6,46.0,51.0,34.0,63.0,25.0,43.0
2022-11-17 09:50:00,0,5.5,83.6,-6.0,15.0,0.1019512195121951,11.3,1283.0,-1.5,89.6,46.0,50.0,34.0,62.0,26.0,43.0
2022-11-17 10:00:00,0,4.9,95.5,5.9,16.0,0.075170731707317,11.1,1260.6,-1.1,89.6,46.0,49.0,34.0,61.0,26.0,43.0
2022-11-17 10:10:00,0,4.9,85.6,-12.3,16.0,0.0601951219512195,11.1,1258.3,-1.0,98.0,45.0,48.0,34.0,60.0,26.0,43.0
2022-11-17 10:20:00,0,3.9,101.8,3.7,16.0,0.0260487804878048,11.0,1250.7,0.0,98.0,44.0,47.0,34.0,60.0,26.0,43.0
2022-11-17 10:30:00,0,4.3,97.6,-0.7000000000000001,16.0,0.0474146341463414,11.1,1251.7,-0.5,98.3,44.0,47.0,34.0,59.0,26.0,43.0
2022-11-17 10:40:00,0,4.2,103.1,4.8,17.0,0.0412682926829268,11.0,1250.9,-0.4,98.3,44.0,47.0,34.0,60.0,26.0,43.0
2022-11-17 10:50:00,0,3.4,111.4,7.8,17.0,0.0026829268292682,7.2,816.6,30.1,103.6,43.0,45.0,34.0,59.0,26.0,43.0
2022-11-17 11:00:00,0,3.4,149.0,48.2,17.0,0.0001463414634146,7.5,854.8,10.6,100.8,43.0,44.0,33.0,56.0,27.0,43.0
2022-11-17 11:10:00,0,3.6,108.4,-1.1,18.0,0.016,5.5,627.8,14.3,109.6,42.0,44.0,33.0,54.0,26.0,43.0
2022-11-17 11:20:00,0,4.7,96.9,-21.4,18.0,0.0656585365853658,11.1,1259.4,-0.8,118.3,43.0,46.0,33.0,56.0,26.0,43.0
2022-11-17 11:30:00,0,3.6,103.2,-15.1,18.0,0.0138048780487804,8.0,909.5,8.0,118.3,43.0,45.0,33.0,57.0,27.0,43.0
2022-11-17 11:40:00,0,4.6,91.6,-14.0,18.0,0.0661951219512195,11.2,1265.0,-0.6000000000000001,105.7,43.0,46.0,33.0,56.0,27.0,43.0
2022-11-17 11:50:00,0,5.1,101.7,-0.5,18.0,0.0941463414634146,11.2,1273.6,-1.2,102.2,43.0,47.0,33.0,57.0,27.0,43.0
2022-11-17 12:00:00,0,4.3,112.0,4.6,19.0,0.0466341463414634,11.1,1254.0,-0.4,107.5,43.0,47.0,34.0,58.0,27.0,44.0
2022-11-17 12:10:00,0,5.0,100.7,-13.0,19.0,0.0859024390243902,11.2,1268.2,-1.1,113.7,43.0,48.0,34.0,58.0,28.0,44.0
2022-11-17 12:20:00,0,4.4,98.8,-8.3,19.0,0.0529756097560975,11.1,1256.7,-0.6000000000000001,107.1,44.0,48.0,34.0,58.0,28.0,44.0
2022-11-17 12:30:00,0,4.3,149.6,35.9,20.0,0.0475609756097561,11.1,1257.8,-0.2,113.8,43.0,47.0,35.0,58.0,28.0,44.0
2022-11-17 12:40:00,0,5.1,110.2,-16.8,20.0,0.0862926829268292,11.2,1273.7,-1.1,127.0,43.0,48.0,35.0,59.0,28.0,44.0
2022-11-17 12:50:00,0,3.3,121.8,11.6,20.0,0.0125365853658536,8.6,980.8,10.5,110.2,43.0,47.0,36.0,58.0,28.0,45.0
2022-11-17 13:00:00,0,3.5,118.5,32.1,20.0,0.0028780487804878,7.2,818.3,10.1,86.4,43.0,45.0,35.0,55.0,28.0,45.0
2022-11-17 13:10:00,0,3.5,93.7,7.2,20.0,0.0059512195121951,10.4,1174.3,2.9,86.4,42.0,45.0,35.0,56.0,28.0,45.0
2022-11-17 13:20:00,0,3.0,101.8,8.8,20.0,-0.0070731707317073,2.1,242.5,24.0,93.0,42.0,44.0,35.0,54.0,28.0,45.0
2022-11-17 13:30:00,0,2.8,50.3,-41.4,21.0,-0.0058048780487804,1.3,197.6,24.0,91.7,42.0,43.0,34.0,50.0,29.0,45.0
2022-11-17 13:40:00,0,3.0,101.4,-2.9,21.0,-0.0053658536585365,2.2,245.6,24.0,104.3,41.0,42.0,34.0,46.0,29.0,46.0
2022-11-17 13:50:00,0,2.6,135.4,18.5,21.0,-0.0053658536585365,1.7000000000000002,205.5,24.0,116.9,41.0,41.0,33.0,44.0,29.0,46.0
2022-11-17 14:00:00,0,2.8,131.7,19.7,21.0,-0.0054146341463414,1.6,213.0,24.0,112.0,41.0,41.0,33.0,41.0,28.0,47.0
2022-11-17 14:10:00,0,2.2,86.7,-27.7,22.0,-0.0052682926829268,0.3,134.8,24.0,114.5,41.0,40.0,32.0,39.0,28.0,47.0
2022-11-17 14:20:00,0,1.7000000000000002,76.0,-38.4,22.0,-0.0043414634146341,0.2,84.1,24.0,114.5,40.0,40.0,32.0,38.0,29.0,47.0
2022-11-17 14:30:00,0,2.0,160.8,46.4,22.0,-0.0037073170731707,0.4,114.0,24.0,114.5,40.0,39.0,32.0,36.0,30.0,48.0
2022-11-17 14:40:00,0,2.7,114.4,0.0,22.0,-0.0039024390243902,1.6,216.6,24.0,114.4,40.0,39.0,32.0,36.0,31.0,48.0
2022-11-17 14:50:00,0,1.9,99.1,7.1,22.0,-0.0037073170731707,0.0,124.2,24.0,92.0,40.0,39.0,31.0,35.0,31.0,48.0
2022-11-17 15:00:00,0,2.2,115.4,23.4,22.0,-0.0037073170731707,0.5,134.2,24.0,92.0,40.0,39.0,31.0,34.0,31.0,49.0
2022-11-17 15:10:00,0,1.8,124.3,32.3,22.0,-0.0037560975609756,0.0,111.6,24.0,92.0,40.0,39.0,31.0,34.0,31.0,49.0
2022-11-17 15:20:00,0,2.0,83.4,-8.6,22.0,-0.0037073170731707,0.6000000000000001,123.7,24.0,92.0,40.0,39.0,31.0,33.0,31.0,50.0
2022-11-17 15:30:00,0,2.2,77.6,-14.4,22.0,-0.0033170731707317,0.7000000000000001,162.7,24.0,92.0,40.0,39.0,31.0,33.0,31.0,50.0
2022-11-17 15:40:00,0,2.0,109.0,17.0,22.0,-0.004,0.1,106.0,24.0,92.0,40.0,39.0,31.0,32.0,31.0,51.0
2022-11-17 15:50:00,0,2.5,106.5,14.4,22.0,-0.0040975609756097,1.5,199.3,24.0,92.0,40.0,39.0,31.0,32.0,30.0,51.0
2022-11-17 16:00:00,0,2.6,130.9,38.8,22.0,-0.0041463414634146,1.1,192.6,24.0,92.0,40.0,39.0,31.0,32.0,30.0,51.0
2022-11-17 16:10:00,0,3.1,101.8,17.5,22.0,-0.0044390243902439,2.2,252.8,24.0,84.3,39.0,39.0,31.0,32.0,30.0,51.0
2022-11-17 16:20:00,0,2.2,126.7,21.7,22.0,-0.0040975609756097,0.3,122.4,24.0,105.0,39.0,39.0,31.0,32.0,30.0,51.0
2022-11-17 16:30:00,0,2.4,34.2,-70.7,22.0,-0.004390243902439,0.6000000000000001,108.7,24.0,104.9,39.0,39.0,31.0,32.0,30.0,51.0
2022-11-17 16:40:00,0,2.0,303.7,-109.7,21.0,-0.004,0.0,0.0,24.0,53.5,39.0,38.0,31.0,31.0,30.0,52.0
2022-11-17 16:50:00,0,2.0,59.1,5.7,21.0,-0.004,0.0,3.5,24.0,53.5,38.0,38.0,31.0,31.0,30.0,52.0
2022-11-17 17:00:00,0,2.3,315.6,-97.9,21.0,-0.0039512195121951,0.0,0.0,24.0,53.5,38.0,37.0,31.0,31.0,30.0,52.0
2022-11-17 17:10:00,0,2.3,216.2,162.8,21.0,-0.0037560975609756,0.0,23.9,24.0,53.5,38.0,37.0,31.0,31.0,30.0,52.0
2022-11-17 17:20:00,0,2.5,234.4,-178.9,21.0,-0.0044878048780487,0.0,8.6,24.0,53.3,37.0,36.0,30.0,30.0,29.0,51.0
2022-11-17 17:30:00,0,1.9,318.5,-6.3,22.0,-0.0038536585365853,0.0,142.0,24.0,324.8,38.0,36.0,30.0,30.0,29.0,51.0
2022-11-17 17:40:00,0,1.5,347.6,29.5,23.0,-0.0036097560975609,0.3,114.9,24.0,318.1,38.0,36.0,30.0,30.0,29.0,51.0
2022-11-17 17:50:00,0,1.1,218.7,-99.3,23.0,-0.0022439024390243,0.0,19.7,24.0,318.1,38.0,36.0,30.0,30.0,30.0,52.0
2022-11-17 18:00:00,0,1.3,37.2,79.1,23.0,-0.0022439024390243,0.0,1.0,24.0,318.1,37.0,36.0,30.0,30.0,31.0,52.0
2022-11-17 18:10:00,0,1.7000000000000002,52.6,94.5,21.0,-0.0030731707317073,0.0,4.3,24.0,318.1,37.0,36.0,30.0,30.0,31.0,52.0
2022-11-17 18:20:00,0,2.5,170.2,-147.9,20.0,-0.0038048780487804,0.0,97.4,24.0,318.1,37.0,35.0,30.0,29.0,29.0,52.0
2022-11-17 18:30:00,0,2.1,237.2,-80.9,20.0,-0.0038048780487804,0.0,60.6,24.0,318.1,37.0,35.0,30.0,29.0,29.0,52.0
2022-11-17 18:40:00,0,2.0,126.5,168.3,19.0,-0.0037560975609756,0.0,84.9,24.0,318.1,37.0,35.0,30.0,29.0,28.0,52.0
2022-11-17 18:50:00,0,1.7000000000000002,104.8,146.7,19.0,-0.0037560975609756,0.0,33.6,24.0,318.1,37.0,35.0,29.0,29.0,28.0,52.0
2022-11-17 19:00:00,0,1.5,57.0,98.9,19.0,-0.0037560975609756,0.0,2.5,24.0,318.1,37.0,35.0,29.0,29.0,27.0,52.0
2022-11-17 19:10:00,0,1.6,18.9,60.8,18.0,-0.0037073170731707,0.0,0.0,24.0,318.1,36.0,35.0,29.0,28.0,27.0,52.0
2022-11-17 19:20:00,0,1.8,82.3,124.2,18.0,-0.0037073170731707,0.0,9.6,24.0,318.1,36.0,34.0,29.0,28.0,26.0,52.0
2022-11-17 19:30:00,0,1.5,81.0,122.9,18.0,-0.0037073170731707,0.0,2.3,24.0,318.1,36.0,34.0,29.0,28.0,26.0,52.0
2022-11-17 19:40:00,0,1.5,58.8,100.7,17.0,-0.0037073170731707,0.0,0.0,24.0,318.1,35.0,34.0,28.0,28.0,26.0,52.0
2022-11-17 19:50:00,0,2.1,73.9,115.8,17.0,-0.0037073170731707,0.0,20.4,24.0,318.1,35.0,33.0,28.0,27.0,26.0,52.0
2022-11-17 20:00:00,0,2.2,90.5,132.4,17.0,-0.0037073170731707,0.0,53.1,24.0,318.1,36.0,33.0,28.0,27.0,26.0,51.0
2022-11-17 20:10:00,0,2.4,92.3,134.2,17.0,-0.0037560975609756,0.0,38.9,24.0,318.1,36.0,33.0,28.0,27.0,25.0,51.0
2022-11-17 20:20:00,0,2.7,79.7,121.5,17.0,-0.0039512195121951,0.0,59.7,24.0,318.2,35.0,33.0,28.0,27.0,25.0,51.0
2022-11-17 20:30:00,0,4.9,84.7,83.3,17.0,0.0537560975609756,8.1,928.7,6.1,1.4,37.0,36.0,28.0,29.0,25.0,51.0
2022-11-17 20:40:00,0,4.9,91.6,-6.4,17.0,0.0731219512195122,11.1,1261.4,-1.0,98.0,40.0,45.0,28.0,42.0,26.0,50.0
2022-11-17 20:50:00,0,4.2,70.4,-21.3,17.0,0.040390243902439,11.0,1249.7,-0.4,91.7,40.0,47.0,30.0,49.0,26.0,50.0
2022-11-17 21:00:00,0,4.5,89.2,-2.5,16.0,0.0535121951219512,11.1,1252.2,-0.7000000000000001,91.7,41.0,48.0,31.0,52.0,27.0,49.0
2022-11-17 21:10:00,0,4.6,102.1,3.7,16.0,0.0427317073170731,11.1,1253.5,-0.7000000000000001,98.3,41.0,48.0,33.0,54.0,27.0,49.0
2022-11-17 21:20:00,0,4.4,92.8,-5.5,16.0,0.0260975609756097,11.0,1250.0,-0.6000000000000001,98.3,41.0,46.0,33.0,55.0,27.0,49.0
2022-11-17 21:30:00,0,5.2,94.7,-3.6,16.0,0.0618536585365853,11.1,1260.0,-1.3,98.3,41.0,48.0,34.0,57.0,27.0,48.0
2022-11-17 21:40:00,0,5.3,86.2,-12.1,16.0,0.0792682926829268,11.2,1270.4,-1.3,98.3,42.0,48.0,34.0,57.0,27.0,48.0
2022-11-17 21:50:00,0,4.8,98.0,-0.3,16.0,0.0452195121951219,11.1,1254.0,-1.0,98.3,42.0,47.0,34.0,58.0,27.0,48.0
2022-11-17 22:00:00,0,3.6,76.2,-22.0,16.0,0.0074146341463414,10.1,1136.4,4.0,98.3,41.0,45.0,35.0,58.0,27.0,48.0
2022-11-17 22:10:00,0,3.3,92.9,9.3,16.0,-0.004390243902439,6.1,691.7,14.6,83.6,41.0,44.0,35.0,55.0,27.0,47.0
2022-11-17 22:20:00,0,3.5,62.5,-21.1,16.0,0.0012195121951219,5.7,646.5,14.7,83.6,41.0,43.0,34.0,52.0,26.0,46.0
2022-11-17 22:30:00,0,4.5,98.0,13.3,16.0,0.0722439024390243,11.1,1253.4,-0.7000000000000001,84.7,42.0,46.0,34.0,54.0,26.0,46.0
2022-11-17 22:40:00,0,4.9,68.7,-15.9,16.0,0.1014146341463414,11.1,1258.5,-1.1,84.7,42.0,48.0,34.0,57.0,27.0,46.0
2022-11-17 22:50:00,0,5.8,101.8,8.7,16.0,0.1184878048780487,11.5,1305.8,-1.7000000000000002,93.1,43.0,49.0,34.0,58.0,27.0,46.0
2022-11-17 23:00:00,0,5.3,96.1,3.0,16.0,0.0856097560975609,11.2,1270.8,-1.3,93.0,43.0,48.0,34.0,59.0,27.0,46.0
2022-11-17 23:10:00,0,4.8,68.4,-17.7,16.0,0.0817560975609756,11.1,1256.6,-0.9,86.1,43.0,48.0,35.0,59.0,27.0,46.0
2022-11-17 23:20:00,0,3.7,80.5,-5.6,16.0,0.0269756097560975,11.0,1249.1,0.2,86.1,42.0,46.0,35.0,59.0,27.0,46.0
2022-11-17 23:30:00,0,4.3,81.5,-11.5,15.0,0.058390243902439,11.1,1252.3,-0.5,93.1,42.0,46.0,35.0,59.0,27.0,45.0
2022-11-17 23:40:00,0,3.8,94.3,1.2,15.0,0.0270731707317073,11.0,1249.1,0.0,93.1,42.0,46.0,35.0,59.0,27.0,45.0
2022-11-17 23:50:00,0,4.0,66.4,-26.6,15.0,0.0269268292682926,11.0,1249.7,-0.1,93.1,41.0,45.0,35.0,59.0,27.0,45.0
2022-11-18 00:00:00,0,4.2,95.3,-5.4,15.0,0.0244878048780487,11.0,1249.2,-0.3,100.8,41.0,45.0,35.0,59.0,27.0,45.0
2022-11-18 00:10:00,0,3.3,76.3,-24.4,15.0,0.0005853658536585,8.4,950.6,8.7,100.7,41.0,44.0,35.0,59.0,27.0,45.0
2022-11-18 00:20:00,0,3.4,98.1,19.7,15.0,-0.0017560975609756,3.9,450.0,19.2,78.4,41.0,42.0,35.0,54.0,26.0,45.0
2022-11-18 00:30:00,0,5.2,101.5,5.6,15.0,0.0735121951219512,11.3,1275.4,-1.3,95.9,42.0,45.0,35.0,53.0,27.0,44.0
2022-11-18 00:40:00,0,5.8,92.8,-3.4,15.0,0.1161463414634146,11.5,1304.7,-1.7000000000000002,96.2,43.0,48.0,35.0,57.0,27.0,44.0
2022-11-18 00:50:00,0,5.4,107.3,11.0,15.0,0.0862926829268292,11.3,1282.1,-1.4,96.2,43.0,48.0,35.0,59.0,27.0,44.0
2022-11-18 01:00:00,0,5.4,105.1,8.8,15.0,0.0793658536585365,11.3,1281.4,-1.4,96.2,43.0,48.0,35.0,59.0,27.0,44.0
2022-11-18 01:10:00,0,4.9,97.0,0.7000000000000001,15.0,0.0757560975609756,11.1,1259.2,-1.0,96.2,43.0,47.0,35.0,59.0,27.0,44.0
2022-11-18 01:20:00,0,4.4,97.6,1.4,15.0,0.0577560975609756,11.1,1253.7,-0.6000000000000001,96.2,43.0,47.0,35.0,59.0,27.0,44.0
2022-11-18 01:30:00,0,3.7,93.0,4.2,15.0,0.0224878048780487,11.0,1250.0,0.1,88.9,42.0,46.0,35.0,59.0,27.0,44.0
2022-11-18 01:40:00,0,3.2,60.3,-21.2,15.0,-0.0056097560975609,4.1,460.2,20.6,81.5,41.0,44.0,35.0,57.0,26.0,44.0
2022-11-18 01:50:00,0,4.0,96.9,13.7,15.0,0.0162926829268292,10.6,1206.7,0.3,83.3,42.0,44.0,35.0,53.0,26.0,44.0
2022-11-18 02:00:00,0,4.0,78.4,-5.5,15.0,0.0192682926829268,11.0,1249.5,-0.1,83.9,42.0,45.0,35.0,56.0,26.0,44.0
2022-11-18 02:10:00,0,3.9,76.8,0.5,15.0,0.0190731707317073,11.0,1249.0,0.3,76.3,42.0,45.0,35.0,57.0,27.0,44.0
2022-11-18 02:20:00,0,4.4,89.3,5.3,16.0,0.0490731707317073,11.1,1251.7,-0.6000000000000001,84.0,42.0,46.0,35.0,57.0,27.0,44.0
2022-11-18 02:30:00,0,4.0,120.0,36.0,16.0,0.0332682926829268,11.0,1250.3,-0.1,83.9,42.0,46.0,35.0,58.0,27.0,44.0
2022-11-18 02:40:00,0,3.7,100.2,24.3,16.0,0.0304878048780487,11.0,1249.1,0.1,75.9,42.0,45.0,35.0,57.0,27.0,44.0
2022-11-18 02:50:00,0,3.9,100.2,24.2,16.0,0.0374634146341463,11.0,1249.4,-0.1,75.9,42.0,46.0,35.0,57.0,27.0,44.0
2022-11-18 03:00:00,0,4.0,69.4,-6.4,15.0,0.0278048780487804,11.0,1250.1,-0.2,75.9,42.0,46.0,35.0,57.0,27.0,44.0
2022-11-18 03:10:00,0,3.9,84.0,15.5,15.0,0.0239024390243902,11.0,1249.6,-0.1,68.5,42.0,45.0,35.0,57.0,27.0,44.0
2022-11-18 03:20:00,0,3.9,77.8,3.3,15.0,0.0253658536585365,11.0,1248.8,0.0,74.5,42.0,45.0,35.0,58.0,27.0,44.0
2022-11-18 03:30:00,0,3.9,52.8,-21.6,15.0,0.0110731707317073,11.0,1249.0,-0.1,74.5,41.0,45.0,35.0,58.0,27.0,44.0
2022-11-18 03:40:00,0,3.0,69.4,2.7,14.0,-0.0010731707317073,7.1,796.9,11.4,66.8,41.0,44.0,35.0,57.0,27.0,44.0
2022-11-18 03:50:00,0,2.3,37.7,-29.0,14.0,-0.0053170731707317,1.7000000000000002,193.8,24.0,66.8,41.0,42.0,34.0,53.0,26.0,43.0
2022-11-18 04:00:00,0,2.5,69.2,2.4,14.0,-0.0053170731707317,1.4,196.6,24.0,66.8,40.0,41.0,33.0,49.0,26.0,44.0
2022-11-18 04:10:00,0,2.8,61.6,-5.1,14.0,-0.0048292682926829,2.2,251.0,24.0,66.8,40.0,40.0,32.0,46.0,25.0,44.0
2022-11-18 04:20:00,0,3.0,57.3,0.0,14.0,-0.0045853658536585,2.5,279.1,24.0,57.3,39.0,39.0,32.0,42.0,26.0,44.0
2022-11-18 04:30:00,0,3.0,52.8,-16.1,14.0,-0.004390243902439,2.3,262.9,24.0,68.9,39.0,39.0,31.0,40.0,26.0,44.0
2022-11-18 04:40:00,0,3.1,91.8,39.1,14.0,-0.0044390243902439,2.6,289.6,24.0,52.8,39.0,39.0,30.0,37.0,26.0,44.0
2022-11-18 04:50:00,0,3.6,53.9,-0.6000000000000001,15.0,0.0132682926829268,10.5,1195.7,0.8,54.5,40.0,42.0,30.0,35.0,25.0,44.0
2022-11-18 05:00:00,0,2.8,60.0,-9.2,14.0,-0.0029756097560975,5.6,632.8,15.4,69.2,41.0,44.0,30.0,35.0,25.0,44.0
2022-11-18 05:10:00,0,2.3,60.4,9.7,14.0,-0.0042926829268292,1.9,210.7,24.0,50.7,40.0,42.0,29.0,34.0,26.0,44.0
2022-11-18 05:20:00,0,2.4,88.7,38.0,15.0,-0.0042439024390243,1.7000000000000002,199.6,24.0,50.7,39.0,40.0,28.0,33.0,25.0,44.0
2022-11-18 05:30:00,0,3.2,93.4,42.6,15.0,-0.0046829268292682,2.2,252.3,24.0,50.7,39.0,39.0,28.0,32.0,25.0,45.0
2022-11-18 05:40:00,0,3.8,78.2,-8.5,15.0,0.0090731707317073,8.8,994.4,5.8,86.8,39.0,41.0,27.0,31.0,25.0,44.0
2022-11-18 05:50:00,0,3.3,77.6,-1.0,15.0,-0.0044878048780487,5.1,570.9,18.0,78.7,40.0,43.0,28.0,31.0,25.0,44.0
2022-11-18 06:00:00,0,3.6,94.0,16.3,15.0,0.0115121951219512,9.1,1029.5,4.9,77.7,40.0,43.0,27.0,31.0,25.0,44.0
2022-11-18 06:10:00,0,3.5,88.4,0.3,15.0,0.0024390243902439,8.1,918.8,9.4,88.2,41.0,45.0,28.0,32.0,25.0,44.0
2022-11-18 06:20:00,0,3.3,97.9,3.4,15.0,-0.0044878048780487,2.6,292.0,24.0,94.5,40.0,43.0,28.0,32.0,26.0,44.0
2022-11-18 06:30:00,0,3.4,107.7,2.0,15.0,-0.0043414634146341,2.6,296.8,24.0,105.7,39.0,41.0,27.0,31.0,26.0,44.0
2022-11-18 06:40:00,0,3.9,94.6,-3.0,14.0,0.0174634146341463,9.4,1066.1,3.9,97.6,40.0,42.0,27.0,31.0,25.0,44.0
2022-11-18 06:50:00,0,4.4,88.0,5.4,14.0,0.0293658536585365,11.0,1249.7,-0.6000000000000001,82.6,41.0,46.0,27.0,33.0,24.0,44.0
2022-11-18 07:00:00,0,3.9,85.4,3.2,14.0,0.0168292682926829,11.0,1249.2,0.0,82.2,41.0,46.0,28.0,40.0,25.0,44.0
2022-11-18 07:10:00,0,3.6,83.5,1.3,14.0,0.0059512195121951,10.3,1163.1,3.4,82.2,41.0,46.0,29.0,45.0,25.0,44.0
2022-11-18 07:20:00,0,3.8,86.9,5.4,14.0,0.0042926829268292,9.9,1122.3,2.8,81.5,41.0,45.0,29.0,46.0,25.0,44.0
2022-11-18 07:30:00,0,3.3,88.1,-1.1,14.0,-0.0049268292682926,3.0,354.7,28.0,89.2,41.0,44.0,29.0,46.0,26.0,44.0
2022-11-18 07:40:00,0,2.9,69.6,-34.7,15.0,-0.0044878048780487,2.3,264.2,24.0,104.3,40.0,42.0,29.0,42.0,26.0,44.0
2022-11-18 07:50:00,0,2.9,108.4,7.6,15.0,-0.0043414634146341,2.3,260.2,24.0,100.8,40.0,41.0,28.0,39.0,26.0,44.0
2022-11-18 08:00:00,0,1.9,111.9,3.0,15.0,-0.0042926829268292,0.3,147.4,24.0,108.8,39.0,40.0,28.0,36.0,26.0,44.0
2022-11-18 08:10:00,0,2.2,115.6,6.7,15.0,-0.0042439024390243,0.6000000000000001,161.9,24.0,108.8,39.0,39.0,27.0,34.0,25.0,44.0
2022-11-18 08:20:00,0,2.2,96.9,-11.9,15.0,-0.0035121951219512,0.0,160.8,24.0,108.8,38.0,38.0,27.0,33.0,26.0,45.0
